customer_id,customer_name,email,phone,city,state,pincode,signup_date,customer_segment
CUST00000000,Rahul Iyer,rahul.iyer9106@example.in,9247528034,Visakhapatnam,Andhra Pradesh,207301,2023-12-31,Occasional
CUST00000001,Pooja Bose,pooja.bose3092@example.in,9616582956,Kolkata,West Bengal,596034,2024-01-06,New
CUST00000002,Anjali More,anjali.more5402@example.in,9211520181,Nashik,Maharashtra,489272,2022-03-14,Occasional
CUST00000003,Neha Iyer,neha.iyer2032@example.in,9472972475,Patna,Bihar,180655,2023-08-15,Regular
CUST00000004,Pooja Kulkarni,pooja.kulkarni7619@example.in,9811661354,Mumbai,Maharashtra,328192,2024-02-19,Occasional
CUST00000005,Harpreet Bansal,harpreet.bansal3176@example.in,9830770588,Srinagar,Jammu and Kashmir,697195,2023-08-19,Occasional
CUST00000006,Ira Gill,ira.gill8724@example.in,9953877467,Thiruvananthapuram,Kerala,757511,2023-12-04,New
CUST00000007,Sneha Rao,sneha.rao830@example.in,9379522343,Vijayawada,Andhra Pradesh,384506,2022-07-07,New
CUST00000008,Suresh Patel,suresh.patel5020@example.in,9953860577,Delhi,Delhi,189373,2022-12-15,Occasional
CUST00000009,Priya Krishnan,priya.krishnan1585@example.in,9805255529,Kolkata,West Bengal,292458,2024-08-21,Regular
CUST00000010,Gurpreet Jain,gurpreet.jain8888@example.in,9404762699,Chennai,Tamil Nadu,738455,2023-04-04,Regular
CUST00000011,Gurpreet Deshpande,gurpreet.deshpande4170@example.in,9395167451,Madurai,Tamil Nadu,534705,2024-04-27,Occasional
CUST00000012,Pooja Khanna,pooja.khanna6744@example.in,9196806335,Kanpur,Uttar Pradesh,430761,2022-12-03,Regular
CUST00000013,Priya Subramanian,priya.subramanian8793@example.in,9928793066,Raipur,Chhattisgarh,119964,2023-07-27,Regular
CUST00000014,Ramesh Naidu,ramesh.naidu5356@example.in,9282974530,Kolkata,West Bengal,693202,2022-07-22,Regular
CUST00000015,Ishaan Patel,ishaan.patel573@example.in,9341170186,Bengaluru,Karnataka,456776,2024-02-08,Regular
CUST00000016,Rahul Krishnan,rahul.krishnan2207@example.in,9471629841,Ahmedabad,Gujarat,516282,2024-07-19,New
CUST00000017,Ananya Naidu,ananya.naidu2127@example.in,9223798705,Mumbai,Maharashtra,738733,2024-05-02,New
CUST00000018,Krishna Krishnan,krishna.krishnan9141@example.in,9728287036,Raipur,Chhattisgarh,529052,2024-03-12,Occasional
CUST00000019,Arjun Singh,arjun.singh9082@example.in,9246562527,Kanpur,Uttar Pradesh,801511,2023-09-21,Occasional
CUST00000020,Ramesh More,ramesh.more4769@example.in,9119796856,Kochi,Kerala,526934,2024-04-12,Regular
CUST00000021,Aarav Verma,aarav.verma8899@example.in,9954426744,Chennai,Tamil Nadu,365243,2023-08-31,New
CUST00000022,Manish Ansari,manish.ansari2460@example.in,9492205697,Jammu,Jammu and Kashmir,797509,2024-03-15,New
CUST00000023,Amit Shah,amit.shah6794@example.in,9689999600,Varanasi,Uttar Pradesh,588690,2024-02-21,Regular
CUST00000024,Aisha Verma,aisha.verma3919@example.in,9234975312,Visakhapatnam,Andhra Pradesh,676596,2023-11-27,New
CUST00000025,Rajesh Menon,rajesh.menon2405@example.in,9307774594,Bengaluru,Karnataka,279010,2022-08-07,Regular
CUST00000026,Karthik Gill,karthik.gill2500@example.in,9287937040,Pune,Maharashtra,610012,2023-12-21,New
CUST00000027,Nikhil Bansal,nikhil.bansal4198@example.in,9374589620,Mumbai,Maharashtra,527424,2023-06-22,Occasional
CUST00000028,Meera Nair,meera.nair3396@example.in,9647072120,Delhi,Delhi,188380,2023-06-12,Occasional
CUST00000029,Vivaan Iyer,vivaan.iyer2112@example.in,9924101029,Bhopal,Madhya Pradesh,299281,2022-12-28,New
CUST00000030,Ananya Das,ananya.das3341@example.in,9904362404,Kochi,Kerala,789287,2024-04-03,New
CUST00000031,Suresh Khan,suresh.khan1286@example.in,9106948352,Siliguri,West Bengal,535727,2023-07-12,New
CUST00000032,Gurpreet Malhotra,gurpreet.malhotra9695@example.in,9199202684,Hyderabad,Telangana,686946,2023-03-14,New
CUST00000033,Krishna Subramanian,krishna.subramanian3800@example.in,9987578007,Chennai,Tamil Nadu,237953,2023-09-17,New
CUST00000034,Sai Sheikh,sai.sheikh1074@example.in,9932852974,Pune,Maharashtra,272329,2023-01-13,Regular
CUST00000035,Simran Jain,simran.jain5758@example.in,9389719134,Delhi,Delhi,811328,2024-03-29,New
CUST00000036,Gurpreet Kaur,gurpreet.kaur8830@example.in,9568044380,,Delhi,423075,2024-04-30,Occasional
CUST00000037,Ishaan Ghosh,ishaan.ghosh3599@example.in,9701579723,Pune,Maharashtra,770857,2024-07-24,New
CUST00000038,Kavya Gill,kavya.gill8451@example.in,9775341486,Bengaluru,Karnataka,712306,2023-04-16,Premium
CUST00000039,Deepak Mukherjee,deepak.mukherjee6108@example.in,9435587923,Indore,Madhya Pradesh,361044,2023-06-12,Regular
CUST00000040,Rohan Das,rohan.das7392@example.in,9900939757,Kolkata,West Bengal,817495,2022-11-08,Premium
CUST00000041,Myra Gill,myra.gill2962@example.in,9153226289,Dehradun,Uttarakhand,688704,2023-12-25,Regular
CUST00000042,Kavya Kapoor,kavya.kapoor370@example.in,9129191126,Patna,Bihar,205140,2022-11-30,New
CUST00000043,Manish Mukherjee,manish.mukherjee3458@example.in,9962175196,Hyderabad,Telangana,181162,2022-11-10,Occasional
CUST00000044,Myra Krishnan,myra.krishnan9243@example.in,9259457753,Dehradun,Uttarakhand,204360,2024-10-17,New
CUST00000045,Rahul Sheikh,rahul.sheikh7906@example.in,9995138495,Bhubaneswar,Odisha,661655,2023-09-28,Regular
CUST00000046,Pari Banerjee,pari.banerjee7841@example.in,9428092163,Chennai,Tamil Nadu,216693,2023-04-18,Occasional
CUST00000047,Rajesh Nair,rajesh.nair8782@example.in,9125180295,Hyderabad,Telangana,320465,2023-12-09,Occasional
CUST00000048,Krishna Bose,krishna.bose3732@example.in,9949481135,Indore,Madhya Pradesh,433698,2023-10-22,Regular
CUST00000049,Diya Kulkarni,diya.kulkarni3220@example.in,9423368886,Delhi,Delhi,211069,2023-06-14,Regular
CUST00000050,Aadhya Verma,aadhya.verma9251@example.in,9250953661, Bengaluru ,Karnataka,356210,2022-12-24,Premium
CUST00000051,Farhan Gupta,farhan.gupta5715@example.in,9535006586,Mumbai,Maharashtra,615332,2022-11-05,New
CUST00000052,Simran Bose,simran.bose2979@example.in,9239216004,Vijayawada,Andhra Pradesh,834333,2023-06-19,New
CUST00000053,Sneha Ansari,sneha.ansari2782@example.in,9810798288,Indore,Madhya Pradesh,460061,2023-09-06,New
CUST00000054,Krishna Kaur,krishna.kaur8772@example.in,9165800655,Patna,Bihar,666395,2023-12-05,Occasional
CUST00000055,Rajesh Kapoor,rajesh.kapoor534@example.in,9549299758,Visakhapatnam,Andhra Pradesh,505016,2022-07-13,Occasional
CUST00000056,Sneha Iyer,sneha.iyer617@example.in,9452142466,,Maharashtra,457455,2024-06-03,New
CUST00000057,Fatima Ghosh,fatima.ghosh7378@example.in,9133461006,Jaipur,Rajasthan,497856,2023-12-04,Regular
CUST00000058,Aisha Gupta,aisha.gupta14@example.in,9566796407,Delhi,Delhi,824230,2024-07-08,New
CUST00000059,Manpreet Bansal,manpreet.bansal1710@example.in,9216771806,Delhi,Delhi,154296,2022-07-12,Occasional
CUST00000060,Lakshmi Agarwal,lakshmi.agarwal9905@example.in,9224551385,,Madhya Pradesh,492529,2023-08-31,Regular
CUST00000061,Ananya More,ananya.more4257@example.in,9824343155,Pune,Maharashtra,148285,2024-05-08,Occasional
CUST00000062,Nikhil Desai,nikhil.desai7276@example.in,9647009742,Jaipur,Rajasthan,761997,2022-09-28,Occasional
CUST00000063,Pari Rao,pari.rao4870@example.in,9850026383,Thiruvananthapuram,Kerala,557940,2022-06-20,New
CUST00000064,Aisha Desai,aisha.desai906@example.in,9162376002,Kanpur,Uttar Pradesh,145208,2023-05-28,New
CUST00000065,Aadhya Subramanian,aadhya.subramanian1845@example.in,9719033884,Ahmedabad,Gujarat,574852,2022-12-09,Regular
CUST00000066,Divya Patel,divya.patel7610@example.in,9777275523,Jaipur,Rajasthan,434663,2022-11-08,Occasional
CUST00000067,Aadhya Khan,aadhya.khan946@example.in,9280444736,Hyderabad,Telangana,145151,2023-03-22,New
CUST00000068,Manish Rao,manish.rao5945@example.in,9582732174,Mumbai,Maharashtra,838923,2023-08-08,Premium
CUST00000069,Ramesh Verma,ramesh.verma3480@example.in,9790163372,Kolkata,West Bengal,391982,2024-03-13,Occasional
CUST00000070,Sandeep Patel,sandeep.patel3703@example.in,9643125231,Bengaluru,Karnataka,127726,2022-05-20,Regular
CUST00000071,Manpreet Krishnan,manpreet.krishnan9521@example.in,9324550176,Kolkata,West Bengal,566646,2022-10-12,Occasional
CUST00000072,Aarav Banerjee,aarav.banerjee6059@example.in,9698275244,Amritsar,Punjab,389641,2024-04-19,Premium
CUST00000073,Manpreet Deshpande,manpreet.deshpande6151@example.in,9783539736,Bengaluru,Karnataka,599304,2022-10-23,New
CUST00000074,Sai Mukherjee,sai.mukherjee3503@example.in,9108738831,Mumbai,Maharashtra,230976,2022-12-22,New
CUST00000075,Pooja Chatterjee,pooja.chatterjee3814@example.in,9610657816,Hyderabad,Telangana,727162,2023-02-26,Regular
CUST00000076,Ira Das,ira.das6857@example.in,9554151973,Hyderabad,Telangana,422950,2022-04-24,Regular
CUST00000077,Manish Kaur,manish.kaur390@example.in,9430041264,Nagpur,Maharashtra,423495,2023-01-06,Occasional
CUST00000078,Nikhil Nair,nikhil.nair2373@example.in,9139813644,Jaipur,Rajasthan,708892,2022-10-26,New
CUST00000079,Zoya Mehta,zoya.mehta6002@example.in,9775150526,Vijayawada,Andhra Pradesh,518516,2023-08-01,New
CUST00000080,Kavya Gill,kavya.gill6235@example.in,9844758557,Indore,Madhya Pradesh,111004,2024-08-09,Regular
CUST00000081,Harpreet Reddy,harpreet.reddy923@example.in,9477330766,,West Bengal,541095,2024-07-03,Regular
CUST00000082,Myra Singh,myra.singh7877@example.in,9945687627,Ranchi,Jharkhand,591290,2022-09-15,New
CUST00000083,Rohan Nair,rohan.nair5425@example.in,9934895188,Delhi,Delhi,342510,2023-02-21,New
CUST00000084,Riya Subramanian,riya.subramanian2377@example.in,9968087408,Mumbai,Maharashtra,244688,2023-12-07,Occasional
CUST00000085,Pooja Nair,pooja.nair7519@example.in,9648818608,Mumbai,Maharashtra,150107,2024-05-26,Regular
CUST00000086,Anjali Iyer,anjali.iyer9907@example.in,9275147560,Chandigarh,Chandigarh,740543,2023-11-27,Occasional
CUST00000087,Sunita Chatterjee,sunita.chatterjee4236@example.in,9694610799,Pune,Maharashtra,113149,2022-10-08,Occasional
CUST00000088,Diya Patel,diya.patel2834@example.in,9758091112,Delhi,Delhi,544743,2022-09-01,Premium
CUST00000089,Pari Deshpande,pari.deshpande2994@example.in,9838074834,Pune,Maharashtra,733011,2023-07-23,New
CUST00000090,Harpreet Kulkarni,harpreet.kulkarni5925@example.in,9414374336,Delhi,Delhi,372375,2024-06-16,Occasional
CUST00000091,Amit Patel,amit.patel474@example.in,9875443442,Patna,Bihar,259196,2024-09-03,Occasional
CUST00000092,Diya Krishnan,diya.krishnan4834@example.in,9538765623,Kolkata,West Bengal,642722,2023-02-26,Occasional
CUST00000093,Manpreet Ghosh,manpreet.ghosh248@example.in,9448149340,Chennai,Tamil Nadu,579613,2024-02-15,Regular
CUST00000094,Amit Shah,amit.shah386@example.in,9241268887,Hyderabad,Telangana,121098,2022-09-04,Occasional
CUST00000095,Manpreet Ghosh,manpreet.ghosh4300@example.in,9389082314,Lucknow,Uttar Pradesh,539968,2024-04-04,Occasional
CUST00000096,Harpreet Menon,harpreet.menon7454@example.in,9977301484,Chennai,Tamil Nadu,110289,2024-03-20,New
CUST00000097,Farhan Gill,farhan.gill8832@example.in,9744578987,Mumbai,Maharashtra,407773,2022-11-21,Regular
CUST00000098,Ramesh Bose,ramesh.bose877@example.in,9753523643,Delhi,Delhi,336556,2022-06-04,New
CUST00000099,Lakshmi Ansari,lakshmi.ansari2441@example.in,9906084972,Siliguri,West Bengal,731050,2023-07-19,New
CUST00000100,Gurpreet Khanna,gurpreet.khanna4216@example.in,9340217478,Meerut,Uttar Pradesh,838186,2023-09-17,Occasional
CUST00000101,Saanvi Chopra,saanvi.chopra5740@example.in,9695393991,Patna,Bihar,630391,2024-03-12,Occasional
CUST00000102,Vivaan Gill,vivaan.gill9869@example.in,9434324520,Bengaluru,Karnataka,657234,2022-10-16,Premium
CUST00000103,Myra Bansal,myra.bansal6842@example.in,9863191382,Jammu,Jammu and Kashmir,126946,2024-05-23,Regular
CUST00000104,Manish Menon,manish.menon5383@example.in,9480234633,Visakhapatnam,Andhra Pradesh,157678,2022-09-27,Regular
CUST00000105,Karthik Iyer,karthik.iyer609@example.in,9772780350,Chandigarh,Chandigarh,688728,2022-08-03,New
CUST00000106,Vihaan Khanna,vihaan.khanna808@example.in,9794757882,Kolkata,West Bengal,429078,2023-06-06,Occasional
CUST00000107,Suresh Pillai,suresh.pillai1531@example.in,9811563529,Bengaluru,Karnataka,487773,2022-12-01,Premium
CUST00000108,Ishaan Patel,ishaan.patel6607@example.in,9389296119,Mumbai,Maharashtra,625619,2023-08-23,Occasional
CUST00000109,Sneha More,sneha.more3313@example.in,9569363752,Agra,Uttar Pradesh,368570,2024-01-25,Regular
CUST00000110,Ramesh Agarwal,ramesh.agarwal2409@example.in,9525250078,Kolkata,West Bengal,618058,2022-12-18,Occasional
CUST00000111,Manish Bansal,manish.bansal6700@example.in,9158121835,Bengaluru,Karnataka,651614,2022-07-14,New
CUST00000112,Rahul Iyer,rahul.iyer8153@example.in,9633886814,Hyderabad,Telangana,289108,2022-09-04,Occasional
CUST00000113,Rahul Bose,rahul.bose4390@example.in,9454009592,Jaipur,Rajasthan,621199,2022-08-25,New
CUST00000114,Divya Gill,divya.gill8817@example.in,9198656889,Delhi,Delhi,236227,2024-01-07,New
CUST00000115,Sandeep Chatterjee,sandeep.chatterjee7341@example.in,9553763190,Amritsar,Punjab,341425,2024-01-24,New
CUST00000116,Lakshmi Jain,lakshmi.jain7162@example.in,9621135096,Kochi,Kerala,691301,2022-04-26,New
CUST00000117,Ira Deshpande,ira.deshpande8675@example.in,9195136865,Chandigarh,Chandigarh,842478,2023-08-18,Occasional
CUST00000118,Rahul Gill,rahul.gill1838@example.in,9671443591,Kolkata,West Bengal,158158,2024-02-29,Regular
CUST00000119,Ira Ghosh,ira.ghosh7583@example.in,9250906948,Lucknow,Uttar Pradesh,593364,2024-02-05,Occasional
CUST00000120,Pooja Krishnan,pooja.krishnan9576@example.in,9230505819,Jaipur,Rajasthan,534536,2023-04-25,Regular
CUST00000121,Reyansh Krishnan,reyansh.krishnan9921@example.in,9450174045,Nagpur,Maharashtra,561377,2023-06-21,Occasional
CUST00000122,Amit Joshi,amit.joshi5780@example.in,9923445109,Mumbai,Maharashtra,696261,2023-10-08,New
CUST00000123,Rohan More,rohan.more7543@example.in,9160905912,Kolkata,West Bengal,162069,2024-09-06,New
CUST00000124,Karthik Sharma,karthik.sharma8885@example.in,9414422240,Mumbai,Maharashtra,660831,2023-06-27,Premium
CUST00000125,Fatima Singh,fatima.singh8521@example.in,9761069088,Pune,Maharashtra,318125,2023-10-15,Occasional
CUST00000126,Manpreet Banerjee,manpreet.banerjee8977@example.in,9324813527,Hyderabad,Telangana,224968,2022-08-28,Premium
CUST00000127,Amit Gupta,amit.gupta8322@example.in,9983412695,delhi,Delhi,443048,2023-09-03,New
CUST00000128,Aditya Khanna,aditya.khanna3813@example.in,9768575997,Delhi,Delhi,130138,2024-04-20,Regular
CUST00000129,Diya Bose,diya.bose7302@example.in,9951477136,Surat,Gujarat,579890,2022-10-30,Regular
CUST00000130,Sai Banerjee,sai.banerjee4104@example.in,9954217148,Delhi,Delhi,531135,2023-05-25,Premium
CUST00000131,Rajesh Nair,rajesh.nair8017@example.in,9198247718,Madurai,Tamil Nadu,492069,2022-10-26,New
CUST00000132,Manpreet Desai,manpreet.desai8101@example.in,9513211254,Jaipur,Rajasthan,132778,2023-06-10,Premium
CUST00000133,Suresh Shah,suresh.shah9345@example.in,9770126342,Chennai,Tamil Nadu,678549,2023-09-20,Occasional
CUST00000134,Ishaan Chatterjee,ishaan.chatterjee5883@example.in,9107744459,Surat,Gujarat,136206,2024-08-07,Regular
CUST00000135,Vivaan Joshi,vivaan.joshi4752@example.in,9506838531,Mumbai,Maharashtra,305644,2024-01-23,Occasional
CUST00000136,Gurpreet Das,gurpreet.das1656@example.in,9719334397,Jamshedpur,Jharkhand,404990,2022-12-13,Occasional
CUST00000137,Myra Pillai,myra.pillai6382@example.in,9813597723,Pune,Maharashtra,633189,2023-03-08,Occasional
CUST00000138,Sai Subramanian,sai.subramanian5663@example.in,9473554720,Visakhapatnam,Andhra Pradesh,413801,2023-09-24,Regular
CUST00000139,Ishaan Naidu,ishaan.naidu5149@example.in,9876713497,,Maharashtra,718460,2022-05-28,New
CUST00000140,Aadhya Sheikh,aadhya.sheikh6762@example.in,9140946059,Pune,Maharashtra,806224,2023-05-16,Occasional
CUST00000141,Anjali Rao,anjali.rao8509@example.in,9349944863,Pune,Maharashtra,680051,2022-08-05,Occasional
CUST00000142,Imran Sharma,imran.sharma1487@example.in,9944126534,Mysuru,Karnataka,138987,2023-02-23,Regular
CUST00000143,Saanvi Verma,saanvi.verma4313@example.in,9102167329,Jaipur,Rajasthan,684371,2023-03-24,Occasional
CUST00000144,Divya Patel,divya.patel7222@example.in,9410046596,Pune,Maharashtra,263643,2023-09-14,Occasional
CUST00000145,Vihaan Jain,vihaan.jain8196@example.in,9734313107,Bengaluru,Karnataka,772041,2024-08-08,Occasional
CUST00000146,Aarav Patel,aarav.patel7783@example.in,9232894511,Hyderabad,Telangana,839208,2022-07-11,Occasional
CUST00000147,Aditya Ghosh,aditya.ghosh7992@example.in,9453801954,Ahmedabad,Gujarat,172723,2023-03-17,Occasional
CUST00000148,Harpreet Malhotra,harpreet.malhotra8549@example.in,9297256725,Kolkata,West Bengal,183486,2024-05-14,Regular
CUST00000149,Ramesh Verma,ramesh.verma9617@example.in,9617933631,Mumbai,Maharashtra,629489,2023-09-06,Regular
CUST00000150,Lakshmi Kapoor,lakshmi.kapoor6080@example.in,9849955813,Raipur,Chhattisgarh,216784,2023-01-03,Occasional
CUST00000151,Vivaan Verma,vivaan.verma2489@example.in,9207489777,Varanasi,Uttar Pradesh,831778,2023-05-22,New
CUST00000152,Vivaan Singh,vivaan.singh5635@example.in,9722576829,Delhi,Delhi,512578,2023-08-11,Occasional
CUST00000153,Fatima Das,fatima.das7095@example.in,9477099649,Ahmedabad,Gujarat,537437,2023-08-14,New
CUST00000154,Sai Kaur,sai.kaur1007@example.in,9700609620,Delhi,Delhi,751023,2022-09-01,New
CUST00000155,Krishna Desai,krishna.desai7568@example.in,9433664091,Indore,Madhya Pradesh,271926,2023-07-02,Regular
CUST00000156,Pooja Krishnan,pooja.krishnan5442@example.in,9973302571,Bengaluru,Karnataka,524122,2023-05-27,Occasional
CUST00000157,Vijay Bose,vijay.bose9361@example.in,9843396065,Nagpur,Maharashtra,854188,2022-08-05,Occasional
CUST00000158,Diya Mehta,diya.mehta2118@example.in,9905234768,Chandigarh,Chandigarh,126444,2024-01-12,Premium
CUST00000159,Amit Kapoor,amit.kapoor9068@example.in,9384545332,Thiruvananthapuram,Kerala,240155,2023-01-31,New
CUST00000160,Divya Nair,divya.nair4480@example.in,9391094230,Delhi,Delhi,218851,2023-03-10,New
CUST00000161,Amit Sheikh,amit.sheikh5735@example.in,9127981983,Jodhpur,Rajasthan,360030,2024-08-02,New
CUST00000162,Riya Krishnan,riya.krishnan6599@example.in,9377474325,Bengaluru,Karnataka,206810,2023-05-10,New
CUST00000163,Vihaan Desai,vihaan.desai5791@example.in,9988634957,Mumbai,Maharashtra,238207,2023-05-17,Regular
CUST00000164,Priya Mukherjee,priya.mukherjee9037@example.in,9284249747,Ahmedabad,Gujarat,745349,2023-05-20,Regular
CUST00000165,Lakshmi Ghosh,lakshmi.ghosh1673@example.in,9557032715,Madras,Tamil Nadu,456116,2023-02-22,Occasional
CUST00000166,Deepak Banerjee,deepak.banerjee7298@example.in,9592526721,Dehradun,Uttarakhand,376788,2023-12-30,New
CUST00000167,Imran Gupta,imran.gupta9748@example.in,9423823550,Bhubaneswar,Odisha,422112,2023-08-18,Occasional
CUST00000168,Reyansh Khan,reyansh.khan2201@example.in,9769351587,Hyderabad,Telangana,833233,2023-01-11,New
CUST00000169,Aarav Pawar,aarav.pawar2550@example.in,9375246239,Guntur,Andhra Pradesh,476032,2024-10-20,Occasional
CUST00000170,Karthik Pawar,karthik.pawar4750@example.in,9790951344,Hyderabad,Telangana,459426,2024-01-11,Occasional
CUST00000171,Ishaan More,ishaan.more7246@example.in,9485737779,Ahmedabad,Gujarat,801456,2024-03-05,New
CUST00000172,Vijay Ansari,vijay.ansari9588@example.in,9973593444,Bengaluru,Karnataka,137780,2022-02-08,Regular
CUST00000173,Farhan Pillai,farhan.pillai7957@example.in,9132887978,Mysuru,Karnataka,466408,2023-01-06,Regular
CUST00000174,Ira Gupta,ira.gupta7939@example.in,9126768495,Delhi,Delhi,667518,2024-02-06,New
CUST00000175,Karthik Khanna,karthik.khanna4412@example.in,9589747156,Mumbai,Maharashtra,493457,2023-06-22,Occasional
CUST00000176,Divya Shah,divya.shah6453@example.in,9938314836,Kolkata,West Bengal,756932,2023-05-19,Occasional
CUST00000177,Krishna Patel,krishna.patel2112@example.in,9157031181,Panaji,Goa,770682,2024-06-02,New
CUST00000178,Imran Bansal,imran.bansal4631@example.in,9800130447,Varanasi,Uttar Pradesh,360560,2023-06-03,New
CUST00000179,Rohan Agarwal,rohan.agarwal1890@example.in,9944745548,Kochi,Kerala,719325,2022-05-08,Occasional
CUST00000180,Lakshmi Kaur,lakshmi.kaur272@example.in,9880240450,Varanasi,Uttar Pradesh,291790,2022-02-06,Premium
CUST00000181,Anjali Pillai,anjali.pillai8564@example.in,9781246638,Varanasi,Uttar Pradesh,288621,2022-12-19,Occasional
CUST00000182,Reyansh Reddy,reyansh.reddy8046@example.in,9292768863,Ahmedabad,Gujarat,838331,2023-03-22,Occasional
CUST00000183,Nikhil Patel,nikhil.patel5107@example.in,9868761270,Hyderabad,Telangana,119632,2023-10-27,Occasional
CUST00000184,Rohan Jain,rohan.jain145@example.in,9729431810,Visakhapatnam,Andhra Pradesh,373135,2022-10-02,Occasional
CUST00000185,Vijay Khanna,vijay.khanna902@example.in,9111320900,Nagpur,Maharashtra,579051,2023-01-12,New
CUST00000186,Gurpreet Gill,gurpreet.gill1118@example.in,9611218343,Chennai,Tamil Nadu,418113,2023-05-07,Occasional
CUST00000187,Simran Khanna,simran.khanna7169@example.in,9688938575,Mumbai,Maharashtra,739512,2023-06-14,Regular
CUST00000188,Zoya Patel,zoya.patel2035@example.in,9821221940,Kochi,Kerala,297461,2023-04-29,Regular
CUST00000189,Sneha Bansal,sneha.bansal2502@example.in,9794151354,Bengaluru,Karnataka,521938,2023-10-07,Premium
CUST00000190,Suresh Krishnan,suresh.krishnan8610@example.in,9528086895,Mysuru,Karnataka,203273,2023-11-17,New
CUST00000191,Pari Ghosh,pari.ghosh8763@example.in,9369089480,Bengaluru,Karnataka,267352,2023-01-01,Occasional
CUST00000192,Harpreet Deshpande,harpreet.deshpande7630@example.in,9272594773,New Delhi,Delhi,239321,2023-12-20,Occasional
CUST00000193,Neha Chatterjee,neha.chatterjee3096@example.in,9180104259,Dehradun,Uttarakhand,662396,2022-07-22,New
CUST00000194,Rajesh Pawar,rajesh.pawar5799@example.in,9675859059,Delhi,Delhi,261040,2024-06-27,New
CUST00000195,Aisha Chatterjee,aisha.chatterjee2003@example.in,9963793167,Delhi,Delhi,608885,2023-09-22,Regular
CUST00000196,Sandeep Singh,sandeep.singh8578@example.in,9626129191,Surat,Gujarat,367536,2023-10-27,Occasional
CUST00000197,Ananya Mehta,ananya.mehta849@example.in,9254698773,Vadodara,Gujarat,531015,2024-07-03,Occasional
CUST00000198,Nikhil Kaur,nikhil.kaur7443@example.in,9291434324,Bengaluru,Karnataka,761150,2023-03-11,New
CUST00000199,Aditya Deshpande,aditya.deshpande5115@example.in,9356006571,Hyderabad,Telangana,753286,2023-04-30,Occasional
CUST00000200,Sai Banerjee,sai.banerjee7574@example.in,9716442792,Visakhapatnam,Andhra Pradesh,118372,2023-05-25,New
CUST00000201,Aisha Verma,aisha.verma4507@example.in,9368798948,Jammu,Jammu and Kashmir,694352,2023-10-10,New
CUST00000202,Neha Naidu,neha.naidu1581@example.in,9845238844,Pune,Maharashtra,822066,2023-04-08,Occasional
CUST00000203,Meera Subramanian,meera.subramanian7512@example.in,9432779639,Delhi,Delhi,607702,2023-06-27,New
CUST00000204,Aisha Chopra,aisha.chopra6310@example.in,9198572256,Bombay,Maharashtra,249495,2024-06-19,Premium
CUST00000205,Aarav Kapoor,aarav.kapoor4646@example.in,9185927614,Bengaluru,Karnataka,605323,2023-04-13,Occasional
CUST00000206,Myra Gill,myra.gill3727@example.in,9460241696,Delhi,Delhi,583998,2023-01-04,New
CUST00000207,Amit Kapoor,amit.kapoor3438@example.in,9467109688,Indore,Madhya Pradesh,603418,2022-05-17,New
CUST00000208,Karthik Krishnan,karthik.krishnan4811@example.in,9760169428,Delhi,Delhi,429525,2022-12-02,Regular
CUST00000209,Manish Shah,manish.shah2617@example.in,9530716025,Pune,Maharashtra,501309,2022-05-12,New
CUST00000210,Aadhya Krishnan,aadhya.krishnan2824@example.in,9291955009,Bhopal,Madhya Pradesh,595709,2022-08-06,New
CUST00000211,Vijay Patel,vijay.patel2781@example.in,9609871302,Jaipur,Rajasthan,455676,2023-08-23,Occasional
CUST00000212,Deepak Deshpande,deepak.deshpande127@example.in,9704655082,Bengaluru,Karnataka,686403,2022-04-18,New
CUST00000213,Kiran Bose,kiran.bose9277@example.in,9930714264,Bhubaneswar,Odisha,638735,2022-10-23,Occasional
CUST00000214,Pooja Khan,pooja.khan2366@example.in,9419314245,Chandigarh,Chandigarh,335861,2024-01-14,Occasional
CUST00000215,Lakshmi Shah,lakshmi.shah1651@example.in,9596688767,Coimbatore,Tamil Nadu,564890,2022-12-02,New
CUST00000216,Ananya Bose,ananya.bose1512@example.in,9848784045,delhi,Delhi,673698,2024-03-16,Regular
CUST00000217,Meera Gupta,meera.gupta9880@example.in,9289316826,Delhi,Delhi,475093,2024-09-27,Occasional
CUST00000218,Aditya Iyer,aditya.iyer4767@example.in,9559592365,Madurai,Tamil Nadu,642763,2024-01-06,Occasional
CUST00000219,Sai Krishnan,sai.krishnan3269@example.in,9664295355,Chennai,Tamil Nadu,204378,2024-04-24,New
CUST00000220,Zoya Menon,zoya.menon4039@example.in,9226785516,Hyderabad,Telangana,397796,2024-02-14,Occasional
CUST00000221,Neha Chopra,neha.chopra884@example.in,9268719469,Pune,Maharashtra,633019,2023-01-11,New
CUST00000222,Deepak Banerjee,deepak.banerjee3137@example.in,9110850528,Nagpur,Maharashtra,776961,2024-03-05,Occasional
CUST00000223,Vijay Chopra,vijay.chopra2487@example.in,9145673713,Jamshedpur,Jharkhand,591344,2022-05-26,New
CUST00000224,Meera Desai,meera.desai8031@example.in,9736129672,Hyderabad,Telangana,604516,2023-12-10,Premium
CUST00000225,Aadhya Kapoor,aadhya.kapoor585@example.in,9913528132,Madurai,Tamil Nadu,365015,2023-10-08,New
CUST00000226,Ishaan Kulkarni,ishaan.kulkarni4254@example.in,9468733999,Mumbai,Maharashtra,632272,2022-11-25,Regular
CUST00000227,Aditya Agarwal,aditya.agarwal7899@example.in,9894378144,Jaipur,Rajasthan,375503,2022-09-06,Regular
CUST00000228,Zoya Malhotra,zoya.malhotra8335@example.in,9756718681,Kanpur,Uttar Pradesh,148790,2024-02-29,Occasional
CUST00000229,Ananya Kulkarni,ananya.kulkarni5125@example.in,9826832294,Delhi,Delhi,293837,2023-03-29,New
CUST00000230,Ramesh Gill,ramesh.gill2225@example.in,9765905844,Delhi,Delhi,565424,2023-03-12,Occasional
CUST00000231,Priya Krishnan,priya.krishnan3370@example.in,9279650881,Kolkata,West Bengal,826739,2023-05-01,Premium
CUST00000232,Krishna Mehta,krishna.mehta2223@example.in,9571027048,Siliguri,West Bengal,479423,2023-10-25,Occasional
CUST00000233,Rahul Ansari,rahul.ansari6620@example.in,9677446981,Surat,Gujarat,750950,2024-08-27,Occasional
CUST00000234,Arjun Khanna,arjun.khanna2926@example.in,9816505389,Mysuru,Karnataka,689711,2024-01-10,New
CUST00000235,Ishaan Mukherjee,ishaan.mukherjee6306@example.in,9201380474,Bhubaneswar,Odisha,528047,2023-09-03,Regular
CUST00000236,Reyansh Pawar,reyansh.pawar6556@example.in,9707202262,Pune,Maharashtra,709308,2023-05-07,New
CUST00000237,Sunita Kapoor,sunita.kapoor9397@example.in,9849730938,Vijayawada,Andhra Pradesh,409279,2022-10-14,New
CUST00000238,Suresh Naidu,suresh.naidu3703@example.in,9473465418,Mumbai,Maharashtra,439874,2023-03-09,New
CUST00000239,Harpreet Pillai,harpreet.pillai9611@example.in,9905987078,Delhi,Delhi,659021,2024-03-13,Occasional
CUST00000240,Amit Sharma,amit.sharma4007@example.in,9121937070,Raipur,Chhattisgarh,586045,2024-05-14,Regular
CUST00000241,Rohan Khanna,rohan.khanna6806@example.in,9244614153,Guwahati,Assam,503219,2023-01-07,Regular
CUST00000242,Vijay More,vijay.more6615@example.in,9254616123,Bengaluru,Karnataka,432786,2023-09-05,New
CUST00000243,Harpreet Malhotra,harpreet.malhotra8177@example.in,9731785424,Ahmedabad,Gujarat,837123,2023-09-07,Occasional
CUST00000244,Karthik Ghosh,karthik.ghosh4691@example.in,9910907765,Surat,Gujarat,158946,2023-06-02,Regular
CUST00000245,Aarav Gill,aarav.gill7923@example.in,9536155244,Nashik,Maharashtra,151073,2022-12-10,Occasional
CUST00000246,Pari Patel,pari.patel3553@example.in,9485874566,Surat,Gujarat,466933,2023-10-30,New
CUST00000247,Harpreet Kulkarni,harpreet.kulkarni4913@example.in,9435602642,Kolkata,West Bengal,135547,2023-10-31,Occasional
CUST00000248,Pooja Kaur,pooja.kaur4996@example.in,9442047554,Chennai,Tamil Nadu,364016,2024-07-24,Occasional
CUST00000249,Simran Nair,simran.nair7044@example.in,9598291067,Kolkata,West Bengal,533682,2023-03-19,Premium
CUST00000250,Sneha Malhotra,sneha.malhotra6183@example.in,9983257598,Nagpur,Maharashtra,411889,2021-12-06,Occasional
CUST00000251,Aarav Malhotra,aarav.malhotra783@example.in,9879284192,Nashik,Maharashtra,261467,2022-07-15,New
CUST00000252,Zoya Bansal,zoya.bansal8090@example.in,9207667409,Kolkata,West Bengal,322144,2022-12-24,Regular
CUST00000253,Rajesh Nair,rajesh.nair7579@example.in,9376092811,Bengaluru,Karnataka,560277,2023-03-04,New
CUST00000254,Nikhil Bansal,nikhil.bansal1046@example.in,9400893275,Bengaluru,Karnataka,818905,2023-06-26,Regular
CUST00000255,Gurpreet Malhotra,gurpreet.malhotra9617@example.in,9205344343,Kochi,Kerala,692251,2023-10-16,Occasional
CUST00000256,Rohan Mukherjee,rohan.mukherjee6606@example.in,9479740019,Ranchi,Jharkhand,517876,2022-11-03,New
CUST00000257,Farhan Das,farhan.das850@example.in,9474333146,Delhi,Delhi,212908,2023-08-07,Occasional
CUST00000258,Diya Desai,diya.desai4913@example.in,9593877589,Mumbai,Maharashtra,290809,2023-10-11,New
CUST00000259,Gurpreet Ansari,gurpreet.ansari8360@example.in,9345692022,Surat,Gujarat,438305,2023-09-11,New
CUST00000260,Rohan Patel,rohan.patel2798@example.in,9285365473,Delhi,Delhi,293808,2022-11-14,Occasional
CUST00000261,Karthik Verma,karthik.verma9328@example.in,9898766102,Raipur,Chhattisgarh,623137,2023-05-29,Regular
CUST00000262,Kiran Krishnan,kiran.krishnan4184@example.in,9464742512,Hyderabad,Telangana,382859,2023-05-18,Regular
CUST00000263,Vihaan Banerjee,vihaan.banerjee2262@example.in,9329275725,Delhi,Delhi,731326,2024-03-13,Occasional
CUST00000264,Vihaan Khan,vihaan.khan3564@example.in,9672108422,Jodhpur,Rajasthan,310462,2023-10-01,New
CUST00000265,Fatima Khanna,fatima.khanna5248@example.in,9588085656,Delhi,Delhi,479834,2024-02-11,Occasional
CUST00000266,Aditya Sharma,aditya.sharma6880@example.in,9299364064,Hyderabad,Telangana,642354,2023-03-08,Occasional
CUST00000267,Deepak Sharma,deepak.sharma9277@example.in,9750844533,Delhi,Delhi,263609,2024-01-12,New
CUST00000268,Harpreet Kapoor,harpreet.kapoor1949@example.in,9273064236,Delhi,Delhi,677361,2024-06-14,Regular
CUST00000269,Deepak Shah,deepak.shah9601@example.in,9852764078,Mumbai,Maharashtra,546489,2023-07-08,Premium
CUST00000270,Neha Sheikh,neha.sheikh5276@example.in,9481645246,Mumbai,Maharashtra,592580,2024-04-18,New
CUST00000271,Rahul Nair,rahul.nair1279@example.in,9480670547,Delhi,Delhi,448668,2022-02-27,Regular
CUST00000272,Manish Khan,manish.khan9263@example.in,9698786139,Mumbai,Maharashtra,806760,2022-08-02,Occasional
CUST00000273,Ramesh Patel,ramesh.patel3490@example.in,9547022920,Surat,Gujarat,685174,2022-04-26,New
CUST00000274,Sneha Nair,sneha.nair6205@example.in,9214130784,Indore,Madhya Pradesh,253106,2022-07-23,Occasional
CUST00000275,Krishna Mehta,krishna.mehta6981@example.in,9609718039,Chennai,Tamil Nadu,523969,2023-12-02,New
CUST00000276,Anjali Reddy,anjali.reddy135@example.in,9197490406,Hyderabad,Telangana,783048,2022-12-05,New
CUST00000277,Sandeep Malhotra,sandeep.malhotra2216@example.in,9381371818,Pune,Maharashtra,318203,2022-11-12,Premium
CUST00000278,Meera Joshi,meera.joshi6864@example.in,9635539102,Vadodara,Gujarat,509723,2023-01-25,Occasional
CUST00000279,Vihaan Gill,vihaan.gill3248@example.in,9254702615,Amritsar,Punjab,672111,2023-08-29,New
CUST00000280,Meera Gill,meera.gill94@example.in,9405375152,Mumbai,Maharashtra,313645,2022-12-04,Occasional
CUST00000281,Nikhil Sharma,nikhil.sharma233@example.in,9447267485,Delhi,Delhi,495782,2023-04-07,Premium
CUST00000282,Ishaan Nair,ishaan.nair8263@example.in,9220507761,Bengaluru,Karnataka,522028,2023-07-22,Occasional
CUST00000283,Fatima Rao,fatima.rao1535@example.in,9976018664,Bengaluru,Karnataka,242293,2022-08-06,Regular
CUST00000284,Pooja Naidu,pooja.naidu1005@example.in,9380440773,Jaipur,Rajasthan,242341,2023-10-27,Regular
CUST00000285,Neha Iyer,neha.iyer5623@example.in,9624457860,Kolkata,West Bengal,529555,2022-10-08,New
CUST00000286,Nikhil Kulkarni,nikhil.kulkarni1190@example.in,9608967285,Mumbai,Maharashtra,243218,2024-02-20,Occasional
CUST00000287,Sneha Gill,sneha.gill6530@example.in,9486443367,Chennai,Tamil Nadu,816609,2024-04-25,Occasional
CUST00000288,Karthik Kulkarni,karthik.kulkarni5440@example.in,9627047329,Ahmedabad,Gujarat,500277,2022-08-20,Regular
CUST00000289,Myra Joshi,myra.joshi6488@example.in,9172059693,Delhi,Delhi,635692,2022-09-04,Occasional
CUST00000290,Harpreet Khanna,harpreet.khanna4916@example.in,9702168899,Dehradun,Uttarakhand,405727,2024-07-19,New
CUST00000291,Gurpreet Gill,gurpreet.gill7783@example.in,9202787953,Mumbai,Maharashtra,332644,2023-06-02,New
CUST00000292,Reyansh Joshi,reyansh.joshi6447@example.in,9491458116,Madurai,Tamil Nadu,472500,2023-09-17,Occasional
CUST00000293,Nikhil Patel,nikhil.patel4152@example.in,9428241280,Delhi,Delhi,639683,2022-10-12,Regular
CUST00000294,Vivaan Malhotra,vivaan.malhotra154@example.in,9502938823,Ludhiana,Punjab,406231,2022-12-15,Regular
CUST00000295,Riya Sharma,riya.sharma2735@example.in,9164712914,Agra,Uttar Pradesh,320575,2023-08-30,Occasional
CUST00000296,Gurpreet Singh,gurpreet.singh1315@example.in,9731261015,Shillong,Meghalaya,217280,2024-07-11,New
CUST00000297,Ishaan Ansari,ishaan.ansari156@example.in,9476709350,Guwahati,Assam,514367,2023-03-06,New
CUST00000298,Riya Chopra,riya.chopra2732@example.in,9154776324,Visakhapatnam,Andhra Pradesh,616441,2024-07-13,Regular
CUST00000299,Ananya Nair,ananya.nair2066@example.in,9103179758,Kanpur,Uttar Pradesh,502375,2023-09-18,Occasional
CUST00000300,Nikhil Menon,nikhil.menon768@example.in,9586072510,Visakhapatnam,Andhra Pradesh,299925,2022-06-17,Regular
CUST00000301,Priya Reddy,priya.reddy3124@example.in,9699631297,Delhi,Delhi,294335,2022-08-23,New
CUST00000302,Vijay Naidu,vijay.naidu5065@example.in,9592595030,Ahmedabad,Gujarat,390952,2023-03-31,Occasional
CUST00000303,Simran Reddy,simran.reddy1782@example.in,9748403266,Ahmedabad,Gujarat,369212,2023-04-25,Regular
CUST00000304,Pooja Khan,pooja.khan2731@example.in,9884769589,Amritsar,Punjab,261832,2023-10-05,New
CUST00000305,Nikhil More,nikhil.more202@example.in,9984380275,Pune,Maharashtra,812035,2023-01-30,New
CUST00000306,Arjun Das,arjun.das504@example.in,9896314808,Chennai,Tamil Nadu,355704,2022-11-21,Occasional
CUST00000307,Ananya Banerjee,ananya.banerjee1575@example.in,9553409750,Kanpur,Uttar Pradesh,296725,2023-07-29,Occasional
CUST00000308,Simran Chatterjee,simran.chatterjee4529@example.in,9252507861,Bengaluru,Karnataka,562025,2023-04-04,Premium
CUST00000309,Zoya Banerjee,zoya.banerjee6660@example.in,9709886579,Delhi,Delhi,706859,2023-11-28,Regular
CUST00000310,Anjali Gill,anjali.gill7882@example.in,9629434873,Pune,Maharashtra,456251,2023-09-23,Regular
CUST00000311,Riya More,riya.more6295@example.in,9568175618,Kolkata,West Bengal,607269,2022-10-20,New
CUST00000312,Rohan Pillai,rohan.pillai6168@example.in,9718449357,Bengaluru,Karnataka,180793,2023-10-28,Occasional
CUST00000313,Fatima Iyer,fatima.iyer9355@example.in,9939172656,Chennai,Tamil Nadu,506871,2023-04-18,Regular
CUST00000314,Kiran Chopra,kiran.chopra2556@example.in,9842779340,Chennai,Tamil Nadu,159615,2023-08-11,Occasional
CUST00000315,Diya Pawar,diya.pawar7981@example.in,9368117103,Hyderabad,Telangana,212465,2022-09-20,Premium
CUST00000316,Ramesh Malhotra,ramesh.malhotra9367@example.in,9270071745,Chennai,Tamil Nadu,551107,2023-05-29,Occasional
CUST00000317,Deepak Patel,deepak.patel5677@example.in,9369379805,Bhopal,Madhya Pradesh,262429,2024-03-10,New
CUST00000318,Neha Jain,neha.jain8404@example.in,9892139451,Hyderabad,Telangana,137259,2023-02-13,Occasional
CUST00000319,Harpreet Banerjee,harpreet.banerjee1376@example.in,9715584121,Guntur,Andhra Pradesh,243360,2023-10-19,Occasional
CUST00000320,Reyansh Das,reyansh.das8787@example.in,9956744278,Jodhpur,Rajasthan,685842,2024-02-23,New
CUST00000321,Aadhya Malhotra,aadhya.malhotra5640@example.in,9717176835,Pune,Maharashtra,547230,2022-03-16,New
CUST00000322,Arjun Nair,arjun.nair2215@example.in,9422808764,Hyderabad,Telangana,394484,2024-01-25,Regular
CUST00000323,Divya Chopra,divya.chopra616@example.in,9673278599,Ahmedabad,Gujarat,835284,2023-10-28,New
CUST00000324,Manish Kapoor,manish.kapoor7198@example.in,9672250825,,Punjab,397431,2024-04-03,New
CUST00000325,Manpreet Ansari,manpreet.ansari4308@example.in,9364942646,Nagpur,Maharashtra,763646,2023-04-17,Occasional
CUST00000326,Karthik Kulkarni,karthik.kulkarni3100@example.in,9369727735,Bhubaneswar,Odisha,367032,2023-08-25,Regular
CUST00000327,Krishna Reddy,krishna.reddy3902@example.in,9179929077,Ahmedabad,Gujarat,128816,2023-09-14,Occasional
CUST00000328,Priya Kapoor,priya.kapoor9909@example.in,9363925384,Kanpur,Uttar Pradesh,192151,2022-08-10,Premium
CUST00000329,Arjun More,arjun.more4278@example.in,9844943413,Hyderabad,Telangana,313959,2023-08-04,Premium
CUST00000330,Anjali Singh,anjali.singh788@example.in,9689617781,Coimbatore,Tamil Nadu,249019,2023-09-06,Occasional
CUST00000331,Divya Chopra,divya.chopra2798@example.in,9948829875,Bengaluru,Karnataka,227176,2022-11-10,New
CUST00000332,Zoya Mukherjee,zoya.mukherjee1454@example.in,9933687281,Bhopal,Madhya Pradesh,395638,2023-08-21,Regular
CUST00000333,Ira Chatterjee,ira.chatterjee6857@example.in,9871140100,Nashik,Maharashtra,836994,2024-08-18,New
CUST00000334,Myra Desai,myra.desai8003@example.in,9261717867,Delhi,Delhi,259399,2023-08-09,Regular
CUST00000335,Vihaan Pawar,vihaan.pawar8408@example.in,9352124548,Lucknow,Uttar Pradesh,285557,2023-02-09,Occasional
CUST00000336,Rahul Bose,rahul.bose6328@example.in,9113851548,Mumbai,Maharashtra,851552,2023-04-12,Occasional
CUST00000337,Neha Gupta,neha.gupta7684@example.in,9858551837,Chandigarh,Chandigarh,260002,2023-01-12,Occasional
CUST00000338,Sandeep Malhotra,sandeep.malhotra4173@example.in,9574304777,Mumbai,Maharashtra,728598,2023-12-03,Occasional
CUST00000339,Sandeep Sheikh,sandeep.sheikh6277@example.in,9688200460,Mysuru,Karnataka,572625,2023-12-26,Premium
CUST00000340,Reyansh Chopra,reyansh.chopra1070@example.in,9970024818,Delhi,Delhi,801229,2023-09-30,New
CUST00000341,Saanvi Das,saanvi.das5383@example.in,9232599126,Jamshedpur,Jharkhand,524424,2024-05-23,Premium
CUST00000342,Pooja Banerjee,pooja.banerjee5574@example.in,9408412916,Guwahati,Assam,552211,2022-10-15,New
CUST00000343,Ira Menon,ira.menon311@example.in,9377543874,Surat,Gujarat,278286,2023-11-08,Regular
CUST00000344,Vivaan Jain,vivaan.jain5482@example.in,9596324907,Visakhapatnam,Andhra Pradesh,538387,2023-06-18,Regular
CUST00000345,Fatima Reddy,fatima.reddy7228@example.in,9811034398,Guwahati,Assam,609500,2022-09-30,Occasional
CUST00000346,Nikhil Kaur,nikhil.kaur3676@example.in,9604575231,Mangaluru,Karnataka,845320,2023-06-24,New
CUST00000347,Pooja Gill,pooja.gill5449@example.in,9608260030,Bengaluru,Karnataka,182282,2023-07-10,Regular
CUST00000348,Myra Rao,myra.rao2861@example.in,9620977320,Surat,Gujarat,226795,2024-07-05,Regular
CUST00000349,Fatima Mukherjee,fatima.mukherjee2707@example.in,9633157904,Mumbai,Maharashtra,124433,2023-04-16,New
CUST00000350,Vivaan Nair,vivaan.nair1295@example.in,9258399707,Lucknow,Uttar Pradesh,698973,2024-05-04,Occasional
CUST00000351,Amit Khanna,amit.khanna3278@example.in,9107107806,Delhi,Delhi,171409,2023-08-03,Regular
CUST00000352,Lakshmi Joshi,lakshmi.joshi8031@example.in,9288628431,Jaipur,Rajasthan,792140,2023-10-23,New
CUST00000353,Simran Rao,simran.rao9355@example.in,9122637947,Jaipur,Rajasthan,381870,2024-04-19,Occasional
CUST00000354,Aadhya Agarwal,aadhya.agarwal6355@example.in,9507025946,Pune,Maharashtra,324858,2023-07-20,Occasional
CUST00000355,Manish Shah,manish.shah6243@example.in,9893994413,,Gujarat,836501,2022-10-27,New
CUST00000356,Rohan Mehta,rohan.mehta6137@example.in,9502069809,Thiruvananthapuram,Kerala,646759,2023-05-07,Regular
CUST00000357,Sai Jain,sai.jain4759@example.in,9680753374,Guwahati,Assam,517763,2023-01-16,New
CUST00000358,Aisha Khan,aisha.khan4230@example.in,9870061783,Pune,Maharashtra,772378,2024-08-18,Premium
CUST00000359,Imran Verma,imran.verma6208@example.in,9786765266,Surat,Gujarat,672359,2023-02-20,Occasional
CUST00000360,Divya Desai,divya.desai7843@example.in,9685562332,Mysuru,Karnataka,584987,2023-05-10,Occasional
CUST00000361,Neha Menon,neha.menon4137@example.in,9805614399,Delhi,Delhi,349552,2023-03-08,Occasional
CUST00000362,Saanvi Subramanian,saanvi.subramanian5658@example.in,9352506327,Delhi,Delhi,844760,2023-12-04,Occasional
CUST00000363,Reyansh More,reyansh.more4701@example.in,9459093351,Mumbai,Maharashtra,645992,2023-08-22,Regular
CUST00000364,Saanvi Das,saanvi.das2855@example.in,9818750120,,Maharashtra,814599,2023-03-29,Occasional
CUST00000365,Krishna Sharma,krishna.sharma2903@example.in,9467898441,Kolkata,West Bengal,829918,2024-04-25,Regular
CUST00000366,Rohan Jain,rohan.jain788@example.in,9943779199,Visakhapatnam,Andhra Pradesh,519265,2023-05-17,Occasional
CUST00000367,Divya Rao,divya.rao4398@example.in,9267955113,Indore,Madhya Pradesh,376574,2024-08-27,New
CUST00000368,Reyansh Nair,reyansh.nair7124@example.in,9254953996,Hyderabad,Telangana,815759,2023-01-28,New
CUST00000369,Aditya Mukherjee,aditya.mukherjee6855@example.in,9744551273,Varanasi,Uttar Pradesh,854416,2024-02-15,Regular
CUST00000370,Karthik Banerjee,karthik.banerjee9855@example.in,9787722758,Thiruvananthapuram,Kerala,200880,2023-03-21,Occasional
CUST00000371,Pari Gupta,pari.gupta400@example.in,9711131555,Bengaluru,Karnataka,585690,2023-10-11,Occasional
CUST00000372,Priya Rao,priya.rao7606@example.in,9377012806,Chennai,Tamil Nadu,558885,2024-04-27,Occasional
CUST00000373,Reyansh Bose,reyansh.bose7949@example.in,9389343702,Hyderabad,Telangana,667788,2023-04-08,Occasional
CUST00000374,Ananya Mehta,ananya.mehta4364@example.in,9519967432,Delhi,Delhi,836805,2022-12-13,Occasional
CUST00000375,Amit Ghosh,amit.ghosh2830@example.in,9471479365,Delhi,Delhi,297894,2023-09-10,Occasional
CUST00000376,Divya Malhotra,divya.malhotra3571@example.in,9877347566,Mysuru,Karnataka,837038,2022-10-28,Premium
CUST00000377,Rahul Bose,rahul.bose6825@example.in,9119850460,Kolkata,West Bengal,589178,2023-05-20,New
CUST00000378,Karthik Khanna,karthik.khanna8620@example.in,9490533585,Chennai,Tamil Nadu,171477,2024-11-22,Occasional
CUST00000379,Pooja Deshpande,pooja.deshpande6426@example.in,9659517170,Coimbatore,Tamil Nadu,490759,2023-12-11,New
CUST00000380,Saanvi Joshi,saanvi.joshi5141@example.in,9712042883,Ahmedabad,Gujarat,209451,2024-09-08,Regular
CUST00000381,Saanvi Ghosh,saanvi.ghosh6525@example.in,9366655778,Mysuru,Karnataka,822631,2023-03-26,Occasional
CUST00000382,Rahul Kaur,rahul.kaur706@example.in,9199373912,Visakhapatnam,Andhra Pradesh,678678,2023-12-06,Occasional
CUST00000383,Vivaan Bose,vivaan.bose6081@example.in,9395350584,Pune,Maharashtra,784088,2023-07-19,Regular
CUST00000384,Divya Bose,divya.bose422@example.in,9813028236,Chennai,Tamil Nadu,558956,2023-06-07,Occasional
CUST00000385,Deepak Patel,deepak.patel9590@example.in,9947712336,Aizawl,Mizoram,405568,2023-03-03,New
CUST00000386,Myra Sheikh,myra.sheikh8891@example.in,9633911440,Chandigarh,Chandigarh,429177,2023-10-10,Occasional
CUST00000387,Riya Das,riya.das5083@example.in,9181841338,Guntur,Andhra Pradesh,815528,2023-01-03,New
CUST00000388,Ira Menon,ira.menon3741@example.in,9970949965,Delhi,Delhi,222935,2024-05-23,Regular
CUST00000389,Manish Khan,manish.khan7322@example.in,9237653323,Amritsar,Punjab,769288,2022-10-22,Regular
CUST00000390,Rajesh Sheikh,rajesh.sheikh6375@example.in,9341467214,Kanpur,Uttar Pradesh,424448,2023-01-15,Regular
CUST00000391,Sai Mukherjee,sai.mukherjee7054@example.in,9976687501,Delhi,Delhi,549905,2024-10-05,Regular
CUST00000392,Rahul Subramanian,rahul.subramanian5155@example.in,9553495508,Surat,Gujarat,606983,2023-06-27,Regular
CUST00000393,Aarav Khanna,aarav.khanna2363@example.in,9278070076,Bhopal,Madhya Pradesh,171188,2023-03-30,Occasional
CUST00000394,Priya Pillai,priya.pillai733@example.in,9171045707,Mumbai,Maharashtra,220788,2023-11-17,New
CUST00000395,Aadhya Kulkarni,aadhya.kulkarni2833@example.in,9384113246,Kolkata,West Bengal,229808,2022-07-26,Occasional
CUST00000396,Ira Menon,ira.menon5289@example.in,9956973281,Raipur,Chhattisgarh,690203,2022-09-28,Premium
CUST00000397,Priya Iyer,priya.iyer4240@example.in,9368710642,Hyderabad,Telangana,167281,2023-10-13,Premium
CUST00000398,Myra Sheikh,myra.sheikh5063@example.in,9903360437,Pune,Maharashtra,565189,2023-03-03,Regular
CUST00000399,Kavya Shah,kavya.shah2777@example.in,9690152924,Kolkata,West Bengal,190468,2023-01-24,New
CUST00000400,Rajesh Mukherjee,rajesh.mukherjee9377@example.in,9732696006,Hyderabad,Telangana,682113,2021-12-06,New
CUST00000401,Lakshmi Sharma,lakshmi.sharma3667@example.in,9596287833,Jodhpur,Rajasthan,837943,2023-03-22,Regular
CUST00000402,Aarav Rao,aarav.rao8460@example.in,9130869316,Visakhapatnam,Andhra Pradesh,418494,2023-01-21,New
CUST00000403,Riya More,riya.more3909@example.in,9927309425,Delhi,Delhi,268090,2022-04-03,Occasional
CUST00000404,Fatima Bansal,fatima.bansal4435@example.in,9527522128,Puducherry,Puducherry,441493,2023-11-18,Occasional
CUST00000405,Pooja Patel,pooja.patel6038@example.in,9689968066,Vadodara,Gujarat,624767,2023-03-27,New
CUST00000406,Ananya Reddy,ananya.reddy2631@example.in,9598491453,Hyderabad,Telangana,651965,2022-06-02,Occasional
CUST00000407,Vijay Agarwal,vijay.agarwal2199@example.in,9692556992,Dehradun,Uttarakhand,584288,2022-10-26,Premium
CUST00000408,Krishna More,krishna.more3792@example.in,9419226848,Delhi,Delhi,543652,2023-12-28,Regular
CUST00000409,Vivaan Rao,vivaan.rao8042@example.in,9859317006,Puducherry,Puducherry,580277,2023-07-03,Occasional
CUST00000410,Deepak Mukherjee,deepak.mukherjee1446@example.in,9301885916,Indore,Madhya Pradesh,271948,2023-10-22,Occasional
CUST00000411,Pooja Desai,pooja.desai4375@example.in,9687921108,Nagpur,Maharashtra,264019,2023-04-27,Regular
CUST00000412,Rajesh Pillai,rajesh.pillai6720@example.in,9620120641,Mumbai,Maharashtra,803611,2023-05-06,Occasional
CUST00000413,Ira Malhotra,ira.malhotra7062@example.in,9553309197,Varanasi,Uttar Pradesh,541681,2024-01-27,Occasional
CUST00000414,Fatima Reddy,fatima.reddy4344@example.in,9450749347,Mumbai,Maharashtra,751681,2024-01-29,Occasional
CUST00000415,Rahul Kulkarni,rahul.kulkarni815@example.in,9142794560,Bengaluru,Karnataka,576099,2024-03-30,New
CUST00000416,Sandeep Gill,sandeep.gill160@example.in,9552820502,Delhi,Delhi,449234,2023-03-09,New
CUST00000417,Arjun Subramanian,arjun.subramanian4699@example.in,9718984555,Visakhapatnam,Andhra Pradesh,535019,2023-09-01,Regular
CUST00000418,Arjun Sharma,arjun.sharma8099@example.in,9570230783,Bengaluru,Karnataka,625405,2022-08-20,Occasional
CUST00000419,Kiran Pawar,kiran.pawar283@example.in,9781346346,Meerut,Uttar Pradesh,248713,2022-12-16,New
CUST00000420,Sunita Chatterjee,sunita.chatterjee8874@example.in,9424748692,Nagpur,Maharashtra,454325,2023-03-28,New
CUST00000421,Simran Khan,simran.khan6758@example.in,9375525508,Mumbai,Maharashtra,648765,2023-07-10,Premium
CUST00000422,Myra Ansari,myra.ansari81@example.in,9503306567,Mumbai,Maharashtra,174861,2022-08-03,Occasional
CUST00000423,Vivaan Rao,vivaan.rao3437@example.in,9306218481,Mumbai,Maharashtra,164575,2024-04-15,Occasional
CUST00000424,Manpreet Iyer,manpreet.iyer2205@example.in,9821684738,Surat,Gujarat,229286,2023-03-07,New
CUST00000425,Vijay Subramanian,vijay.subramanian9491@example.in,9828756228,Guwahati,Assam,550513,2022-01-20,Premium
CUST00000426,Aadhya Naidu,aadhya.naidu5547@example.in,9474862031,Bengaluru,Karnataka,287661,2024-04-09,Regular
CUST00000427,Rajesh Reddy,rajesh.reddy3241@example.in,9813305208,Amritsar,Punjab,435064,2023-09-28,Occasional
CUST00000428,Farhan Khanna,farhan.khanna2780@example.in,9123003789,Mumbai,Maharashtra,209704,2022-10-13,New
CUST00000429,Saanvi Sheikh,saanvi.sheikh5637@example.in,9239304742,Guwahati,Assam,296493,2023-10-26,Occasional
CUST00000430,Rajesh Subramanian,rajesh.subramanian51@example.in,9354717389,Madurai,Tamil Nadu,123241,2022-11-03,Regular
CUST00000431,Kiran Kaur,kiran.kaur2574@example.in,9449128608,Visakhapatnam,Andhra Pradesh,711599,2023-05-15,Regular
CUST00000432,Sneha Naidu,sneha.naidu1654@example.in,9308567677,Patna,Bihar,457619,2023-01-01,Premium
CUST00000433,Deepak Joshi,deepak.joshi6200@example.in,9560970589,Ludhiana,Punjab,241061,2023-09-18,Occasional
CUST00000434,Saanvi Ghosh,saanvi.ghosh6691@example.in,9814223809,Mumbai,Maharashtra,502098,2023-09-02,New
CUST00000435,Harpreet Rao,harpreet.rao4670@example.in,9510611046,bengaluru,Karnataka,805180,2023-02-15,Occasional
CUST00000436,Manpreet Kaur,manpreet.kaur1401@example.in,9153907859,Delhi,Delhi,724581,2024-05-03,Regular
CUST00000437,Manpreet Sharma,manpreet.sharma3706@example.in,9352279488,Pune,Maharashtra,769104,2024-02-14,New
CUST00000438,Sandeep Joshi,sandeep.joshi8428@example.in,9826531122,Kochi,Kerala,412521,2022-05-12,New
CUST00000439,Aditya Shah,aditya.shah2037@example.in,9829634394,Lucknow,Uttar Pradesh,378680,2022-11-29,Regular
CUST00000440,Aisha Ghosh,aisha.ghosh1634@example.in,9847917173,Amritsar,Punjab,345612,2023-07-30,Occasional
CUST00000441,Amit Sheikh,amit.sheikh1115@example.in,9617092779,Delhi,Delhi,337375,2024-06-08,Regular
CUST00000442,Gurpreet Reddy,gurpreet.reddy8166@example.in,9844259336,Coimbatore,Tamil Nadu,795277,2024-03-18,New
CUST00000443,Karthik Subramanian,karthik.subramanian1199@example.in,9808594999,Bengaluru,Karnataka,212444,2024-03-20,New
CUST00000444,Karthik Mukherjee,karthik.mukherjee5816@example.in,9595586554,Bengaluru,Karnataka,744428,2023-03-17,New
CUST00000445,Krishna Pawar,krishna.pawar9989@example.in,9438976677,Patna,Bihar,792771,2022-09-11,Occasional
CUST00000446,Kiran Sheikh,kiran.sheikh6417@example.in,9796284796,Shillong,Meghalaya,738910,2023-04-22,Regular
CUST00000447,Ira Nair,ira.nair4123@example.in,9725262994,Lucknow,Uttar Pradesh,577585,2022-08-19,Occasional
CUST00000448,Arjun Pillai,arjun.pillai2068@example.in,9854358412,Mumbai,Maharashtra,747556,2023-09-29,Occasional
CUST00000449,Manpreet Bose,manpreet.bose20@example.in,9947767138,Lucknow,Uttar Pradesh,133683,2023-01-15,New
CUST00000450,Rohan Nair,rohan.nair1556@example.in,9364503187,Mumbai,Maharashtra,718957,2022-09-12,Regular
CUST00000451,Aarav Mehta,aarav.mehta9528@example.in,9204471691,Rajkot,Gujarat,490754,2023-10-27,Premium
CUST00000452,Vihaan Ansari,vihaan.ansari1436@example.in,9737889532,Patna,Bihar,824140,2023-03-23,Regular
CUST00000453,Priya Gill,priya.gill200@example.in,9406519749,Delhi,Delhi,173931,2024-02-09,New
CUST00000454,Sai Joshi,sai.joshi8160@example.in,9286323040,Mumbai,Maharashtra,802999,2023-01-19,Occasional
CUST00000455,Fatima Kulkarni,fatima.kulkarni4186@example.in,9585919683,Delhi,Delhi,537511,2024-10-02,New
CUST00000456,Pooja Bansal,pooja.bansal3570@example.in,9938532038,Shillong,Meghalaya,187384,2024-07-13,New
CUST00000457,Myra Desai,myra.desai7174@example.in,9907894590,Pune,Maharashtra,489236,2024-05-21,New
CUST00000458,Aarav Rao,aarav.rao5230@example.in,9463781691,Vijayawada,Andhra Pradesh,137659,2023-07-16,New
CUST00000459,Neha Das,neha.das9145@example.in,9103325064,Kanpur,Uttar Pradesh,171730,2024-04-04,New
CUST00000460,Krishna More,krishna.more4676@example.in,9898849473,Jaipur,Rajasthan,506180,2023-12-20,Regular
CUST00000461,Gurpreet Naidu,gurpreet.naidu7128@example.in,9907531630,Delhi,Delhi,717911,2023-07-09,New
CUST00000462,Pari Mehta,pari.mehta8787@example.in,9644602333,Mangalore,Karnataka,190623,2022-12-14,Regular
CUST00000463,Neha Khanna,neha.khanna4636@example.in,9665708764,Hyderabad,Telangana,305457,2023-02-26,Premium
CUST00000464,Aarav Naidu,aarav.naidu2843@example.in,9574073151,Jaipur,Rajasthan,401584,2022-05-17,Occasional
CUST00000465,Reyansh Mukherjee,reyansh.mukherjee9743@example.in,9111247793,Patna,Bihar,513469,2022-06-14,Occasional
CUST00000466,Ananya Mehta,ananya.mehta2268@example.in,9243571540,Nagpur,Maharashtra,110540,2024-05-30,Regular
CUST00000467,Aditya Reddy,aditya.reddy394@example.in,9229045834,Mangaluru,Karnataka,586159,2022-03-13,New
CUST00000468,Nikhil Mehta,nikhil.mehta5781@example.in,9922894860,Delhi,Delhi,480975,2023-12-06,Occasional
CUST00000469,Simran Ansari,simran.ansari9867@example.in,9144846304,Pune,Maharashtra,827029,2024-02-14,Occasional
CUST00000470,Manpreet Ansari,manpreet.ansari865@example.in,9426521797,Chennai,Tamil Nadu,334530,2023-03-29,Regular
CUST00000471,Saanvi Kaur,saanvi.kaur8493@example.in,9105483164,Pune,Maharashtra,477947,2024-07-14,Regular
CUST00000472,Kiran Malhotra,kiran.malhotra8303@example.in,9927311794,Delhi,Delhi,170813,2022-12-08,Regular
CUST00000473,Sneha Agarwal,sneha.agarwal9288@example.in,9116456086,Delhi,Delhi,793507,2023-10-14,Occasional
CUST00000474,Aditya Naidu,aditya.naidu4215@example.in,9870219913,Bengaluru,Karnataka,731335,2023-11-26,Occasional
CUST00000475,Arjun Mukherjee,arjun.mukherjee2548@example.in,9799869343,Hyderabad,Telangana,374410,2023-02-22,Regular
CUST00000476,Karthik Ghosh,karthik.ghosh5121@example.in,9814314503,Kolkata,West Bengal,453116,2023-02-12,Regular
CUST00000477,Rahul Menon,rahul.menon1425@example.in,9245742717,Lucknow,Uttar Pradesh,748891,2023-01-13,Occasional
CUST00000478,Aarav Patel,aarav.patel8427@example.in,9638864591,Kanpur,Uttar Pradesh,330114,2023-07-21,Premium
CUST00000479,Harpreet Menon,harpreet.menon6632@example.in,9461766447,Kolkata,West Bengal,285718,2022-07-04,Regular
CUST00000480,Nikhil Banerjee,nikhil.banerjee4833@example.in,9712973764,Kolkata,West Bengal,290295,2024-06-23,Occasional
CUST00000481,Sneha Khan,sneha.khan5158@example.in,9351429033,Bengaluru,Karnataka,637155,2022-12-07,New
CUST00000482,Manpreet Rao,manpreet.rao7120@example.in,9359403624,Surat,Gujarat,267270,2023-10-09,New
CUST00000483,Gurpreet Banerjee,gurpreet.banerjee5231@example.in,9612382426,Hyderabad,Telangana,176027,2023-01-12,Regular
CUST00000484,Gurpreet Bansal,gurpreet.bansal8397@example.in,9640942521,Mumbai,Maharashtra,233281,2024-06-20,New
CUST00000485,Aadhya Desai,aadhya.desai9245@example.in,9321049865,Kolkata,West Bengal,844722,2022-12-11,Occasional
CUST00000486,Imran Pillai,imran.pillai9497@example.in,9951683883,Pune,Maharashtra,760375,2023-07-23,Occasional
CUST00000487,Sneha Iyer,sneha.iyer6200@example.in,9563391600,Bangalore,Karnataka,820794,2024-01-26,Regular
CUST00000488,Nikhil Menon,nikhil.menon7425@example.in,9874153139,Jaipur,Rajasthan,316624,2022-12-18,Regular
CUST00000489,Zoya Banerjee,zoya.banerjee3111@example.in,9397159402,Jaipur,Rajasthan,439501,2024-08-16,Regular
CUST00000490,Ishaan Naidu,ishaan.naidu382@example.in,9359238511,Patna,Bihar,475681,2022-11-26,Occasional
CUST00000491,Amit Gupta,amit.gupta4000@example.in,9354337670,Nagpur,Maharashtra,500393,2024-02-05,New
CUST00000492,Reyansh Pillai,reyansh.pillai8716@example.in,9575933041,Nagpur,Maharashtra,129976,2023-10-05,Occasional
CUST00000493,Saanvi Shah,saanvi.shah1335@example.in,9801158219,Hyderabad,Telangana,555412,2023-04-07,New
CUST00000494,Rahul Singh,rahul.singh5457@example.in,9550569570,Vijayawada,Andhra Pradesh,138897,2022-06-30,Occasional
CUST00000495,Fatima Gupta,fatima.gupta1923@example.in,9365446300,Ahmedabad,Gujarat,314935,2022-08-27,Premium
CUST00000496,Zoya Pawar,zoya.pawar4292@example.in,9615183263,Kolkata,West Bengal,327840,2022-08-22,Occasional
CUST00000497,Kavya Gill,kavya.gill1434@example.in,9454625901,Lucknow,Uttar Pradesh,612560,2023-05-20,Occasional
CUST00000498,Ira Ansari,ira.ansari7346@example.in,9606004798,Chennai,Tamil Nadu,777993,2022-08-23,Occasional
CUST00000499,Karthik Rao,karthik.rao8102@example.in,9658956998,Pune,Maharashtra,630510,2024-08-12,Regular
CUST00000500,Farhan Patel,farhan.patel7583@example.in,9935835934,Coimbatore,Tamil Nadu,434464,2023-04-28,Occasional
CUST00000501,Gurpreet Banerjee,gurpreet.banerjee7048@example.in,9307630000,Rajkot,Gujarat,501243,2023-07-15,Occasional
CUST00000502,Diya Banerjee,diya.banerjee2352@example.in,9246529945,Jodhpur,Rajasthan,491800,2022-10-29,New
CUST00000503,Rohan Subramanian,rohan.subramanian5303@example.in,9999363471,,Maharashtra,220084,2022-08-23,Occasional
CUST00000504,Meera Ansari,meera.ansari1048@example.in,9595437042,Ahmedabad,Gujarat,823310,2023-12-23,New
CUST00000505,Pari Agarwal,pari.agarwal3743@example.in,9195105628,Guwahati,Assam,794901,2023-05-14,Occasional
CUST00000506,Rohan Reddy,rohan.reddy5058@example.in,9527854604,Hyderabad,Telangana,288862,2023-03-04,Regular
CUST00000507,Vivaan Kulkarni,vivaan.kulkarni6684@example.in,9655749037,Ludhiana,Punjab,195722,2023-07-30,New
CUST00000508,Kavya Sheikh,kavya.sheikh968@example.in,9319331569,Pune,Maharashtra,232975,2023-04-30,Occasional
CUST00000509,Kavya Gill,kavya.gill8128@example.in,9429114882,Delhi,Delhi,578807,2024-01-21,New
CUST00000510,Suresh Jain,suresh.jain4589@example.in,9762622896,Mumbai,Maharashtra,131933,2023-03-28,New
CUST00000511,Rohan Das,rohan.das8811@example.in,9970872464,Ludhiana,Punjab,186813,2023-01-05,New
CUST00000512,Nikhil Verma,nikhil.verma5274@example.in,9473868262,Mumbai,Maharashtra,593068,2022-05-19,New
CUST00000513,Divya Khanna,divya.khanna5470@example.in,9425019441,Bengaluru,Karnataka,218862,2022-10-10,Premium
CUST00000514,Priya Agarwal,priya.agarwal6925@example.in,9222568873,Hyderabad,Telangana,161264,2024-06-05,Premium
CUST00000515,Ishaan Mukherjee,ishaan.mukherjee8198@example.in,9147496446,Delhi,Delhi,125304,2023-01-31,Regular
CUST00000516,Sneha Reddy,sneha.reddy1576@example.in,9850599963,Hyderabad,Telangana,635892,2024-01-18,Occasional
CUST00000517,Divya Patel,divya.patel5113@example.in,9133426026,Kochi,Kerala,380749,2023-09-18,Regular
CUST00000518,Riya Jain,riya.jain300@example.in,9838780021,Mumbai,Maharashtra,321961,2023-01-19,Regular
CUST00000519,Aadhya More,aadhya.more4745@example.in,9322535436,Raipur,Chhattisgarh,586564,2024-05-26,Occasional
CUST00000520,Sneha Krishnan,sneha.krishnan8134@example.in,9725373656,Amritsar,Punjab,237060,2023-10-01,New
CUST00000521,Aisha Iyer,aisha.iyer8653@example.in,9773930620,Chennai,Tamil Nadu,498611,2024-05-05,Regular
CUST00000522,Kavya Banerjee,kavya.banerjee2835@example.in,9756570956,Delhi,Delhi,470521,2022-10-09,Premium
CUST00000523,Aisha Bansal,aisha.bansal3863@example.in,9338243695,Surat,Gujarat,612610,2023-12-04,New
CUST00000524,Pari Chatterjee,pari.chatterjee5515@example.in,9638351510,Delhi,Delhi,574891,2022-08-28,Occasional
CUST00000525,Nikhil Bose,nikhil.bose3959@example.in,9677848149,Chennai,Tamil Nadu,612968,2023-10-21,Occasional
CUST00000526,Priya Khanna,priya.khanna1781@example.in,9482768290,Jamshedpur,Jharkhand,268808,2023-11-19,Occasional
CUST00000527,Priya Shah,priya.shah3049@example.in,9134217883,Panaji,Goa,214446,2023-01-28,Regular
CUST00000528,Anjali Desai,anjali.desai4040@example.in,9976109385,Visakhapatnam,Andhra Pradesh,507763,2023-08-28,Occasional
CUST00000529,Aisha Pillai,aisha.pillai5186@example.in,9939051501,Hyderabad,Telangana,152724,2024-01-03,Premium
CUST00000530,Arjun Gupta,arjun.gupta9206@example.in,9765311766,Bhopal,Madhya Pradesh,448494,2023-09-05,Regular
CUST00000531,Fatima Iyer,fatima.iyer5448@example.in,9670673812,Patna,Bihar,575965,2023-05-16,New
CUST00000532,Aditya Chopra,aditya.chopra3871@example.in,9307605286,Chennai,Tamil Nadu,721739,2024-03-16,Regular
CUST00000533,Ramesh Krishnan,ramesh.krishnan6604@example.in,9831504535,Kanpur,Uttar Pradesh,596728,2024-01-17,Regular
CUST00000534,Saanvi Mukherjee,saanvi.mukherjee7730@example.in,9200244780,Mumbai,Maharashtra,851143,2024-08-26,Occasional
CUST00000535,Ananya Bose,ananya.bose4305@example.in,9323820307,Bengaluru,Karnataka,524809,2023-02-06,Occasional
CUST00000536,Aditya Gill,aditya.gill4892@example.in,9954027499,Ahmedabad,Gujarat,442460,2023-01-10,Regular
CUST00000537,Farhan Nair,farhan.nair2178@example.in,9768555639,Delhi,Delhi,293122,2022-12-16,Occasional
CUST00000538,Amit Joshi,amit.joshi8647@example.in,9200968899,Delhi,Delhi,611556,2024-01-11,New
CUST00000539,Ira Iyer,ira.iyer8667@example.in,9229672010,Dehradun,Uttarakhand,714115,2024-05-13,New
CUST00000540,Sandeep Krishnan,sandeep.krishnan1749@example.in,9331363042,Gangtok,Sikkim,349163,2023-11-28,New
CUST00000541,Vivaan Krishnan,vivaan.krishnan3460@example.in,9163505423,Jaipur,Rajasthan,166395,2023-05-16,Occasional
CUST00000542,Suresh Mehta,suresh.mehta2719@example.in,9264370593,Ludhiana,Punjab,117810,2022-08-30,New
CUST00000543,Sneha Desai,sneha.desai9228@example.in,9106717438,Panaji,Goa,581146,2022-12-08,Occasional
CUST00000544,Suresh Kulkarni,suresh.kulkarni653@example.in,9358702383,Delhi,Delhi,604038,2024-03-06,Occasional
CUST00000545,Reyansh Khan,reyansh.khan2074@example.in,9382721296,Kolkata,West Bengal,199721,2022-05-29,Regular
CUST00000546,Simran Singh,simran.singh3149@example.in,9973782086,Chennai,Tamil Nadu,126843,2023-07-15,Occasional
CUST00000547,Diya Krishnan,diya.krishnan5600@example.in,9976760983,Mumbai,Maharashtra,597640,2024-07-24,Premium
CUST00000548,Divya Kapoor,divya.kapoor2490@example.in,9860925557,Kochi,Kerala,406372,2024-02-09,Regular
CUST00000549,Sandeep Ghosh,sandeep.ghosh5366@example.in,9407712974,Kolkata,West Bengal,421255,2023-03-31,New
CUST00000550,Ira Gill,ira.gill7471@example.in,9574578966,Pune,Maharashtra,305574,2023-12-21,Occasional
CUST00000551,Reyansh Desai,reyansh.desai8285@example.in,9553874390,Delhi,Delhi,645071,2023-10-30,New
CUST00000552,Pari Khan,pari.khan991@example.in,9874156403,Delhi,Delhi,664847,2024-06-21,Regular
CUST00000553,Lakshmi Menon,lakshmi.menon1389@example.in,9771342204,Meerut,Uttar Pradesh,148890,2022-10-31,Occasional
CUST00000554,Farhan Krishnan,farhan.krishnan952@example.in,9915917544,Mumbai,Maharashtra,176409,2023-04-04,New
CUST00000555,Harpreet Ansari,harpreet.ansari9098@example.in,9927278966,Bengaluru,Karnataka,523602,2023-05-10,New
CUST00000556,Diya Shah,diya.shah6520@example.in,9769232355,Hyderabad,Telangana,559408,2023-02-05,Occasional
CUST00000557,Vijay Iyer,vijay.iyer5314@example.in,9764946810,Pune,Maharashtra,217951,2023-09-13,Regular
CUST00000558,Krishna Bose,krishna.bose7908@example.in,9695472280,Surat,Gujarat,227807,2023-02-17,Regular
CUST00000559,Meera Joshi,meera.joshi5860@example.in,9420925688,Pune,Maharashtra,618454,2023-03-31,New
CUST00000560,Rahul Kapoor,rahul.kapoor2355@example.in,9684684015,Mumbai,Maharashtra,448812,2022-08-22,New
CUST00000561,Meera Shah,meera.shah5101@example.in,9329312015,Bengaluru,Karnataka,199381,2023-04-16,Occasional
CUST00000562,Divya Chopra,divya.chopra7031@example.in,9739172254,Ludhiana,Punjab,564169,2022-06-11,Occasional
CUST00000563,Manpreet Chopra,manpreet.chopra361@example.in,9299611930,,Uttar Pradesh,164829,2024-06-07,New
CUST00000564,Neha Deshpande,neha.deshpande6063@example.in,9812597427,Nagpur,Maharashtra,281843,2024-12-14,New
CUST00000565,Ira Pillai,ira.pillai4970@example.in,9822344300,Indore,Madhya Pradesh,641360,2023-07-18,Regular
CUST00000566,Pooja Bose,pooja.bose695@example.in,9415014651,Thiruvananthapuram,Kerala,275703,2022-09-30,Occasional
CUST00000567,Krishna Khanna,krishna.khanna2635@example.in,9709906358,Mumbai,Maharashtra,157339,2022-06-02,Regular
CUST00000568,Sai Nair,sai.nair4485@example.in,9886189977,Chennai,Tamil Nadu,825306,2023-03-04,Occasional
CUST00000569,Pooja Das,pooja.das3427@example.in,9763319720,Ahmedabad,Gujarat,277302,2024-02-18,Occasional
CUST00000570,Sunita Naidu,sunita.naidu2901@example.in,9369969788,Hyderabad,Telangana,493642,2023-08-24,Occasional
CUST00000571,Karthik Kulkarni,karthik.kulkarni6490@example.in,9918971530,Ludhiana,Punjab,724524,2022-08-21,New
CUST00000572,Kiran Malhotra,kiran.malhotra4043@example.in,9887119593,Pune,Maharashtra,847601,2023-01-15,New
CUST00000573,Ishaan Reddy,ishaan.reddy4976@example.in,9907141493,Thiruvananthapuram,Kerala,713312,2023-02-15,Premium
CUST00000574,Priya Chopra,priya.chopra7982@example.in,9374240442,Amritsar,Punjab,363080,2024-02-02,Regular
CUST00000575,Deepak Mehta,deepak.mehta932@example.in,9492781713,Pune,Maharashtra,746423,2023-04-15,Regular
CUST00000576,Aisha Bansal,aisha.bansal3599@example.in,9959087980,Meerut,Uttar Pradesh,119491,2023-02-16,New
CUST00000577,Aarav Jain,aarav.jain731@example.in,9880387132,Surat,Gujarat,352983,2022-11-07,New
CUST00000578,Vihaan Sharma,vihaan.sharma9272@example.in,9255940455,Amritsar,Punjab,258589,2024-11-06,New
CUST00000579,Harpreet Banerjee,harpreet.banerjee1857@example.in,9596845102,Hyderabad,Telangana,503458,2022-11-15,Premium
CUST00000580,Vijay Chatterjee,vijay.chatterjee8198@example.in,9473952215,Pune,Maharashtra,774348,2024-07-11,Regular
CUST00000581,Aadhya Chopra,aadhya.chopra1909@example.in,9513913406,Ahmedabad,Gujarat,686234,2024-02-26,Occasional
CUST00000582,Aadhya Khanna,aadhya.khanna3240@example.in,9431130546,Delhi,Delhi,853856,2022-12-13,Premium
CUST00000583,Vivaan Subramanian,vivaan.subramanian6082@example.in,9908255639,Chennai,Tamil Nadu,212071,2023-11-08,New
CUST00000584,Simran Chopra,simran.chopra8313@example.in,9925499733,Jodhpur,Rajasthan,670474,2022-12-03,Occasional
CUST00000585,Sai Gupta,sai.gupta1778@example.in,9509712163,Lucknow,Uttar Pradesh,649756,2024-01-15,New
CUST00000586,Rajesh Deshpande,rajesh.deshpande2131@example.in,9845102276,Delhi,Delhi,450124,2022-08-17,New
CUST00000587,Diya Mehta,diya.mehta8816@example.in,9814635013,Hyderabad,Telangana,182639,2023-03-17,Premium
CUST00000588,Ira Chopra,ira.chopra3220@example.in,9665113221,Bengaluru,Karnataka,187860,2022-12-11,Regular
CUST00000589,Saanvi Shah,saanvi.shah2098@example.in,9748572044,Mumbai,Maharashtra,790478,2022-09-11,New
CUST00000590,Sunita Reddy,sunita.reddy7434@example.in,9949325047,,Tamil Nadu,329977,2022-07-24,New
CUST00000591,Vivaan More,vivaan.more912@example.in,9953486274,Kolkata,West Bengal,584871,2023-02-05,Occasional
CUST00000592,Aisha Reddy,aisha.reddy8668@example.in,9822256775,Hyderabad,Telangana,814549,2024-02-29,New
CUST00000593,Saanvi Menon,saanvi.menon8756@example.in,9555387401,Surat,Gujarat,477570,2022-11-03,Occasional
CUST00000594,Saanvi Menon,saanvi.menon8564@example.in,9460185964,Mumbai,Maharashtra,266420,2023-08-07,Occasional
CUST00000595,Rohan Banerjee,rohan.banerjee2953@example.in,9955730657,Bengaluru,Karnataka,471180,2023-12-02,New
CUST00000596,Farhan Sheikh,farhan.sheikh1142@example.in,9284529802,Patna,Bihar,280988,2024-11-09,New
CUST00000597,Riya Sharma,riya.sharma4254@example.in,9572117349,Kanpur,Uttar Pradesh,245136,2022-09-22,New
CUST00000598,Rahul Kulkarni,rahul.kulkarni3346@example.in,9711602551,Shillong,Meghalaya,714281,2023-05-21,Premium
CUST00000599,Riya Naidu,riya.naidu9589@example.in,9120319590,Lucknow,Uttar Pradesh,367749,2023-09-19,Occasional
CUST00000600,Manpreet Bose,manpreet.bose6316@example.in,9671404747,Pune,Maharashtra,620260,2024-01-27,Occasional
CUST00000601,Ira Chatterjee,ira.chatterjee9442@example.in,9334011951,Thiruvananthapuram,Kerala,651792,2022-10-27,New
CUST00000602,Ira Khan,ira.khan7508@example.in,9352580963,Agra,Uttar Pradesh,519384,2024-07-23,Regular
CUST00000603,Ira Chopra,ira.chopra7148@example.in,9659556627,Chandigarh,Chandigarh,513066,2022-03-16,New
CUST00000604,Ira Shah,ira.shah1119@example.in,9108001301,Siliguri,West Bengal,244517,2023-01-03,New
CUST00000605,Arjun Sheikh,arjun.sheikh690@example.in,9241133411,Visakhapatnam,Andhra Pradesh,504395,2023-08-27,Regular
CUST00000606,Vijay Mukherjee,vijay.mukherjee465@example.in,9509472701,Nashik,Maharashtra,669976,2024-02-19,Regular
CUST00000607,Vivaan Krishnan,vivaan.krishnan5933@example.in,9625661239,Delhi,Delhi,255481,2024-09-10,New
CUST00000608,Diya Kapoor,diya.kapoor2017@example.in,9198207245,Coimbatore,Tamil Nadu,282885,2022-08-31,Occasional
CUST00000609,Rohan Kapoor,rohan.kapoor9889@example.in,9425438219,Kolkata,West Bengal,624401,2023-01-19,Premium
CUST00000610,Pari Chopra,pari.chopra1327@example.in,9376792683,Ahmedabad,Gujarat,841555,2022-03-30,New
CUST00000611,Rajesh Pillai,rajesh.pillai9468@example.in,9580946931,Nagpur,Maharashtra,402111,2022-06-19,New
CUST00000612,Vijay Patel,vijay.patel6676@example.in,9370536970,Jammu,Jammu and Kashmir,727198,2022-07-16,Occasional
CUST00000613,Manpreet More,manpreet.more1060@example.in,9577069222,Imphal,Manipur,246173,2023-03-01,New
CUST00000614,Aisha Naidu,aisha.naidu585@example.in,9863579218,Hyderabad,Telangana,534507,2023-12-28,Occasional
CUST00000615,Harpreet Khanna,harpreet.khanna3959@example.in,9626267958,Coimbatore,Tamil Nadu,813230,2023-07-21,Occasional
CUST00000616,Aditya Kulkarni,aditya.kulkarni3389@example.in,9425732938,Kochi,Kerala,439012,2023-09-17,Occasional
CUST00000617,Sneha Chatterjee,sneha.chatterjee3155@example.in,9226142590,Chennai,Tamil Nadu,487624,2022-04-09,Occasional
CUST00000618,Lakshmi Ghosh,lakshmi.ghosh5285@example.in,9312967983,Delhi,Delhi,225560,2023-12-26,Occasional
CUST00000619,Karthik Sheikh,karthik.sheikh1298@example.in,9494124270,Bombay,Maharashtra,503449,2022-08-30,Regular
CUST00000620,Harpreet Subramanian,harpreet.subramanian1295@example.in,9537559563,Visakhapatnam,Andhra Pradesh,546371,2024-07-02,New
CUST00000621,Myra Shah,myra.shah6947@example.in,9966598653,Pune,Maharashtra,841236,2022-08-07,New
CUST00000622,Vivaan Patel,vivaan.patel9902@example.in,9673662438,Imphal,Manipur,259739,2023-02-07,Occasional
CUST00000623,Rajesh Khan,rajesh.khan2738@example.in,9120693059,Pune,Maharashtra,383016,2023-12-11,New
CUST00000624,Vihaan Singh,vihaan.singh9318@example.in,9572106195,Srinagar,Jammu and Kashmir,592279,2023-10-15,New
CUST00000625,Rajesh Iyer,rajesh.iyer3448@example.in,9624525500,Kolkata,West Bengal,812660,2023-12-04,New
CUST00000626,Nikhil Agarwal,nikhil.agarwal3359@example.in,9139171223,Guwahati,Assam,287246,2023-11-12,Regular
CUST00000627,Fatima Chatterjee,fatima.chatterjee904@example.in,9446516649,Mumbai,Maharashtra,627801,2022-07-13,New
CUST00000628,Neha Verma,neha.verma4233@example.in,9884361088,Jaipur,Rajasthan,765213,2024-03-16,Regular
CUST00000629,Imran Subramanian,imran.subramanian4979@example.in,9421204296,Guwahati,Assam,581730,2024-01-08,Regular
CUST00000630,Ishaan Banerjee,ishaan.banerjee6637@example.in,9299044413,Madurai,Tamil Nadu,428022,2023-12-10,Occasional
CUST00000631,Amit Banerjee,amit.banerjee1582@example.in,9386382445,Raipur,Chhattisgarh,284669,2022-12-24,New
CUST00000632,Sai Jain,sai.jain1887@example.in,9984849805,Bombay,Maharashtra,324630,2023-03-04,Regular
CUST00000633,Rajesh Singh,rajesh.singh4321@example.in,9847798331,Chennai,Tamil Nadu,148564,2024-03-30,New
CUST00000634,Meera Khanna,meera.khanna697@example.in,9684493994,Mumbai,Maharashtra,223276,2023-09-26,Regular
CUST00000635,Lakshmi Banerjee,lakshmi.banerjee1434@example.in,9692849942,Delhi,Delhi,436200,2022-10-16,Regular
CUST00000636,Rajesh Naidu,rajesh.naidu6290@example.in,9484222600,Indore,Madhya Pradesh,214688,2022-11-26,New
CUST00000637,Myra Rao,myra.rao9537@example.in,9155088527,Chandigarh,Chandigarh,117579,2023-04-12,Regular
CUST00000638,Vihaan Bansal,vihaan.bansal5729@example.in,9469447355,Visakhapatnam,Andhra Pradesh,626131,2023-03-14,Occasional
CUST00000639,Harpreet Patel,harpreet.patel1450@example.in,9785772585,Nashik,Maharashtra,162906,2023-03-30,Occasional
CUST00000640,Sneha Kaur,sneha.kaur9908@example.in,9145534971,Coimbatore,Tamil Nadu,215147,2021-12-14,Occasional
CUST00000641,Arjun Mehta,arjun.mehta5218@example.in,9281124550,Guwahati,Assam,553588,2022-08-28,Occasional
CUST00000642,Harpreet Shah,harpreet.shah7168@example.in,9369061987,Mumbai,Maharashtra,796866,2024-07-02,Regular
CUST00000643,Manpreet Bose,manpreet.bose1970@example.in,9515729356,Bengaluru,Karnataka,649816,2023-02-06,Regular
CUST00000644,Amit Agarwal,amit.agarwal5784@example.in,9695973239,Lucknow,Uttar Pradesh,134234,2022-12-23,New
CUST00000645,Rajesh Kapoor,rajesh.kapoor764@example.in,9680007496,Amritsar,Punjab,235141,2022-11-19,Occasional
CUST00000646,Vivaan Reddy,vivaan.reddy6257@example.in,9477040748,Mumbai,Maharashtra,661657,2022-12-27,Occasional
CUST00000647,Arjun Shah,arjun.shah2023@example.in,9300126792,Ahmedabad,Gujarat,655798,2023-12-19,Occasional
CUST00000648,Saanvi Rao,saanvi.rao9094@example.in,9131078059,Indore,Madhya Pradesh,401360,2023-10-18,Occasional
CUST00000649,Anjali Khan,anjali.khan548@example.in,9770688424,Mumbai,Maharashtra,817656,2023-10-13,Occasional
CUST00000650,Reyansh Kulkarni,reyansh.kulkarni6525@example.in,9688423261,Chennai,Tamil Nadu,772014,2023-07-02,Regular
CUST00000651,Vivaan Deshpande,vivaan.deshpande1394@example.in,9334261278,Varanasi,Uttar Pradesh,663753,2022-11-22,New
CUST00000652,Anjali Gupta,anjali.gupta6870@example.in,9881166487,Indore,Madhya Pradesh,667515,2022-07-14,New
CUST00000653,Rajesh Kapoor,rajesh.kapoor4934@example.in,9325870006,Bengaluru,Karnataka,694704,2023-02-17,Occasional
CUST00000654,Sandeep Sheikh,sandeep.sheikh9673@example.in,9756336950,Amritsar,Punjab,220600,2022-08-27,New
CUST00000655,Lakshmi Malhotra,lakshmi.malhotra6517@example.in,9733136730,Chennai,Tamil Nadu,632113,2022-06-19,New
CUST00000656,Lakshmi Mukherjee,lakshmi.mukherjee3720@example.in,9874685690,Amritsar,Punjab,810338,2023-02-08,New
CUST00000657,Vijay Naidu,vijay.naidu874@example.in,9162825489,Hyderabad,Telangana,277456,2022-04-03,Occasional
CUST00000658,Pooja Reddy,pooja.reddy5957@example.in,9658383787,Surat,Gujarat,120915,2022-07-19,Premium
CUST00000659,Fatima Pillai,fatima.pillai4410@example.in,9203538533,Chennai,Tamil Nadu,378905,2023-05-09,Occasional
CUST00000660,Aisha Gupta,aisha.gupta526@example.in,9960097383,Bengaluru,Karnataka,310895,2023-07-05,New
CUST00000661,Arjun Kapoor,arjun.kapoor5812@example.in,9670462179,Rajkot,Gujarat,817315,2023-03-10,Regular
CUST00000662,Sandeep Kulkarni,sandeep.kulkarni2100@example.in,9783934781,Delhi,Delhi,442237,2022-03-25,New
CUST00000663,Saanvi Sharma,saanvi.sharma2342@example.in,9614004490,Mumbai,Maharashtra,602679,2023-06-12,Premium
CUST00000664,Gurpreet Gill,gurpreet.gill90@example.in,9717399153,Hyderabad,Telangana,841661,2022-10-15,Occasional
CUST00000665,Rahul Pawar,rahul.pawar3721@example.in,9852176253,Chandigarh,Chandigarh,697915,2024-02-29,New
CUST00000666,Fatima Gupta,fatima.gupta2183@example.in,9260235017,Bhubaneswar,Odisha,668148,2023-12-26,Occasional
CUST00000667,Aditya Agarwal,aditya.agarwal719@example.in,9884663148,Puducherry,Puducherry,831790,2022-10-18,New
CUST00000668,Anjali Gill,anjali.gill4343@example.in,9753929114,Hyderabad,Telangana,623275,2023-03-25,Regular
CUST00000669,Amit Menon,amit.menon2201@example.in,9177259549,Kolkata,West Bengal,282448,2023-11-13,New
CUST00000670,Priya Iyer,priya.iyer1342@example.in,9942486819,Delhi,Delhi,651535,2023-10-04,Regular
CUST00000671,Aadhya Jain,aadhya.jain4667@example.in,9262210184,Jaipur,Rajasthan,349694,2023-01-07,Regular
CUST00000672,Gurpreet Sharma,gurpreet.sharma633@example.in,9640945282,Puducherry,Puducherry,356576,2023-02-23,Regular
CUST00000673,Kavya Sheikh,kavya.sheikh9903@example.in,9216635030,Patna,Bihar,590453,2023-11-09,Regular
CUST00000674,Fatima Mukherjee,fatima.mukherjee4709@example.in,9276517017,Surat,Gujarat,345076,2023-05-08,New
CUST00000675,Rahul Joshi,rahul.joshi9961@example.in,9678695017,chennai,Tamil Nadu,128150,2022-04-26,Occasional
CUST00000676,Aditya Sharma,aditya.sharma8812@example.in,9711589468,Jodhpur,Rajasthan,854789,2023-08-19,Regular
CUST00000677,Imran Banerjee,imran.banerjee9795@example.in,9718271407,Pune,Maharashtra,535625,2023-05-13,Occasional
CUST00000678,Rohan Iyer,rohan.iyer5427@example.in,9408773514,Delhi,Delhi,609235,2022-12-12,New
CUST00000679,Saanvi Banerjee,saanvi.banerjee4231@example.in,9838194358,Chennai,Tamil Nadu,712567,2023-03-06,New
CUST00000680,Zoya Krishnan,zoya.krishnan7198@example.in,9144358971,Mumbai,Maharashtra,582792,2023-07-19,New
CUST00000681,Imran Mehta,imran.mehta807@example.in,9868859294,Bengaluru,Karnataka,564852,2023-04-02,Regular
CUST00000682,Farhan Shah,farhan.shah8401@example.in,9372104825,Mumbai,Maharashtra,700013,2023-05-18,Occasional
CUST00000683,Rahul Patel,rahul.patel3236@example.in,9658578797,Kolkata,West Bengal,330103,2022-12-15,Occasional
CUST00000684,Rajesh Patel,rajesh.patel75@example.in,9915026590,Kanpur,Uttar Pradesh,727287,2024-03-28,Premium
CUST00000685,Ira Nair,ira.nair2377@example.in,9329937845,Hyderabad,Telangana,649542,2023-11-30,New
CUST00000686,Sandeep Shah,sandeep.shah2423@example.in,9470025387,Kolkata,West Bengal,245696,2022-10-04,Regular
CUST00000687,Sneha Mukherjee,sneha.mukherjee142@example.in,9845494157,Jamshedpur,Jharkhand,218811,2023-03-08,New
CUST00000688,Aditya Kulkarni,aditya.kulkarni6685@example.in,9878198803,Kochi,Kerala,765472,2023-08-23,New
CUST00000689,Rahul Subramanian,rahul.subramanian953@example.in,9311697911,Ahmedabad,Gujarat,776711,2024-03-30,New
CUST00000690,Priya Agarwal,priya.agarwal8466@example.in,9557793408,Hyderabad,Telangana,850334,2023-10-01,New
CUST00000691,Aadhya Krishnan,aadhya.krishnan4532@example.in,9399998104,Varanasi,Uttar Pradesh,185194,2023-06-19,Occasional
CUST00000692,Riya Gill,riya.gill7181@example.in,9565280189,Bengaluru,Karnataka,777341,2023-02-06,Occasional
CUST00000693,Sneha Kulkarni,sneha.kulkarni3396@example.in,9104694688,Hyderabad,Telangana,753402,2022-12-20,New
CUST00000694,Aditya Ansari,aditya.ansari1320@example.in,9932070392,Meerut,Uttar Pradesh,681947,2022-07-13,New
CUST00000695,Krishna Patel,krishna.patel1804@example.in,9515500501,Ahmedabad,Gujarat,480926,2024-02-08,Occasional
CUST00000696,Rajesh Khanna,rajesh.khanna6458@example.in,9197032460,Coimbatore,Tamil Nadu,488897,2023-09-24,New
CUST00000697,Aisha Khanna,aisha.khanna7160@example.in,9164142584,Surat,Gujarat,429392,2022-10-12,Regular
CUST00000698,Vijay Pillai,vijay.pillai2675@example.in,9530873572,Nagpur,Maharashtra,131802,2023-10-02,Premium
CUST00000699,Suresh Gill,suresh.gill3571@example.in,9684179017,Hyderabad,Telangana,483052,2023-10-05,Regular
CUST00000700,Suresh Subramanian,suresh.subramanian9449@example.in,9334285169,Bengaluru,Karnataka,286712,2022-08-02,Occasional
CUST00000701,Rahul Sheikh,rahul.sheikh8517@example.in,9769953825,Hyderabad,Telangana,259177,2023-07-10,Occasional
CUST00000702,Neha Chopra,neha.chopra4130@example.in,9453144668,Delhi,Delhi,151660,2024-07-31,Occasional
CUST00000703,Sunita Jain,sunita.jain2410@example.in,9109963219,Vadodara,Gujarat,451029,2024-01-06,Premium
CUST00000704,Gurpreet Rao,gurpreet.rao3013@example.in,9583369619,Hyderabad,Telangana,145676,2023-10-10,Premium
CUST00000705,Aadhya Sheikh,aadhya.sheikh5383@example.in,9262962837,Jaipur,Rajasthan,743140,2024-01-26,Occasional
CUST00000706,Anjali Naidu,anjali.naidu5667@example.in,9217101611,Vijayawada,Andhra Pradesh,772782,2023-09-22,Occasional
CUST00000707,Gurpreet Jain,gurpreet.jain1842@example.in,9356125224,Vijayawada,Andhra Pradesh,706805,2023-11-28,Regular
CUST00000708,Aarav Chopra,aarav.chopra659@example.in,9563374897,Kolkata,West Bengal,334271,2024-08-09,New
CUST00000709,Kiran Pawar,kiran.pawar4953@example.in,9990650739,Pune,Maharashtra,231491,2023-08-30,Occasional
CUST00000710,Sneha Reddy,sneha.reddy7973@example.in,9296463685,Panaji,Goa,486024,2024-02-15,Occasional
CUST00000711,Gurpreet Khanna,gurpreet.khanna1525@example.in,9272134718,Indore,Madhya Pradesh,611777,2023-07-27,Regular
CUST00000712,Ramesh Sheikh,ramesh.sheikh4083@example.in,9387454138,Ranchi,Jharkhand,125342,2023-08-30,Occasional
CUST00000713,Fatima Verma,fatima.verma1616@example.in,9284722264,Agra,Uttar Pradesh,748444,2022-12-13,New
CUST00000714,Ishaan Mehta,ishaan.mehta2421@example.in,9972151583,Vijayawada,Andhra Pradesh,436784,2024-05-11,New
CUST00000715,Reyansh Iyer,reyansh.iyer6122@example.in,9441447328,Delhi,Delhi,720822,2023-11-09,Occasional
CUST00000716,Harpreet Kulkarni,harpreet.kulkarni2862@example.in,9716302825,Jaipur,Rajasthan,168096,2022-09-21,Regular
CUST00000717,Pooja Chopra,pooja.chopra2638@example.in,9217126831,Delhi,Delhi,427146,2024-04-10,Regular
CUST00000718,Suresh Banerjee,suresh.banerjee9955@example.in,9322969418,Nagpur,Maharashtra,451500,2023-01-19,Occasional
CUST00000719,Ishaan Mehta,ishaan.mehta1724@example.in,9474144596,,Jharkhand,145835,2022-06-10,New
CUST00000720,Diya Rao,diya.rao1893@example.in,9514242409,Pune,Maharashtra,637128,2022-09-26,Regular
CUST00000721,Sunita Rao,sunita.rao9296@example.in,9111861080,Kolkata,West Bengal,803830,2024-07-05,Regular
CUST00000722,Pari Ansari,pari.ansari5501@example.in,9680377209,Mumbai,Maharashtra,512808,2023-06-15,Occasional
CUST00000723,Ramesh Pawar,ramesh.pawar430@example.in,9370623426,Jamshedpur,Jharkhand,404981,2023-03-25,Occasional
CUST00000724,Myra Patel,myra.patel4249@example.in,9642705530,Delhi,Delhi,583933,2023-05-16,New
CUST00000725,Aadhya Naidu,aadhya.naidu5651@example.in,9953895321,Mumbai,Maharashtra,378970,2022-12-01,Regular
CUST00000726,Ishaan Gupta,ishaan.gupta2532@example.in,9878466886,Bengaluru,Karnataka,378062,2023-05-27,Occasional
CUST00000727,Harpreet Pawar,harpreet.pawar5482@example.in,9981705370,Mumbai,Maharashtra,675927,2024-05-23,Occasional
CUST00000728,Simran Menon,simran.menon6484@example.in,9472152428,,West Bengal,550291,2023-12-05,Regular
CUST00000729,Sai Krishnan,sai.krishnan2506@example.in,9207706210,Ahmedabad,Gujarat,306690,2023-12-03,Occasional
CUST00000730,Aisha Desai,aisha.desai8123@example.in,9294382134,Hyderabad,Telangana,413591,2023-06-29,Premium
CUST00000731,Suresh Chatterjee,suresh.chatterjee4527@example.in,9409437895,Mumbai,Maharashtra,731985,2024-06-08,Occasional
CUST00000732,Riya Gupta,riya.gupta9633@example.in,9370216731,New Delhi,Delhi,503955,2022-12-25,Occasional
CUST00000733,Nikhil Ghosh,nikhil.ghosh878@example.in,9287174862,Chennai,Tamil Nadu,166668,2022-07-13,Premium
CUST00000734,Aadhya Bose,aadhya.bose3242@example.in,9235789019,Mumbai,Maharashtra,748578,2022-12-06,Premium
CUST00000735,Aditya Joshi,aditya.joshi7212@example.in,9268110635,Patna,Bihar,661916,2023-12-04,Premium
CUST00000736,Ira Menon,ira.menon8948@example.in,9692450137,Bengaluru,Karnataka,308859,2023-05-21,Regular
CUST00000737,Vijay Chatterjee,vijay.chatterjee2217@example.in,9541881853,Hyderabad,Telangana,829626,2023-07-03,Occasional
CUST00000738,Ishaan Kapoor,ishaan.kapoor9801@example.in,9607444396,Chennai,Tamil Nadu,819234,2023-02-05,New
CUST00000739,Lakshmi Naidu,lakshmi.naidu1934@example.in,9858117597,Kolkata,West Bengal,851964,2022-07-30,Occasional
CUST00000740,Aarav Sharma,aarav.sharma4161@example.in,9483086835,Mumbai,Maharashtra,391508,2023-12-03,Premium
CUST00000741,Vihaan Ansari,vihaan.ansari3149@example.in,9386735197,Delhi,Delhi,798342,2024-06-27,Occasional
CUST00000742,Sneha Desai,sneha.desai4243@example.in,9345299385,Nashik,Maharashtra,710857,2023-08-21,Regular
CUST00000743,Pooja Kulkarni,pooja.kulkarni9022@example.in,9350759416,Mumbai,Maharashtra,758820,2022-11-06,Premium
CUST00000744,Pari Ghosh,pari.ghosh7325@example.in,9992915339,Pune,Maharashtra,517646,2023-05-15,Premium
CUST00000745,Aadhya Mehta,aadhya.mehta7964@example.in,9408958584,Pune,Maharashtra,317799,2023-07-28,Premium
CUST00000746,Vihaan Chopra,vihaan.chopra2540@example.in,9931309635,Hyderabad,Telangana,278982,2022-12-22,Occasional
CUST00000747,Anjali Menon,anjali.menon9468@example.in,9868234317,Kolkata,West Bengal,830266,2022-09-19,Occasional
CUST00000748,Riya Bose,riya.bose4355@example.in,9168308956,Visakhapatnam,Andhra Pradesh,484378,2024-02-03,Premium
CUST00000749,Sai Mukherjee,sai.mukherjee6519@example.in,9541753306,Ludhiana,Punjab,801391,2022-10-10,New
CUST00000750,Kavya Sharma,kavya.sharma6976@example.in,9511189846,Bengaluru,Karnataka,523322,2023-04-05,New
CUST00000751,Harpreet Khanna,harpreet.khanna6628@example.in,9719932686,Hyderabad,Telangana,508170,2022-01-06,Premium
CUST00000752,Aadhya Singh,aadhya.singh6017@example.in,9364386930,Bengaluru,Karnataka,164577,2024-06-06,Occasional
CUST00000753,Imran Chatterjee,imran.chatterjee4800@example.in,9637264634,Pune,Maharashtra,409595,2022-09-30,Occasional
CUST00000754,Aadhya Rao,aadhya.rao6476@example.in,9319141938,Bhopal,Madhya Pradesh,524403,2023-01-14,New
CUST00000755,Rohan Rao,rohan.rao9051@example.in,9160289482,Bengaluru,Karnataka,191417,2022-06-18,Occasional
CUST00000756,Aadhya Krishnan,aadhya.krishnan3897@example.in,9133956449,Hyderabad,Telangana,230732,2023-09-10,Premium
CUST00000757,Myra Mukherjee,myra.mukherjee5108@example.in,9414638120,Mysuru,Karnataka,550091,2024-04-21,Occasional
CUST00000758,Sai Agarwal,sai.agarwal1801@example.in,9645622314,Mumbai,Maharashtra,294892,2022-07-05,Occasional
CUST00000759,Ramesh Mehta,ramesh.mehta3550@example.in,9509181386,Pune,Maharashtra,631988,2022-05-27,Occasional
CUST00000760,Ira More,ira.more7719@example.in,9264056813,Chandigarh,Chandigarh,453060,2022-06-21,Regular
CUST00000761,Nikhil Mehta,nikhil.mehta6403@example.in,9431420082,Delhi,Delhi,411025,2024-03-16,Regular
CUST00000762,Sneha Mukherjee,sneha.mukherjee2112@example.in,9214600095,Mumbai,Maharashtra,197465,2024-02-04,Occasional
CUST00000763,Amit Rao,amit.rao5461@example.in,9524788526,Delhi,Delhi,412540,2022-12-24,Occasional
CUST00000764,Neha Sheikh,neha.sheikh8118@example.in,9756074804,Jodhpur,Rajasthan,514012,2022-12-15,New
CUST00000765,Krishna Joshi,krishna.joshi1240@example.in,9131979584,Mumbai,Maharashtra,537184,2024-01-30,Occasional
CUST00000766,Meera Agarwal,meera.agarwal620@example.in,9799691643,Delhi,Delhi,311322,2024-03-14,New
CUST00000767,Sai Joshi,sai.joshi3927@example.in,9305706301,Mumbai,Maharashtra,130703,2022-11-03,Occasional
CUST00000768,Nikhil Subramanian,nikhil.subramanian6565@example.in,9705046192,Delhi,Delhi,806544,2022-08-24,Occasional
CUST00000769,Manpreet Khanna,manpreet.khanna3133@example.in,9833945964,Lucknow,Uttar Pradesh,823722,2023-05-18,New
CUST00000770,Rajesh Gupta,rajesh.gupta8209@example.in,9798576244,Bengaluru,Karnataka,783676,2024-03-15,New
CUST00000771,Priya Naidu,priya.naidu8467@example.in,9702893044,Jaipur,Rajasthan,326014,2024-01-19,New
CUST00000772,Myra Ghosh,myra.ghosh5325@example.in,9268858836,Surat,Gujarat,559005,2024-05-02,New
CUST00000773,Zoya Naidu,zoya.naidu3788@example.in,9222193613,Amritsar,Punjab,214981,2024-09-22,Regular
CUST00000774,Aadhya Desai,aadhya.desai418@example.in,9799189013,Mumbai,Maharashtra,784747,2023-07-24,New
CUST00000775,Neha Gill,neha.gill8214@example.in,9377646549,Amritsar,Punjab,114090,2023-04-21,New
CUST00000776,Rajesh Mehta,rajesh.mehta8952@example.in,9878964944,Lucknow,Uttar Pradesh,460704,2022-07-12,Premium
CUST00000777,Harpreet Reddy,harpreet.reddy4424@example.in,9504233111,Delhi,Delhi,748484,2024-05-10,New
CUST00000778,Harpreet Banerjee,harpreet.banerjee5164@example.in,9761875655,Visakhapatnam,Andhra Pradesh,650628,2023-02-20,Regular
CUST00000779,Arjun Ghosh,arjun.ghosh7534@example.in,9214687684,Amritsar,Punjab,753190,2023-06-16,Occasional
CUST00000780,Farhan Pillai,farhan.pillai6953@example.in,9464781346,Bengaluru,Karnataka,479854,2022-09-21,Regular
CUST00000781,Sai Ansari,sai.ansari1353@example.in,9802981398,Jodhpur,Rajasthan,181015,2024-04-02,Occasional
CUST00000782,Ramesh Nair,ramesh.nair6722@example.in,9793996189,Kolkata,West Bengal,115835,2024-04-03,New
CUST00000783,Harpreet Kapoor,harpreet.kapoor9245@example.in,9249896972,Surat,Gujarat,223438,2023-09-30,Regular
CUST00000784,Anjali Shah,anjali.shah7506@example.in,9128736530,Imphal,Manipur,152876,2023-02-19,Regular
CUST00000785,Simran Sheikh,simran.sheikh4805@example.in,9180438519,Chennai,Tamil Nadu,443740,2024-06-29,New
CUST00000786,Ira Gill,ira.gill5231@example.in,9842692206,Bhubaneswar,Odisha,147666,2023-11-10,Regular
CUST00000787,Myra Iyer,myra.iyer2598@example.in,9805243656,Hyderabad,Telangana,248372,2023-06-15,Occasional
CUST00000788,Myra Ghosh,myra.ghosh6607@example.in,9555392019,Guwahati,Assam,422511,2024-02-11,Regular
CUST00000789,Aisha Verma,aisha.verma2415@example.in,9613098578,Surat,Gujarat,658273,2024-09-18,Regular
CUST00000790,Divya Mehta,divya.mehta3418@example.in,9393969818,Bengaluru,Karnataka,612383,2024-08-10,New
CUST00000791,Priya Menon,priya.menon2651@example.in,9272841943,Kolkata,West Bengal,153247,2023-08-01,Regular
CUST00000792,Sandeep Kaur,sandeep.kaur3353@example.in,9110286194,Hyderabad,Telangana,783055,2022-10-18,Premium
CUST00000793,Rahul Krishnan,rahul.krishnan3667@example.in,9704695295,Mumbai,Maharashtra,519598,2023-08-16,Regular
CUST00000794,Myra Das,myra.das830@example.in,9194523176,Mumbai,Maharashtra,369951,2024-09-13,New
CUST00000795,Rohan Bansal,rohan.bansal7174@example.in,9813360942,Chennai,Tamil Nadu,395225,2023-10-03,Regular
CUST00000796,Suresh Das,suresh.das4410@example.in,9624548229,Mumbai,Maharashtra,742170,2022-02-01,Occasional
CUST00000797,Farhan Gupta,farhan.gupta9495@example.in,9540735295,Delhi,Delhi,456440,2022-09-20,New
CUST00000798,Zoya Gupta,zoya.gupta1809@example.in,9296556697,Chandigarh,Chandigarh,293175,2023-10-27,Regular
CUST00000799,Aadhya Subramanian,aadhya.subramanian6690@example.in,9234749844,Patna,Bihar,426494,2024-02-13,Occasional
CUST00000800,Neha Verma,neha.verma1792@example.in,9519849763,Coimbatore,Tamil Nadu,160990,2024-11-22,Regular
CUST00000801,Meera Chopra,meera.chopra5471@example.in,9580704449,Hyderabad,Telangana,224122,2023-05-27,Occasional
CUST00000802,Deepak Sharma,deepak.sharma4908@example.in,9248774632,Varanasi,Uttar Pradesh,344399,2023-10-28,New
CUST00000803,Vihaan Kulkarni,vihaan.kulkarni4486@example.in,9308300786,Surat,Gujarat,274136,2024-03-15,Premium
CUST00000804,Ramesh Bose,ramesh.bose6546@example.in,9201593397,Delhi,Delhi,370267,2023-07-13,Occasional
CUST00000805,Vivaan Rao,vivaan.rao8281@example.in,9482031842,Delhi,Delhi,158290,2023-02-19,Occasional
CUST00000806,Sai Khanna,sai.khanna3167@example.in,9348677038,Bhopal,Madhya Pradesh,564563,2024-04-10,Occasional
CUST00000807,Anjali More,anjali.more8495@example.in,9301114663,Delhi,Delhi,195902,2022-07-20,New
CUST00000808,Sai Gupta,sai.gupta1849@example.in,9547671544,Pune,Maharashtra,271666,2023-08-05,Occasional
CUST00000809,Ira Gupta,ira.gupta2930@example.in,9289005946,Panaji,Goa,838646,2023-12-09,Occasional
CUST00000810,Ramesh Mehta,ramesh.mehta3107@example.in,9729129232,Mumbai,Maharashtra,114403,2024-01-19,Premium
CUST00000811,Anjali Bansal,anjali.bansal9533@example.in,9409303972,Mumbai,Maharashtra,318474,2022-11-14,Premium
CUST00000812,Amit Malhotra,amit.malhotra1186@example.in,9225142475,Panaji,Goa,482700,2024-07-04,Regular
CUST00000813,Arjun Chatterjee,arjun.chatterjee3951@example.in,9478026764,Jaipur,Rajasthan,338770,2023-01-11,New
CUST00000814,Lakshmi Verma,lakshmi.verma4244@example.in,9624157087,Delhi,Delhi,348832,2024-05-09,Regular
CUST00000815,Simran Pillai,simran.pillai8000@example.in,9215765018,Varanasi,Uttar Pradesh,204709,2022-08-29,New
CUST00000816,Imran Gupta,imran.gupta4859@example.in,9134979071,Vadodara,Gujarat,425486,2023-08-29,Regular
CUST00000817,Sandeep Menon,sandeep.menon9667@example.in,9257576327,Ahmedabad,Gujarat,672685,2024-03-14,Occasional
CUST00000818,Kavya Reddy,kavya.reddy7402@example.in,9415161115,Lucknow,Uttar Pradesh,548063,2023-02-25,Premium
CUST00000819,Zoya Jain,zoya.jain7036@example.in,9653162665,Bengaluru,Karnataka,798594,2023-04-19,Occasional
CUST00000820,Neha Desai,neha.desai7528@example.in,9746921869,Mumbai,Maharashtra,631360,2024-06-03,New
CUST00000821,Reyansh Naidu,reyansh.naidu1616@example.in,9522035084,Surat,Gujarat,698456,2022-11-22,Premium
CUST00000822,Fatima Joshi,fatima.joshi4490@example.in,9218129768,Hyderabad,Telangana,431654,2022-08-11,Occasional
CUST00000823,Myra Sharma,myra.sharma5861@example.in,9448734120,Indore,Madhya Pradesh,566470,2023-11-19,Regular
CUST00000824,Harpreet Rao,harpreet.rao2085@example.in,9808282103,Dehradun,Uttarakhand,540792,2024-11-05,Regular
CUST00000825,Riya Bose,riya.bose1188@example.in,9744106877,Mumbai,Maharashtra,715953,2023-07-18,Occasional
CUST00000826,Zoya Kulkarni,zoya.kulkarni1358@example.in,9447196791,Surat,Gujarat,483370,2023-07-30,Occasional
CUST00000827,Karthik Deshpande,karthik.deshpande7890@example.in,9103549141,Bengaluru,Karnataka,411199,2024-01-28,Occasional
CUST00000828,Priya Agarwal,priya.agarwal6568@example.in,9725128478,Vadodara,Gujarat,162198,2023-02-17,Regular
CUST00000829,Pari Nair,pari.nair2813@example.in,9124073085,Bengaluru,Karnataka,750426,2023-01-15,Premium
CUST00000830,Sunita Chopra,sunita.chopra7371@example.in,9432685851,Lucknow,Uttar Pradesh,434523,2023-05-05,New
CUST00000831,Aditya Naidu,aditya.naidu6951@example.in,9275529893,Ahmedabad,Gujarat,704990,2023-04-03,Regular
CUST00000832,Priya Singh,priya.singh8164@example.in,9625589323,Chennai,Tamil Nadu,615282,2023-04-16,New
CUST00000833,Riya Joshi,riya.joshi9100@example.in,9150508819,Indore,Madhya Pradesh,111286,2024-03-22,Occasional
CUST00000834,Karthik Verma,karthik.verma8821@example.in,9181944454,Chandigarh,Chandigarh,595330,2022-06-19,Regular
CUST00000835,Aadhya Gupta,aadhya.gupta1810@example.in,9578208794,Jaipur,Rajasthan,473464,2023-06-23,Regular
CUST00000836,Anjali Jain,anjali.jain7692@example.in,9994543726,Kochi,Kerala,288659,2023-03-10,Occasional
CUST00000837,Riya Gupta,riya.gupta3928@example.in,9822381253,Imphal,Manipur,307171,2023-10-04,Occasional
CUST00000838,Rohan Subramanian,rohan.subramanian4031@example.in,9361678443,Kolkata,West Bengal,585351,2022-09-20,New
CUST00000839,Rohan Sheikh,rohan.sheikh6470@example.in,9543665861,Ahmedabad,Gujarat,174254,2023-09-05,New
CUST00000840,Meera Khanna,meera.khanna6021@example.in,9854815666,Mumbai,Maharashtra,561772,2023-08-31,Occasional
CUST00000841,Aadhya Kulkarni,aadhya.kulkarni4196@example.in,9363890852,Guwahati,Assam,740515,2022-11-04,Regular
CUST00000842,Myra Subramanian,myra.subramanian9993@example.in,9708189854,Ahmedabad,Gujarat,174710,2022-05-03,Occasional
CUST00000843,Deepak More,deepak.more1748@example.in,9497018872,Kolkata,West Bengal,115924,2023-02-05,New
CUST00000844,Ira Nair,ira.nair969@example.in,9932826587,Mumbai,Maharashtra,155156,2023-10-06,Regular
CUST00000845,Kavya Pawar,kavya.pawar291@example.in,9886852248,Rajkot,Gujarat,654057,2023-07-01,New
CUST00000846,Diya Ansari,diya.ansari8141@example.in,9991216695,Chennai,Tamil Nadu,741702,2024-03-27,New
CUST00000847,Ira Reddy,ira.reddy4066@example.in,9707844846,Indore,Madhya Pradesh,846318,2023-06-21,Premium
CUST00000848,Divya Gupta,divya.gupta4373@example.in,9423293216,Delhi,Delhi,131484,2022-06-05,New
CUST00000849,Karthik Menon,karthik.menon6491@example.in,9956074590,Siliguri,West Bengal,469161,2023-11-15,Occasional
CUST00000850,Manpreet Iyer,manpreet.iyer4354@example.in,9426914360,Delhi,Delhi,145893,2023-07-25,Occasional
CUST00000851,Rajesh Banerjee,rajesh.banerjee5739@example.in,9199398091,,Karnataka,386618,2022-11-23,New
CUST00000852,Aarav Gupta,aarav.gupta585@example.in,9118793453,Nashik,Maharashtra,339460,2024-02-02,New
CUST00000853,Riya Ghosh,riya.ghosh1563@example.in,9577905099,Meerut,Uttar Pradesh,561416,2022-08-16,New
CUST00000854,Pari Shah,pari.shah9319@example.in,9440548840,Bengaluru,Karnataka,787309,2022-11-05,New
CUST00000855,Ramesh Iyer,ramesh.iyer4507@example.in,9769709983,Pune,Maharashtra,709594,2023-05-04,Regular
CUST00000856,Saanvi Gupta,saanvi.gupta1674@example.in,9532404472,Coimbatore,Tamil Nadu,157403,2023-10-30,Occasional
CUST00000857,Gurpreet Naidu,gurpreet.naidu3694@example.in,9963945083,Vadodara,Gujarat,289016,2024-04-21,Occasional
CUST00000858,Pari Gill,pari.gill3348@example.in,9786868817,Chennai,Tamil Nadu,314832,2022-04-29,Occasional
CUST00000859,Pooja Iyer,pooja.iyer2742@example.in,9167773572,Ahmedabad,Gujarat,296802,2024-08-13,Premium
CUST00000860,Reyansh Agarwal,reyansh.agarwal2936@example.in,9346618876,Coimbatore,Tamil Nadu,373201,2024-04-04,New
CUST00000861,Farhan Banerjee,farhan.banerjee7292@example.in,9583727251,Coimbatore,Tamil Nadu,562419,2024-01-09,Regular
CUST00000862,Farhan Desai,farhan.desai1068@example.in,9777897012,Visakhapatnam,Andhra Pradesh,661074,2024-03-01,New
CUST00000863,Kiran More,kiran.more3096@example.in,9401645123,Jaipur,Rajasthan,810320,2024-06-08,Premium
CUST00000864,Aisha Mukherjee,aisha.mukherjee4679@example.in,9134326600,Delhi,Delhi,633759,2023-08-16,New
CUST00000865,Aditya Mukherjee,aditya.mukherjee5401@example.in,9806464776,Agra,Uttar Pradesh,332373,2022-12-22,New
CUST00000866,Meera Rao,meera.rao8804@example.in,9806526500,Nashik,Maharashtra,247180,2023-11-26,Occasional
CUST00000867,Amit Menon,amit.menon9231@example.in,9675582968,Guwahati,Assam,390726,2023-11-18,New
CUST00000868,Manpreet Das,manpreet.das2974@example.in,9463929975,Delhi,Delhi,705835,2023-08-03,Regular
CUST00000869,Meera More,meera.more5392@example.in,9107654257,Bengaluru,Karnataka,850149,2024-06-10,Occasional
CUST00000870,Karthik Singh,karthik.singh224@example.in,9755068276,Kochi,Kerala,402306,2023-03-03,Occasional
CUST00000871,Manpreet Ghosh,manpreet.ghosh6169@example.in,9694046206,Mumbai,Maharashtra,241306,2024-04-11,New
CUST00000872,Lakshmi Joshi,lakshmi.joshi1529@example.in,9700893576,Shillong,Meghalaya,113691,2022-11-18,Regular
CUST00000873,Priya Verma,priya.verma733@example.in,9253145806,Chennai,Tamil Nadu,167351,2024-05-08,New
CUST00000874,Aarav Reddy,aarav.reddy6716@example.in,9758097088,Chandigarh,Chandigarh,584543,2022-07-02,Premium
CUST00000875,Arjun Jain,arjun.jain1781@example.in,9752026410,Rajkot,Gujarat,549437,2022-10-17,Regular
CUST00000876,Amit Pillai,amit.pillai4773@example.in,9871733911,Chennai,Tamil Nadu,589352,2024-02-02,Occasional
CUST00000877,Suresh Deshpande,suresh.deshpande1010@example.in,9610604799,Hyderabad,Telangana,128082,2023-11-09,Regular
CUST00000878,Vivaan Ghosh,vivaan.ghosh7456@example.in,9758388780,Lucknow,Uttar Pradesh,435593,2023-11-03,Occasional
CUST00000879,Reyansh Sharma,reyansh.sharma7647@example.in,9461334409,Jaipur,Rajasthan,244444,2023-12-13,Occasional
CUST00000880,Meera Verma,meera.verma5747@example.in,9727006938,Kolkata,West Bengal,360743,2023-05-24,New
CUST00000881,Sandeep Kaur,sandeep.kaur8358@example.in,9724659785,Surat,Gujarat,573619,2023-11-24,Occasional
CUST00000882,Vivaan Banerjee,vivaan.banerjee4368@example.in,9801631073,Mysuru,Karnataka,315446,2023-01-06,Occasional
CUST00000883,Sneha Ansari,sneha.ansari1865@example.in,9870933956,Pune,Maharashtra,601414,2023-06-09,New
CUST00000884,Vihaan Krishnan,vihaan.krishnan1514@example.in,9102867993,Bengaluru,Karnataka,325460,2023-11-27,Regular
CUST00000885,Nikhil Mehta,nikhil.mehta2193@example.in,9800869341,Chennai,Tamil Nadu,490327,2022-05-31,New
CUST00000886,Sunita Agarwal,sunita.agarwal2003@example.in,9813233865,Chennai,Tamil Nadu,452082,2023-03-24,Occasional
CUST00000887,Zoya Singh,zoya.singh3232@example.in,9590841348,Delhi,Delhi,395937,2023-11-16,New
CUST00000888,Vijay Bansal,vijay.bansal2143@example.in,9567667425,Delhi,Delhi,203913,2023-05-26,Occasional
CUST00000889,Deepak Rao,deepak.rao5910@example.in,9750424887,Bhopal,Madhya Pradesh,539335,2024-07-24,Regular
CUST00000890,Harpreet Verma,harpreet.verma1484@example.in,9509761172,Hyderabad,Telangana,847735,2023-06-09,New
CUST00000891,Deepak Gupta,deepak.gupta6217@example.in,9472523098,Jamshedpur,Jharkhand,589398,2022-07-11,Occasional
CUST00000892,Amit More,amit.more3341@example.in,9823022564,Bengaluru,Karnataka,665707,2023-11-07,Occasional
CUST00000893,Sandeep Iyer,sandeep.iyer6867@example.in,9810123508,Delhi,Delhi,708688,2022-07-05,Regular
CUST00000894,Ramesh Ansari,ramesh.ansari5129@example.in,9286246531,Kochi,Kerala,138471,2022-04-07,New
CUST00000895,Fatima Pillai,fatima.pillai9051@example.in,9846146701,Rajkot,Gujarat,700692,2024-02-21,Regular
CUST00000896,Pooja Reddy,pooja.reddy4398@example.in,9393842444,Bengaluru,Karnataka,290666,2023-01-15,Occasional
CUST00000897,Zoya Jain,zoya.jain2950@example.in,9223564452,Bengaluru,Karnataka,605354,2022-04-02,Occasional
CUST00000898,Aditya Reddy,aditya.reddy5891@example.in,9890573743,Delhi,Delhi,843089,2023-12-01,Occasional
CUST00000899,Vivaan Reddy,vivaan.reddy6587@example.in,9314228223,Ahmedabad,Gujarat,776308,2022-03-10,Occasional
CUST00000900,Arjun Bose,arjun.bose4392@example.in,9282672185,Pune,Maharashtra,418799,2023-09-20,Occasional
CUST00000901,Suresh Desai,suresh.desai5597@example.in,9342989863,Bengaluru,Karnataka,734427,2024-03-25,New
CUST00000902,Meera Desai,meera.desai4708@example.in,9542391114,Mumbai,Maharashtra,570930,2023-04-11,Occasional
CUST00000903,Ananya Naidu,ananya.naidu3058@example.in,9249473546,Pune,Maharashtra,209284,2023-01-14,Occasional
CUST00000904,Krishna Banerjee,krishna.banerjee3136@example.in,9243600846,Jamshedpur,Jharkhand,288763,2022-07-30,Occasional
CUST00000905,Zoya Verma,zoya.verma9073@example.in,9453281505,Nagpur,Maharashtra,822838,2024-03-03,New
CUST00000906,Sandeep Shah,sandeep.shah6752@example.in,9920947179,Pune,Maharashtra,791941,2022-07-23,Occasional
CUST00000907,Manish Das,manish.das955@example.in,9112434685,Delhi,Delhi,774452,2024-11-16,Occasional
CUST00000908,Neha Singh,neha.singh9619@example.in,9191453898,Bengaluru,Karnataka,396281,2023-03-03,Occasional
CUST00000909,Rahul Ghosh,rahul.ghosh7119@example.in,9832544423,Hyderabad,Telangana,349128,2024-01-16,Regular
CUST00000910,Vivaan Patel,vivaan.patel502@example.in,9342927237,Thiruvananthapuram,Kerala,710570,2022-10-18,Occasional
CUST00000911,Rohan Chatterjee,rohan.chatterjee7278@example.in,9237157598,Vadodara,Gujarat,125040,2022-11-13,Occasional
CUST00000912,Imran Krishnan,imran.krishnan5896@example.in,9698968580,Agra,Uttar Pradesh,778729,2023-01-02,New
CUST00000913,Ira Chopra,ira.chopra9152@example.in,9854225430,Imphal,Manipur,560033,2023-10-11,Premium
CUST00000914,Meera Mehta,meera.mehta4893@example.in,9458690610,Shillong,Meghalaya,581438,2024-03-12,New
CUST00000915,Meera Das,meera.das5185@example.in,9768588949,Guntur,Andhra Pradesh,436672,2022-01-07,Occasional
CUST00000916,Myra Bose,myra.bose3147@example.in,9197928251,Mumbai,Maharashtra,839695,2022-03-08,New
CUST00000917,Ananya Iyer,ananya.iyer3216@example.in,9818132726,Delhi,Delhi,668515,2023-07-02,New
CUST00000918,Divya Das,divya.das6178@example.in,9927053695,Hyderabad,Telangana,150114,2023-01-22,Regular
CUST00000919,Arjun Rao,arjun.rao8276@example.in,9986060396,Ahmedabad,Gujarat,500888,2024-07-05,New
CUST00000920,Sneha Das,sneha.das8905@example.in,9190055228,mumbai,Maharashtra,750519,2024-04-26,New
CUST00000921,Imran Ansari,imran.ansari7707@example.in,9608561004,Ludhiana,Punjab,166995,2024-02-14,New
CUST00000922,Meera Gill,meera.gill6097@example.in,9661077892,Lucknow,Uttar Pradesh,659055,2023-01-03,Premium
CUST00000923,Rajesh Krishnan,rajesh.krishnan5003@example.in,9956482952,Ahmedabad,Gujarat,292321,2023-11-03,Regular
CUST00000924,Arjun Kulkarni,arjun.kulkarni3396@example.in,9192612676,Delhi,Delhi,487420,2023-08-29,Premium
CUST00000925,Rohan Sheikh,rohan.sheikh7678@example.in,9341856036,Bengaluru,Karnataka,767583,2022-12-09,Regular
CUST00000926,Saanvi Agarwal,saanvi.agarwal3181@example.in,9971650648,Delhi,Delhi,476845,2024-03-29,Regular
CUST00000927,Pari Sheikh,pari.sheikh2679@example.in,9600489365,Amritsar,Punjab,138084,2023-02-22,Occasional
CUST00000928,Rohan Pillai,rohan.pillai8677@example.in,9711311420,Jaipur,Rajasthan,125480,2023-06-20,New
CUST00000929,Gurpreet Chatterjee,gurpreet.chatterjee5894@example.in,9544337348,Coimbatore,Tamil Nadu,658905,2023-09-20,New
CUST00000930,Ishaan Gill,ishaan.gill3542@example.in,9777222205,Hyderabad,Telangana,803642,2022-07-22,New
CUST00000931,Meera Ansari,meera.ansari8651@example.in,9173322467,Chennai,Tamil Nadu,327532,2024-03-14,Regular
CUST00000932,Ramesh Bansal,ramesh.bansal9625@example.in,9708187381,Chennai,Tamil Nadu,806987,2023-03-28,New
CUST00000933,Vijay Malhotra,vijay.malhotra3180@example.in,9159974169,,Kerala,447270,2022-12-26,New
CUST00000934,Ananya Iyer,ananya.iyer5214@example.in,9261655841,Visakhapatnam,Andhra Pradesh,153749,2023-04-30,Occasional
CUST00000935,Myra Sharma,myra.sharma4835@example.in,9555621032,Bengaluru,Karnataka,505661,2023-04-18,New
CUST00000936,Vijay Shah,vijay.shah7016@example.in,9503525944,Mangaluru,Karnataka,835534,2023-02-22,New
CUST00000937,Pari Gupta,pari.gupta9509@example.in,9237289313,Delhi,Delhi,296340,2023-02-28,New
CUST00000938,Meera Patel,meera.patel5485@example.in,9371678471,Varanasi,Uttar Pradesh,825784,2023-07-18,Occasional
CUST00000939,Vivaan Nair,vivaan.nair7981@example.in,9879726665,Delhi,Delhi,595787,2023-10-08,New
CUST00000940,Vihaan More,vihaan.more5955@example.in,9113494368,Bengaluru,Karnataka,405124,2023-06-17,New
CUST00000941,Nikhil Iyer,nikhil.iyer8869@example.in,9367167323,Ludhiana,Punjab,626695,2022-08-22,New
CUST00000942,Deepak Chatterjee,deepak.chatterjee4046@example.in,9460927086,Delhi,Delhi,408610,2022-11-13,Regular
CUST00000943,Aditya Deshpande,aditya.deshpande3852@example.in,9241391712,Kolkata,West Bengal,173380,2024-03-14,New
CUST00000944,Farhan Rao,farhan.rao4224@example.in,9613958235,Calcutta,West Bengal,758820,2023-09-19,New
CUST00000945,Aarav Menon,aarav.menon9964@example.in,9962449184,Bengaluru,Karnataka,388620,2023-01-04,Regular
CUST00000946,Simran Pawar,simran.pawar6114@example.in,9220300327,Patna,Bihar,531560,2023-08-10,Regular
CUST00000947,Nikhil Subramanian,nikhil.subramanian1526@example.in,9326983859,Amritsar,Punjab,664648,2023-01-03,New
CUST00000948,Manpreet More,manpreet.more409@example.in,9530641678,Vadodara,Gujarat,171774,2023-01-11,New
CUST00000949,Simran Bose,simran.bose5187@example.in,9753971614,Hyderabad,Telangana,647704,2023-01-11,New
CUST00000950,Myra Mukherjee,myra.mukherjee8056@example.in,9222950354,Ahmedabad,Gujarat,382149,2024-05-30,Regular
CUST00000951,Rajesh Reddy,rajesh.reddy4792@example.in,9308001649,Bengaluru,Karnataka,515793,2022-08-20,New
CUST00000952,Ananya Jain,ananya.jain5601@example.in,9311669834,Bengaluru,Karnataka,450608,2023-05-14,Premium
CUST00000953,Neha Pillai,neha.pillai7983@example.in,9654448547,Delhi,Delhi,689458,2022-07-01,Regular
CUST00000954,Diya Mehta,diya.mehta5163@example.in,9693337875,Mangaluru,Karnataka,249743,2023-12-08,Occasional
CUST00000955,Neha Deshpande,neha.deshpande9085@example.in,9482920823,Rajkot,Gujarat,190208,2023-08-02,New
CUST00000956,Zoya Banerjee,zoya.banerjee6379@example.in,9395585292,Visakhapatnam,Andhra Pradesh,416208,2023-02-16,Regular
CUST00000957,Amit Sharma,amit.sharma7310@example.in,9836950477,Ahmedabad,Gujarat,198082,2023-04-27,Regular
CUST00000958,Arjun Agarwal,arjun.agarwal7814@example.in,9822649410,Pune,Maharashtra,290858,2023-05-26,Regular
CUST00000959,Myra Desai,myra.desai6267@example.in,9896833807,Ahmedabad,Gujarat,599906,2023-06-02,New
CUST00000960,Kiran Gupta,kiran.gupta501@example.in,9310518777,Ahmedabad,Gujarat,720074,2024-07-25,Regular
CUST00000961,Pooja Joshi,pooja.joshi4274@example.in,9869562936,Kolkata,West Bengal,626615,2023-04-22,Regular
CUST00000962,Suresh Bansal,suresh.bansal1415@example.in,9258392497,Delhi,Delhi,346739,2022-07-10,Premium
CUST00000963,Amit Mehta,amit.mehta5103@example.in,9599966715,Delhi,Delhi,716917,2023-11-16,Occasional
CUST00000964,Pari Gill,pari.gill1432@example.in,9769906232,Guntur,Andhra Pradesh,412583,2024-03-26,Occasional
CUST00000965,Vijay Agarwal,vijay.agarwal5092@example.in,9619903755,Pune,Maharashtra,244894,2023-01-04,Occasional
CUST00000966,Manish Verma,manish.verma3438@example.in,9603541678,Guntur,Andhra Pradesh,673492,2023-10-07,Regular
CUST00000967,Farhan Krishnan,farhan.krishnan204@example.in,9633365491,Delhi,Delhi,495055,2023-02-08,Premium
CUST00000968,Deepak Desai,deepak.desai1249@example.in,9527595033,Ahmedabad,Gujarat,386129,2023-01-10,Occasional
CUST00000969,Manpreet Ghosh,manpreet.ghosh5030@example.in,9627148764,Bengaluru,Karnataka,602396,2024-03-05,New
CUST00000970,Sunita Naidu,sunita.naidu789@example.in,9640235032,Bengaluru,Karnataka,650029,2023-07-07,New
CUST00000971,Vihaan Reddy,vihaan.reddy8558@example.in,9467962509,Mumbai,Maharashtra,276683,2023-06-10,Occasional
CUST00000972,Kavya Subramanian,kavya.subramanian7586@example.in,9244831723,Delhi,Delhi,197383,2023-11-05,Regular
CUST00000973,Riya Agarwal,riya.agarwal7092@example.in,9259904585,Jodhpur,Rajasthan,495172,2023-01-09,New
CUST00000974,Aarav More,aarav.more1721@example.in,9955890271,,Telangana,148398,2022-12-24,Occasional
CUST00000975,Ishaan Ghosh,ishaan.ghosh7956@example.in,9352094977,Lucknow,Uttar Pradesh,585716,2024-05-26,Premium
CUST00000976,Rajesh Khanna,rajesh.khanna6346@example.in,9765083775,Pune,Maharashtra,437713,2023-03-04,Occasional
CUST00000977,Aisha Naidu,aisha.naidu3905@example.in,9975072734,Chennai,Tamil Nadu,269790,2024-01-12,New
CUST00000978,Krishna Desai,krishna.desai5@example.in,9291246044,Ahmedabad,Gujarat,556018,2023-05-07,Occasional
CUST00000979,Pari Chatterjee,pari.chatterjee5289@example.in,9803736329,Delhi,Delhi,389839,2023-08-29,Occasional
CUST00000980,Saanvi Joshi,saanvi.joshi7958@example.in,9594852815,Gangtok,Sikkim,399418,2022-09-27,New
CUST00000981,Ishaan Singh,ishaan.singh335@example.in,9806951480,Ranchi,Jharkhand,271198,2024-04-12,Occasional
CUST00000982,Arjun Rao,arjun.rao527@example.in,9121278806,Coimbatore,Tamil Nadu,613763,2024-02-09,Occasional
CUST00000983,Rajesh Kapoor,rajesh.kapoor3830@example.in,9122831656,Pune,Maharashtra,782798,2023-08-04,Occasional
CUST00000984,Sunita Shah,sunita.shah5115@example.in,9809672034,Delhi,Delhi,570989,2023-11-15,Occasional
CUST00000985,Sneha Nair,sneha.nair4744@example.in,9336467824,Jodhpur,Rajasthan,286443,2023-05-30,New
CUST00000986,Deepak Reddy,deepak.reddy4262@example.in,9918521555,Hyderabad,Telangana,730973,2022-03-02,New
CUST00000987,Harpreet Kaur,harpreet.kaur2552@example.in,9934654274,Mumbai,Maharashtra,200036,2022-10-25,New
CUST00000988,Fatima Deshpande,fatima.deshpande599@example.in,9997101857,Hyderabad,Telangana,325916,2023-05-11,New
CUST00000989,Vivaan Iyer,vivaan.iyer313@example.in,9840715193,Guwahati,Assam,136195,2023-12-17,Regular
CUST00000990,Simran Kaur,simran.kaur988@example.in,9445130953,Lucknow,Uttar Pradesh,742148,2024-09-17,New
CUST00000991,Vihaan Rao,vihaan.rao6903@example.in,9992994797,Kochi,Kerala,143496,2023-06-01,Occasional
CUST00000992,Vivaan Sharma,vivaan.sharma7859@example.in,9411281670,Guwahati,Assam,517020,2022-09-14,New
CUST00000993,Kavya Reddy,kavya.reddy4351@example.in,9627761759,Bengaluru,Karnataka,252754,2024-03-07,New
CUST00000994,Sandeep Kapoor,sandeep.kapoor775@example.in,9105142529,Madurai,Tamil Nadu,268119,2022-08-23,New
CUST00000995,Vihaan Pawar,vihaan.pawar4156@example.in,9966328864,Kolkata,West Bengal,563186,2023-12-29,Occasional
CUST00000996,Pari Shah,pari.shah9855@example.in,9632666166,Kanpur,Uttar Pradesh,708907,2022-11-01,Occasional
CUST00000997,Aadhya Desai,aadhya.desai2500@example.in,9953959808,Mumbai,Maharashtra,123152,2022-11-04,Regular
CUST00000998,Kavya Shah,kavya.shah4911@example.in,9417546815,Panaji,Goa,228200,2022-08-23,New
CUST00000999,Manpreet Deshpande,manpreet.deshpande5378@example.in,9877090379,Bengaluru,Karnataka,323658,2024-05-08,Occasional
CUST00001000,Ira Menon,ira.menon3299@example.in,9594004506,Mumbai,Maharashtra,813060,2023-06-18,Regular
CUST00001001,Ananya Kulkarni,ananya.kulkarni4380@example.in,9293001990,Pune,Maharashtra,153342,2024-02-17,New
CUST00001002,Sai Mukherjee,sai.mukherjee4717@example.in,9798218898,Delhi,Delhi,243005,2022-07-17,New
CUST00001003,Rohan Khan,rohan.khan4739@example.in,9759214759,,Delhi,410773,2022-09-13,New
CUST00001004,Reyansh Ansari,reyansh.ansari7176@example.in,9151873512,Kanpur,Uttar Pradesh,352614,2024-03-30,New
CUST00001005,Ramesh Das,ramesh.das5808@example.in,9445771008,Chennai,Tamil Nadu,146196,2022-06-27,Regular
CUST00001006,Rahul Menon,rahul.menon534@example.in,9179830777,Jodhpur,Rajasthan,512508,2022-04-10,Occasional
CUST00001007,Sneha Sheikh,sneha.sheikh64@example.in,9460049468,Hyderabad,Telangana,562690,2023-08-19,Occasional
CUST00001008,Sunita Subramanian,sunita.subramanian4107@example.in,9783008606,Chandigarh,Chandigarh,241880,2024-06-22,Regular
CUST00001009,Ramesh Desai,ramesh.desai9076@example.in,9676047077,Pune,Maharashtra,622956,2022-09-20,Occasional
CUST00001010,Krishna Reddy,krishna.reddy369@example.in,9777695136,Nagpur,Maharashtra,152279,2022-03-25,Occasional
CUST00001011,Riya Nair,riya.nair711@example.in,9993024135,Surat,Gujarat,654932,2024-12-14,New
CUST00001012,Myra Khan,myra.khan6792@example.in,9891763391,Pune,Maharashtra,303102,2023-07-18,Occasional
CUST00001013,Sunita Das,sunita.das4509@example.in,9627624036,Guntur,Andhra Pradesh,277162,2024-08-19,New
CUST00001014,Myra Desai,myra.desai2306@example.in,9888260787,Hyderabad,Telangana,256334,2023-08-25,New
CUST00001015,Reyansh Joshi,reyansh.joshi2074@example.in,9749205661,Delhi,Delhi,757134,2023-10-26,New
CUST00001016,Sandeep Desai,sandeep.desai6649@example.in,9961203498,Indore,Madhya Pradesh,484127,2023-01-24,Regular
CUST00001017,Rahul Agarwal,rahul.agarwal5237@example.in,9553381139,Ludhiana,Punjab,624345,2022-12-26,Occasional
CUST00001018,Arjun Banerjee,arjun.banerjee6382@example.in,9260765756,Mumbai,Maharashtra,261972,2023-11-05,Regular
CUST00001019,Divya Khan,divya.khan2802@example.in,9751697524,Kolkata,West Bengal,152211,2024-03-25,New
CUST00001020,Ananya Kulkarni,ananya.kulkarni5263@example.in,9955305861,Varanasi,Uttar Pradesh,138455,2024-01-15,Premium
CUST00001021,Zoya Khanna,zoya.khanna8599@example.in,9114558912,Kochi,Kerala,438423,2023-07-18,New
CUST00001022,Sunita Nair,sunita.nair3166@example.in,9157772333,Panaji,Goa,353242,2023-02-04,Regular
CUST00001023,Riya Pawar,riya.pawar3963@example.in,9695158072,Ahmedabad,Gujarat,682068,2023-08-23,Regular
CUST00001024,Suresh Kaur,suresh.kaur1638@example.in,9600059692,Nagpur,Maharashtra,697456,2024-03-31,Occasional
CUST00001025,Suresh Das,suresh.das6387@example.in,9614892817,Hyderabad,Telangana,341653,2023-04-05,Occasional
CUST00001026,Anjali Malhotra,anjali.malhotra326@example.in,9611200876,Mangaluru,Karnataka,433053,2024-04-21,Regular
CUST00001027,Vihaan Mehta,vihaan.mehta2489@example.in,9864351435,Chennai,Tamil Nadu,394306,2023-06-20,Regular
CUST00001028,Myra Ansari,myra.ansari7130@example.in,9451098740,Coimbatore,Tamil Nadu,613016,2022-08-11,New
CUST00001029,Ishaan Singh,ishaan.singh195@example.in,9413113719,chennai,Tamil Nadu,579128,2023-02-01,Regular
CUST00001030,Meera Mukherjee,meera.mukherjee9889@example.in,9173448488,Jaipur,Rajasthan,595129,2023-07-24,New
CUST00001031,Vihaan Verma,vihaan.verma4041@example.in,9610207984,Chandigarh,Chandigarh,151340,2024-05-06,Occasional
CUST00001032,Pooja Desai,pooja.desai3987@example.in,9683305123,Pune,Maharashtra,361805,2023-01-25,Occasional
CUST00001033,Nikhil Agarwal,nikhil.agarwal5364@example.in,9352653393,Meerut,Uttar Pradesh,830479,2023-06-16,Regular
CUST00001034,Simran Iyer,simran.iyer6391@example.in,9758078198,Kolkata,West Bengal,364689,2023-04-20,Occasional
CUST00001035,Pari Nair,pari.nair4595@example.in,9944247693,Nagpur,Maharashtra,240009,2023-06-06,New
CUST00001036,Aarav Agarwal,aarav.agarwal8841@example.in,9256766871,Hyderabad,Telangana,258735,2022-02-16,Occasional
CUST00001037,Nikhil Kulkarni,nikhil.kulkarni9619@example.in,9615425229,Kolkata,West Bengal,129874,2024-06-24,New
CUST00001038,Aarav Mehta,aarav.mehta2004@example.in,9724993046,Kolkata,West Bengal,691787,2024-05-15,Occasional
CUST00001039,Vihaan Das,vihaan.das7067@example.in,9116619046,Delhi,Delhi,113967,2023-10-28,Occasional
CUST00001040,Manpreet Naidu,manpreet.naidu3009@example.in,9456071123,MUMBAI ,Maharashtra,554183,2023-07-02,Regular
CUST00001041,Zoya Verma,zoya.verma9955@example.in,9223656804,Indore,Madhya Pradesh,407715,2022-01-15,New
CUST00001042,Meera Sharma,meera.sharma2533@example.in,9232626939,Nagpur,Maharashtra,180550,2023-07-22,New
CUST00001043,Sunita Iyer,sunita.iyer2951@example.in,9906958037,Nagpur,Maharashtra,768872,2023-08-24,Occasional
CUST00001044,Vihaan Rao,vihaan.rao7141@example.in,9639170621,Mumbai,Maharashtra,662852,2023-06-24,New
CUST00001045,Arjun Ghosh,arjun.ghosh7889@example.in,9396254611,Hyderabad,Telangana,720818,2022-03-26,New
CUST00001046,Pari Desai,pari.desai1286@example.in,9800911726,Bengaluru,Karnataka,807917,2024-01-04,Occasional
CUST00001047,Vivaan Gupta,vivaan.gupta5555@example.in,9116574934,Visakhapatnam,Andhra Pradesh,789580,2023-07-07,Occasional
CUST00001048,Imran Sharma,imran.sharma3457@example.in,9637204330,Nashik,Maharashtra,632066,2023-11-28,New
CUST00001049,Aditya Singh,aditya.singh6117@example.in,9828416306,Bengaluru,Karnataka,507730,2023-05-30,Occasional
CUST00001050,Karthik Bansal,karthik.bansal5567@example.in,9300046275,Indore,Madhya Pradesh,629345,2022-11-25,Regular
CUST00001051,Fatima Joshi,fatima.joshi9857@example.in,9632329606,Delhi,Delhi,444368,2023-09-11,Occasional
CUST00001052,Sandeep Gupta,sandeep.gupta9335@example.in,9790909978,Bengaluru,Karnataka,245105,2024-08-04,New
CUST00001053,Diya Shah,diya.shah6539@example.in,9817589121,Delhi,Delhi,397512,2023-03-08,New
CUST00001054,Neha Singh,neha.singh6793@example.in,9346568500,Hyderabad,Telangana,457901,2022-08-30,New
CUST00001055,Karthik Naidu,karthik.naidu8987@example.in,9451863826,Indore,Madhya Pradesh,144587,2023-02-25,Occasional
CUST00001056,Rajesh More,rajesh.more1835@example.in,9272852898,Meerut,Uttar Pradesh,741463,2023-05-04,Occasional
CUST00001057,Rahul Krishnan,rahul.krishnan7257@example.in,9329917214,Bengaluru,Karnataka,787699,2024-03-23,New
CUST00001058,Saanvi Joshi,saanvi.joshi7720@example.in,9221857130,,Gujarat,422936,2023-10-24,New
CUST00001059,Kiran Pawar,kiran.pawar1274@example.in,9759491042,Patna,Bihar,479709,2022-04-02,New
CUST00001060,Imran Joshi,imran.joshi8812@example.in,9637729836,Guntur,Andhra Pradesh,736622,2023-11-18,New
CUST00001061,Neha Reddy,neha.reddy6993@example.in,9451025484,Lucknow,Uttar Pradesh,449079,2023-11-21,Premium
CUST00001062,Vivaan Ansari,vivaan.ansari3471@example.in,9592392758,Bengaluru,Karnataka,622744,2024-02-25,New
CUST00001063,Sneha Pawar,sneha.pawar4843@example.in,9643782420,Lucknow,Uttar Pradesh,493860,2022-10-04,New
CUST00001064,Imran Kulkarni,imran.kulkarni4896@example.in,9265811840,Hyderabad,Telangana,312024,2023-06-08,Occasional
CUST00001065,Manpreet Bose,manpreet.bose9187@example.in,9367262688,Srinagar,Jammu and Kashmir,701738,2023-07-26,New
CUST00001066,Kavya Rao,kavya.rao9691@example.in,9893894465,Chennai,Tamil Nadu,253596,2023-02-19,New
CUST00001067,Krishna Chatterjee,krishna.chatterjee8067@example.in,9110887667,Bhopal,Madhya Pradesh,277257,2023-01-24,Occasional
CUST00001068,Ramesh Ghosh,ramesh.ghosh6521@example.in,9961073530,Mumbai,Maharashtra,625166,2022-10-15,New
CUST00001069,Sunita Menon,sunita.menon1042@example.in,9967860069,Chennai,Tamil Nadu,638959,2022-06-12,New
CUST00001070,Simran Das,simran.das9147@example.in,9327894078,Vadodara,Gujarat,821189,2024-01-19,Occasional
CUST00001071,Aditya Menon,aditya.menon1339@example.in,9388640005,Lucknow,Uttar Pradesh,639606,2023-04-05,Occasional
CUST00001072,Pari Das,pari.das1668@example.in,9286194637,Kolkata,West Bengal,128408,2023-06-26,New
CUST00001073,Neha Agarwal,neha.agarwal696@example.in,9604592049,Mysuru,Karnataka,743016,2022-02-21,Regular
CUST00001074,Arjun Naidu,arjun.naidu9476@example.in,9292529666,Amritsar,Punjab,418417,2023-09-12,New
CUST00001075,Imran Singh,imran.singh4932@example.in,9811613891,Hyderabad,Telangana,116471,2023-07-13,Premium
CUST00001076,Sai Malhotra,sai.malhotra2360@example.in,9448679376,Ahmedabad,Gujarat,541457,2023-11-30,Premium
CUST00001077,Anjali Gill,anjali.gill808@example.in,9970690396,Pune,Maharashtra,236965,2024-08-04,Occasional
CUST00001078,Harpreet Reddy,harpreet.reddy4120@example.in,9867904456,Kanpur,Uttar Pradesh,419951,2023-04-24,New
CUST00001079,Divya Kulkarni,divya.kulkarni7236@example.in,9636364548,Hyderabad,Telangana,460985,2023-08-17,Regular
CUST00001080,Rajesh Pawar,rajesh.pawar9944@example.in,9121947351,Bengaluru,Karnataka,165302,2022-10-16,Occasional
CUST00001081,Aadhya Nair,aadhya.nair5523@example.in,9160798088,Meerut,Uttar Pradesh,743752,2024-01-24,New
CUST00001082,Sunita Chatterjee,sunita.chatterjee6071@example.in,9555424721,Madurai,Tamil Nadu,490270,2023-03-06,Occasional
CUST00001083,Rahul Mukherjee,rahul.mukherjee8358@example.in,9458466668,Ludhiana,Punjab,829125,2023-08-01,Occasional
CUST00001084,Vihaan Khanna,vihaan.khanna9017@example.in,9181298514,Srinagar,Jammu and Kashmir,456371,2023-04-18,Regular
CUST00001085,Aisha Verma,aisha.verma2798@example.in,9855879452,Kochi,Kerala,553247,2024-04-06,Regular
CUST00001086,Aisha Verma,aisha.verma9917@example.in,9523011404,Thiruvananthapuram,Kerala,715288,2022-11-26,Regular
CUST00001087,Pooja Desai,pooja.desai5191@example.in,9463168127,Thiruvananthapuram,Kerala,268065,2023-11-22,Regular
CUST00001088,Aadhya Nair,aadhya.nair9300@example.in,9547614066,Pune,Maharashtra,787282,2023-04-18,Occasional
CUST00001089,Priya Iyer,priya.iyer1175@example.in,9683517398,Kolkata,West Bengal,247538,2023-06-12,Occasional
CUST00001090,Rahul Rao,rahul.rao975@example.in,9787584950,Bengaluru,Karnataka,852097,2023-06-05,Premium
CUST00001091,Ira Naidu,ira.naidu8845@example.in,9594508569,Kanpur,Uttar Pradesh,586460,2024-01-27,Premium
CUST00001092,Meera Bansal,meera.bansal6725@example.in,9249375541,Hyderabad,Telangana,496535,2024-06-04,Regular
CUST00001093,Pari Chatterjee,pari.chatterjee1750@example.in,9887279303,Bengaluru,Karnataka,266526,2022-09-16,Regular
CUST00001094,Rajesh Verma,rajesh.verma8948@example.in,9356167219,Surat,Gujarat,534042,2023-10-30,Occasional
CUST00001095,Aadhya Chatterjee,aadhya.chatterjee1024@example.in,9114647664,Kolkata,West Bengal,522115,2022-12-05,New
CUST00001096,Zoya Reddy,zoya.reddy6822@example.in,9135136151,Bengaluru,Karnataka,842993,2022-10-26,Regular
CUST00001097,Aisha Malhotra,aisha.malhotra2051@example.in,9448262146,Ranchi,Jharkhand,732032,2023-06-02,New
CUST00001098,Vivaan Verma,vivaan.verma706@example.in,9120392506,Nashik,Maharashtra,469812,2022-04-20,New
CUST00001099,Krishna Iyer,krishna.iyer8061@example.in,9830297556,,Delhi,400461,2022-12-17,Occasional
CUST00001100,Lakshmi Reddy,lakshmi.reddy8473@example.in,9980158850,Mumbai,Maharashtra,398429,2024-05-30,Occasional
CUST00001101,Zoya Kapoor,zoya.kapoor1058@example.in,9891696823,Hyderabad,Telangana,392006,2023-04-26,Occasional
CUST00001102,Ananya Khanna,ananya.khanna932@example.in,9143350529,Guwahati,Assam,120122,2023-12-16,New
CUST00001103,Vijay Deshpande,vijay.deshpande6144@example.in,9721372753,Ludhiana,Punjab,136929,2023-07-01,New
CUST00001104,Ramesh Banerjee,ramesh.banerjee288@example.in,9642894768,Delhi,Delhi,669889,2024-06-02,New
CUST00001105,Reyansh Menon,reyansh.menon7461@example.in,9254797010,Visakhapatnam,Andhra Pradesh,299323,2024-01-18,New
CUST00001106,Priya Pillai,priya.pillai9155@example.in,9408758167,Delhi,Delhi,416458,2024-06-26,New
CUST00001107,Divya Bose,divya.bose7510@example.in,9231503274,Chennai,Tamil Nadu,630234,2023-07-13,Occasional
CUST00001108,Gurpreet Gill,gurpreet.gill2307@example.in,9349567898,Puducherry,Puducherry,562661,2023-04-17,New
CUST00001109,Fatima Singh,fatima.singh1901@example.in,9943608988,Bengaluru,Karnataka,378534,2023-02-07,Occasional
CUST00001110,Arjun Shah,arjun.shah6805@example.in,9821517524,,Delhi,670644,2024-10-14,New
CUST00001111,Diya Singh,diya.singh617@example.in,9670889078,Calcutta,West Bengal,227952,2022-07-28,Occasional
CUST00001112,Amit Sharma,amit.sharma5376@example.in,9122207870,Lucknow,Uttar Pradesh,462172,2023-05-08,Regular
CUST00001113,Krishna Pawar,krishna.pawar4488@example.in,9231326637,Mysuru,Karnataka,188810,2023-12-04,New
CUST00001114,Suresh Deshpande,suresh.deshpande7445@example.in,9549731673,Shillong,Meghalaya,506116,2022-11-07,New
CUST00001115,Aarav Krishnan,aarav.krishnan2025@example.in,9803132131,Mumbai,Maharashtra,180826,2024-10-05,Occasional
CUST00001116,Sai Pawar,sai.pawar7622@example.in,9237665474,Delhi,Delhi,811575,2023-01-16,New
CUST00001117,Aditya Singh,aditya.singh6992@example.in,9736631596,Vijayawada,Andhra Pradesh,601131,2023-04-07,Regular
CUST00001118,Pari Jain,pari.jain2387@example.in,9143001595,Bengaluru,Karnataka,292889,2023-03-17,Premium
CUST00001119,Rajesh Singh,rajesh.singh3567@example.in,9339047350,Rajkot,Gujarat,566475,2023-04-21,Occasional
CUST00001120,Ishaan Reddy,ishaan.reddy661@example.in,9638659570,Indore,Madhya Pradesh,370782,2022-12-03,Premium
CUST00001121,Manpreet Verma,manpreet.verma4493@example.in,9845536314,Delhi,Delhi,496359,2022-05-03,Occasional
CUST00001122,Saanvi Reddy,saanvi.reddy2606@example.in,9799229711,Dehradun,Uttarakhand,234691,2022-08-20,Occasional
CUST00001123,Aditya Ansari,aditya.ansari1135@example.in,9579384781,Delhi,Delhi,482802,2024-02-15,New
CUST00001124,Ira Singh,ira.singh5599@example.in,9132454499,Kolkata,West Bengal,189563,2024-06-26,New
CUST00001125,Sandeep Kulkarni,sandeep.kulkarni5675@example.in,9364049900,Ahmedabad,Gujarat,224105,2024-01-29,New
CUST00001126,Sai Kapoor,sai.kapoor860@example.in,9173087877,Pune,Maharashtra,545155,2022-03-30,Occasional
CUST00001127,Vihaan Mehta,vihaan.mehta1855@example.in,9733529376,Bhopal,Madhya Pradesh,483009,2023-11-14,Occasional
CUST00001128,Fatima Jain,fatima.jain826@example.in,9776788198,Nagpur,Maharashtra,328756,2023-11-10,New
CUST00001129,Vijay More,vijay.more6789@example.in,9295509372,Panaji,Goa,154661,2023-12-10,Occasional
CUST00001130,Ira Iyer,ira.iyer3380@example.in,9278651777,Puducherry,Puducherry,425568,2022-12-07,New
CUST00001131,Rajesh Menon,rajesh.menon712@example.in,9454235909,Ahmedabad,Gujarat,799872,2022-07-11,New
CUST00001132,Fatima Joshi,fatima.joshi1915@example.in,9571557310,Mumbai,Maharashtra,637595,2023-11-23,New
CUST00001133,Aisha Verma,aisha.verma9757@example.in,9207775744,Chandigarh,Chandigarh,153238,2024-09-29,Occasional
CUST00001134,Suresh Sheikh,suresh.sheikh2558@example.in,9610657783,Srinagar,Jammu and Kashmir,808835,2022-01-11,Occasional
CUST00001135,Aarav Gupta,aarav.gupta6844@example.in,9315001854,Hyderabad,Telangana,425580,2024-09-15,Regular
CUST00001136,Myra Patel,myra.patel4684@example.in,9605931736,Pune,Maharashtra,539036,2022-02-15,New
CUST00001137,Vijay Verma,vijay.verma1817@example.in,9372510703,Kolkata,West Bengal,110426,2022-11-07,Occasional
CUST00001138,Rohan Khanna,rohan.khanna3074@example.in,9959173357,Mumbai,Maharashtra,341050,2023-09-06,Premium
CUST00001139,Manpreet Bose,manpreet.bose141@example.in,9884175876,Indore,Madhya Pradesh,695774,2023-12-25,New
CUST00001140,Gurpreet Kulkarni,gurpreet.kulkarni7469@example.in,9257535898,Chennai,Tamil Nadu,356399,2023-05-04,Occasional
CUST00001141,Aadhya Gupta,aadhya.gupta3344@example.in,9176425310,Vijayawada,Andhra Pradesh,233817,2024-03-30,New
CUST00001142,Kavya Nair,kavya.nair4992@example.in,9477435790,Dehradun,Uttarakhand,177553,2023-09-22,New
CUST00001143,Rohan Ansari,rohan.ansari1528@example.in,9911323358,Ranchi,Jharkhand,799170,2022-12-27,Occasional
CUST00001144,Sneha Agarwal,sneha.agarwal8241@example.in,9805504252,Kolkata,West Bengal,715675,2024-03-23,New
CUST00001145,Reyansh Ansari,reyansh.ansari2184@example.in,9727217745,Hyderabad,Telangana,142769,2023-12-06,Occasional
CUST00001146,Kavya Gill,kavya.gill5662@example.in,9410029932,Kochi,Kerala,799400,2024-01-21,Premium
CUST00001147,Suresh Gill,suresh.gill8726@example.in,9402770019,Guwahati,Assam,721582,2024-02-20,New
CUST00001148,Vijay Subramanian,vijay.subramanian7131@example.in,9952879184,Pune,Maharashtra,378184,2024-05-22,New
CUST00001149,Vijay Banerjee,vijay.banerjee6031@example.in,9920672345,Varanasi,Uttar Pradesh,599272,2022-03-04,Regular
CUST00001150,Ananya Kapoor,ananya.kapoor8879@example.in,9466138407,Delhi,Delhi,302203,2022-11-17,Occasional
CUST00001151,Kiran Desai,kiran.desai1765@example.in,9171726285,Vadodara,Gujarat,296083,2023-09-20,Regular
CUST00001152,Divya Singh,divya.singh9634@example.in,9832172779,Mumbai,Maharashtra,642390,2024-11-10,New
CUST00001153,Sandeep Gupta,sandeep.gupta5566@example.in,9881853192,Delhi,Delhi,260827,2022-12-03,Occasional
CUST00001154,Priya Naidu,priya.naidu4098@example.in,9498597732,Ahmedabad,Gujarat,374650,2022-09-24,Premium
CUST00001155,Imran Pillai,imran.pillai2558@example.in,9733534202,Mumbai,Maharashtra,376512,2024-08-02,New
CUST00001156,Kavya Jain,kavya.jain7448@example.in,9311162790,Mumbai,Maharashtra,221960,2023-01-10,Regular
CUST00001157,Lakshmi Nair,lakshmi.nair9761@example.in,9865323674,Mumbai,Maharashtra,727257,2022-10-16,Occasional
CUST00001158,Rohan Iyer,rohan.iyer6900@example.in,9431681920,Kolkata,West Bengal,612078,2024-01-07,Regular
CUST00001159,Aadhya Iyer,aadhya.iyer328@example.in,9340575723,,Andhra Pradesh,752258,2023-12-06,New
CUST00001160,Pooja Subramanian,pooja.subramanian4690@example.in,9550648964,MUMBAI ,Maharashtra,500387,2024-09-21,Occasional
CUST00001161,Suresh Kulkarni,suresh.kulkarni7322@example.in,9340503507,Nagpur,Maharashtra,240608,2024-04-13,New
CUST00001162,Sandeep Joshi,sandeep.joshi3974@example.in,9658579944,Raipur,Chhattisgarh,318269,2023-01-13,Premium
CUST00001163,Pari Sharma,pari.sharma7729@example.in,9772912376,Delhi,Delhi,373360,2024-06-12,New
CUST00001164,Zoya Pawar,zoya.pawar7072@example.in,9805100243,Delhi,Delhi,811871,2022-11-01,New
CUST00001165,Ira Kapoor,ira.kapoor672@example.in,9488173897,Nashik,Maharashtra,286959,2023-04-27,Regular
CUST00001166,Karthik Subramanian,karthik.subramanian5579@example.in,9581812567,Raipur,Chhattisgarh,626427,2024-06-03,New
CUST00001167,Harpreet Menon,harpreet.menon1719@example.in,9949179383,Ahmedabad,Gujarat,201384,2024-03-07,Occasional
CUST00001168,Karthik Reddy,karthik.reddy4865@example.in,9297510609,Ranchi,Jharkhand,822314,2024-07-15,New
CUST00001169,Divya Agarwal,divya.agarwal3843@example.in,9277074130,Mumbai,Maharashtra,591680,2022-08-03,Occasional
CUST00001170,Farhan Das,farhan.das8068@example.in,9880773595,Chennai,Tamil Nadu,430907,2024-05-30,New
CUST00001171,Gurpreet Banerjee,gurpreet.banerjee8680@example.in,9910988929,Coimbatore,Tamil Nadu,367715,2023-07-15,Occasional
CUST00001172,Sneha Patel,sneha.patel4614@example.in,9772630362,Bengaluru,Karnataka,374185,2024-04-20,Occasional
CUST00001173,Rahul Bansal,rahul.bansal5369@example.in,9527395508,Kochi,Kerala,277938,2024-04-04,New
CUST00001174,Rohan Ansari,rohan.ansari6260@example.in,9699914685,Pune,Maharashtra,556924,2023-04-25,New
CUST00001175,Karthik Malhotra,karthik.malhotra6552@example.in,9772505061,Kochi,Kerala,755269,2023-07-08,New
CUST00001176,Farhan Iyer,farhan.iyer6353@example.in,9348378592,Pune,Maharashtra,289727,2023-11-10,Regular
CUST00001177,Neha Bansal,neha.bansal7829@example.in,9106296347,Chennai,Tamil Nadu,667584,2024-07-24,New
CUST00001178,Aisha Khan,aisha.khan9818@example.in,9166200522,Bengaluru,Karnataka,531873,2024-01-25,New
CUST00001179,Sai Kaur,sai.kaur8280@example.in,9713537226,Bengaluru,Karnataka,686542,2024-04-03,New
CUST00001180,Kavya Bose,kavya.bose1347@example.in,9496271032,Kochi,Kerala,683564,2022-02-25,Occasional
CUST00001181,Diya Patel,diya.patel4762@example.in,9656541477,Delhi,Delhi,139206,2023-01-02,Regular
CUST00001182,Gurpreet Gupta,gurpreet.gupta4612@example.in,9522818656,Mumbai,Maharashtra,125810,2024-01-28,Occasional
CUST00001183,Pooja Ansari,pooja.ansari5087@example.in,9751104775,Delhi,Delhi,791879,2024-03-31,Regular
CUST00001184,Reyansh Singh,reyansh.singh5284@example.in,9966526683,Delhi,Delhi,225812,2024-06-15,Occasional
CUST00001185,Vihaan Mehta,vihaan.mehta7179@example.in,9843116758,Raipur,Chhattisgarh,538247,2022-06-08,Regular
CUST00001186,Fatima Ghosh,fatima.ghosh4210@example.in,9441997416,Chennai,Tamil Nadu,671135,2023-08-13,Regular
CUST00001187,Harpreet Verma,harpreet.verma2633@example.in,9734268921,Panaji,Goa,485392,2024-07-12,New
CUST00001188,Rajesh Iyer,rajesh.iyer4575@example.in,9885548580,Delhi,Delhi,114593,2023-10-03,Premium
CUST00001189,Reyansh Shah,reyansh.shah8544@example.in,9851169827,Nagpur,Maharashtra,117888,2022-02-21,Regular
CUST00001190,Arjun Khanna,arjun.khanna3114@example.in,9353128252,Kolkata,West Bengal,608893,2023-04-22,Occasional
CUST00001191,Rohan Deshpande,rohan.deshpande208@example.in,9113428741,Chennai,Tamil Nadu,778863,2022-12-29,New
CUST00001192,Sandeep Naidu,sandeep.naidu9761@example.in,9227215300,Vadodara,Gujarat,365893,2023-08-09,New
CUST00001193,Rajesh Deshpande,rajesh.deshpande1958@example.in,9965386782,Srinagar,Jammu and Kashmir,515262,2023-03-03,Occasional
CUST00001194,Fatima Joshi,fatima.joshi6028@example.in,9664338088,Vadodara,Gujarat,805765,2022-05-06,Occasional
CUST00001195,Arjun Kaur,arjun.kaur8001@example.in,9828576960,Bengaluru,Karnataka,724836,2022-06-30,Occasional
CUST00001196,Krishna Das,krishna.das2745@example.in,9522322430,Bengaluru,Karnataka,512745,2023-12-21,Occasional
CUST00001197,Farhan Khan,farhan.khan3402@example.in,9962649596,Nagpur,Maharashtra,598432,2023-07-15,Occasional
CUST00001198,Harpreet Agarwal,harpreet.agarwal2805@example.in,9946861959,,Telangana,826277,2024-06-13,New
CUST00001199,Nikhil Desai,nikhil.desai1499@example.in,9296049590,Coimbatore,Tamil Nadu,703630,2023-03-30,New
CUST00001200,Sai Sheikh,sai.sheikh1530@example.in,9875952060,Jaipur,Rajasthan,419862,2023-04-18,New
CUST00001201,Vihaan Kaur,vihaan.kaur1868@example.in,9116028293,Ahmedabad,Gujarat,626315,2022-09-28,Regular
CUST00001202,Aditya Naidu,aditya.naidu4580@example.in,9493535417,Raipur,Chhattisgarh,355080,2023-11-17,Occasional
CUST00001203,Divya Joshi,divya.joshi5307@example.in,9371184550,Patna,Bihar,796225,2023-07-28,Premium
CUST00001204,Fatima Pillai,fatima.pillai160@example.in,9940248065,Mumbai,Maharashtra,179696,2024-02-29,Regular
CUST00001205,Deepak Agarwal,deepak.agarwal8461@example.in,9696090214,Mumbai,Maharashtra,278012,2024-01-12,Regular
CUST00001206,Aadhya Deshpande,aadhya.deshpande6758@example.in,9224492804,Surat,Gujarat,367819,2023-10-08,Occasional
CUST00001207,Rajesh Rao,rajesh.rao707@example.in,9225335346,Pune,Maharashtra,260589,2022-08-30,Regular
CUST00001208,Aditya Naidu,aditya.naidu8426@example.in,9205466970,Bengaluru,Karnataka,553387,2024-01-12,Premium
CUST00001209,Sunita Nair,sunita.nair305@example.in,9373632420,Kolkata,West Bengal,640927,2022-12-18,Regular
CUST00001210,Imran Ghosh,imran.ghosh5605@example.in,9162057505,Kochi,Kerala,773483,2022-11-26,New
CUST00001211,Nikhil Kaur,nikhil.kaur4651@example.in,9337775324,Raipur,Chhattisgarh,483598,2024-02-02,Occasional
CUST00001212,Imran Khanna,imran.khanna5021@example.in,9788516198,Jaipur,Rajasthan,572980,2023-01-26,New
CUST00001213,Ramesh Mukherjee,ramesh.mukherjee9560@example.in,9886318708,Chennai,Tamil Nadu,556445,2023-06-12,New
CUST00001214,Priya Bansal,priya.bansal9269@example.in,9807333879,Bengaluru,Karnataka,112539,2023-01-11,Occasional
CUST00001215,Myra Subramanian,myra.subramanian2790@example.in,9546448406,Ahmedabad,Gujarat,637947,2024-11-04,Regular
CUST00001216,Harpreet Reddy,harpreet.reddy5796@example.in,9725838449,Hyderabad,Telangana,127329,2024-03-27,New
CUST00001217,Meera Bose,meera.bose9590@example.in,9949537705,Jaipur,Rajasthan,517898,2023-07-05,New
CUST00001218,Rohan Khan,rohan.khan7288@example.in,9147962660,Indore,Madhya Pradesh,854968,2024-04-30,Regular
CUST00001219,Simran Krishnan,simran.krishnan8876@example.in,9914109373,Mumbai,Maharashtra,696923,2022-08-12,New
CUST00001220,Aditya Joshi,aditya.joshi4348@example.in,9750959501,Mumbai,Maharashtra,487385,2023-07-19,New
CUST00001221,Ramesh Chopra,ramesh.chopra2831@example.in,9447755435,Bengaluru,Karnataka,347594,2023-10-30,Regular
CUST00001222,Rohan Khan,rohan.khan5106@example.in,9494689029,Varanasi,Uttar Pradesh,733819,2023-11-19,Regular
CUST00001223,Anjali Verma,anjali.verma8168@example.in,9242104979,Kanpur,Uttar Pradesh,750048,2023-08-29,Occasional
CUST00001224,Rahul Gill,rahul.gill9287@example.in,9307287244,Delhi,Delhi,384210,2023-03-02,Occasional
CUST00001225,Amit Nair,amit.nair6858@example.in,9105232890,Varanasi,Uttar Pradesh,190232,2023-10-14,New
CUST00001226,Anjali Khan,anjali.khan7064@example.in,9551032155,Pune,Maharashtra,543833,2023-11-07,New
CUST00001227,Rajesh Verma,rajesh.verma5118@example.in,9528878347,Pune,Maharashtra,582407,2023-04-01,Regular
CUST00001228,Riya Sharma,riya.sharma3196@example.in,9396686324,Mysuru,Karnataka,805991,2022-05-14,Regular
CUST00001229,Manpreet Joshi,manpreet.joshi4229@example.in,9258785464,Mumbai,Maharashtra,773252,2023-08-15,New
CUST00001230,Sneha Patel,sneha.patel4977@example.in,9527267566,Bangalore,Karnataka,280679,2023-12-12,New
CUST00001231,Krishna Singh,krishna.singh8154@example.in,9750402952,Surat,Gujarat,298287,2023-07-25,New
CUST00001232,Aarav Desai,aarav.desai5553@example.in,9434935458,Bengaluru,Karnataka,852879,2024-03-19,New
CUST00001233,Rohan Deshpande,rohan.deshpande7930@example.in,9293975692,Indore,Madhya Pradesh,353530,2023-08-28,New
CUST00001234,Divya Das,divya.das274@example.in,9705848885,Bengaluru,Karnataka,451554,2023-02-02,New
CUST00001235,Karthik Das,karthik.das7568@example.in,9793553195,Delhi,Delhi,337590,2023-05-31,Regular
CUST00001236,Ira Ansari,ira.ansari5070@example.in,9685490550,Bengaluru,Karnataka,403085,2023-04-21,New
CUST00001237,Neha Singh,neha.singh9981@example.in,9609757658,Kolkata,West Bengal,530442,2023-09-20,Occasional
CUST00001238,Fatima Das,fatima.das4717@example.in,9102195352,Delhi,Delhi,327915,2023-02-10,Occasional
CUST00001239,Ramesh Ghosh,ramesh.ghosh4785@example.in,9674075654,Delhi,Delhi,417638,2023-05-18,Regular
CUST00001240,Aditya Rao,aditya.rao1275@example.in,9656626327,Nashik,Maharashtra,372765,2024-06-12,Premium
CUST00001241,Aditya Mukherjee,aditya.mukherjee8068@example.in,9471204407,Hyderabad,Telangana,190443,2023-07-21,Occasional
CUST00001242,Neha Jain,neha.jain7014@example.in,9319392076,Chennai,Tamil Nadu,696180,2024-09-03,New
CUST00001243,Kavya Kulkarni,kavya.kulkarni8624@example.in,9981198107,Mumbai,Maharashtra,774113,2022-12-04,Regular
CUST00001244,Fatima Naidu,fatima.naidu928@example.in,9437710276,Chennai,Tamil Nadu,476617,2024-04-13,New
CUST00001245,Ramesh Joshi,ramesh.joshi2116@example.in,9344830588,Bengaluru,Karnataka,262508,2023-10-26,New
CUST00001246,Rajesh Desai,rajesh.desai8769@example.in,9735714000,Lucknow,Uttar Pradesh,589152,2022-05-16,New
CUST00001247,Ramesh Bose,ramesh.bose421@example.in,9533770247,Bengaluru,Karnataka,507952,2023-12-07,Regular
CUST00001248,Ira Jain,ira.jain5082@example.in,9601647598,Rajkot,Gujarat,520724,2024-04-07,New
CUST00001249,Anjali Bose,anjali.bose4047@example.in,9683476277,Madurai,Tamil Nadu,553199,2024-01-15,Occasional
CUST00001250,Deepak Reddy,deepak.reddy9393@example.in,9431789629,Delhi,Delhi,644917,2024-06-14,Occasional
CUST00001251,Nikhil Kulkarni,nikhil.kulkarni8566@example.in,9237071578,Delhi,Delhi,140365,2022-12-12,Occasional
CUST00001252,Rohan Ghosh,rohan.ghosh8966@example.in,9250669316,NEW DELHI,Delhi,184076,2022-08-08,New
CUST00001253,Manish Joshi,manish.joshi2891@example.in,9945683460,Lucknow,Uttar Pradesh,181317,2023-06-15,Regular
CUST00001254,Saanvi Bose,saanvi.bose5874@example.in,9554933967,Delhi,Delhi,225221,2023-10-05,Regular
CUST00001255,Kiran Ghosh,kiran.ghosh6999@example.in,9475304706,Amritsar,Punjab,834022,2023-11-06,Occasional
CUST00001256,Lakshmi Joshi,lakshmi.joshi9673@example.in,9387429420,Kochi,Kerala,653954,2023-12-01,Occasional
CUST00001257,Deepak Chatterjee,deepak.chatterjee74@example.in,9749472947,Ranchi,Jharkhand,605139,2024-06-09,Regular
CUST00001258,Simran Chopra,simran.chopra9769@example.in,9921635026,Ahmedabad,Gujarat,630728,2022-07-13,Regular
CUST00001259,Karthik Reddy,karthik.reddy3553@example.in,9792053800,Puducherry,Puducherry,135010,2023-08-13,Occasional
CUST00001260,Vivaan Deshpande,vivaan.deshpande1283@example.in,9580911975,Mumbai,Maharashtra,268947,2023-01-31,New
CUST00001261,Vijay Kapoor,vijay.kapoor6154@example.in,9879367593,Chennai,Tamil Nadu,701771,2023-10-02,New
CUST00001262,Kiran Sharma,kiran.sharma7814@example.in,9870693063,Hyderabad,Telangana,454815,2023-07-11,New
CUST00001263,Arjun Khan,arjun.khan1298@example.in,9967857512,Guntur,Andhra Pradesh,488924,2023-09-18,New
CUST00001264,Sai Gill,sai.gill408@example.in,9844693446,Jaipur,Rajasthan,669022,2024-07-14,New
CUST00001265,Saanvi Verma,saanvi.verma8965@example.in,9861606247,Bhubaneswar,Odisha,166033,2024-02-29,New
CUST00001266,Fatima Jain,fatima.jain9336@example.in,9150883211,Delhi,Delhi,705087,2022-11-08,Regular
CUST00001267,Pooja Jain,pooja.jain1563@example.in,9368307122,Srinagar,Jammu and Kashmir,617240,2023-07-06,Regular
CUST00001268,Gurpreet Sharma,gurpreet.sharma9039@example.in,9785142720,Pune,Maharashtra,410739,2024-04-22,Regular
CUST00001269,Zoya Rao,zoya.rao9097@example.in,9170358339,Pune,Maharashtra,482076,2023-11-15,Occasional
CUST00001270,Suresh Deshpande,suresh.deshpande9973@example.in,9174586042,Jammu,Jammu and Kashmir,165318,2023-02-14,Occasional
CUST00001271,Divya Kaur,divya.kaur2164@example.in,9128485162,Chennai,Tamil Nadu,262690,2024-02-16,New
CUST00001272,Ira Pillai,ira.pillai5787@example.in,9272732115,Chennai,Tamil Nadu,293578,2022-12-13,Occasional
CUST00001273,Arjun Malhotra,arjun.malhotra9941@example.in,9926976019,Jaipur,Rajasthan,763991,2023-10-17,New
CUST00001274,Kavya Banerjee,kavya.banerjee9025@example.in,9749087664,Delhi,Delhi,193979,2022-08-31,Occasional
CUST00001275,Vijay Sharma,vijay.sharma6047@example.in,9363279934,Hyderabad,Telangana,327112,2023-05-31,Premium
CUST00001276,Ishaan Mukherjee,ishaan.mukherjee1971@example.in,9662599057,Bengaluru,Karnataka,208170,2023-09-07,Regular
CUST00001277,Ananya Sheikh,ananya.sheikh844@example.in,9801085425,Delhi,Delhi,322028,2022-11-18,New
CUST00001278,Aarav Gill,aarav.gill2592@example.in,9579243527,Nashik,Maharashtra,117913,2023-12-03,Regular
CUST00001279,Nikhil Khanna,nikhil.khanna653@example.in,9612598631,Surat,Gujarat,313248,2023-05-22,New
CUST00001280,Farhan Desai,farhan.desai1953@example.in,9392126554,Chennai,Tamil Nadu,649272,2024-04-08,New
CUST00001281,Sunita Pawar,sunita.pawar750@example.in,9674821342,Kolkata,West Bengal,681844,2024-03-31,New
CUST00001282,Riya Verma,riya.verma7621@example.in,9948823015,Kolkata,West Bengal,392690,2023-05-14,New
CUST00001283,Vijay Desai,vijay.desai5898@example.in,9843921814,Kanpur,Uttar Pradesh,636141,2022-12-14,Occasional
CUST00001284,Gurpreet Reddy,gurpreet.reddy5178@example.in,9548618651,Madurai,Tamil Nadu,570995,2023-11-12,Occasional
CUST00001285,Ramesh Jain,ramesh.jain8095@example.in,9637199699,Mysuru,Karnataka,782949,2023-12-23,New
CUST00001286,Pari Singh,pari.singh4108@example.in,9978366889,Chennai,Tamil Nadu,709554,2024-10-14,Premium
CUST00001287,Ira Sheikh,ira.sheikh4029@example.in,9773722685,Hyderabad,Telangana,280885,2022-08-04,Occasional
CUST00001288,Nikhil Mukherjee,nikhil.mukherjee2069@example.in,9552254283,Kolkata,West Bengal,548598,2022-08-16,Occasional
CUST00001289,Amit Das,amit.das4448@example.in,9352880246,Jaipur,Rajasthan,695933,2022-10-11,Occasional
CUST00001290,Fatima Kaur,fatima.kaur1745@example.in,9915287117,Pune,Maharashtra,337736,2024-04-05,Occasional
CUST00001291,Zoya Patel,zoya.patel5892@example.in,9979085562,Nagpur,Maharashtra,536986,2023-03-12,Occasional
CUST00001292,Vivaan Das,vivaan.das9973@example.in,9163661388,Ahmedabad,Gujarat,408236,2022-12-16,Occasional
CUST00001293,Nikhil Ghosh,nikhil.ghosh5330@example.in,9128707487,,Telangana,340003,2023-05-26,Regular
CUST00001294,Riya Pawar,riya.pawar2990@example.in,9447918935,Chennai,Tamil Nadu,258534,2022-10-31,New
CUST00001295,Pooja Gill,pooja.gill6880@example.in,9243888458,Chennai,Tamil Nadu,136418,2023-07-23,Occasional
CUST00001296,Aadhya Ansari,aadhya.ansari8199@example.in,9893844595,Mumbai,Maharashtra,668724,2022-10-01,New
CUST00001297,Riya Ansari,riya.ansari4717@example.in,9922793588,Delhi,Delhi,720211,2023-05-14,Regular
CUST00001298,Ira Kaur,ira.kaur2503@example.in,9846162990,Chandigarh,Chandigarh,595616,2024-07-06,New
CUST00001299,Aditya Kapoor,aditya.kapoor7138@example.in,9227204283,Chennai,Tamil Nadu,289627,2024-05-03,New
CUST00001300,Kiran Reddy,kiran.reddy1873@example.in,9808595308,Bengaluru,Karnataka,124026,2023-02-07,Premium
CUST00001301,Krishna Mehta,krishna.mehta9972@example.in,9428887689,Jaipur,Rajasthan,580722,2023-11-03,Occasional
CUST00001302,Riya Khan,riya.khan3178@example.in,9136259984,Kochi,Kerala,258960,2023-08-12,New
CUST00001303,Rohan Reddy,rohan.reddy3503@example.in,9840484853,Bengaluru,Karnataka,518971,2022-07-20,New
CUST00001304,Krishna Chopra,krishna.chopra7268@example.in,9940054653,Raipur,Chhattisgarh,832931,2023-01-16,Occasional
CUST00001305,Riya Ghosh,riya.ghosh123@example.in,9852507580,Madurai,Tamil Nadu,113316,2023-12-03,Premium
CUST00001306,Harpreet Shah,harpreet.shah2029@example.in,9363922868,Surat,Gujarat,540086,2023-03-19,Occasional
CUST00001307,Simran Pawar,simran.pawar1256@example.in,9517680673,Indore,Madhya Pradesh,850902,2022-12-28,New
CUST00001308,Riya Chatterjee,riya.chatterjee3910@example.in,9197907474,Mumbai,Maharashtra,359094,2022-11-25,Occasional
CUST00001309,Sneha Verma,sneha.verma5535@example.in,9975677589,Mangaluru,Karnataka,716770,2023-04-09,Occasional
CUST00001310,Manpreet Shah,manpreet.shah1796@example.in,9811226874,Chennai,Tamil Nadu,727042,2023-08-19,New
CUST00001311,Diya Pillai,diya.pillai3442@example.in,9678050562,Madurai,Tamil Nadu,472478,2023-03-19,Regular
CUST00001312,Simran Jain,simran.jain7721@example.in,9886292857,Jaipur,Rajasthan,338649,2022-08-20,New
CUST00001313,Sai Ansari,sai.ansari9398@example.in,9229082945,Mumbai,Maharashtra,616934,2024-05-04,Regular
CUST00001314,Diya Jain,diya.jain143@example.in,9321451282,Mumbai,Maharashtra,571566,2023-05-07,Regular
CUST00001315,Ira Gupta,ira.gupta6274@example.in,9133606483,Indore,Madhya Pradesh,465118,2023-06-14,New
CUST00001316,Vivaan Pillai,vivaan.pillai257@example.in,9540067666,Jaipur,Rajasthan,253609,2023-03-19,Regular
CUST00001317,Lakshmi Nair,lakshmi.nair5203@example.in,9544721866,Mumbai,Maharashtra,664804,2023-11-30,Regular
CUST00001318,Fatima Iyer,fatima.iyer8793@example.in,9126745491,Kochi,Kerala,267509,2023-12-19,Occasional
CUST00001319,Riya Ghosh,riya.ghosh7979@example.in,9695401523,Amritsar,Punjab,210091,2023-03-20,Occasional
CUST00001320,Sunita Singh,sunita.singh2327@example.in,9107992173,Pune,Maharashtra,160081,2022-07-21,New
CUST00001321,Rajesh Chatterjee,rajesh.chatterjee2586@example.in,9813576430,Pune,Maharashtra,442584,2023-06-08,New
CUST00001322,Lakshmi Jain,lakshmi.jain7834@example.in,9734907897,Mumbai,Maharashtra,199485,2023-03-17,Regular
CUST00001323,Lakshmi Gupta,lakshmi.gupta8196@example.in,9206464259,Vijayawada,Andhra Pradesh,360015,2023-11-18,New
CUST00001324,Ramesh Gill,ramesh.gill2809@example.in,9593027412,Hyderabad,Telangana,290167,2022-06-12,New
CUST00001325,Sai Bansal,sai.bansal31@example.in,9877004092,Vadodara,Gujarat,452497,2024-05-26,Occasional
CUST00001326,Harpreet Kapoor,harpreet.kapoor4444@example.in,9690753498,Chennai,Tamil Nadu,689422,2023-07-27,New
CUST00001327,Vijay Kaur,vijay.kaur6196@example.in,9129011127,Jaipur,Rajasthan,445655,2023-02-06,Regular
CUST00001328,Farhan Singh,farhan.singh4437@example.in,9722787923,Bengaluru,Karnataka,525109,2023-11-19,Regular
CUST00001329,Simran Sheikh,simran.sheikh9346@example.in,9503867258,Delhi,Delhi,216622,2022-12-16,Regular
CUST00001330,Rohan Verma,rohan.verma8135@example.in,9864311261,Visakhapatnam,Andhra Pradesh,194246,2024-03-20,New
CUST00001331,Kavya Khan,kavya.khan7878@example.in,9715736742,Pune,Maharashtra,837598,2023-03-21,Occasional
CUST00001332,Rohan Agarwal,rohan.agarwal203@example.in,9166919159,Ahmedabad,Gujarat,571952,2024-05-07,Regular
CUST00001333,Aditya Agarwal,aditya.agarwal8535@example.in,9900757888,Siliguri,West Bengal,121544,2023-05-12,Occasional
CUST00001334,Gurpreet Malhotra,gurpreet.malhotra7551@example.in,9156614305,Siliguri,West Bengal,531096,2022-11-27,Occasional
CUST00001335,Harpreet Kaur,harpreet.kaur3969@example.in,9369307090,Amritsar,Punjab,117506,2024-08-06,Occasional
CUST00001336,Harpreet Deshpande,harpreet.deshpande5895@example.in,9295130836,Delhi,Delhi,167508,2022-07-07,New
CUST00001337,Imran Mehta,imran.mehta8241@example.in,9976794875,Surat,Gujarat,388258,2022-09-29,New
CUST00001338,Manish Khan,manish.khan9061@example.in,9237876208,Vadodara,Gujarat,599134,2023-12-02,Occasional
CUST00001339,Pooja Kaur,pooja.kaur5508@example.in,9860087348,Chennai,Tamil Nadu,572253,2023-12-11,New
CUST00001340,Manpreet Menon,manpreet.menon414@example.in,9299950742,Delhi,Delhi,699378,2024-07-18,Regular
CUST00001341,Suresh Nair,suresh.nair6185@example.in,9685571564,Bhubaneswar,Odisha,243863,2023-06-17,Occasional
CUST00001342,Manish Subramanian,manish.subramanian6799@example.in,9181310399,Pune,Maharashtra,252816,2023-07-16,New
CUST00001343,Ananya Mukherjee,ananya.mukherjee590@example.in,9660793043,Jaipur,Rajasthan,507292,2022-09-14,Regular
CUST00001344,Sandeep More,sandeep.more8172@example.in,9739999337,Shillong,Meghalaya,757284,2022-06-01,Occasional
CUST00001345,Sunita Reddy,sunita.reddy2016@example.in,9885246523,Surat,Gujarat,648549,2024-01-12,New
CUST00001346,Divya Gill,divya.gill8903@example.in,9834573941,Kolkata,West Bengal,608700,2022-09-05,Premium
CUST00001347,Sneha Kaur,sneha.kaur5509@example.in,9566790162,Chennai,Tamil Nadu,180087,2023-01-03,Regular
CUST00001348,Rohan Gill,rohan.gill3221@example.in,9372969886,Kolkata,West Bengal,764214,2023-03-08,Occasional
CUST00001349,Vivaan Gupta,vivaan.gupta588@example.in,9335123447,Delhi,Delhi,843509,2022-08-18,Regular
CUST00001350,Deepak Khanna,deepak.khanna179@example.in,9993547057,Guwahati,Assam,543871,2023-10-14,Occasional
CUST00001351,Divya Desai,divya.desai7413@example.in,9647475579,,Punjab,360882,2024-03-19,Occasional
CUST00001352,Rajesh Banerjee,rajesh.banerjee3771@example.in,9917757431,Hyderabad,Telangana,603671,2023-11-25,New
CUST00001353,Simran Shah,simran.shah8399@example.in,9490373208,Hyderabad,Telangana,588675,2024-05-14,New
CUST00001354,Sneha Kapoor,sneha.kapoor2305@example.in,9536951295,Vadodara,Gujarat,802288,2023-07-13,Occasional
CUST00001355,Sunita Banerjee,sunita.banerjee9202@example.in,9750546923,Bombay,Maharashtra,192500,2022-12-23,Occasional
CUST00001356,Nikhil Gupta,nikhil.gupta9414@example.in,9280700842,Ahmedabad,Gujarat,493914,2022-07-06,Regular
CUST00001357,Saanvi Subramanian,saanvi.subramanian1018@example.in,9571608004,Pune,Maharashtra,638650,2023-07-25,Occasional
CUST00001358,Fatima Menon,fatima.menon6469@example.in,9784837496,Bhopal,Madhya Pradesh,370048,2023-04-11,Occasional
CUST00001359,Aditya Gupta,aditya.gupta9396@example.in,9126941274,Delhi,Delhi,736238,2023-01-25,Regular
CUST00001360,Vijay Gupta,vijay.gupta3231@example.in,9844283982,Indore,Madhya Pradesh,158231,2022-09-24,Premium
CUST00001361,Simran Jain,simran.jain677@example.in,9936148466,Chennai,Tamil Nadu,188450,2023-11-29,New
CUST00001362,Anjali Desai,anjali.desai8754@example.in,9120900299,Lucknow,Uttar Pradesh,699264,2023-12-02,Regular
CUST00001363,Harpreet Jain,harpreet.jain4740@example.in,9667350713,Mumbai,Maharashtra,203783,2024-08-04,Regular
CUST00001364,Aditya Singh,aditya.singh271@example.in,9171218826,Pune,Maharashtra,421834,2022-03-15,New
CUST00001365,Karthik Joshi,karthik.joshi8401@example.in,9424156666,Ahmedabad,Gujarat,319413,2023-12-18,New
CUST00001366,Kiran Mehta,kiran.mehta6788@example.in,9402820673,Bengaluru,Karnataka,622740,2022-11-09,New
CUST00001367,Manish Mukherjee,manish.mukherjee703@example.in,9567729847,Delhi,Delhi,118894,2022-09-10,Occasional
CUST00001368,Imran Nair,imran.nair2587@example.in,9925852268,Delhi,Delhi,375912,2022-08-28,Occasional
CUST00001369,Priya Malhotra,priya.malhotra183@example.in,9515436274,Hyderabad,Telangana,844723,2022-11-24,Occasional
CUST00001370,Divya Joshi,divya.joshi9547@example.in,9458446224,Mumbai,Maharashtra,384831,2023-08-04,Regular
CUST00001371,Rahul Rao,rahul.rao250@example.in,9183501200,Mangaluru,Karnataka,555866,2022-08-16,New
CUST00001372,Zoya Deshpande,zoya.deshpande7957@example.in,9898760992,Chennai,Tamil Nadu,846217,2023-08-16,Occasional
CUST00001373,Sai Gill,sai.gill5112@example.in,9383230448,Bhubaneswar,Odisha,562725,2023-09-30,Regular
CUST00001374,Aadhya Ghosh,aadhya.ghosh5827@example.in,9516190520,Srinagar,Jammu and Kashmir,672549,2023-11-15,Premium
CUST00001375,Arjun Iyer,arjun.iyer8115@example.in,9183071767,Mumbai,Maharashtra,824539,2023-06-01,Regular
CUST00001376,Meera Jain,meera.jain8948@example.in,9359967627,Nagpur,Maharashtra,569891,2023-12-03,New
CUST00001377,Diya Khan,diya.khan1275@example.in,9598015199,Vadodara,Gujarat,729959,2023-03-28,New
CUST00001378,Myra Ghosh,myra.ghosh179@example.in,9910580663,Kanpur,Uttar Pradesh,488703,2024-05-18,New
CUST00001379,Sunita Sheikh,sunita.sheikh1246@example.in,9396004104,Kolkata,West Bengal,716706,2022-02-17,Occasional
CUST00001380,Aisha Kapoor,aisha.kapoor6824@example.in,9604603691,Kolkata,West Bengal,588348,2023-01-17,New
CUST00001381,Krishna Agarwal,krishna.agarwal5685@example.in,9888078698,Mumbai,Maharashtra,362969,2023-01-23,Regular
CUST00001382,Vivaan Pillai,vivaan.pillai839@example.in,9424435864,Ahmedabad,Gujarat,525948,2024-04-04,Occasional
CUST00001383,Diya Das,diya.das2343@example.in,9365344216,Panaji,Goa,359513,2023-06-08,Occasional
CUST00001384,Farhan Naidu,farhan.naidu5372@example.in,9917162317,Jamshedpur,Jharkhand,405872,2023-12-22,New
CUST00001385,Karthik Das,karthik.das7301@example.in,9199839818,Mumbai,Maharashtra,327379,2023-08-16,Occasional
CUST00001386,Manpreet Sheikh,manpreet.sheikh3434@example.in,9225379294,Patna,Bihar,475928,2023-05-24,Occasional
CUST00001387,Ananya More,ananya.more9495@example.in,9736761319,Hyderabad,Telangana,368329,2023-06-01,Regular
CUST00001388,Aisha Kapoor,aisha.kapoor9921@example.in,9428352660,Agra,Uttar Pradesh,576463,2022-11-17,New
CUST00001389,Krishna Shah,krishna.shah7659@example.in,9734475714,Mumbai,Maharashtra,385327,2023-08-15,Regular
CUST00001390,Kavya Pillai,kavya.pillai4542@example.in,9646599659,Mysuru,Karnataka,475856,2023-08-07,New
CUST00001391,Suresh Iyer,suresh.iyer8770@example.in,9113578409,Ludhiana,Punjab,214319,2023-01-20,New
CUST00001392,Lakshmi Rao,lakshmi.rao7278@example.in,9376831102,Delhi,Delhi,398055,2022-01-28,Premium
CUST00001393,Riya Das,riya.das5195@example.in,9103674303,Mumbai,Maharashtra,375223,2023-10-11,New
CUST00001394,Rajesh More,rajesh.more4437@example.in,9158974870,Dehradun,Uttarakhand,826105,2023-09-07,New
CUST00001395,Deepak Joshi,deepak.joshi8322@example.in,9525703062,Delhi,Delhi,442879,2022-01-14,Occasional
CUST00001396,Pari Kapoor,pari.kapoor5570@example.in,9338327863,Ahmedabad,Gujarat,126045,2022-04-26,Occasional
CUST00001397,Farhan Kulkarni,farhan.kulkarni1829@example.in,9180203279,Jodhpur,Rajasthan,340500,2023-09-11,New
CUST00001398,Amit Kapoor,amit.kapoor9997@example.in,9467813485,Jaipur,Rajasthan,653504,2023-04-17,New
CUST00001399,Krishna Sharma,krishna.sharma684@example.in,9506715773,Chennai,Tamil Nadu,233203,2024-06-04,New
CUST00001400,Gurpreet Bose,gurpreet.bose6949@example.in,9993042934,Kolkata,West Bengal,231444,2022-09-08,Occasional
CUST00001401,Farhan Bose,farhan.bose6559@example.in,9695393805,Mumbai,Maharashtra,388235,2023-10-16,New
CUST00001402,Aditya Kulkarni,aditya.kulkarni5861@example.in,9453688213,Jammu,Jammu and Kashmir,375841,2023-08-26,Regular
CUST00001403,Farhan Mehta,farhan.mehta520@example.in,9525967618,Hyderabad,Telangana,468333,2023-07-05,Regular
CUST00001404,Simran Krishnan,simran.krishnan4925@example.in,9180275876,Delhi,Delhi,135453,2024-04-02,New
CUST00001405,Sunita Naidu,sunita.naidu8924@example.in,9447986660,,Telangana,647027,2023-03-22,New
CUST00001406,Aadhya Verma,aadhya.verma2395@example.in,9623003332,Siliguri,West Bengal,269424,2022-11-10,New
CUST00001407,Deepak Verma,deepak.verma6915@example.in,9118881224,Mumbai,Maharashtra,639955,2023-03-07,New
CUST00001408,Karthik Khan,karthik.khan8586@example.in,9927676064,Nashik,Maharashtra,530679,2024-07-22,New
CUST00001409,Deepak Deshpande,deepak.deshpande9521@example.in,9563573100,Patna,Bihar,261032,2024-01-18,Regular
CUST00001410,Deepak Nair,deepak.nair5161@example.in,9348037851,Dehradun,Uttarakhand,459859,2023-05-10,New
CUST00001411,Manish Khan,manish.khan3139@example.in,9852596477,Srinagar,Jammu and Kashmir,137313,2023-12-15,Occasional
CUST00001412,Pooja Reddy,pooja.reddy6995@example.in,9935408615,Ludhiana,Punjab,632924,2023-06-07,Occasional
CUST00001413,Divya Joshi,divya.joshi4861@example.in,9672889152,Mangaluru,Karnataka,336366,2022-04-24,Regular
CUST00001414,Pooja Sharma,pooja.sharma6270@example.in,9995430456,Delhi,Delhi,395738,2023-10-10,New
CUST00001415,Aarav Ghosh,aarav.ghosh7416@example.in,9129953412,Guwahati,Assam,227085,2023-03-20,New
CUST00001416,Vivaan Ghosh,vivaan.ghosh7102@example.in,9495848173,Ahmedabad,Gujarat,381954,2023-12-27,Premium
CUST00001417,Simran Krishnan,simran.krishnan2428@example.in,9851355707,Ahmedabad,Gujarat,404909,2024-01-07,New
CUST00001418,Farhan Mehta,farhan.mehta7557@example.in,9929060207,Agra,Uttar Pradesh,277618,2023-08-27,Occasional
CUST00001419,Ramesh Joshi,ramesh.joshi5418@example.in,9871309601,Jammu,Jammu and Kashmir,839727,2023-12-28,Occasional
CUST00001420,Ishaan Ansari,ishaan.ansari9306@example.in,9597754392,Patna,Bihar,318492,2023-07-24,Occasional
CUST00001421,Kiran Agarwal,kiran.agarwal6594@example.in,9925030350,Pune,Maharashtra,244920,2023-02-01,New
CUST00001422,Krishna Verma,krishna.verma8917@example.in,9542826455,Kolkata,West Bengal,518478,2023-03-04,New
CUST00001423,Riya Ghosh,riya.ghosh9787@example.in,9530352511,Chennai,Tamil Nadu,347599,2024-08-28,Occasional
CUST00001424,Ira Agarwal,ira.agarwal9944@example.in,9262675848,Chennai,Tamil Nadu,448255,2023-06-04,Occasional
CUST00001425,Aarav Das,aarav.das7446@example.in,9808980330,Chennai,Tamil Nadu,650295,2022-05-30,Regular
CUST00001426,Lakshmi Chatterjee,lakshmi.chatterjee5972@example.in,9275572358,Mumbai,Maharashtra,168286,2024-03-29,Regular
CUST00001427,Sneha Sharma,sneha.sharma1182@example.in,9432591964,Mumbai,Maharashtra,489401,2024-03-06,Regular
CUST00001428,Myra Verma,myra.verma3861@example.in,9642817201,Visakhapatnam,Andhra Pradesh,126156,2024-07-07,Premium
CUST00001429,Sneha Verma,sneha.verma4753@example.in,9343003489,Kolkata,West Bengal,142732,2023-10-18,Regular
CUST00001430,Aarav Rao,aarav.rao7804@example.in,9422780636,Mysuru,Karnataka,178941,2023-03-07,New
CUST00001431,Amit More,amit.more5887@example.in,9397102193,Lucknow,Uttar Pradesh,230478,2023-06-30,Occasional
CUST00001432,Pooja Chatterjee,pooja.chatterjee4391@example.in,9636556284,Mumbai,Maharashtra,370372,2024-01-10,Occasional
CUST00001433,Ira Subramanian,ira.subramanian1466@example.in,9742666357,Delhi,Delhi,806870,2024-07-30,Occasional
CUST00001434,Sunita Desai,sunita.desai7157@example.in,9708004455,Bengaluru,Karnataka,785228,2024-02-12,New
CUST00001435,Aadhya Ansari,aadhya.ansari4319@example.in,9227045270,Srinagar,Jammu and Kashmir,186870,2023-08-24,Occasional
CUST00001436,Reyansh Naidu,reyansh.naidu362@example.in,9412361799,Bengaluru,Karnataka,848540,2022-12-20,New
CUST00001437,Pooja Sheikh,pooja.sheikh2840@example.in,9683645611,Ahmedabad,Gujarat,583218,2023-02-12,New
CUST00001438,Imran Verma,imran.verma8793@example.in,9162524336,Mysuru,Karnataka,522568,2023-04-02,Regular
CUST00001439,Riya Sharma,riya.sharma1189@example.in,9389519117,Srinagar,Jammu and Kashmir,700375,2022-09-06,Occasional
CUST00001440,Aditya Iyer,aditya.iyer4061@example.in,9710849891,Bengaluru,Karnataka,470965,2023-07-09,Occasional
CUST00001441,Gurpreet Subramanian,gurpreet.subramanian5120@example.in,9697561519,Mumbai,Maharashtra,307783,2024-02-03,Occasional
CUST00001442,Amit Mehta,amit.mehta838@example.in,9216804942,New Delhi,Delhi,504658,2023-12-03,Occasional
CUST00001443,Ishaan Khanna,ishaan.khanna1656@example.in,9709186809,Mumbai,Maharashtra,650268,2024-02-18,New
CUST00001444,Deepak Khanna,deepak.khanna9401@example.in,9274986072,Bengaluru,Karnataka,618683,2023-12-31,Occasional
CUST00001445,Myra Subramanian,myra.subramanian5905@example.in,9767185241,Jaipur,Rajasthan,236592,2024-03-09,New
CUST00001446,Harpreet Joshi,harpreet.joshi2103@example.in,9609873005,Meerut,Uttar Pradesh,809025,2023-06-29,Occasional
CUST00001447,Pari Sharma,pari.sharma1697@example.in,9213882947,Ahmedabad,Gujarat,322172,2022-03-19,New
CUST00001448,Karthik Chopra,karthik.chopra4257@example.in,9415163577,Lucknow,Uttar Pradesh,720976,2023-12-04,Premium
CUST00001449,Karthik Desai,karthik.desai7235@example.in,9836665650,Bengaluru,Karnataka,342344,2022-03-22,Regular
CUST00001450,Diya Pillai,diya.pillai7303@example.in,9489432213,Guwahati,Assam,157248,2022-03-06,Occasional
CUST00001451,Sneha Krishnan,sneha.krishnan1953@example.in,9719333020,Lucknow,Uttar Pradesh,852460,2022-09-18,New
CUST00001452,Sai Iyer,sai.iyer7255@example.in,9773440873,Nashik,Maharashtra,548713,2024-09-26,Occasional
CUST00001453,Manish Subramanian,manish.subramanian8962@example.in,9127454568,Guntur,Andhra Pradesh,269882,2023-12-04,Regular
CUST00001454,Rajesh Gupta,rajesh.gupta2263@example.in,9938327811,Chennai,Tamil Nadu,110242,2024-02-29,Occasional
CUST00001455,Simran Banerjee,simran.banerjee263@example.in,9402038063,Mumbai,Maharashtra,206275,2024-08-02,Regular
CUST00001456,Myra Chopra,myra.chopra9587@example.in,9814065661,Bengaluru,Karnataka,236585,2024-09-01,Regular
CUST00001457,Saanvi Kulkarni,saanvi.kulkarni5219@example.in,9520040129,Kolkata,West Bengal,799748,2022-09-09,Occasional
CUST00001458,Karthik Singh,karthik.singh7764@example.in,9619267541,Mangaluru,Karnataka,241889,2023-12-09,Occasional
CUST00001459,Divya Kulkarni,divya.kulkarni3201@example.in,9424555740,Chennai,Tamil Nadu,230658,2024-06-02,Occasional
CUST00001460,Manpreet Subramanian,manpreet.subramanian2992@example.in,9867900225,Visakhapatnam,Andhra Pradesh,734262,2024-04-22,Occasional
CUST00001461,Vivaan Pawar,vivaan.pawar2251@example.in,9906505066,Ahmedabad,Gujarat,765166,2023-05-08,Occasional
CUST00001462,Diya Agarwal,diya.agarwal2170@example.in,9286611655,Delhi,Delhi,265717,2022-06-30,Regular
CUST00001463,Aadhya Kapoor,aadhya.kapoor4716@example.in,9894844158,Hyderabad,Telangana,594666,2023-11-29,New
CUST00001464,Aadhya Kaur,aadhya.kaur1058@example.in,9122105255,Nagpur,Maharashtra,508224,2022-07-21,New
CUST00001465,Priya Kapoor,priya.kapoor8419@example.in,9112395314,Indore,Madhya Pradesh,539829,2023-05-03,New
CUST00001466,Zoya Subramanian,zoya.subramanian5112@example.in,9593082860,Kolkata,West Bengal,341974,2023-11-20,Premium
CUST00001467,Vivaan Das,vivaan.das9151@example.in,9339670105,Bengaluru,Karnataka,669835,2022-09-30,Occasional
CUST00001468,Lakshmi Khanna,lakshmi.khanna5021@example.in,9638106267,Chandigarh,Chandigarh,766433,2022-01-02,Occasional
CUST00001469,Deepak Malhotra,deepak.malhotra3032@example.in,9124435450,Delhi,Delhi,650954,2024-11-27,Occasional
CUST00001470,Deepak Chopra,deepak.chopra5149@example.in,9573973758,Mysuru,Karnataka,782959,2024-07-30,Occasional
CUST00001471,Divya Das,divya.das1543@example.in,9765354976,Delhi,Delhi,192355,2023-12-05,Regular
CUST00001472,Sai Ghosh,sai.ghosh8240@example.in,9932544243,delhi,Delhi,599583,2023-01-17,Premium
CUST00001473,Sandeep Kapoor,sandeep.kapoor7200@example.in,9695946648,Pune,Maharashtra,854719,2023-04-30,Regular
CUST00001474,Aadhya Agarwal,aadhya.agarwal1472@example.in,9131079453,Ahmedabad,Gujarat,509141,2023-11-02,Regular
CUST00001475,Pooja Bansal,pooja.bansal5819@example.in,9587359503,Pune,Maharashtra,811818,2023-06-24,New
CUST00001476,Divya Kapoor,divya.kapoor5379@example.in,9445558696,Kolkata,West Bengal,369582,2022-05-10,New
CUST00001477,Vijay Sheikh,vijay.sheikh2010@example.in,9218362533,Panaji,Goa,778066,2023-09-26,Occasional
CUST00001478,Myra Rao,myra.rao1221@example.in,9175029687,Pune,Maharashtra,809516,2024-01-12,Occasional
CUST00001479,Kavya Ansari,kavya.ansari7602@example.in,9300270124,Pune,Maharashtra,573678,2023-07-21,New
CUST00001480,Neha Desai,neha.desai2640@example.in,9840733542,Kolkata,West Bengal,635001,2023-05-12,Regular
CUST00001481,Aditya Das,aditya.das5189@example.in,9639957260,Mumbai,Maharashtra,499541,2022-10-21,New
CUST00001482,Nikhil Desai,nikhil.desai2477@example.in,9515461928,Surat,Gujarat,346171,2022-05-14,New
CUST00001483,Arjun Kapoor,arjun.kapoor6533@example.in,9205282579,Bengaluru,Karnataka,509590,2023-05-25,New
CUST00001484,Priya Joshi,priya.joshi490@example.in,9448826555,Kanpur,Uttar Pradesh,827126,2023-04-04,Regular
CUST00001485,Anjali Menon,anjali.menon3593@example.in,9600975254,Mumbai,Maharashtra,121130,2023-02-04,Regular
CUST00001486,Vihaan Iyer,vihaan.iyer5470@example.in,9342482576,Shillong,Meghalaya,262813,2023-11-03,Occasional
CUST00001487,Manpreet Bansal,manpreet.bansal4391@example.in,9973104206,Pune,Maharashtra,482163,2023-09-15,Regular
CUST00001488,Riya Sheikh,riya.sheikh6123@example.in,9439483614,Varanasi,Uttar Pradesh,362904,2023-03-15,Regular
CUST00001489,Aarav Das,aarav.das1804@example.in,9986046034,Pune,Maharashtra,574781,2022-06-14,Occasional
CUST00001490,Anjali Gill,anjali.gill4418@example.in,9568175889,Mumbai,Maharashtra,378654,2022-07-15,Regular
CUST00001491,Suresh Ghosh,suresh.ghosh7564@example.in,9253436632,Raipur,Chhattisgarh,600813,2022-07-20,New
CUST00001492,Manish Naidu,manish.naidu3336@example.in,9532333013,Nagpur,Maharashtra,189224,2023-03-03,Occasional
CUST00001493,Sandeep Pillai,sandeep.pillai1570@example.in,9329224027,Visakhapatnam,Andhra Pradesh,357483,2024-04-17,New
CUST00001494,Neha Patel,neha.patel8476@example.in,9744978727,Kolkata,West Bengal,626225,2024-05-26,Occasional
CUST00001495,Sunita Ghosh,sunita.ghosh7782@example.in,9757261240,Kanpur,Uttar Pradesh,461161,2023-06-27,Occasional
CUST00001496,Riya Kulkarni,riya.kulkarni6803@example.in,9946122363,Amritsar,Punjab,641773,2022-10-17,New
CUST00001497,Karthik Pillai,karthik.pillai7979@example.in,9756163648,Lucknow,Uttar Pradesh,584126,2022-05-12,Occasional
CUST00001498,Krishna Subramanian,krishna.subramanian7787@example.in,9406510119,Chennai,Tamil Nadu,354769,2023-01-03,Occasional
CUST00001499,Deepak Patel,deepak.patel7465@example.in,9281367621,Nagpur,Maharashtra,429138,2022-12-28,Occasional
CUST00001500,Aadhya Banerjee,aadhya.banerjee5094@example.in,9576432873,,Madhya Pradesh,828809,2023-12-19,New
CUST00001501,Meera Singh,meera.singh195@example.in,9504183822,Jamshedpur,Jharkhand,826903,2022-12-18,New
CUST00001502,Lakshmi Desai,lakshmi.desai5970@example.in,9381745614,Chennai,Tamil Nadu,136512,2023-07-08,Occasional
CUST00001503,Zoya Bose,zoya.bose2731@example.in,9918431007,Kolkata,West Bengal,635637,2023-01-13,Regular
CUST00001504,Harpreet More,harpreet.more7732@example.in,9443377152,Bhubaneswar,Odisha,475836,2023-04-11,Regular
CUST00001505,Sai Sharma,sai.sharma4683@example.in,9712799958,Pune,Maharashtra,110950,2024-03-20,New
CUST00001506,Reyansh Pawar,reyansh.pawar9051@example.in,9985829604,Coimbatore,Tamil Nadu,582489,2022-09-04,Regular
CUST00001507,Harpreet Jain,harpreet.jain5955@example.in,9110702917,Pune,Maharashtra,127346,2022-09-07,Occasional
CUST00001508,Riya Gill,riya.gill5505@example.in,9428308067,Bengaluru,Karnataka,347554,2022-06-13,Premium
CUST00001509,Vivaan Banerjee,vivaan.banerjee9191@example.in,9764048942,Kochi,Kerala,624354,2023-12-15,New
CUST00001510,Pari Deshpande,pari.deshpande4750@example.in,9547900143,Delhi,Delhi,715530,2023-06-04,Occasional
CUST00001511,Sunita Reddy,sunita.reddy3756@example.in,9812698105,Bengaluru,Karnataka,417469,2023-04-28,Occasional
CUST00001512,Aisha Das,aisha.das3715@example.in,9527073034,Lucknow,Uttar Pradesh,712621,2023-09-05,New
CUST00001513,Vihaan Agarwal,vihaan.agarwal8749@example.in,9157960729,Kochi,Kerala,735504,2022-06-11,New
CUST00001514,Nikhil Shah,nikhil.shah7562@example.in,9490297421,Varanasi,Uttar Pradesh,443473,2024-08-11,New
CUST00001515,Rohan Menon,rohan.menon1634@example.in,9464054876,Bengaluru,Karnataka,238917,2023-03-11,Occasional
CUST00001516,Aisha Pillai,aisha.pillai4924@example.in,9861068230,Delhi,Delhi,601178,2022-11-11,Occasional
CUST00001517,Aarav Krishnan,aarav.krishnan3713@example.in,9232614534,Jamshedpur,Jharkhand,120303,2023-07-26,Regular
CUST00001518,Vijay Joshi,vijay.joshi6466@example.in,9239747713,Delhi,Delhi,775550,2022-07-01,New
CUST00001519,Amit Chopra,amit.chopra523@example.in,9227348744,Bengaluru,Karnataka,399167,2022-05-22,Regular
CUST00001520,Zoya Malhotra,zoya.malhotra7140@example.in,9610898235,Hyderabad,Telangana,676308,2024-03-22,Occasional
CUST00001521,Ira Jain,ira.jain7424@example.in,9996003281,Ahmedabad,Gujarat,658454,2022-12-19,Premium
CUST00001522,Ananya Sheikh,ananya.sheikh2266@example.in,9656741418,Rajkot,Gujarat,462340,2023-02-26,New
CUST00001523,Ishaan Malhotra,ishaan.malhotra1507@example.in,9834659894,Thiruvananthapuram,Kerala,834050,2023-08-09,Regular
CUST00001524,Rohan Pawar,rohan.pawar6275@example.in,9866099176,Patna,Bihar,703346,2024-06-30,Regular
CUST00001525,Priya Das,priya.das2570@example.in,9640545356,Delhi,Delhi,768425,2023-01-03,Regular
CUST00001526,Arjun Chopra,arjun.chopra9414@example.in,9648280143,Chennai,Tamil Nadu,179969,2022-10-11,Regular
CUST00001527,Kavya Sharma,kavya.sharma7751@example.in,9318757870,Pune,Maharashtra,470692,2023-10-24,Occasional
CUST00001528,Fatima Banerjee,fatima.banerjee9549@example.in,9964018311,Delhi,Delhi,819325,2023-04-23,Regular
CUST00001529,Rajesh Chatterjee,rajesh.chatterjee5347@example.in,9809045360,Bengaluru,Karnataka,715644,2024-11-02,Occasional
CUST00001530,Manish Pawar,manish.pawar9383@example.in,9884950939,Hyderabad,Telangana,448364,2023-07-10,Occasional
CUST00001531,Imran Menon,imran.menon140@example.in,9413865952,Delhi,Delhi,162405,2022-01-25,Premium
CUST00001532,Kiran Verma,kiran.verma2899@example.in,9229372921,Ahmedabad,Gujarat,320286,2024-01-17,New
CUST00001533,Manish Das,manish.das23@example.in,9873915799,Patna,Bihar,536410,2023-11-09,Occasional
CUST00001534,Zoya Pillai,zoya.pillai6775@example.in,9525664023,Mumbai,Maharashtra,588253,2023-02-07,Regular
CUST00001535,Reyansh Singh,reyansh.singh5106@example.in,9962630031,Pune,Maharashtra,798710,2023-07-13,New
CUST00001536,Sunita Kapoor,sunita.kapoor2877@example.in,9331477462,Visakhapatnam,Andhra Pradesh,179195,2022-05-24,New
CUST00001537,Pari Agarwal,pari.agarwal3049@example.in,9419339087,Kochi,Kerala,405353,2024-07-11,New
CUST00001538,Nikhil Banerjee,nikhil.banerjee6437@example.in,9649187925,Ranchi,Jharkhand,312739,2024-05-11,Regular
CUST00001539,Farhan Ghosh,farhan.ghosh1803@example.in,9454890626,Kolkata,West Bengal,825387,2023-05-19,Regular
CUST00001540,Sneha Khanna,sneha.khanna5145@example.in,9353623520,Ranchi,Jharkhand,233767,2024-02-02,New
CUST00001541,Arjun Desai,arjun.desai6135@example.in,9288846571,Bengaluru,Karnataka,274436,2023-11-28,Occasional
CUST00001542,Riya Kaur,riya.kaur2400@example.in,9684610550,Chennai,Tamil Nadu,331910,2023-03-11,Occasional
CUST00001543,Kavya Pawar,kavya.pawar2284@example.in,9184278523,Delhi,Delhi,188710,2023-04-09,Occasional
CUST00001544,Harpreet Banerjee,harpreet.banerjee3542@example.in,9138281456,Pune,Maharashtra,589458,2023-05-27,Occasional
CUST00001545,Simran Menon,simran.menon5921@example.in,9760769218,Chennai,Tamil Nadu,501009,2023-03-07,Premium
CUST00001546,Suresh Nair,suresh.nair2544@example.in,9126390930,Bengaluru,Karnataka,525520,2022-12-07,New
CUST00001547,Simran More,simran.more3792@example.in,9477837845,Kochi,Kerala,786005,2023-05-07,New
CUST00001548,Amit Shah,amit.shah5434@example.in,9209192318,Hyderabad,Telangana,432715,2024-05-11,Occasional
CUST00001549,Rahul Pawar,rahul.pawar1868@example.in,9628576460,Bengaluru,Karnataka,341940,2022-10-08,Occasional
CUST00001550,Sunita Kapoor,sunita.kapoor5689@example.in,9130971493,New Delhi,Delhi,389728,2023-12-02,Occasional
CUST00001551,Anjali Sheikh,anjali.sheikh1381@example.in,9123276162,Kolkata,West Bengal,706213,2022-09-27,New
CUST00001552,Pooja Khan,pooja.khan1426@example.in,9725897308,Hyderabad,Telangana,503737,2022-08-22,New
CUST00001553,Priya Krishnan,priya.krishnan2369@example.in,9198662380,Chennai,Tamil Nadu,236072,2024-07-26,Premium
CUST00001554,Meera Sheikh,meera.sheikh2865@example.in,9546392218,Bengaluru,Karnataka,623985,2022-03-30,New
CUST00001555,Sandeep Banerjee,sandeep.banerjee299@example.in,9829293546,Thiruvananthapuram,Kerala,665537,2022-06-12,Occasional
CUST00001556,Sneha Bansal,sneha.bansal9615@example.in,9775269462,Madurai,Tamil Nadu,296224,2023-06-18,Regular
CUST00001557,Vivaan Rao,vivaan.rao3081@example.in,9384101174,Pune,Maharashtra,525050,2024-05-08,New
CUST00001558,Arjun Gupta,arjun.gupta8045@example.in,9947821143,Kanpur,Uttar Pradesh,529997,2023-01-22,New
CUST00001559,Krishna Gill,krishna.gill9018@example.in,9231238155,Nashik,Maharashtra,240408,2022-07-07,Occasional
CUST00001560,Priya Agarwal,priya.agarwal8005@example.in,9644780223,Puducherry,Puducherry,116799,2022-11-25,Occasional
CUST00001561,Deepak Krishnan,deepak.krishnan8312@example.in,9491886047,Lucknow,Uttar Pradesh,645059,2023-06-09,New
CUST00001562,Lakshmi Gill,lakshmi.gill1001@example.in,9949581208,Varanasi,Uttar Pradesh,568560,2022-06-01,Occasional
CUST00001563,Diya Kaur,diya.kaur3720@example.in,9732021762,Meerut,Uttar Pradesh,641832,2023-03-05,New
CUST00001564,Kiran Banerjee,kiran.banerjee7461@example.in,9305014623,Vijayawada,Andhra Pradesh,391164,2022-04-16,New
CUST00001565,Anjali Jain,anjali.jain5758@example.in,9147120827,Pune,Maharashtra,494060,2022-08-24,New
CUST00001566,Aditya Bansal,aditya.bansal57@example.in,9144859189,Mumbai,Maharashtra,841456,2024-02-04,New
CUST00001567,Aisha Nair,aisha.nair5673@example.in,9987472516,Mumbai,Maharashtra,278000,2024-05-02,Occasional
CUST00001568,Pari Bose,pari.bose8044@example.in,9746289805,Pune,Maharashtra,596419,2022-12-26,Premium
CUST00001569,Imran Chopra,imran.chopra8286@example.in,9516390111,Pune,Maharashtra,208575,2023-04-02,New
CUST00001570,Harpreet Subramanian,harpreet.subramanian3839@example.in,9314593467,Kolkata,West Bengal,158947,2023-04-28,Occasional
CUST00001571,Sunita Kaur,sunita.kaur2363@example.in,9343941112,Jaipur,Rajasthan,823267,2024-10-29,Occasional
CUST00001572,Pooja More,pooja.more3095@example.in,9506365353,Ahmedabad,Gujarat,206732,2023-04-15,Occasional
CUST00001573,Sneha Kapoor,sneha.kapoor2964@example.in,9151437711,Dehradun,Uttarakhand,598657,2023-01-20,Occasional
CUST00001574,Myra Ghosh,myra.ghosh3466@example.in,9295708800,Delhi,Delhi,493143,2023-02-06,New
CUST00001575,Rajesh Nair,rajesh.nair3018@example.in,9201556308,,Karnataka,712979,2023-05-15,Occasional
CUST00001576,Arjun Ansari,arjun.ansari4572@example.in,9213311609,Guwahati,Assam,517285,2023-03-31,New
CUST00001577,Saanvi Rao,saanvi.rao409@example.in,9411023756,Ludhiana,Punjab,629324,2022-12-05,Regular
CUST00001578,Reyansh Chopra,reyansh.chopra2752@example.in,9720968026,Panaji,Goa,776234,2023-05-14,New
CUST00001579,Sneha Bansal,sneha.bansal3147@example.in,9569895074,Vadodara,Gujarat,728055,2023-03-03,Regular
CUST00001580,Pari Pawar,pari.pawar1534@example.in,9273441314,Varanasi,Uttar Pradesh,647868,2023-11-12,Occasional
CUST00001581,Rohan Singh,rohan.singh8778@example.in,9975116378,Hyderabad,Telangana,231075,2024-08-05,Occasional
CUST00001582,Riya Singh,riya.singh6754@example.in,9757091253,Chennai,Tamil Nadu,236232,2023-09-29,New
CUST00001583,Zoya Verma,zoya.verma9119@example.in,9523015769,Bengaluru,Karnataka,480286,2023-11-28,Occasional
CUST00001584,Suresh More,suresh.more5615@example.in,9144251939,Surat,Gujarat,600924,2024-01-22,Regular
CUST00001585,Sunita Sharma,sunita.sharma1097@example.in,9245578284,Mysuru,Karnataka,607086,2024-08-19,Occasional
CUST00001586,Farhan Verma,farhan.verma9045@example.in,9196788970,Hyderabad,Telangana,696165,2023-08-09,New
CUST00001587,Farhan Khanna,farhan.khanna4580@example.in,9360888762,Jaipur,Rajasthan,187038,2023-03-17,New
CUST00001588,Aisha Sharma,aisha.sharma6843@example.in,9307137605,Hyderabad,Telangana,239236,2023-04-14,New
CUST00001589,Zoya Rao,zoya.rao3813@example.in,9288383959,Delhi,Delhi,221736,2023-05-12,Regular
CUST00001590,Farhan Chatterjee,farhan.chatterjee4942@example.in,9392831895,Bengaluru,Karnataka,513148,2022-12-21,Occasional
CUST00001591,Gurpreet Menon,gurpreet.menon4893@example.in,9883929357,mumbai,Maharashtra,582391,2022-11-26,Regular
CUST00001592,Aisha Desai,aisha.desai2847@example.in,9879246357,Guntur,Andhra Pradesh,196087,2022-03-24,Regular
CUST00001593,Diya Subramanian,diya.subramanian5547@example.in,9107572778,Chennai,Tamil Nadu,757287,2022-10-15,Occasional
CUST00001594,Ramesh Banerjee,ramesh.banerjee7336@example.in,9710781041,Dehradun,Uttarakhand,336103,2024-01-28,Occasional
CUST00001595,Harpreet Shah,harpreet.shah203@example.in,9991981899,Indore,Madhya Pradesh,602087,2024-03-30,Occasional
CUST00001596,Farhan Menon,farhan.menon1309@example.in,9620477605,Bengaluru,Karnataka,670049,2023-08-21,Occasional
CUST00001597,Suresh Bose,suresh.bose8421@example.in,9451308020,Delhi,Delhi,136977,2022-12-13,New
CUST00001598,Krishna Agarwal,krishna.agarwal5696@example.in,9542106595,Bhubaneswar,Odisha,754390,2024-02-12,Regular
CUST00001599,Rahul Rao,rahul.rao9735@example.in,9291917470,Bengaluru,Karnataka,833086,2024-01-12,Premium
CUST00001600,Meera Shah,meera.shah6046@example.in,9943242936,Meerut,Uttar Pradesh,824295,2024-02-08,Occasional
CUST00001601,Suresh Kulkarni,suresh.kulkarni6533@example.in,9487790011,Delhi,Delhi,213949,2023-06-20,Premium
CUST00001602,Ira Joshi,ira.joshi8989@example.in,9212146448,Indore,Madhya Pradesh,402576,2023-05-26,Premium
CUST00001603,Ira Khan,ira.khan6604@example.in,9372804717,Ranchi,Jharkhand,283286,2023-09-29,Occasional
CUST00001604,Aditya Pillai,aditya.pillai3296@example.in,9350756449,Bengaluru,Karnataka,445902,2023-08-18,Regular
CUST00001605,Pari Gill,pari.gill5279@example.in,9254066154,Bengaluru,Karnataka,836464,2024-09-14,Occasional
CUST00001606,Anjali Gill,anjali.gill2356@example.in,9437572632,Siliguri,West Bengal,678616,2022-10-26,New
CUST00001607,Diya Khan,diya.khan3343@example.in,9709388846,,Karnataka,684510,2022-11-27,New
CUST00001608,Manpreet Kapoor,manpreet.kapoor6802@example.in,9474976533,Kolkata,West Bengal,424388,2023-08-28,Occasional
CUST00001609,Arjun Shah,arjun.shah1490@example.in,9337603933,Calcutta,West Bengal,807859,2023-03-16,Regular
CUST00001610,Ramesh Reddy,ramesh.reddy6719@example.in,9244159742,Bengaluru,Karnataka,795548,2024-08-07,New
CUST00001611,Sneha Joshi,sneha.joshi5840@example.in,9461572772,Visakhapatnam,Andhra Pradesh,711026,2023-10-28,Regular
CUST00001612,Sunita Mukherjee,sunita.mukherjee3084@example.in,9912347297,Visakhapatnam,Andhra Pradesh,716878,2023-03-07,Occasional
CUST00001613,Imran Khanna,imran.khanna450@example.in,9966469464,Chennai,Tamil Nadu,595618,2023-06-26,Occasional
CUST00001614,Karthik Malhotra,karthik.malhotra7045@example.in,9997788832,Dehradun,Uttarakhand,181037,2023-03-01,New
CUST00001615,Deepak Singh,deepak.singh8244@example.in,9201405566,Bengaluru,Karnataka,322025,2022-10-15,Occasional
CUST00001616,Meera Pawar,meera.pawar7300@example.in,9538831429,Mumbai,Maharashtra,682840,2023-01-23,New
CUST00001617,Pooja More,pooja.more4209@example.in,9141025471,Jaipur,Rajasthan,353565,2023-09-12,New
CUST00001618,Rohan Rao,rohan.rao6535@example.in,9545833065,Panaji,Goa,238455,2024-03-10,New
CUST00001619,Amit Nair,amit.nair4147@example.in,9619009570,Mumbai,Maharashtra,815827,2022-08-31,New
CUST00001620,Diya Shah,diya.shah3582@example.in,9402781443,Bengaluru,Karnataka,473873,2023-07-08,New
CUST00001621,Priya Jain,priya.jain3272@example.in,9132570619,Ahmedabad,Gujarat,751266,2024-05-17,Occasional
CUST00001622,Deepak Khanna,deepak.khanna2109@example.in,9484319333,Bhubaneswar,Odisha,321738,2022-10-22,Occasional
CUST00001623,Ananya Jain,ananya.jain9692@example.in,9661785428,Mumbai,Maharashtra,377863,2023-04-03,New
CUST00001624,Aadhya Chatterjee,aadhya.chatterjee6661@example.in,9189845093,Chennai,Tamil Nadu,365797,2024-01-02,Regular
CUST00001625,Sunita Das,sunita.das1749@example.in,9651870003,Kochi,Kerala,388128,2024-02-18,Occasional
CUST00001626,Riya Desai,riya.desai8649@example.in,9460833743,Chennai,Tamil Nadu,436053,2022-06-09,Premium
CUST00001627,Rohan Joshi,rohan.joshi1513@example.in,9765122898,Delhi,Delhi,331817,2023-02-02,Occasional
CUST00001628,Meera Reddy,meera.reddy5936@example.in,9985439655,Bengaluru,Karnataka,716680,2023-09-23,New
CUST00001629,Nikhil Kaur,nikhil.kaur1655@example.in,9778269951,Kolkata,West Bengal,353005,2022-08-29,Regular
CUST00001630,Sunita Desai,sunita.desai3612@example.in,9214923717,Pune,Maharashtra,438982,2023-06-23,Regular
CUST00001631,Rajesh Desai,rajesh.desai6584@example.in,9532882746,Nashik,Maharashtra,751298,2023-11-19,Occasional
CUST00001632,Manpreet Verma,manpreet.verma9990@example.in,9771443762,Kanpur,Uttar Pradesh,435731,2022-12-08,Occasional
CUST00001633,Ramesh Subramanian,ramesh.subramanian9917@example.in,9799758113,Bhopal,Madhya Pradesh,117829,2023-07-14,Occasional
CUST00001634,Pari Ansari,pari.ansari8954@example.in,9647299063,Imphal,Manipur,110364,2023-12-17,Occasional
CUST00001635,Zoya Singh,zoya.singh2355@example.in,9445951673,Kolkata,West Bengal,434910,2023-05-16,Regular
CUST00001636,Aadhya Gill,aadhya.gill935@example.in,9778798748,Chennai,Tamil Nadu,593222,2022-12-25,Occasional
CUST00001637,Pari Ansari,pari.ansari9055@example.in,9528675799,Madurai,Tamil Nadu,812525,2023-05-08,New
CUST00001638,Sunita Kaur,sunita.kaur9230@example.in,9693182504,BANGALORE,Karnataka,207465,2022-06-18,New
CUST00001639,Imran Banerjee,imran.banerjee2786@example.in,9651929303,Coimbatore,Tamil Nadu,514328,2023-02-15,New
CUST00001640,Ira Kapoor,ira.kapoor192@example.in,9517659426,Kochi,Kerala,325298,2023-05-21,New
CUST00001641,Nikhil Kaur,nikhil.kaur6478@example.in,9205363050,Delhi,Delhi,445635,2022-10-17,Occasional
CUST00001642,Harpreet Kaur,harpreet.kaur761@example.in,9363291700,Pune,Maharashtra,439817,2023-08-21,Regular
CUST00001643,Lakshmi Menon,lakshmi.menon405@example.in,9944021704,bengaluru,Karnataka,342752,2022-09-02,New
CUST00001644,Aarav Banerjee,aarav.banerjee9370@example.in,9568160252,Delhi,Delhi,123584,2024-04-27,New
CUST00001645,Anjali Kaur,anjali.kaur4956@example.in,9672466388,Pune,Maharashtra,165074,2022-08-09,New
CUST00001646,Ishaan Iyer,ishaan.iyer1121@example.in,9735202233,Hyderabad,Telangana,499242,2023-09-25,Occasional
CUST00001647,Fatima Sheikh,fatima.sheikh6545@example.in,9538008711,Guwahati,Assam,277269,2023-01-19,Occasional
CUST00001648,Vihaan Khan,vihaan.khan3692@example.in,9296874158,Meerut,Uttar Pradesh,353671,2023-12-28,Occasional
CUST00001649,Manpreet Naidu,manpreet.naidu5363@example.in,9455507926,Bhubaneswar,Odisha,177403,2022-11-30,Premium
CUST00001650,Ishaan Desai,ishaan.desai8987@example.in,9608855588,Bangalore,Karnataka,146970,2022-04-17,Premium
CUST00001651,Rahul Pawar,rahul.pawar2378@example.in,9352149125,Bengaluru,Karnataka,204406,2023-08-02,Regular
CUST00001652,Diya Kulkarni,diya.kulkarni6464@example.in,9320755321,Bengaluru,Karnataka,391110,2023-06-10,Regular
CUST00001653,Lakshmi Agarwal,lakshmi.agarwal8284@example.in,9342649454,Delhi,Delhi,231839,2022-09-29,Occasional
CUST00001654,Kavya Subramanian,kavya.subramanian4237@example.in,9364247293,Mangaluru,Karnataka,282442,2022-11-16,Occasional
CUST00001655,Sandeep Jain,sandeep.jain9700@example.in,9765108647,Chennai,Tamil Nadu,335047,2022-12-02,Occasional
CUST00001656,Vihaan Sharma,vihaan.sharma4483@example.in,9549125326,Bengaluru,Karnataka,327069,2023-06-27,Regular
CUST00001657,Priya Singh,priya.singh4592@example.in,9522199653,Ludhiana,Punjab,118209,2023-04-07,New
CUST00001658,Farhan Das,farhan.das8841@example.in,9246273627,Chennai,Tamil Nadu,197451,2023-02-17,New
CUST00001659,Harpreet Bansal,harpreet.bansal6358@example.in,9590102646,Bombay,Maharashtra,817968,2023-02-09,New
CUST00001660,Ananya Patel,ananya.patel8686@example.in,9966141894,Delhi,Delhi,607737,2022-05-16,Occasional
CUST00001661,Kavya Kulkarni,kavya.kulkarni7903@example.in,9770961469,Kanpur,Uttar Pradesh,202260,2023-09-15,Occasional
CUST00001662,Rahul Naidu,rahul.naidu7123@example.in,9502249883,Visakhapatnam,Andhra Pradesh,321394,2023-08-30,New
CUST00001663,Suresh Krishnan,suresh.krishnan2415@example.in,9376273428,Bengaluru,Karnataka,395491,2023-06-20,Occasional
CUST00001664,Karthik More,karthik.more3988@example.in,9417051306,Jodhpur,Rajasthan,784830,2023-07-20,Occasional
CUST00001665,Sai Reddy,sai.reddy8643@example.in,9124176021,Amritsar,Punjab,765351,2024-03-26,Regular
CUST00001666,Rajesh Shah,rajesh.shah6160@example.in,9126276944,Ludhiana,Punjab,684058,2023-11-27,New
CUST00001667,Diya Kulkarni,diya.kulkarni2802@example.in,9798714519,Bengaluru,Karnataka,189406,2024-09-13,New
CUST00001668,Myra Khan,myra.khan3273@example.in,9858928925,Mumbai,Maharashtra,475480,2023-01-18,Occasional
CUST00001669,Fatima Kapoor,fatima.kapoor7757@example.in,9971699166,Nashik,Maharashtra,470342,2022-12-08,Occasional
CUST00001670,Divya Desai,divya.desai1782@example.in,9663250522,Hyderabad,Telangana,585028,2022-10-28,Regular
CUST00001671,Kavya Kulkarni,kavya.kulkarni1121@example.in,9936269046,Lucknow,Uttar Pradesh,739462,2023-07-01,Occasional
CUST00001672,Farhan Bose,farhan.bose7650@example.in,9474764638,Thiruvananthapuram,Kerala,349164,2024-03-18,Premium
CUST00001673,Kavya Chopra,kavya.chopra2884@example.in,9328675462,Delhi,Delhi,525002,2024-06-15,New
CUST00001674,Suresh Reddy,suresh.reddy7653@example.in,9312975419,Visakhapatnam,Andhra Pradesh,306570,2023-10-26,Occasional
CUST00001675,Aadhya Agarwal,aadhya.agarwal5336@example.in,9108942211,Mysuru,Karnataka,266731,2024-01-15,Premium
CUST00001676,Ishaan Malhotra,ishaan.malhotra9977@example.in,9950927117,Chandigarh,Chandigarh,343462,2023-01-13,New
CUST00001677,Sneha Mehta,sneha.mehta5249@example.in,9797332114,kolkata,West Bengal,658040,2022-10-07,Regular
CUST00001678,Suresh Pillai,suresh.pillai8674@example.in,9442728734,Vadodara,Gujarat,436232,2023-12-10,New
CUST00001679,Lakshmi Pillai,lakshmi.pillai8503@example.in,9731672472,Ahmedabad,Gujarat,617679,2023-01-06,Occasional
CUST00001680,Kavya Rao,kavya.rao2120@example.in,9221388461,Kochi,Kerala,624989,2022-05-19,New
CUST00001681,Imran Gupta,imran.gupta9960@example.in,9488253152,Ranchi,Jharkhand,379871,2024-03-25,Occasional
CUST00001682,Vijay Verma,vijay.verma7457@example.in,9198275272,Kochi,Kerala,821618,2024-04-02,Regular
CUST00001683,Vihaan Krishnan,vihaan.krishnan1072@example.in,9200887254,Hyderabad,Telangana,144496,2023-08-17,New
CUST00001684,Sandeep Chatterjee,sandeep.chatterjee61@example.in,9816229698,Delhi,Delhi,778299,2022-10-20,New
CUST00001685,Ramesh Subramanian,ramesh.subramanian2714@example.in,9769559895,Bengaluru,Karnataka,115861,2024-06-25,New
CUST00001686,Kavya Chatterjee,kavya.chatterjee163@example.in,9903677282,Pune,Maharashtra,394898,2022-05-27,New
CUST00001687,Priya Malhotra,priya.malhotra3576@example.in,9968310609,Pune,Maharashtra,725014,2023-08-24,Occasional
CUST00001688,Pari Bose,pari.bose9962@example.in,9993535976,Jaipur,Rajasthan,619844,2023-08-19,Premium
CUST00001689,Deepak Menon,deepak.menon4789@example.in,9114273355,Chennai,Tamil Nadu,349598,2023-12-09,New
CUST00001690,Suresh Chopra,suresh.chopra239@example.in,9750899803,Vijayawada,Andhra Pradesh,769873,2023-11-14,Occasional
CUST00001691,Amit Sheikh,amit.sheikh4939@example.in,9223129807,Meerut,Uttar Pradesh,212655,2024-03-30,Occasional
CUST00001692,Saanvi Khan,saanvi.khan2191@example.in,9979938509,bengaluru,Karnataka,609756,2022-08-06,New
CUST00001693,Kavya Agarwal,kavya.agarwal8561@example.in,9894285555,Coimbatore,Tamil Nadu,496381,2023-06-04,New
CUST00001694,Sneha More,sneha.more906@example.in,9395032098,Indore,Madhya Pradesh,264358,2023-05-02,Regular
CUST00001695,Neha Chopra,neha.chopra7705@example.in,9167289803,Ahmedabad,Gujarat,796128,2024-04-01,Occasional
CUST00001696,Myra Nair,myra.nair4459@example.in,9400257648,Delhi,Delhi,680391,2022-07-26,Regular
CUST00001697,Ramesh Singh,ramesh.singh189@example.in,9104786121,Guwahati,Assam,116320,2022-06-28,Occasional
CUST00001698,Diya Pillai,diya.pillai6730@example.in,9718603256,Jamshedpur,Jharkhand,174711,2023-11-28,Occasional
CUST00001699,Sneha Subramanian,sneha.subramanian4550@example.in,9442139533,Chandigarh,Chandigarh,151834,2022-12-16,Regular
CUST00001700,Sai Chopra,sai.chopra7715@example.in,9144144268,Jodhpur,Rajasthan,419530,2024-07-08,Regular
CUST00001701,Neha Desai,neha.desai6180@example.in,9981748330,Imphal,Manipur,420747,2022-06-25,Premium
CUST00001702,Kiran Kapoor,kiran.kapoor7871@example.in,9843192755,Chennai,Tamil Nadu,649452,2024-05-12,New
CUST00001703,Sunita Agarwal,sunita.agarwal4604@example.in,9914257527,Kanpur,Uttar Pradesh,613674,2022-01-04,Premium
CUST00001704,Meera Gupta,meera.gupta80@example.in,9997567547,Pune,Maharashtra,121235,2022-10-12,Regular
CUST00001705,Sandeep Joshi,sandeep.joshi1307@example.in,9112755470,Aizawl,Mizoram,464751,2022-12-29,Regular
CUST00001706,Vihaan Shah,vihaan.shah4589@example.in,9797562799,Mumbai,Maharashtra,694754,2022-10-29,Occasional
CUST00001707,Ira Agarwal,ira.agarwal3974@example.in,9808775208,Kolkata,West Bengal,778778,2023-12-23,Premium
CUST00001708,Anjali Khanna,anjali.khanna7943@example.in,9338548805,Vadodara,Gujarat,327697,2022-03-21,Occasional
CUST00001709,Lakshmi Iyer,lakshmi.iyer4116@example.in,9936226257,Hyderabad,Telangana,142849,2022-10-22,Regular
CUST00001710,Ramesh Mehta,ramesh.mehta8601@example.in,9159329249,Vijayawada,Andhra Pradesh,223912,2024-03-30,Occasional
CUST00001711,Fatima Verma,fatima.verma1877@example.in,9676971245,Chennai,Tamil Nadu,363445,2023-02-11,Regular
CUST00001712,Saanvi Singh,saanvi.singh3848@example.in,9813400689,Shillong,Meghalaya,440222,2023-08-13,Regular
CUST00001713,Krishna More,krishna.more7562@example.in,9637442277,Rajkot,Gujarat,371795,2024-02-27,New
CUST00001714,Arjun Das,arjun.das1241@example.in,9790177014,Hyderabad,Telangana,177463,2022-07-04,New
CUST00001715,Ramesh Jain,ramesh.jain3214@example.in,9789273044,Visakhapatnam,Andhra Pradesh,363435,2024-01-10,Occasional
CUST00001716,Anjali Pillai,anjali.pillai7518@example.in,9204366609,Hyderabad,Telangana,326004,2023-06-01,Regular
CUST00001717,Saanvi Khan,saanvi.khan5889@example.in,9320086096,Surat,Gujarat,473383,2023-07-26,Regular
CUST00001718,Kiran Kulkarni,kiran.kulkarni7780@example.in,9374610756,Nagpur,Maharashtra,168989,2022-11-10,Regular
CUST00001719,Sandeep Pawar,sandeep.pawar5157@example.in,9424590537,Raipur,Chhattisgarh,699072,2024-07-11,Regular
CUST00001720,Aisha Shah,aisha.shah8591@example.in,9714951736,Mumbai,Maharashtra,420724,2023-02-15,Occasional
CUST00001721,Diya Kapoor,diya.kapoor8773@example.in,9199213227,Bengaluru,Karnataka,346860,2023-08-03,New
CUST00001722,Sandeep Ghosh,sandeep.ghosh9744@example.in,9808970645,Chandigarh,Chandigarh,785464,2024-07-10,Occasional
CUST00001723,Anjali Desai,anjali.desai1220@example.in,9692778878,Jaipur,Rajasthan,664727,2023-01-11,Regular
CUST00001724,Ishaan Mehta,ishaan.mehta5911@example.in,9964918366,Pune,Maharashtra,211961,2023-12-17,Occasional
CUST00001725,Aadhya Reddy,aadhya.reddy1143@example.in,9105884028,Mumbai,Maharashtra,219134,2023-10-05,Regular
CUST00001726,Neha Sharma,neha.sharma2289@example.in,9365866442,Chennai,Tamil Nadu,111594,2024-04-07,Premium
CUST00001727,Pooja Kaur,pooja.kaur3003@example.in,9908502773,Nashik,Maharashtra,527806,2023-10-09,Occasional
CUST00001728,Ishaan More,ishaan.more6461@example.in,9604827570,Mumbai,Maharashtra,374312,2024-01-05,Regular
CUST00001729,Simran Patel,simran.patel4312@example.in,9126064836,Chennai,Tamil Nadu,389485,2023-01-30,Occasional
CUST00001730,Kavya Kapoor,kavya.kapoor8646@example.in,9785897089,Mangaluru,Karnataka,489561,2024-07-08,Occasional
CUST00001731,Riya Ansari,riya.ansari2985@example.in,9327689089,Mumbai,Maharashtra,511775,2024-04-14,New
CUST00001732,Aditya Krishnan,aditya.krishnan6172@example.in,9966813288,Kochi,Kerala,110727,2023-06-02,New
CUST00001733,Zoya Sharma,zoya.sharma7631@example.in,9436603156,Bengaluru,Karnataka,190287,2022-08-07,New
CUST00001734,Diya Kaur,diya.kaur9802@example.in,9634425585,Nashik,Maharashtra,698018,2024-03-09,Occasional
CUST00001735,Manpreet Reddy,manpreet.reddy2453@example.in,9529687013,Kochi,Kerala,820441,2022-09-20,New
CUST00001736,Sneha Shah,sneha.shah7335@example.in,9523760943,Rajkot,Gujarat,733782,2023-09-29,Occasional
CUST00001737,Zoya Shah,zoya.shah848@example.in,9954863792,Bengaluru,Karnataka,785235,2023-05-23,Occasional
CUST00001738,Ishaan Banerjee,ishaan.banerjee5434@example.in,9428027553,Ahmedabad,Gujarat,455374,2023-03-05,Occasional
CUST00001739,Ishaan Naidu,ishaan.naidu4138@example.in,9457934496,Visakhapatnam,Andhra Pradesh,725762,2023-12-06,Regular
CUST00001740,Lakshmi Mehta,lakshmi.mehta9584@example.in,9661670169,Bengaluru,Karnataka,767362,2022-12-27,Occasional
CUST00001741,Sunita Shah,sunita.shah7733@example.in,9253371170,Bengaluru,Karnataka,775227,2024-05-13,New
CUST00001742,Karthik Deshpande,karthik.deshpande9271@example.in,9845754108,MUMBAI ,Maharashtra,221303,2023-09-20,Premium
CUST00001743,Vivaan Mukherjee,vivaan.mukherjee8504@example.in,9306906915,Jamshedpur,Jharkhand,219300,2022-10-18,Regular
CUST00001744,Simran Chopra,simran.chopra4106@example.in,9317513019,Patna,Bihar,409984,2023-09-27,Occasional
CUST00001745,Kavya Joshi,kavya.joshi7332@example.in,9109644224,Kanpur,Uttar Pradesh,485332,2022-09-04,Regular
CUST00001746,Harpreet Kaur,harpreet.kaur305@example.in,9408588290,Kochi,Kerala,823926,2024-07-06,New
CUST00001747,Zoya Banerjee,zoya.banerjee5578@example.in,9624440158,Ahmedabad,Gujarat,346880,2024-04-20,Regular
CUST00001748,Fatima Sharma,fatima.sharma473@example.in,9734431283,Pune,Maharashtra,729592,2022-07-14,New
CUST00001749,Divya Khan,divya.khan7241@example.in,9908691322,,West Bengal,771206,2023-11-09,Occasional
CUST00001750,Anjali Sheikh,anjali.sheikh9666@example.in,9800146537,Kanpur,Uttar Pradesh,829217,2023-09-12,New
CUST00001751,Karthik Banerjee,karthik.banerjee6813@example.in,9388915471,Bengaluru,Karnataka,251154,2023-08-20,Regular
CUST00001752,Vivaan Das,vivaan.das8398@example.in,9842857183,Rajkot,Gujarat,290227,2023-07-24,New
CUST00001753,Kavya Ghosh,kavya.ghosh2344@example.in,9288398096,Bhubaneswar,Odisha,273885,2023-09-18,New
CUST00001754,Nikhil Kapoor,nikhil.kapoor9938@example.in,9422258591,Chennai,Tamil Nadu,657803,2023-03-05,New
CUST00001755,Lakshmi Deshpande,lakshmi.deshpande5507@example.in,9585340264,Jaipur,Rajasthan,621682,2022-09-17,Regular
CUST00001756,Suresh Deshpande,suresh.deshpande6744@example.in,9282817329,Delhi,Delhi,413326,2022-11-02,New
CUST00001757,Meera Rao,meera.rao7705@example.in,9910009987,Jammu,Jammu and Kashmir,176241,2024-03-31,Occasional
CUST00001758,Vivaan Bansal,vivaan.bansal6395@example.in,9343246606,Agra,Uttar Pradesh,498068,2023-01-02,New
CUST00001759,Priya Kulkarni,priya.kulkarni3171@example.in,9644499411,Jodhpur,Rajasthan,655699,2024-03-08,Regular
CUST00001760,Sneha Desai,sneha.desai6114@example.in,9486894780,Hyderabad,Telangana,463423,2022-11-04,New
CUST00001761,Imran Pawar,imran.pawar6539@example.in,9463499509,Delhi,Delhi,309786,2024-05-03,Premium
CUST00001762,Myra Kaur,myra.kaur8572@example.in,9986340648,Bengaluru,Karnataka,551268,2024-01-19,New
CUST00001763,Diya Banerjee,diya.banerjee4814@example.in,9492287767,Mumbai,Maharashtra,602474,2022-10-25,New
CUST00001764,Aisha Shah,aisha.shah5017@example.in,9201747381,Delhi,Delhi,550566,2022-07-10,New
CUST00001765,Ishaan Desai,ishaan.desai5031@example.in,9757236977,Mumbai,Maharashtra,760515,2023-06-25,New
CUST00001766,Suresh Pillai,suresh.pillai1144@example.in,9735041789,Gangtok,Sikkim,343918,2024-03-17,Occasional
CUST00001767,Manish Khanna,manish.khanna901@example.in,9297046100,Mumbai,Maharashtra,564232,2023-07-22,New
CUST00001768,Lakshmi Reddy,lakshmi.reddy205@example.in,9865165713,Delhi,Delhi,747093,2023-06-04,Regular
CUST00001769,Gurpreet Bansal,gurpreet.bansal6661@example.in,9235714164,Raipur,Chhattisgarh,268475,2023-11-23,Occasional
CUST00001770,Vihaan Malhotra,vihaan.malhotra4188@example.in,9255209316,Jaipur,Rajasthan,319817,2023-05-11,New
CUST00001771,Aadhya Mukherjee,aadhya.mukherjee8656@example.in,9743007911,Visakhapatnam,Andhra Pradesh,146635,2022-12-27,Occasional
CUST00001772,Pari Joshi,pari.joshi7021@example.in,9522764399,Lucknow,Uttar Pradesh,389403,2023-07-24,New
CUST00001773,Aadhya Das,aadhya.das1415@example.in,9760690416,Rajkot,Gujarat,143243,2022-08-13,New
CUST00001774,Sunita Subramanian,sunita.subramanian1001@example.in,9867601795,Kanpur,Uttar Pradesh,666136,2023-06-03,New
CUST00001775,Reyansh Khan,reyansh.khan3661@example.in,9372358302,Ahmedabad,Gujarat,176176,2023-11-17,New
CUST00001776,Vivaan Patel,vivaan.patel9208@example.in,9885236411,Chandigarh,Chandigarh,625934,2024-10-14,New
CUST00001777,Zoya Mukherjee,zoya.mukherjee487@example.in,9325288575,Kolkata,West Bengal,542032,2024-09-09,Premium
CUST00001778,Gurpreet Sheikh,gurpreet.sheikh1874@example.in,9157946623,chennai,Tamil Nadu,846099,2023-03-28,Occasional
CUST00001779,Diya Chatterjee,diya.chatterjee297@example.in,9752807498,Pune,Maharashtra,369463,2022-08-28,Premium
CUST00001780,Ira Reddy,ira.reddy4136@example.in,9781169748,Delhi,Delhi,366912,2023-05-24,New
CUST00001781,Sneha Naidu,sneha.naidu9895@example.in,9933692498,Guwahati,Assam,291143,2023-12-11,Regular
CUST00001782,Pooja Patel,pooja.patel6836@example.in,9929374816,Bengaluru,Karnataka,510329,2024-05-14,Occasional
CUST00001783,Manpreet Nair,manpreet.nair4934@example.in,9192020484,Delhi,Delhi,273409,2023-06-06,New
CUST00001784,Kavya Krishnan,kavya.krishnan1444@example.in,9659213595,Bengaluru,Karnataka,194490,2023-08-24,Regular
CUST00001785,Aarav Pawar,aarav.pawar3555@example.in,9733990231,Ludhiana,Punjab,816804,2023-12-16,New
CUST00001786,Rahul Kaur,rahul.kaur5245@example.in,9640788453,,Telangana,616055,2023-12-31,Occasional
CUST00001787,Suresh Bose,suresh.bose2749@example.in,9116827873,Bhopal,Madhya Pradesh,198533,2024-05-20,Regular
CUST00001788,Pooja Krishnan,pooja.krishnan7050@example.in,9140504848,Amritsar,Punjab,570528,2023-05-20,Occasional
CUST00001789,Pooja Malhotra,pooja.malhotra9799@example.in,9703492753,Mumbai,Maharashtra,337123,2023-02-24,Occasional
CUST00001790,Harpreet Khanna,harpreet.khanna2060@example.in,9870429718,Thiruvananthapuram,Kerala,244165,2022-12-21,Occasional
CUST00001791,Lakshmi Bose,lakshmi.bose2523@example.in,9261276273,Hyderabad,Telangana,461306,2023-07-15,New
CUST00001792,Aadhya Kulkarni,aadhya.kulkarni1263@example.in,9141763204,Bengaluru,Karnataka,696873,2024-07-19,Premium
CUST00001793,Aisha Gupta,aisha.gupta7256@example.in,9382158645,Bhopal,Madhya Pradesh,110335,2023-12-26,New
CUST00001794,Anjali Das,anjali.das4617@example.in,9984613282,Meerut,Uttar Pradesh,374661,2023-10-23,New
CUST00001795,Rahul Agarwal,rahul.agarwal2838@example.in,9933276757,Hyderabad,Telangana,796217,2022-09-13,New
CUST00001796,Rahul Gupta,rahul.gupta2192@example.in,9602296364,Jaipur,Rajasthan,403825,2023-05-24,Regular
CUST00001797,Ishaan Patel,ishaan.patel705@example.in,9954770627,Hyderabad,Telangana,183840,2023-10-02,Regular
CUST00001798,Aadhya Mehta,aadhya.mehta4761@example.in,9305930761,Ahmedabad,Gujarat,429347,2022-07-12,Occasional
CUST00001799,Sandeep Agarwal,sandeep.agarwal6832@example.in,9992710485,Lucknow,Uttar Pradesh,618520,2024-02-27,Premium
CUST00001800,Fatima Kaur,fatima.kaur2350@example.in,9502298267,Lucknow,Uttar Pradesh,852376,2022-10-18,New
CUST00001801,Kiran Gill,kiran.gill17@example.in,9528762056,Lucknow,Uttar Pradesh,578578,2023-07-20,Regular
CUST00001802,Myra Chatterjee,myra.chatterjee4733@example.in,9145501354,Delhi,Delhi,147651,2022-05-23,New
CUST00001803,Reyansh Desai,reyansh.desai6757@example.in,9259686591,Bhopal,Madhya Pradesh,712847,2023-09-16,Occasional
CUST00001804,Krishna Menon,krishna.menon3450@example.in,9274976585,Indore,Madhya Pradesh,691269,2023-09-08,New
CUST00001805,Kavya Verma,kavya.verma2504@example.in,9539150037,Indore,Madhya Pradesh,595360,2024-05-19,Premium
CUST00001806,Pooja Nair,pooja.nair1543@example.in,9192081632,Mumbai,Maharashtra,778026,2022-05-17,Regular
CUST00001807,Imran Agarwal,imran.agarwal7460@example.in,9644601631,Kolkata,West Bengal,683283,2024-08-10,Occasional
CUST00001808,Farhan Mukherjee,farhan.mukherjee8614@example.in,9162965677,Kolkata,West Bengal,283034,2023-07-21,New
CUST00001809,Aarav Naidu,aarav.naidu7696@example.in,9604483509,Mumbai,Maharashtra,423880,2022-12-21,New
CUST00001810,Meera Kapoor,meera.kapoor5181@example.in,9964259116,Bengaluru,Karnataka,488096,2023-02-28,Occasional
CUST00001811,Pari Gupta,pari.gupta7240@example.in,9464055308,Kolkata,West Bengal,474142,2022-08-23,New
CUST00001812,Rohan Mukherjee,rohan.mukherjee3969@example.in,9264665080,Kochi,Kerala,585975,2024-01-14,New
CUST00001813,Suresh Krishnan,suresh.krishnan245@example.in,9464716608,Bengaluru,Karnataka,632820,2023-03-20,Occasional
CUST00001814,Vivaan Desai,vivaan.desai3676@example.in,9194641478,Dehradun,Uttarakhand,187462,2023-10-21,Occasional
CUST00001815,Ira Deshpande,ira.deshpande7036@example.in,9879572446,Ahmedabad,Gujarat,533544,2023-05-31,Regular
CUST00001816,Suresh Shah,suresh.shah6473@example.in,9821812016,Thiruvananthapuram,Kerala,138922,2023-12-26,Occasional
CUST00001817,Saanvi Chopra,saanvi.chopra9900@example.in,9733065338,Pune,Maharashtra,491156,2023-08-20,New
CUST00001818,Vijay Mehta,vijay.mehta9973@example.in,9175921388,Pune,Maharashtra,424572,2023-09-06,Occasional
CUST00001819,Priya Shah,priya.shah2426@example.in,9174209965,Lucknow,Uttar Pradesh,263165,2022-09-27,New
CUST00001820,Lakshmi Kapoor,lakshmi.kapoor96@example.in,9296979025,Madurai,Tamil Nadu,848277,2024-07-23,Occasional
CUST00001821,Ishaan Jain,ishaan.jain2742@example.in,9243916479,Pune,Maharashtra,302321,2023-05-22,Regular
CUST00001822,Aditya Krishnan,aditya.krishnan8760@example.in,9578667221,Ahmedabad,Gujarat,151968,2023-03-17,New
CUST00001823,Pooja Desai,pooja.desai8134@example.in,9788784989,Surat,Gujarat,377123,2024-11-29,New
CUST00001824,Aadhya Ansari,aadhya.ansari988@example.in,9755160296,Coimbatore,Tamil Nadu,674356,2022-09-02,Regular
CUST00001825,Meera Patel,meera.patel1604@example.in,9940637071,Mumbai,Maharashtra,116918,2022-05-20,Occasional
CUST00001374,Aadhya Ghosh,aadhya.ghosh5827@example.in,9516190520,Srinagar,Jammu and Kashmir,672549,2023-11-15,Premium
CUST00000346,Nikhil Kaur,nikhil.kaur3676@example.in,9604575231,Mangaluru,Karnataka,845320,2023-06-24,New
CUST00001450,Diya Pillai,diya.pillai7303@example.in,9489432213,Guwahati,Assam,157248,2022-03-06,Occasional
CUST00001061,Neha Reddy,neha.reddy6993@example.in,9451025484,Lucknow,Uttar Pradesh,449079,2023-11-21,Premium
CUST00000396,Ira Menon,ira.menon5289@example.in,9956973281,Raipur,Chhattisgarh,690203,2022-09-28,Premium
