order_id,order_item_id,product_id,seller_id,quantity,unit_price_inr,discount_inr,freight_inr,line_total_inr
ORD000000000,1,PROD0000090,SELL000092,1,4992.0,263.0,205.0,5197.0
ORD000000001,1,PROD0000157,SELL000074,1,28360.0,3151.0,175.0,28535.0
ORD000000002,1,PROD0000486,SELL000040,1,1215.0,0.0,52.0,1267.0
ORD000000003,1,PROD0000306,SELL000058,1,843.0,44.0,63.0,906.0
ORD000000003,2,PROD0000029,SELL000075,1,410.0,46.0,38.0,448.0
ORD000000003,3,PROD0000058,SELL000031,2,4118.0,458.0,59.0,8295.0
ORD000000003,4,PROD0000321,SELL000104,1,1214.0,304.0,66.0,1280.0
ORD000000004,1,PROD0000071,SELL000046,2,28143.0,0.0,31.0,56317.0
ORD000000005,1,PROD0000075,SELL000079,2,447.0,191.0,58.0,952.0
ORD000000005,2,PROD0000241,SELL000053,3,482.0,0.0,49.0,1495.0
ORD000000006,1,PROD0000229,SELL000100,2,387.0,166.0,150.0,924.0
ORD000000007,1,PROD0000490,SELL000070,1,1639.0,0.0,130.0,1769.0
ORD000000008,1,PROD0000467,SELL000077,2,8719.0,969.0,41.0,17479.0
ORD000000008,2,PROD0000484,SELL000081,3,424.0,182.0,60.0,1332.0
ORD000000009,1,PROD0000038,SELL000034,1,1628.0,0.0,76.0,1704.0
ORD000000010,1,PROD0000418,SELL000036,1,217.0,54.0,39.0,256.0
ORD000000011,1,PROD0000488,SELL000086,1,1401.0,156.0,247.0,1648.0
ORD000000012,1,PROD0000318,SELL000048,1,53220.0,2801.0,42.0,53262.0
ORD000000013,1,PROD0000518,SELL000069,2,16166.0,2853.0,156.0,32488.0
ORD000000013,2,PROD0000418,SELL000054,1,271.0,0.0,65.0,336.0
ORD000000013,3,PROD0000349,SELL000003,1,836.0,148.0,57.0,893.0
ORD000000013,4,PROD0000211,SELL000049,2,1736.0,0.0,115.0,3587.0
ORD000000013,5,PROD0000185,SELL000018,1,217.0,38.0,175.0,392.0
ORD000000014,1,PROD0000205,SELL000009,1,13798.0,1533.0,41.0,13839.0
ORD000000015,1,PROD0000130,SELL000027,1,4503.0,0.0,75.0,4578.0
ORD000000016,1,PROD0000301,SELL000030,2,1738.0,0.0,68.0,3544.0
ORD000000017,1,PROD0000225,SELL000078,3,1524.0,169.0,251.0,4823.0
ORD000000018,1,PROD0000154,SELL000026,2,891.0,0.0,63.0,1845.0
ORD000000019,1,PROD0000093,SELL000083,1,18702.0,2078.0,62.0,18764.0
ORD000000020,1,PROD0000268,SELL000022,1,175.0,116.0,43.0,218.0
ORD000000021,1,PROD0000010,SELL000086,1,372.0,0.0,59.0,431.0
ORD000000022,1,PROD0000194,SELL000055,1,11261.0,593.0,46.0,11307.0
ORD000000022,2,PROD0000032,SELL000007,1,1831.0,785.0,75.0,1906.0
ORD000000023,1,PROD0000174,SELL000011,1,992.0,425.0,53.0,1045.0
ORD000000024,1,PROD0000345,SELL000007,3,30471.0,0.0,40.0,91453.0
ORD000000024,2,PROD0000332,SELL000043,2,41616.0,10404.0,38.0,83270.0
ORD000000025,1,PROD0000010,SELL000031,1,372.0,0.0,62.0,434.0
ORD000000026,1,PROD0000368,SELL000004,3,576.0,102.0,71.0,1799.0
ORD000000027,1,PROD0000157,SELL000071,1,29935.0,1576.0,178.0,30113.0
ORD000000027,2,PROD0000247,SELL000089,2,40082.0,0.0,174.0,80338.0
ORD000000027,3,PROD0000352,SELL000088,3,620.0,33.0,145.0,2005.0
ORD000000027,4,PROD0000018,SELL000015,1,1102.0,0.0,49.0,1151.0
ORD000000027,5,PROD0000091,SELL000091,3,1421.0,75.0,48.0,4311.0
ORD000000027,6,PROD0000086,SELL000044,3,538.0,28.0,88.0,1702.0
ORD000000028,1,PROD0000173,SELL000021,2,4331.0,2888.0,48.0,8710.0
ORD000000029,1,PROD0000008,SELL000014,2,849.0,94.0,50.0,1748.0
ORD000000030,1,PROD0000016,SELL000080,1,1300.0,230.0,42.0,1342.0
ORD000000031,1,PROD0000266,SELL000026,3,962.0,0.0,80.0,2966.0
ORD000000032,1,PROD0000058,SELL000067,1,2745.0,1830.0,46.0,2791.0
ORD000000033,1,PROD0000226,SELL000058,1,18931.0,996.0,100.0,19031.0
ORD000000034,1,PROD0000117,SELL000097,3,1425.0,0.0,65.0,4340.0
ORD000000035,1,PROD0000518,SELL000075,1,17117.0,1902.0,160.0,17277.0
ORD000000036,1,PROD0000065,SELL000081,2,599.0,0.0,34.0,1232.0
ORD000000037,1,PROD0000250,SELL000051,1,9852.0,0.0,22.0,9874.0
ORD000000038,1,PROD0000245,SELL000055,1,5991.0,0.0,372.0,6363.0
ORD000000038,2,PROD0000384,SELL000015,3,484.0,26.0,71.0,1523.0
ORD000000038,3,PROD0000066,SELL000082,1,6769.0,0.0,429.0,7198.0
ORD000000039,1,PROD0000502,SELL000078,2,373.0,93.0,35.0,781.0
ORD000000039,2,PROD0000158,SELL000032,1,1002.0,0.0,51.0,1053.0
ORD000000040,1,PROD0000018,SELL000014,2,1102.0,0.0,63.0,2267.0
ORD000000041,1,PROD0000376,SELL000082,2,34089.0,0.0,51.0,68229.0
ORD000000042,1,PROD0000282,SELL000080,2,705.0,37.0,52.0,1462.0
ORD000000042,2,PROD0000340,SELL000082,2,407.0,0.0,52.0,866.0
ORD000000043,1,PROD0000474,SELL000003,1,269.0,0.0,62.0,331.0
ORD000000044,1,PROD0000199,SELL000089,1,668.0,0.0,67.0,735.0
ORD000000044,2,PROD0000473,SELL000037,2,601.0,401.0,53.0,1255.0
ORD000000044,3,PROD0000485,SELL000025,2,1706.0,0.0,50.0,3462.0
ORD000000044,4,PROD0000285,SELL000055,1,658.0,0.0,67.0,725.0
ORD000000045,1,PROD0000410,SELL000089,2,631.0,70.0,64.0,1326.0
ORD000000045,2,PROD0000017,SELL000085,1,2214.0,116.0,91.0,2305.0
ORD000000045,3,PROD0000316,SELL000017,2,318.0,0.0,127.0,763.0
ORD000000046,1,PROD0000041,SELL000102,2,570.0,244.0,167.0,1307.0
ORD000000047,1,PROD0000227,SELL000081,1,912.0,161.0,102.0,1014.0
ORD000000047,2,PROD0000390,SELL000097,1,1304.0,69.0,56.0,1360.0
ORD000000048,1,PROD0000031,SELL000097,3,13942.0,1549.0,50.0,41876.0
ORD000000049,1,PROD0000211,SELL000055,2,1389.0,347.0,123.0,2901.0
ORD000000050,1,PROD0000215,SELL000003,1,843.0,0.0,59.0,902.0
ORD000000050,2,PROD0000124,SELL000007,1,23171.0,9931.0,50.0,23221.0
ORD000000050,3,PROD0000284,SELL000065,2,687.0,0.0,52.0,1426.0
ORD000000050,4,PROD0000421,SELL000009,3,16131.0,849.0,36.0,48429.0
ORD000000050,5,PROD0000516,SELL000069,1,7993.0,0.0,50.0,8043.0
ORD000000051,1,PROD0000472,SELL000010,2,12851.0,2268.0,97.0,25799.0
ORD000000051,2,PROD0000495,SELL000085,2,10844.0,2711.0,65.0,21753.0
ORD000000052,1,PROD0000106,SELL000028,3,232.0,26.0,198.0,894.0
ORD000000053,1,PROD0000058,SELL000010,2,4575.0,0.0,59.0,9209.0
ORD000000053,2,PROD0000095,SELL000035,1,1086.0,271.0,57.0,1143.0
ORD000000053,3,PROD0000510,SELL000095,1,399.0,171.0,64.0,463.0
ORD000000054,1,PROD0000113,SELL000057,2,24293.0,0.0,31.0,48617.0
ORD000000055,1,PROD0000393,SELL000104,2,15440.0,0.0,48.0,30928.0
ORD000000055,2,PROD0000211,SELL000027,3,1562.0,174.0,93.0,4779.0
ORD000000056,1,PROD0000355,SELL000070,2,180.0,32.0,95.0,455.0
ORD000000056,2,PROD0000392,SELL000019,2,6008.0,0.0,34.0,12050.0
ORD000000056,3,PROD0000470,SELL000045,1,3818.0,0.0,53.0,3871.0
ORD000000056,4,PROD0000045,SELL000039,1,11070.0,1230.0,35.0,11105.0
ORD000000056,5,PROD0000169,SELL000066,1,790.0,197.0,33.0,823.0
ORD000000057,1,PROD0000061,SELL000070,1,3195.0,0.0,117.0,3312.0
ORD000000057,2,PROD0000208,SELL000005,1,14126.0,1570.0,46.0,14172.0
ORD000000057,3,PROD0000190,SELL000073,1,1025.0,256.0,182.0,1207.0
ORD000000058,1,PROD0000453,SELL000079,3,354.0,0.0,151.0,1213.0
ORD000000059,1,PROD0000366,SELL000040,2,785.0,0.0,86.0,1656.0
ORD000000060,1,PROD0000054,SELL000007,1,1446.0,0.0,40.0,1486.0
ORD000000060,2,PROD0000232,SELL000044,2,18476.0,3260.0,138.0,37090.0
ORD000000060,3,PROD0000369,SELL000033,1,69.0,12.0,124.0,193.0
ORD000000060,4,PROD0000386,SELL000083,2,432.0,108.0,187.0,1051.0
ORD000000061,1,PROD0000421,SELL000014,1,15282.0,1698.0,35.0,15317.0
ORD000000062,1,PROD0000117,SELL000031,2,1425.0,0.0,66.0,2916.0
ORD000000062,2,PROD0000461,SELL000076,2,1072.0,56.0,90.0,2234.0
ORD000000062,3,PROD0000470,SELL000098,2,3627.0,191.0,55.0,7309.0
ORD000000062,4,PROD0000114,SELL000062,2,675.0,119.0,56.0,1406.0
ORD000000063,1,PROD0000343,SELL000000,1,1298.0,865.0,117.0,1415.0
ORD000000064,1,PROD0000353,SELL000073,2,14189.0,747.0,71.0,28449.0
ORD000000065,1,PROD0000458,SELL000003,3,20597.0,2289.0,85.0,61876.0
ORD000000066,1,PROD0000044,SELL000006,2,642.0,0.0,58.0,1342.0
ORD000000067,1,PROD0000121,SELL000070,2,1267.0,141.0,41.0,2575.0
ORD000000068,1,PROD0000448,SELL000038,2,1184.0,209.0,40.0,2408.0
ORD000000069,1,PROD0000018,SELL000002,1,937.0,165.0,55.0,992.0
ORD000000069,2,PROD0000251,SELL000042,3,1291.0,860.0,46.0,3919.0
ORD000000069,3,PROD0000152,SELL000039,1,10037.0,6691.0,49.0,10086.0
ORD000000069,4,PROD0000325,SELL000063,2,298.0,33.0,51.0,647.0
ORD000000070,1,PROD0000246,SELL000099,2,1137.0,284.0,44.0,2318.0
ORD000000071,1,PROD0000443,SELL000010,2,18548.0,3273.0,57.0,37153.0
ORD000000072,1,PROD0000040,SELL000069,1,268.0,30.0,198.0,466.0
ORD000000073,1,PROD0000263,SELL000067,2,937.0,0.0,58.0,1932.0
ORD000000073,2,PROD0000270,SELL000102,2,1967.0,1312.0,84.0,4018.0
ORD000000074,1,PROD0000265,SELL000041,1,2033.0,1355.0,418.0,2451.0
ORD000000075,1,PROD0000040,SELL000016,2,268.0,30.0,182.0,718.0
ORD000000075,2,PROD0000242,SELL000095,2,272.0,0.0,73.0,617.0
ORD000000075,3,PROD0000458,SELL000005,2,22886.0,0.0,76.0,45848.0
ORD000000076,1,PROD0000312,SELL000047,2,21485.0,0.0,31.0,43001.0
ORD000000077,1,PROD0000056,SELL000068,2,531.0,133.0,54.0,1116.0
ORD000000078,1,PROD0000373,SELL000010,3,642.0,34.0,34.0,1960.0
ORD000000079,1,PROD0000483,SELL000031,2,28598.0,3178.0,158.0,57354.0
ORD000000080,1,PROD0000419,SELL000010,3,511.0,0.0,210.0,1743.0
ORD000000081,1,PROD0000048,SELL000088,2,1607.0,179.0,55.0,3269.0
ORD000000082,1,PROD0000015,SELL000026,1,3009.0,531.0,297.0,3306.0
ORD000000083,1,PROD0000091,SELL000063,1,1047.0,449.0,44.0,1091.0
ORD000000083,2,PROD0000181,SELL000025,2,3392.0,179.0,289.0,7073.0
ORD000000084,1,PROD0000482,SELL000072,2,978.0,0.0,121.0,2077.0
ORD000000085,1,PROD0000225,SELL000083,1,1693.0,0.0,257.0,1950.0
ORD000000085,2,PROD0000505,SELL000004,1,1206.0,301.0,65.0,1271.0
ORD000000086,1,PROD0000051,SELL000075,3,10038.0,2509.0,56.0,30170.0
ORD000000087,1,PROD0000396,SELL000069,1,2908.0,153.0,153.0,3061.0
ORD000000087,2,PROD0000391,SELL000008,2,22963.0,0.0,47.0,45973.0
ORD000000088,1,PROD0000499,SELL000027,3,4681.0,826.0,81.0,14124.0
ORD000000088,2,PROD0000272,SELL000089,3,396.0,70.0,53.0,1241.0
ORD000000088,3,PROD0000315,SELL000046,1,1179.0,208.0,416.0,1595.0
ORD000000088,4,PROD0000000,SELL000010,2,1315.0,0.0,45.0,2675.0
ORD000000088,5,PROD0000459,SELL000067,3,1998.0,1332.0,270.0,6264.0
ORD000000089,1,PROD0000328,SELL000082,2,2050.0,228.0,143.0,4243.0
ORD000000090,1,PROD0000365,SELL000045,1,1228.0,136.0,52.0,1280.0
ORD000000091,1,PROD0000176,SELL000011,1,441.0,0.0,61.0,502.0
ORD000000092,1,PROD0000040,SELL000013,2,298.0,0.0,187.0,783.0
ORD000000093,1,PROD0000378,SELL000039,2,79.0,0.0,63.0,221.0
ORD000000094,1,PROD0000381,SELL000050,1,14790.0,778.0,78.0,14868.0
ORD000000095,1,PROD0000093,SELL000078,1,14546.0,6234.0,51.0,14597.0
ORD000000096,1,PROD0000429,SELL000071,1,28228.0,4981.0,66.0,28294.0
ORD000000096,2,PROD0000000,SELL000026,2,789.0,526.0,55.0,1633.0
ORD000000096,3,PROD0000340,SELL000072,1,346.0,61.0,53.0,399.0
ORD000000097,1,PROD0000045,SELL000011,1,12300.0,0.0,51.0,12351.0
ORD000000098,1,PROD0000391,SELL000019,3,19519.0,3444.0,43.0,58600.0
ORD000000099,1,PROD0000229,SELL000082,1,498.0,55.0,150.0,648.0
ORD000000100,1,PROD0000170,SELL000094,2,2220.0,951.0,281.0,4721.0
ORD000000101,1,PROD0000389,SELL000072,2,12696.0,1411.0,52.0,25444.0
ORD000000101,2,PROD0000418,SELL000047,3,271.0,0.0,39.0,852.0
ORD000000102,1,PROD0000314,SELL000093,2,14827.0,2616.0,28.0,29682.0
ORD000000102,2,PROD0000382,SELL000037,1,841.0,148.0,49.0,890.0
ORD000000103,1,PROD0000007,SELL000067,1,550.0,61.0,48.0,598.0
ORD000000103,2,PROD0000428,SELL000071,2,1011.0,0.0,70.0,2092.0
ORD000000103,3,PROD0000308,SELL000007,2,18411.0,969.0,173.0,36995.0
ORD000000104,1,PROD0000081,SELL000100,2,610.0,153.0,53.0,1273.0
ORD000000105,1,PROD0000251,SELL000067,1,2151.0,0.0,44.0,2195.0
ORD000000106,1,PROD0000326,SELL000025,3,653.0,115.0,32.0,1991.0
ORD000000107,1,PROD0000414,SELL000086,1,10864.0,0.0,39.0,10903.0
ORD000000108,1,PROD0000269,SELL000040,1,15115.0,0.0,96.0,15211.0
ORD000000108,2,PROD0000133,SELL000008,1,42135.0,0.0,145.0,42280.0
ORD000000109,1,PROD0000132,SELL000070,1,26224.0,0.0,36.0,26260.0
ORD000000109,2,PROD0000374,SELL000014,1,334.0,18.0,52.0,386.0
ORD000000110,1,PROD0000449,SELL000062,1,9716.0,1715.0,97.0,9813.0
ORD000000110,2,PROD0000329,SELL000071,3,9087.0,478.0,39.0,27300.0
ORD000000110,3,PROD0000416,SELL000016,1,10560.0,0.0,39.0,10599.0
ORD000000111,1,PROD0000324,SELL000083,2,1672.0,295.0,157.0,3501.0
ORD000000112,1,PROD0000255,SELL000048,3,12711.0,1412.0,45.0,38178.0
ORD000000112,2,PROD0000211,SELL000037,2,1649.0,87.0,106.0,3404.0
ORD000000112,3,PROD0000254,SELL000010,1,42234.0,10559.0,33.0,42267.0
ORD000000112,4,PROD0000006,SELL000077,2,491.0,26.0,188.0,1170.0
ORD000000112,5,PROD0000301,SELL000017,2,1564.0,174.0,69.0,3197.0
ORD000000112,6,PROD0000097,SELL000017,1,287.0,0.0,174.0,461.0
ORD000000113,1,PROD0000469,SELL000027,3,403.0,0.0,58.0,1267.0
ORD000000113,2,PROD0000439,SELL000046,2,18391.0,0.0,43.0,36825.0
ORD000000113,3,PROD0000257,SELL000092,1,843.0,361.0,121.0,964.0
ORD000000113,4,PROD0000321,SELL000078,2,1518.0,0.0,66.0,3102.0
ORD000000113,5,PROD0000019,SELL000077,1,2243.0,396.0,430.0,2673.0
ORD000000114,1,PROD0000301,SELL000020,2,1477.0,261.0,66.0,3020.0
ORD000000115,1,PROD0000442,SELL000068,1,191.0,0.0,45.0,236.0
ORD000000116,1,PROD0000273,SELL000036,1,14618.0,0.0,180.0,14798.0
ORD000000116,2,PROD0000448,SELL000049,1,1393.0,0.0,55.0,1448.0
ORD000000117,1,PROD0000040,SELL000066,1,298.0,0.0,190.0,488.0
ORD000000118,1,PROD0000507,SELL000017,3,1382.0,592.0,202.0,4348.0
ORD000000119,1,PROD0000181,SELL000036,1,3571.0,0.0,276.0,3847.0
ORD000000120,1,PROD0000014,SELL000041,1,102.0,5.0,56.0,158.0
ORD000000121,1,PROD0000322,SELL000091,1,5809.0,0.0,57.0,5866.0
ORD000000121,2,PROD0000320,SELL000101,1,664.0,117.0,170.0,834.0
ORD000000121,3,PROD0000065,SELL000100,2,599.0,0.0,30.0,1228.0
ORD000000122,1,PROD0000180,SELL000055,2,25756.0,0.0,56.0,51568.0
ORD000000122,2,PROD0000479,SELL000067,1,1109.0,0.0,61.0,1170.0
ORD000000122,3,PROD0000098,SELL000075,1,358.0,153.0,67.0,425.0
ORD000000123,1,PROD0000037,SELL000082,2,662.0,74.0,59.0,1383.0
ORD000000123,2,PROD0000428,SELL000071,1,1011.0,0.0,71.0,1082.0
ORD000000123,3,PROD0000354,SELL000095,2,8083.0,1426.0,46.0,16212.0
ORD000000123,4,PROD0000259,SELL000040,1,344.0,86.0,43.0,387.0
ORD000000123,5,PROD0000156,SELL000073,1,236.0,12.0,33.0,269.0
ORD000000124,1,PROD0000453,SELL000064,3,212.0,142.0,157.0,793.0
ORD000000125,1,PROD0000449,SELL000081,2,11431.0,0.0,89.0,22951.0
ORD000000125,2,PROD0000000,SELL000097,1,1052.0,263.0,53.0,1105.0
ORD000000126,1,PROD0000430,SELL000008,1,1278.0,320.0,236.0,1514.0
ORD000000127,1,PROD0000246,SELL000089,1,1279.0,142.0,72.0,1351.0
ORD000000128,1,PROD0000173,SELL000086,3,6497.0,722.0,34.0,19525.0
ORD000000128,2,PROD0000181,SELL000091,3,3571.0,0.0,268.0,10981.0
ORD000000128,3,PROD0000240,SELL000028,1,9553.0,0.0,43.0,9596.0
ORD000000128,4,PROD0000298,SELL000060,2,855.0,45.0,59.0,1769.0
ORD000000129,1,PROD0000499,SELL000007,2,3855.0,1652.0,84.0,7794.0
ORD000000129,2,PROD0000013,SELL000006,1,1306.0,0.0,227.0,1533.0
ORD000000129,3,PROD0000316,SELL000061,1,302.0,16.0,116.0,418.0
ORD000000130,1,PROD0000034,SELL000101,1,285.0,0.0,77.0,362.0
ORD000000130,2,PROD0000003,SELL000023,1,892.0,0.0,271.0,1163.0
ORD000000131,1,PROD0000157,SELL000082,1,29935.0,1576.0,182.0,30117.0
ORD000000132,1,PROD0000404,SELL000008,1,766.0,510.0,92.0,858.0
ORD000000133,1,PROD0000180,SELL000006,1,25756.0,0.0,72.0,25828.0
ORD000000133,2,PROD0000188,SELL000064,1,757.0,0.0,51.0,808.0
ORD000000134,1,PROD0000470,SELL000029,1,3818.0,0.0,56.0,3874.0
ORD000000135,1,PROD0000143,SELL000010,1,21687.0,2410.0,57.0,21744.0
ORD000000136,1,PROD0000400,SELL000096,1,42963.0,4774.0,157.0,43120.0
ORD000000136,2,PROD0000433,SELL000093,1,399.0,0.0,49.0,448.0
ORD000000136,3,PROD0000337,SELL000001,3,1003.0,0.0,183.0,3192.0
ORD000000137,1,PROD0000504,SELL000101,3,2255.0,0.0,109.0,6874.0
ORD000000138,1,PROD0000512,SELL000001,2,863.0,0.0,62.0,1788.0
ORD000000139,1,PROD0000032,SELL000077,2,2093.0,523.0,78.0,4264.0
ORD000000140,1,PROD0000088,SELL000082,1,889.0,222.0,148.0,1037.0
ORD000000141,1,PROD0000203,SELL000030,1,14908.0,0.0,47.0,14955.0
ORD000000142,1,PROD0000347,SELL000014,2,776.0,86.0,70.0,1622.0
ORD000000143,1,PROD0000145,SELL000059,1,222.0,0.0,118.0,340.0
ORD000000144,1,PROD0000332,SELL000093,1,52020.0,0.0,28.0,52048.0
ORD000000145,1,PROD0000467,SELL000003,3,8719.0,969.0,39.0,26196.0
ORD000000146,1,PROD0000003,SELL000089,1,758.0,134.0,264.0,1022.0
ORD000000146,2,PROD0000452,SELL000065,1,266.0,0.0,48.0,314.0
ORD000000146,3,PROD0000253,SELL000103,2,354.0,0.0,71.0,779.0
ORD000000147,1,PROD0000469,SELL000027,2,403.0,0.0,57.0,863.0
ORD000000148,1,PROD0000354,SELL000067,1,9509.0,0.0,45.0,9554.0
ORD000000148,2,PROD0000022,SELL000047,1,13062.0,687.0,67.0,13129.0
ORD000000149,1,PROD0000470,SELL000066,1,3245.0,573.0,68.0,3313.0
ORD000000149,2,PROD0000026,SELL000018,1,89.0,0.0,144.0,233.0
ORD000000150,1,PROD0000130,SELL000052,1,3828.0,675.0,101.0,3929.0
ORD000000151,1,PROD0000287,SELL000103,1,479.0,319.0,55.0,534.0
ORD000000152,1,PROD0000470,SELL000088,3,3818.0,0.0,55.0,11509.0
ORD000000152,2,PROD0000086,SELL000021,3,509.0,57.0,93.0,1620.0
ORD000000152,3,PROD0000280,SELL000006,3,583.0,31.0,67.0,1816.0
ORD000000152,4,PROD0000058,SELL000043,2,4118.0,458.0,59.0,8295.0
ORD000000153,1,PROD0000176,SELL000024,3,309.0,132.0,68.0,995.0
ORD000000154,1,PROD0000135,SELL000026,1,717.0,307.0,37.0,754.0
ORD000000155,1,PROD0000222,SELL000019,2,235.0,12.0,39.0,509.0
ORD000000156,1,PROD0000369,SELL000056,2,69.0,12.0,117.0,255.0
ORD000000156,2,PROD0000375,SELL000009,2,1870.0,208.0,258.0,3998.0
ORD000000156,3,PROD0000349,SELL000095,1,787.0,197.0,42.0,829.0
ORD000000157,1,PROD0000014,SELL000003,1,75.0,32.0,55.0,130.0
ORD000000158,1,PROD0000409,SELL000017,3,10843.0,1914.0,46.0,32575.0
ORD000000159,1,PROD0000336,SELL000059,1,40322.0,0.0,43.0,40365.0
ORD000000160,1,PROD0000032,SELL000014,1,2616.0,0.0,88.0,2704.0
ORD000000160,2,PROD0000493,SELL000052,2,1643.0,411.0,59.0,3345.0
ORD000000161,1,PROD0000399,SELL000007,3,236.0,0.0,51.0,759.0
ORD000000162,1,PROD0000360,SELL000091,1,709.0,79.0,60.0,769.0
ORD000000162,2,PROD0000255,SELL000061,2,12711.0,1412.0,50.0,25472.0
ORD000000162,3,PROD0000414,SELL000031,2,8691.0,2173.0,42.0,17424.0
ORD000000162,4,PROD0000163,SELL000063,1,214.0,54.0,52.0,266.0
ORD000000163,1,PROD0000377,SELL000056,2,17028.0,0.0,61.0,34117.0
ORD000000163,2,PROD0000317,SELL000086,3,365.0,64.0,48.0,1143.0
ORD000000163,3,PROD0000317,SELL000076,3,343.0,86.0,42.0,1071.0
ORD000000164,1,PROD0000416,SELL000087,3,10560.0,0.0,35.0,31715.0
ORD000000165,1,PROD0000090,SELL000090,1,4992.0,263.0,210.0,5202.0
ORD000000166,1,PROD0000054,SELL000010,2,1301.0,145.0,52.0,2654.0
ORD000000166,2,PROD0000289,SELL000080,1,1110.0,0.0,36.0,1146.0
ORD000000166,3,PROD0000420,SELL000095,1,1958.0,103.0,408.0,2366.0
ORD000000166,4,PROD0000132,SELL000020,1,26224.0,0.0,48.0,26272.0
ORD000000167,1,PROD0000296,SELL000087,2,372.0,93.0,41.0,785.0
ORD000000168,1,PROD0000498,SELL000064,2,604.0,0.0,52.0,1260.0
ORD000000169,1,PROD0000323,SELL000067,1,3130.0,165.0,210.0,3340.0
ORD000000170,1,PROD0000040,SELL000074,1,268.0,30.0,193.0,461.0
ORD000000171,1,PROD0000457,SELL000036,3,1614.0,0.0,51.0,4893.0
ORD000000172,1,PROD0000508,SELL000094,1,13252.0,698.0,92.0,13344.0
ORD000000172,2,PROD0000369,SELL000078,1,81.0,0.0,121.0,202.0
ORD000000173,1,PROD0000318,SELL000046,1,56021.0,0.0,37.0,56058.0
ORD000000173,2,PROD0000304,SELL000065,2,6731.0,354.0,41.0,13503.0
ORD000000174,1,PROD0000324,SELL000100,2,1869.0,98.0,137.0,3875.0
ORD000000175,1,PROD0000175,SELL000037,2,1132.0,60.0,146.0,2410.0
ORD000000176,1,PROD0000335,SELL000093,1,13253.0,0.0,108.0,13361.0
ORD000000177,1,PROD0000265,SELL000001,3,3219.0,169.0,425.0,10082.0
ORD000000177,2,PROD0000412,SELL000083,3,1925.0,0.0,54.0,5829.0
ORD000000178,1,PROD0000435,SELL000062,2,176.0,0.0,181.0,533.0
ORD000000179,1,PROD0000369,SELL000074,3,81.0,0.0,121.0,364.0
ORD000000179,2,PROD0000518,SELL000060,2,19019.0,0.0,159.0,38197.0
ORD000000179,3,PROD0000233,SELL000050,1,2052.0,228.0,76.0,2128.0
ORD000000179,4,PROD0000393,SELL000016,2,10808.0,4632.0,45.0,21661.0
ORD000000179,5,PROD0000178,SELL000025,3,505.0,0.0,74.0,1589.0
ORD000000179,6,PROD0000411,SELL000095,2,333.0,59.0,64.0,730.0
ORD000000180,1,PROD0000139,SELL000042,3,2547.0,0.0,138.0,7779.0
ORD000000180,2,PROD0000364,SELL000016,1,1671.0,0.0,176.0,1847.0
ORD000000180,3,PROD0000007,SELL000013,2,580.0,31.0,57.0,1217.0
ORD000000181,1,PROD0000399,SELL000030,3,236.0,0.0,33.0,741.0
ORD000000181,2,PROD0000151,SELL000076,2,8256.0,917.0,40.0,16552.0
ORD000000182,1,PROD0000126,SELL000039,1,1248.0,0.0,58.0,1306.0
ORD000000183,1,PROD0000174,SELL000045,1,1134.0,283.0,70.0,1204.0
ORD000000184,1,PROD0000220,SELL000071,2,140.0,16.0,46.0,326.0
ORD000000185,1,PROD0000066,SELL000063,3,5754.0,1015.0,410.0,17672.0
ORD000000185,2,PROD0000289,SELL000008,1,1110.0,0.0,35.0,1145.0
ORD000000186,1,PROD0000064,SELL000041,1,937.0,0.0,116.0,1053.0
ORD000000186,2,PROD0000286,SELL000073,1,1646.0,291.0,133.0,1779.0
ORD000000186,3,PROD0000192,SELL000074,2,964.0,51.0,61.0,1989.0
ORD000000186,4,PROD0000311,SELL000043,1,248.0,28.0,53.0,301.0
ORD000000187,1,PROD0000078,SELL000022,2,1703.0,90.0,199.0,3605.0
ORD000000187,2,PROD0000507,SELL000019,3,1679.0,296.0,203.0,5240.0
ORD000000187,3,PROD0000007,SELL000009,1,550.0,61.0,47.0,597.0
ORD000000187,4,PROD0000445,SELL000011,1,1122.0,0.0,54.0,1176.0
ORD000000187,5,PROD0000183,SELL000101,2,2279.0,977.0,177.0,4735.0
ORD000000187,6,PROD0000431,SELL000043,2,415.0,73.0,51.0,881.0
ORD000000188,1,PROD0000310,SELL000033,1,11934.0,0.0,37.0,11971.0
ORD000000189,1,PROD0000432,SELL000046,1,2023.0,0.0,67.0,2090.0
ORD000000189,2,PROD0000289,SELL000054,1,944.0,166.0,60.0,1004.0
ORD000000190,1,PROD0000413,SELL000014,1,2817.0,313.0,234.0,3051.0
ORD000000191,1,PROD0000341,SELL000094,2,1809.0,775.0,211.0,3829.0
ORD000000192,1,PROD0000353,SELL000050,2,12696.0,2240.0,48.0,25440.0
ORD000000192,2,PROD0000297,SELL000059,2,450.0,0.0,61.0,961.0
ORD000000193,1,PROD0000133,SELL000052,1,42135.0,0.0,160.0,42295.0
ORD000000193,2,PROD0000442,SELL000098,3,172.0,19.0,41.0,557.0
ORD000000193,3,PROD0000445,SELL000103,2,1066.0,56.0,40.0,2172.0
ORD000000193,4,PROD0000376,SELL000013,2,23862.0,10227.0,55.0,47779.0
ORD000000194,1,PROD0000145,SELL000074,2,189.0,33.0,133.0,511.0
ORD000000194,2,PROD0000212,SELL000017,3,741.0,317.0,179.0,2402.0
ORD000000194,3,PROD0000377,SELL000001,2,14474.0,2554.0,59.0,29007.0
ORD000000195,1,PROD0000097,SELL000057,1,244.0,43.0,173.0,417.0
ORD000000195,2,PROD0000057,SELL000050,2,31055.0,3451.0,48.0,62158.0
ORD000000195,3,PROD0000209,SELL000051,1,971.0,108.0,141.0,1112.0
ORD000000196,1,PROD0000285,SELL000002,1,592.0,66.0,86.0,678.0
ORD000000197,1,PROD0000465,SELL000067,3,9365.0,2341.0,175.0,28270.0
ORD000000197,2,PROD0000166,SELL000053,2,320.0,0.0,67.0,707.0
ORD000000198,1,PROD0000112,SELL000006,2,11247.0,4820.0,42.0,22536.0
ORD000000198,2,PROD0000367,SELL000035,2,8773.0,975.0,53.0,17599.0
ORD000000199,1,PROD0000455,SELL000014,1,10921.0,575.0,48.0,10969.0
ORD000000200,1,PROD0000445,SELL000094,2,1122.0,0.0,66.0,2310.0
ORD000000201,1,PROD0000329,SELL000077,1,9565.0,0.0,48.0,9613.0
ORD000000202,1,PROD0000008,SELL000051,2,849.0,94.0,54.0,1752.0
ORD000000203,1,PROD0000340,SELL000009,2,407.0,0.0,43.0,857.0
ORD000000203,2,PROD0000059,SELL000089,2,364.0,0.0,42.0,770.0
ORD000000204,1,PROD0000410,SELL000037,1,701.0,0.0,67.0,768.0
ORD000000204,2,PROD0000482,SELL000061,2,978.0,0.0,140.0,2096.0
ORD000000204,3,PROD0000318,SELL000075,1,39215.0,16806.0,43.0,39258.0
ORD000000204,4,PROD0000124,SELL000041,3,29792.0,3310.0,54.0,89430.0
ORD000000204,5,PROD0000155,SELL000102,2,447.0,24.0,55.0,949.0
ORD000000205,1,PROD0000380,SELL000024,2,7870.0,5247.0,31.0,15771.0
ORD000000205,2,PROD0000395,SELL000036,1,178.0,9.0,170.0,348.0
ORD000000206,1,PROD0000423,SELL000019,1,205.0,137.0,52.0,257.0
ORD000000207,1,PROD0000052,SELL000036,1,2588.0,1109.0,189.0,2777.0
ORD000000208,1,PROD0000385,SELL000083,2,3484.0,615.0,459.0,7427.0
ORD000000209,1,PROD0000500,SELL000049,1,879.0,98.0,93.0,972.0
ORD000000209,2,PROD0000016,SELL000092,2,1224.0,306.0,55.0,2503.0
ORD000000210,1,PROD0000224,SELL000093,3,1993.0,0.0,74.0,6053.0
ORD000000211,1,PROD0000383,SELL000034,2,3223.0,170.0,362.0,6808.0
ORD000000212,1,PROD0000275,SELL000083,1,333.0,0.0,47.0,380.0
ORD000000212,2,PROD0000500,SELL000051,1,977.0,0.0,76.0,1053.0
ORD000000212,3,PROD0000352,SELL000044,1,653.0,0.0,145.0,798.0
ORD000000213,1,PROD0000192,SELL000030,1,812.0,203.0,54.0,866.0
ORD000000214,1,PROD0000324,SELL000006,2,1967.0,0.0,160.0,4094.0
ORD000000214,2,PROD0000370,SELL000047,2,2898.0,153.0,64.0,5860.0
ORD000000215,1,PROD0000407,SELL000070,2,562.0,30.0,43.0,1167.0
ORD000000215,2,PROD0000144,SELL000091,1,541.0,28.0,34.0,575.0
ORD000000215,3,PROD0000477,SELL000043,3,226.0,56.0,110.0,788.0
ORD000000216,1,PROD0000519,SELL000014,1,19890.0,4972.0,41.0,19931.0
ORD000000216,2,PROD0000112,SELL000049,2,13657.0,2410.0,49.0,27363.0
ORD000000217,1,PROD0000108,SELL000030,2,1173.0,207.0,185.0,2531.0
ORD000000217,2,PROD0000200,SELL000096,2,1152.0,288.0,136.0,2440.0
ORD000000217,3,PROD0000159,SELL000073,1,819.0,43.0,78.0,897.0
ORD000000217,4,PROD0000097,SELL000095,1,273.0,14.0,167.0,440.0
ORD000000218,1,PROD0000087,SELL000032,2,546.0,0.0,114.0,1206.0
ORD000000218,2,PROD0000369,SELL000046,1,81.0,0.0,110.0,191.0
ORD000000219,1,PROD0000497,SELL000008,1,867.0,372.0,148.0,1015.0
ORD000000220,1,PROD0000049,SELL000014,3,10386.0,1833.0,39.0,31197.0
ORD000000221,1,PROD0000297,SELL000039,-1,428.0,22.0,49.0,477.0
ORD000000222,1,PROD0000145,SELL000041,1,222.0,0.0,119.0,341.0
ORD000000223,1,PROD0000128,SELL000071,3,20748.0,3661.0,47.0,62291.0
ORD000000223,2,PROD0000298,SELL000022,1,630.0,270.0,64.0,694.0
ORD000000224,1,PROD0000070,SELL000103,2,363.0,155.0,48.0,774.0
ORD000000225,1,PROD0000043,SELL000081,2,2010.0,355.0,392.0,4412.0
ORD000000226,1,PROD0000455,SELL000093,3,10346.0,1150.0,46.0,31084.0
ORD000000226,2,PROD0000232,SELL000032,3,21736.0,0.0,150.0,65358.0
ORD000000226,3,PROD0000032,SELL000058,1,2616.0,0.0,79.0,2695.0
ORD000000227,1,PROD0000456,SELL000054,1,1243.0,0.0,226.0,1469.0
ORD000000228,1,PROD0000335,SELL000081,2,11928.0,1325.0,113.0,23969.0
ORD000000229,1,PROD0000384,SELL000089,2,357.0,153.0,61.0,775.0
ORD000000229,2,PROD0000317,SELL000059,1,300.0,129.0,37.0,337.0
ORD000000230,1,PROD0000246,SELL000102,1,1421.0,0.0,60.0,1481.0
ORD000000231,1,PROD0000402,SELL000051,1,901.0,47.0,64.0,965.0
ORD000000232,1,PROD0000179,SELL000028,3,749.0,0.0,68.0,2315.0
ORD000000233,1,PROD0000355,SELL000017,1,191.0,21.0,101.0,292.0
ORD000000233,2,PROD0000459,SELL000039,3,2664.0,666.0,272.0,8264.0
ORD000000234,1,PROD0000435,SELL000030,1,141.0,35.0,180.0,321.0
ORD000000234,2,PROD0000288,SELL000021,2,286.0,123.0,45.0,617.0
ORD000000235,1,PROD0000019,SELL000047,3,2375.0,264.0,434.0,7559.0
ORD000000236,1,PROD0000008,SELL000027,2,802.0,141.0,52.0,1656.0
ORD000000237,1,PROD0000224,SELL000103,2,1196.0,797.0,75.0,2467.0
ORD000000237,2,PROD0000345,SELL000031,1,25900.0,4571.0,50.0,25950.0
ORD000000238,1,PROD0000042,SELL000063,2,821.0,0.0,50.0,1692.0
ORD000000239,1,PROD0000214,SELL000078,1,1986.0,0.0,76.0,2062.0
ORD000000240,1,PROD0000211,SELL000099,2,1736.0,0.0,103.0,3575.0
ORD000000241,1,PROD0000239,SELL000072,1,180.0,0.0,193.0,373.0
ORD000000242,1,PROD0000292,SELL000027,1,1010.0,53.0,156.0,1166.0
ORD000000243,1,PROD0000145,SELL000058,2,189.0,33.0,128.0,506.0
ORD000000244,1,PROD0000309,SELL000007,3,582.0,0.0,54.0,1800.0
ORD000000245,1,PROD0000235,SELL000028,1,936.0,0.0,62.0,998.0
ORD000000246,1,PROD0000481,SELL000102,2,14486.0,0.0,41.0,29013.0
ORD000000246,2,PROD0000169,SELL000000,1,790.0,197.0,44.0,834.0
ORD000000246,3,PROD0000480,SELL000034,1,954.0,0.0,166.0,1120.0
ORD000000247,1,PROD0000501,SELL000005,3,361.0,0.0,53.0,1136.0
ORD000000248,1,PROD0000161,SELL000056,1,912.0,101.0,56.0,968.0
ORD000000249,1,PROD0000212,SELL000078,1,952.0,106.0,163.0,1115.0
ORD000000250,1,PROD0000364,SELL000007,1,1671.0,0.0,155.0,1826.0
ORD000000251,1,PROD0000238,SELL000013,1,1503.0,265.0,131.0,1634.0
ORD000000251,2,PROD0000371,SELL000090,2,3280.0,173.0,490.0,7050.0
ORD000000251,3,PROD0000135,SELL000029,1,922.0,102.0,48.0,970.0
ORD000000251,4,PROD0000498,SELL000000,2,513.0,91.0,53.0,1079.0
ORD000000251,5,PROD0000363,SELL000010,1,588.0,0.0,50.0,638.0
ORD000000252,1,PROD0000043,SELL000095,3,2365.0,0.0,391.0,7486.0
ORD000000253,1,PROD0000126,SELL000096,3,1186.0,62.0,51.0,3609.0
ORD000000253,2,PROD0000321,SELL000017,3,1518.0,0.0,60.0,4614.0
ORD000000253,3,PROD0000152,SELL000029,2,16728.0,0.0,54.0,33510.0
ORD000000254,1,PROD0000212,SELL000019,1,1058.0,0.0,170.0,1228.0
ORD000000254,2,PROD0000336,SELL000051,1,38306.0,2016.0,50.0,38356.0
ORD000000255,1,PROD0000180,SELL000086,1,20605.0,5151.0,65.0,20670.0
ORD000000256,1,PROD0000471,SELL000079,1,1259.0,140.0,162.0,1421.0
ORD000000256,2,PROD0000321,SELL000040,3,1063.0,455.0,66.0,3255.0
ORD000000257,1,PROD0000218,SELL000073,2,918.0,48.0,56.0,1892.0
ORD000000257,2,PROD0000145,SELL000026,2,211.0,11.0,116.0,538.0
ORD000000258,1,PROD0000154,SELL000095,2,891.0,0.0,67.0,1849.0
ORD000000258,2,PROD0000018,SELL000062,1,1102.0,0.0,69.0,1171.0
ORD000000258,3,PROD0000044,SELL000096,2,642.0,0.0,54.0,1338.0
ORD000000259,1,PROD0000405,SELL000026,2,22884.0,0.0,43.0,45811.0
ORD000000260,1,PROD0000400,SELL000099,2,40576.0,7161.0,141.0,81293.0
ORD000000261,1,PROD0000045,SELL000030,1,12300.0,0.0,42.0,12342.0
ORD000000262,1,PROD0000287,SELL000071,2,798.0,0.0,59.0,1655.0
ORD000000263,1,PROD0000170,SELL000004,2,2695.0,476.0,286.0,5676.0
ORD000000264,1,PROD0000363,SELL000024,1,588.0,0.0,46.0,634.0
ORD000000265,1,PROD0000309,SELL000056,3,407.0,175.0,66.0,1287.0
ORD000000266,1,PROD0000416,SELL000052,1,8448.0,2112.0,47.0,8495.0
ORD000000266,2,PROD0000324,SELL000013,2,1967.0,0.0,141.0,4075.0
ORD000000266,3,PROD0000104,SELL000001,2,1097.0,0.0,50.0,2244.0
ORD000000267,1,PROD0000347,SELL000087,1,517.0,345.0,87.0,604.0
ORD000000267,2,PROD0000434,SELL000025,1,84.0,21.0,71.0,155.0
ORD000000267,3,PROD0000518,SELL000078,1,13313.0,5706.0,169.0,13482.0
ORD000000267,4,PROD0000366,SELL000018,3,785.0,0.0,60.0,2415.0
ORD000000267,5,PROD0000209,SELL000029,3,971.0,108.0,153.0,3066.0
ORD000000267,6,PROD0000265,SELL000001,1,3388.0,0.0,421.0,3809.0
ORD000000268,1,PROD0000071,SELL000056,2,26736.0,1407.0,48.0,53520.0
ORD000000269,1,PROD0000331,SELL000054,1,626.0,0.0,71.0,697.0
ORD000000270,1,PROD0000071,SELL000060,2,23922.0,4221.0,44.0,47888.0
ORD000000271,1,PROD0000135,SELL000078,2,922.0,102.0,49.0,1893.0
ORD000000272,1,PROD0000265,SELL000069,1,2710.0,678.0,421.0,3131.0
ORD000000273,1,PROD0000249,SELL000021,3,1502.0,0.0,56.0,4562.0
ORD000000273,2,PROD0000199,SELL000043,3,401.0,267.0,58.0,1261.0
ORD000000273,3,PROD0000337,SELL000008,3,1003.0,0.0,186.0,3195.0
ORD000000273,4,PROD0000475,SELL000068,1,1046.0,697.0,222.0,1268.0
ORD000000274,1,PROD0000480,SELL000041,2,811.0,143.0,157.0,1779.0
ORD000000275,1,PROD0000266,SELL000017,3,962.0,0.0,95.0,2981.0
ORD000000276,1,PROD0000287,SELL000092,1,638.0,160.0,71.0,709.0
ORD000000277,1,PROD0000235,SELL000049,1,842.0,94.0,57.0,899.0
ORD000000278,1,PROD0000467,SELL000005,2,9688.0,0.0,45.0,19421.0
ORD000000278,2,PROD0000449,SELL000009,1,11431.0,0.0,65.0,11496.0
ORD000000278,3,PROD0000028,SELL000030,1,171.0,114.0,49.0,220.0
ORD000000279,1,PROD0000414,SELL000098,1,6518.0,4346.0,33.0,6551.0
ORD000000279,2,PROD0000015,SELL000010,2,3186.0,354.0,299.0,6671.0
ORD000000279,3,PROD0000371,SELL000042,1,3453.0,0.0,488.0,3941.0
ORD000000280,1,PROD0000176,SELL000041,1,441.0,0.0,51.0,492.0
ORD000000281,1,PROD0000274,SELL000064,3,346.0,0.0,73.0,1111.0
ORD000000282,1,PROD0000407,SELL000062,3,533.0,59.0,38.0,1637.0
ORD000000282,2,PROD0000122,SELL000051,1,449.0,24.0,98.0,547.0
ORD000000282,3,PROD0000069,SELL000084,1,75785.0,3989.0,140.0,75925.0
ORD000000282,4,PROD0000295,SELL000002,2,19588.0,4897.0,60.0,39236.0
ORD000000283,1,PROD0000436,SELL000041,2,891.0,594.0,56.0,1838.0
ORD000000283,2,PROD0000060,SELL000006,2,16244.0,0.0,43.0,32531.0
ORD000000284,1,PROD0000201,SELL000031,1,1448.0,76.0,45.0,1493.0
ORD000000285,1,PROD0000279,SELL000027,1,789.0,88.0,188.0,977.0
ORD000000286,1,PROD0000118,SELL000092,1,2647.0,0.0,250.0,2897.0
ORD000000287,1,PROD0000443,SELL000070,2,20730.0,1091.0,32.0,41492.0
ORD000000288,1,PROD0000311,SELL000025,1,276.0,0.0,55.0,331.0
ORD000000289,1,PROD0000268,SELL000067,3,291.0,0.0,58.0,931.0
ORD000000289,2,PROD0000072,SELL000087,1,933.0,233.0,218.0,1151.0
ORD000000290,1,PROD0000035,SELL000019,2,695.0,0.0,53.0,1443.0
ORD000000291,1,PROD0000086,SELL000059,1,481.0,85.0,93.0,574.0
ORD000000291,2,PROD0000016,SELL000051,1,1530.0,0.0,43.0,1573.0
ORD000000292,1,PROD0000278,SELL000095,1,158.0,28.0,117.0,275.0
ORD000000292,2,PROD0000448,SELL000038,3,1184.0,209.0,36.0,3588.0
ORD000000293,1,PROD0000394,SELL000071,3,6564.0,1641.0,62.0,19754.0
ORD000000293,2,PROD0000116,SELL000059,2,768.0,0.0,102.0,1638.0
ORD000000294,1,PROD0000102,SELL000033,1,18230.0,2026.0,53.0,18283.0
ORD000000295,1,PROD0000273,SELL000035,3,10233.0,4385.0,160.0,30859.0
ORD000000296,1,PROD0000405,SELL000090,1,22884.0,0.0,56.0,22940.0
ORD000000296,2,PROD0000404,SELL000094,2,1276.0,0.0,102.0,2654.0
ORD000000297,1,PROD0000271,SELL000027,1,292.0,0.0,46.0,338.0
ORD000000297,2,PROD0000131,SELL000049,1,1097.0,732.0,71.0,1168.0
ORD000000297,3,PROD0000251,SELL000014,1,2151.0,0.0,42.0,2193.0
ORD000000298,1,PROD0000384,SELL000044,1,510.0,0.0,74.0,584.0
ORD000000299,1,PROD0000458,SELL000091,2,13732.0,9154.0,92.0,27556.0
ORD000000299,2,PROD0000039,SELL000073,3,2403.0,126.0,47.0,7256.0
ORD000000299,3,PROD0000403,SELL000051,3,783.0,0.0,63.0,2412.0
ORD000000299,4,PROD0000390,SELL000081,3,1236.0,137.0,42.0,3750.0
ORD000000300,1,PROD0000111,SELL000058,3,726.0,0.0,203.0,2381.0
ORD000000300,2,PROD0000033,SELL000045,1,6640.0,349.0,38.0,6678.0
ORD000000300,3,PROD0000160,SELL000001,1,17695.0,0.0,41.0,17736.0
ORD000000300,4,PROD0000144,SELL000011,1,512.0,57.0,50.0,562.0
ORD000000300,5,PROD0000059,SELL000056,1,328.0,36.0,57.0,385.0
ORD000000301,1,PROD0000133,SELL000008,1,42135.0,0.0,158.0,42293.0
ORD000000301,2,PROD0000101,SELL000001,2,919.0,102.0,54.0,1892.0
ORD000000302,1,PROD0000464,SELL000034,1,2326.0,997.0,154.0,2480.0
ORD000000303,1,PROD0000044,SELL000058,2,610.0,32.0,63.0,1283.0
ORD000000303,2,PROD0000278,SELL000076,1,112.0,74.0,141.0,253.0
ORD000000304,1,PROD0000170,SELL000101,2,1903.0,1268.0,287.0,4093.0
ORD000000305,1,PROD0000439,SELL000068,1,18391.0,0.0,34.0,18425.0
ORD000000306,1,PROD0000247,SELL000102,2,36074.0,4008.0,165.0,72313.0
ORD000000307,1,PROD0000303,SELL000030,1,9582.0,2395.0,46.0,9628.0
ORD000000307,2,PROD0000206,SELL000069,3,480.0,85.0,65.0,1505.0
ORD000000308,1,PROD0000420,SELL000000,1,1752.0,309.0,395.0,2147.0
ORD000000309,1,PROD0000347,SELL000014,2,862.0,0.0,80.0,1804.0
ORD000000310,1,PROD0000287,SELL000067,3,559.0,239.0,75.0,1752.0
ORD000000311,1,PROD0000206,SELL000033,1,565.0,0.0,49.0,614.0
ORD000000312,1,PROD0000234,SELL000059,1,1359.0,151.0,41.0,1400.0
ORD000000313,1,PROD0000131,SELL000098,2,1280.0,549.0,66.0,2626.0
ORD000000314,1,PROD0000342,SELL000081,2,1278.0,67.0,151.0,2707.0
ORD000000315,1,PROD0000153,SELL000036,1,818.0,91.0,57.0,875.0
ORD000000316,1,PROD0000149,SELL000072,1,13264.0,2341.0,58.0,13322.0
ORD000000317,1,PROD0000243,SELL000096,2,484.0,207.0,50.0,1018.0
ORD000000317,2,PROD0000478,SELL000025,2,39867.0,2098.0,42.0,79776.0
ORD000000318,1,PROD0000228,SELL000058,1,22416.0,2491.0,60.0,22476.0
ORD000000319,1,PROD0000473,SELL000076,3,1002.0,0.0,51.0,3057.0
ORD000000319,2,PROD0000274,SELL000069,3,346.0,0.0,45.0,1083.0
ORD000000320,1,PROD0000037,SELL000051,1,736.0,0.0,59.0,795.0
ORD000000321,1,PROD0000304,SELL000045,2,6731.0,354.0,38.0,13500.0
ORD000000322,1,PROD0000477,SELL000060,2,254.0,28.0,102.0,610.0
ORD000000323,1,PROD0000459,SELL000052,1,3330.0,0.0,273.0,3603.0
ORD000000324,1,PROD0000094,SELL000037,1,54864.0,0.0,78.0,54942.0
ORD000000325,1,PROD0000139,SELL000091,1,2547.0,0.0,136.0,2683.0
ORD000000325,2,PROD0000354,SELL000083,1,6656.0,2853.0,51.0,6707.0
ORD000000326,1,PROD0000227,SELL000067,2,1073.0,0.0,98.0,2244.0
ORD000000327,1,PROD0000428,SELL000020,1,960.0,51.0,83.0,1043.0
ORD000000328,1,PROD0000271,SELL000053,3,234.0,58.0,53.0,755.0
ORD000000329,1,PROD0000125,SELL000021,1,554.0,237.0,121.0,675.0
ORD000000330,1,PROD0000172,SELL000017,1,724.0,128.0,40.0,764.0
ORD000000331,1,PROD0000058,SELL000024,1,4575.0,0.0,57.0,4632.0
ORD000000332,1,PROD0000149,SELL000016,1,15605.0,0.0,85.0,15690.0
ORD000000333,1,PROD0000393,SELL000082,2,15440.0,0.0,44.0,30924.0
ORD000000333,2,PROD0000115,SELL000053,2,8802.0,2201.0,39.0,17643.0
ORD000000334,1,PROD0000230,SELL000076,1,504.0,0.0,45.0,549.0
ORD000000335,1,PROD0000093,SELL000102,1,20780.0,0.0,58.0,20838.0
ORD000000336,1,PROD0000253,SELL000028,2,354.0,0.0,66.0,774.0
ORD000000336,2,PROD0000503,SELL000020,2,9323.0,491.0,45.0,18691.0
ORD000000337,1,PROD0000396,SELL000015,1,3061.0,0.0,158.0,3219.0
ORD000000338,1,PROD0000398,SELL000001,2,1128.0,59.0,244.0,2500.0
ORD000000338,2,PROD0000132,SELL000002,1,26224.0,0.0,61.0,26285.0
ORD000000338,3,PROD0000160,SELL000062,2,16810.0,885.0,46.0,33666.0
ORD000000339,1,PROD0000050,SELL000071,1,1079.0,0.0,71.0,1150.0
ORD000000339,2,PROD0000479,SELL000030,1,998.0,111.0,62.0,1060.0
ORD000000340,1,PROD0000498,SELL000056,2,513.0,91.0,42.0,1068.0
ORD000000341,1,PROD0000176,SELL000021,1,397.0,44.0,70.0,467.0
ORD000000342,1,PROD0000364,SELL000073,3,1671.0,0.0,173.0,5186.0
ORD000000343,1,PROD0000109,SELL000074,1,20873.0,2319.0,53.0,20926.0
ORD000000343,2,PROD0000339,SELL000074,2,929.0,49.0,132.0,1990.0
ORD000000344,1,PROD0000049,SELL000053,1,11608.0,611.0,38.0,11646.0
ORD000000345,1,PROD0000173,SELL000088,2,7219.0,0.0,38.0,14476.0
ORD000000345,2,PROD0000204,SELL000008,3,870.0,580.0,132.0,2742.0
ORD000000346,1,PROD0000518,SELL000043,3,18068.0,951.0,152.0,54356.0
ORD000000347,1,PROD0000243,SELL000006,1,656.0,35.0,50.0,706.0
ORD000000347,2,PROD0000115,SELL000086,1,11003.0,0.0,47.0,11050.0
ORD000000348,1,PROD0000024,SELL000007,2,97.0,17.0,100.0,294.0
ORD000000348,2,PROD0000092,SELL000045,3,13416.0,0.0,42.0,40290.0
ORD000000348,3,PROD0000126,SELL000019,1,1061.0,187.0,75.0,1136.0
ORD000000348,4,PROD0000165,SELL000074,1,476.0,0.0,61.0,537.0
ORD000000348,5,PROD0000070,SELL000042,2,518.0,0.0,47.0,1083.0
ORD000000348,6,PROD0000384,SELL000057,1,434.0,76.0,41.0,475.0
ORD000000349,1,PROD0000201,SELL000101,2,1448.0,76.0,57.0,2953.0
ORD000000350,1,PROD0000123,SELL000096,1,35804.0,0.0,127.0,35931.0
ORD000000351,1,PROD0000273,SELL000044,2,11694.0,2924.0,168.0,23556.0
ORD000000352,1,PROD0000162,SELL000038,2,594.0,396.0,57.0,1245.0
ORD000000353,1,PROD0000356,SELL000031,2,359.0,19.0,42.0,760.0
ORD000000354,1,PROD0000275,SELL000072,1,300.0,33.0,36.0,336.0
ORD000000355,1,PROD0000485,SELL000104,1,1621.0,85.0,40.0,1661.0
ORD000000355,2,PROD0000338,SELL000062,1,315.0,35.0,63.0,378.0
ORD000000356,1,PROD0000191,SELL000059,2,2209.0,390.0,58.0,4476.0
ORD000000356,2,PROD0000077,SELL000104,1,24509.0,2723.0,36.0,24545.0
ORD000000356,3,PROD0000052,SELL000019,1,3697.0,0.0,183.0,3880.0
ORD000000356,4,PROD0000341,SELL000008,1,2584.0,0.0,209.0,2793.0
ORD000000356,5,PROD0000017,SELL000009,2,2097.0,233.0,83.0,4277.0
ORD000000357,1,PROD0000198,SELL000062,2,1351.0,238.0,57.0,2759.0
ORD000000357,2,PROD0000010,SELL000094,2,335.0,37.0,75.0,745.0
ORD000000358,1,PROD0000180,SELL000024,3,25756.0,0.0,61.0,77329.0
ORD000000359,1,PROD0000460,SELL000076,2,595.0,31.0,48.0,1238.0
ORD000000360,1,PROD0000041,SELL000092,3,692.0,122.0,183.0,2259.0
ORD000000361,1,PROD0000507,SELL000096,3,1975.0,0.0,202.0,6127.0
ORD000000361,2,PROD0000507,SELL000083,2,1382.0,592.0,202.0,2966.0
ORD000000362,1,PROD0000449,SELL000038,1,10859.0,572.0,89.0,10948.0
ORD000000362,2,PROD0000361,SELL000069,2,370.0,92.0,57.0,797.0
ORD000000363,1,PROD0000092,SELL000058,3,13416.0,0.0,39.0,40287.0
ORD000000363,2,PROD0000052,SELL000050,2,3512.0,185.0,180.0,7204.0
ORD000000363,3,PROD0000478,SELL000074,1,25179.0,16786.0,41.0,25220.0
ORD000000364,1,PROD0000190,SELL000071,3,1153.0,128.0,184.0,3643.0
ORD000000365,1,PROD0000234,SELL000084,3,1510.0,0.0,32.0,4562.0
ORD000000366,1,PROD0000041,SELL000058,2,488.0,326.0,171.0,1147.0
ORD000000367,1,PROD0000031,SELL000069,1,14716.0,775.0,33.0,14749.0
ORD000000368,1,PROD0000282,SELL000030,2,631.0,111.0,54.0,1316.0
ORD000000369,1,PROD0000211,SELL000049,3,1736.0,0.0,105.0,5313.0
ORD000000370,1,PROD0000364,SELL000086,1,1337.0,334.0,162.0,1499.0
ORD000000371,1,PROD0000434,SELL000081,2,63.0,42.0,75.0,201.0
ORD000000372,1,PROD0000029,SELL000053,3,433.0,23.0,48.0,1347.0
ORD000000373,1,PROD0000505,SELL000059,2,1507.0,0.0,41.0,3055.0
ORD000000373,2,PROD0000480,SELL000026,2,859.0,95.0,180.0,1898.0
ORD000000373,3,PROD0000298,SELL000040,1,900.0,0.0,67.0,967.0
ORD000000373,4,PROD0000194,SELL000069,1,11261.0,593.0,38.0,11299.0
ORD000000373,5,PROD0000086,SELL000012,1,509.0,57.0,86.0,595.0
ORD000000374,1,PROD0000122,SELL000001,2,473.0,0.0,77.0,1023.0
ORD000000374,2,PROD0000365,SELL000062,2,955.0,410.0,51.0,1961.0
ORD000000374,3,PROD0000067,SELL000075,1,332.0,59.0,58.0,390.0
ORD000000375,1,PROD0000503,SELL000102,1,9323.0,491.0,46.0,9369.0
ORD000000376,1,PROD0000075,SELL000049,1,606.0,32.0,45.0,651.0
ORD000000376,2,PROD0000393,SELL000012,1,12352.0,3088.0,44.0,12396.0
ORD000000377,1,PROD0000442,SELL000066,2,181.0,10.0,62.0,424.0
ORD000000378,1,PROD0000154,SELL000032,1,535.0,356.0,73.0,608.0
ORD000000378,2,PROD0000250,SELL000016,2,9852.0,0.0,51.0,19755.0
ORD000000378,3,PROD0000300,SELL000065,1,592.0,0.0,130.0,722.0
ORD000000378,4,PROD0000415,SELL000075,3,764.0,85.0,78.0,2370.0
ORD000000379,1,PROD0000026,SELL000005,2,89.0,0.0,138.0,316.0
ORD000000380,1,PROD0000118,SELL000075,3,2515.0,132.0,238.0,7783.0
ORD000000381,1,PROD0000078,SELL000060,1,1614.0,179.0,187.0,1801.0
ORD000000382,1,PROD0000165,SELL000077,1,476.0,0.0,65.0,541.0
ORD000000382,2,PROD0000350,SELL000066,1,956.0,0.0,43.0,999.0
ORD000000382,3,PROD0000214,SELL000049,1,1986.0,0.0,101.0,2087.0
ORD000000382,4,PROD0000256,SELL000035,2,327.0,0.0,49.0,703.0
ORD000000382,5,PROD0000236,SELL000067,1,54623.0,0.0,56.0,54679.0
ORD000000383,1,PROD0000002,SELL000020,3,8262.0,0.0,47.0,24833.0
ORD000000383,2,PROD0000050,SELL000057,3,647.0,432.0,71.0,2012.0
ORD000000383,3,PROD0000118,SELL000079,1,2647.0,0.0,237.0,2884.0
ORD000000383,4,PROD0000023,SELL000024,1,1587.0,0.0,87.0,1674.0
ORD000000384,1,PROD0000428,SELL000008,1,607.0,404.0,82.0,689.0
ORD000000385,1,PROD0000518,SELL000002,1,16166.0,2853.0,150.0,16316.0
ORD000000386,1,PROD0000252,SELL000058,1,160.0,0.0,98.0,258.0
ORD000000387,1,PROD0000347,SELL000043,2,603.0,259.0,83.0,1289.0
ORD000000387,2,PROD0000029,SELL000068,2,319.0,137.0,46.0,684.0
ORD000000388,1,PROD0000028,SELL000085,1,242.0,43.0,42.0,284.0
ORD000000389,1,PROD0000315,SELL000102,1,1248.0,139.0,419.0,1667.0
ORD000000390,1,PROD0000402,SELL000033,2,853.0,95.0,55.0,1761.0
ORD000000391,1,PROD0000484,SELL000011,1,363.0,242.0,73.0,436.0
ORD000000392,1,PROD0000188,SELL000078,3,719.0,38.0,50.0,2207.0
ORD000000393,1,PROD0000218,SELL000002,2,773.0,193.0,50.0,1596.0
ORD000000393,2,PROD0000414,SELL000067,2,10864.0,0.0,36.0,21764.0
ORD000000393,3,PROD0000073,SELL000028,3,17945.0,3167.0,47.0,53882.0
ORD000000394,1,PROD0000494,SELL000037,1,145.0,97.0,114.0,259.0
ORD000000394,2,PROD0000155,SELL000013,2,471.0,0.0,40.0,982.0
ORD000000394,3,PROD0000013,SELL000000,1,1306.0,0.0,210.0,1516.0
ORD000000394,4,PROD0000411,SELL000020,1,314.0,78.0,65.0,379.0
ORD000000394,5,PROD0000502,SELL000045,1,396.0,70.0,36.0,432.0
ORD000000395,1,PROD0000250,SELL000030,1,8374.0,1478.0,47.0,8421.0
ORD000000396,1,PROD0000086,SELL000041,1,340.0,226.0,84.0,424.0
ORD000000396,2,PROD0000078,SELL000011,2,1793.0,0.0,176.0,3762.0
ORD000000396,3,PROD0000154,SELL000014,1,757.0,134.0,71.0,828.0
ORD000000397,1,PROD0000278,SELL000078,2,167.0,19.0,144.0,478.0
ORD000000397,2,PROD0000326,SELL000085,1,768.0,0.0,50.0,818.0
ORD000000398,1,PROD0000363,SELL000077,1,588.0,0.0,46.0,634.0
ORD000000399,1,PROD0000372,SELL000100,2,345.0,61.0,163.0,853.0
ORD000000400,1,PROD0000125,SELL000076,3,672.0,119.0,112.0,2128.0
ORD000000401,1,PROD0000088,SELL000012,1,1000.0,111.0,161.0,1161.0
ORD000000401,2,PROD0000495,SELL000077,2,12877.0,678.0,50.0,25804.0
ORD000000401,3,PROD0000071,SELL000024,1,23922.0,4221.0,49.0,23971.0
ORD000000401,4,PROD0000265,SELL000081,1,3388.0,0.0,426.0,3814.0
ORD000000401,5,PROD0000149,SELL000066,1,15605.0,0.0,75.0,15680.0
ORD000000401,6,PROD0000380,SELL000088,1,11805.0,1312.0,51.0,11856.0
ORD000000402,1,PROD0000169,SELL000099,1,888.0,99.0,44.0,932.0
ORD000000402,2,PROD0000052,SELL000072,1,2958.0,739.0,186.0,3144.0
ORD000000403,1,PROD0000165,SELL000098,2,452.0,24.0,63.0,967.0
ORD000000404,1,PROD0000052,SELL000056,1,3142.0,555.0,189.0,3331.0
ORD000000405,1,PROD0000089,SELL000097,1,2003.0,859.0,56.0,2059.0
ORD000000406,1,PROD0000246,SELL000009,1,1350.0,71.0,65.0,1415.0
ORD000000407,1,PROD0000505,SELL000046,2,1356.0,151.0,61.0,2773.0
ORD000000407,2,PROD0000105,SELL000080,1,308.0,132.0,189.0,497.0
ORD000000408,1,PROD0000415,SELL000103,2,849.0,0.0,77.0,1775.0
ORD000000408,2,PROD0000271,SELL000091,2,248.0,44.0,47.0,543.0
ORD000000408,3,PROD0000510,SELL000038,2,513.0,57.0,55.0,1081.0
ORD000000409,1,PROD0000271,SELL000065,2,277.0,15.0,69.0,623.0
ORD000000410,1,PROD0000054,SELL000009,3,1157.0,289.0,47.0,3518.0
ORD000000411,1,PROD0000213,SELL000012,2,6765.0,0.0,370.0,13900.0
ORD000000412,1,PROD0000039,SELL000073,2,2529.0,0.0,46.0,5104.0
ORD000000413,1,PROD0000115,SELL000032,1,11003.0,0.0,46.0,11049.0
ORD000000414,1,PROD0000279,SELL000058,2,614.0,263.0,186.0,1414.0
ORD000000415,1,PROD0000468,SELL000021,2,13134.0,0.0,36.0,26304.0
ORD000000415,2,PROD0000320,SELL000083,-2,664.0,117.0,163.0,2155.0
ORD000000416,1,PROD0000190,SELL000009,1,1281.0,0.0,180.0,1461.0
ORD000000417,1,PROD0000330,SELL000065,3,12378.0,651.0,58.0,37192.0
ORD000000417,2,PROD0000127,SELL000071,1,191.0,21.0,40.0,231.0
ORD000000417,3,PROD0000048,SELL000086,3,1786.0,0.0,59.0,5417.0
ORD000000418,1,PROD0000382,SELL000026,1,940.0,49.0,54.0,994.0
ORD000000418,2,PROD0000439,SELL000036,2,18391.0,0.0,40.0,36822.0
ORD000000418,3,PROD0000319,SELL000058,1,1385.0,0.0,283.0,1668.0
ORD000000418,4,PROD0000255,SELL000030,3,13417.0,706.0,30.0,40281.0
ORD000000418,5,PROD0000238,SELL000077,2,1591.0,177.0,156.0,3338.0
ORD000000419,1,PROD0000191,SELL000079,1,2599.0,0.0,54.0,2653.0
ORD000000420,1,PROD0000505,SELL000079,1,1432.0,75.0,67.0,1499.0
ORD000000420,2,PROD0000262,SELL000052,3,2201.0,116.0,284.0,6887.0
ORD000000421,1,PROD0000454,SELL000065,3,9374.0,4017.0,45.0,28167.0
ORD000000422,1,PROD0000021,SELL000018,1,17667.0,1963.0,188.0,17855.0
ORD000000423,1,PROD0000183,SELL000020,1,2279.0,977.0,164.0,2443.0
ORD000000424,1,PROD0000112,SELL000039,1,14460.0,1607.0,40.0,14500.0
ORD000000425,1,PROD0000060,SELL000021,1,12995.0,3249.0,34.0,13029.0
ORD000000425,2,PROD0000520,SELL000084,1,11570.0,0.0,40.0,11610.0
ORD000000426,1,PROD0000027,SELL000027,2,1276.0,142.0,50.0,2602.0
ORD000000426,2,PROD0000287,SELL000097,2,758.0,40.0,57.0,1573.0
ORD000000427,1,PROD0000113,SELL000043,2,20649.0,3644.0,37.0,41335.0
ORD000000427,2,PROD0000040,SELL000079,1,209.0,89.0,198.0,407.0
ORD000000428,1,PROD0000511,SELL000007,3,751.0,133.0,139.0,2392.0
ORD000000429,1,PROD0000152,SELL000075,2,16728.0,0.0,36.0,33492.0
ORD000000429,2,PROD0000183,SELL000047,1,2930.0,326.0,173.0,3103.0
ORD000000430,1,PROD0000096,SELL000085,2,792.0,140.0,196.0,1780.0
ORD000000430,2,PROD0000357,SELL000018,1,694.0,0.0,40.0,734.0
ORD000000431,1,PROD0000481,SELL000021,1,14486.0,0.0,31.0,14517.0
ORD000000431,2,PROD0000176,SELL000090,1,375.0,66.0,56.0,431.0
ORD000000431,3,PROD0000420,SELL000060,3,2061.0,0.0,396.0,6579.0
ORD000000432,1,PROD0000213,SELL000059,2,6765.0,0.0,389.0,13919.0
ORD000000432,2,PROD0000284,SELL000062,1,481.0,206.0,67.0,548.0
ORD000000433,1,PROD0000416,SELL000037,2,6336.0,4224.0,53.0,12725.0
ORD000000434,1,PROD0000495,SELL000099,2,12877.0,678.0,66.0,25820.0
ORD000000435,1,PROD0000317,SELL000058,2,257.0,172.0,47.0,561.0
ORD000000436,1,PROD0000194,SELL000001,3,9483.0,2371.0,52.0,28501.0
ORD000000437,1,PROD0000244,SELL000030,2,1309.0,145.0,205.0,2823.0
ORD000000437,2,PROD0000450,SELL000101,1,2734.0,483.0,47.0,2781.0
ORD000000437,3,PROD0000184,SELL000051,1,13631.0,5842.0,41.0,13672.0
ORD000000438,1,PROD0000243,SELL000076,1,587.0,104.0,44.0,631.0
ORD000000438,2,PROD0000403,SELL000001,3,783.0,0.0,83.0,2432.0
ORD000000438,3,PROD0000442,SELL000002,1,191.0,0.0,52.0,243.0
ORD000000438,4,PROD0000232,SELL000021,1,20649.0,1087.0,140.0,20789.0
ORD000000439,1,PROD0000469,SELL000054,2,403.0,0.0,60.0,866.0
ORD000000439,2,PROD0000449,SELL000063,3,11431.0,0.0,79.0,34372.0
ORD000000439,3,PROD0000241,SELL000007,2,458.0,24.0,54.0,970.0
ORD000000439,4,PROD0000144,SELL000096,1,569.0,0.0,60.0,629.0
ORD000000439,5,PROD0000092,SELL000063,1,13416.0,0.0,34.0,13450.0
ORD000000439,6,PROD0000062,SELL000036,1,597.0,256.0,131.0,728.0
ORD000000440,1,PROD0000100,SELL000047,1,15352.0,0.0,137.0,15489.0
ORD000000441,1,PROD0000035,SELL000053,1,626.0,70.0,63.0,689.0
ORD000000442,1,PROD0000150,SELL000081,2,649.0,72.0,112.0,1410.0
ORD000000443,1,PROD0000516,SELL000009,2,4796.0,3197.0,40.0,9632.0
ORD000000443,2,PROD0000116,SELL000060,2,768.0,0.0,106.0,1642.0
ORD000000443,3,PROD0000200,SELL000054,-1,1440.0,0.0,120.0,3000.0
ORD000000444,1,PROD0000202,SELL000082,1,21685.0,2409.0,118.0,21803.0
ORD000000444,2,PROD0000270,SELL000037,2,2951.0,328.0,81.0,5983.0
ORD000000445,1,PROD0000263,SELL000038,1,750.0,187.0,65.0,815.0
ORD000000445,2,PROD0000302,SELL000084,2,1162.0,0.0,60.0,2384.0
ORD000000446,1,PROD0000045,SELL000089,1,12300.0,0.0,54.0,12354.0
ORD000000446,2,PROD0000167,SELL000086,1,20387.0,0.0,166.0,20553.0
ORD000000446,3,PROD0000473,SELL000090,1,852.0,150.0,59.0,911.0
ORD000000446,4,PROD0000508,SELL000010,2,13950.0,0.0,82.0,27982.0
ORD000000447,1,PROD0000001,SELL000068,2,9099.0,0.0,56.0,18254.0
ORD000000448,1,PROD0000328,SELL000072,1,2050.0,228.0,156.0,2206.0
ORD000000449,1,PROD0000072,SELL000027,2,1166.0,0.0,227.0,2559.0
ORD000000449,2,PROD0000279,SELL000047,1,877.0,0.0,198.0,1075.0
ORD000000450,1,PROD0000004,SELL000104,3,16744.0,0.0,42.0,50274.0
ORD000000451,1,PROD0000393,SELL000014,1,12352.0,3088.0,47.0,12399.0
ORD000000452,1,PROD0000513,SELL000085,2,959.0,107.0,53.0,1971.0
ORD000000453,1,PROD0000064,SELL000033,1,890.0,47.0,128.0,1018.0
ORD000000454,1,PROD0000213,SELL000089,1,6427.0,338.0,372.0,6799.0
ORD000000454,2,PROD0000101,SELL000056,1,613.0,408.0,69.0,682.0
ORD000000454,3,PROD0000102,SELL000001,1,20256.0,0.0,36.0,20292.0
ORD000000454,4,PROD0000413,SELL000011,2,3130.0,0.0,235.0,6495.0
ORD000000454,5,PROD0000061,SELL000086,2,2556.0,639.0,120.0,5232.0
ORD000000454,6,PROD0000064,SELL000083,3,843.0,94.0,103.0,2632.0
ORD000000455,1,PROD0000192,SELL000022,2,609.0,406.0,54.0,1272.0
ORD000000456,1,PROD0000160,SELL000067,1,15041.0,2654.0,59.0,15100.0
ORD000000457,1,PROD0000508,SELL000053,2,11858.0,2092.0,88.0,23804.0
ORD000000457,2,PROD0000205,SELL000005,2,13798.0,1533.0,65.0,27661.0
ORD000000457,3,PROD0000285,SELL000073,1,658.0,0.0,84.0,742.0
ORD000000457,4,PROD0000053,SELL000016,1,8038.0,3445.0,49.0,8087.0
ORD000000457,5,PROD0000184,SELL000043,1,17526.0,1947.0,43.0,17569.0
ORD000000458,1,PROD0000107,SELL000000,1,23239.0,0.0,165.0,23404.0
ORD000000459,1,PROD0000189,SELL000025,3,7547.0,0.0,44.0,22685.0
ORD000000459,2,PROD0000158,SELL000098,3,952.0,50.0,55.0,2911.0
ORD000000460,1,PROD0000061,SELL000052,1,3195.0,0.0,117.0,3312.0
ORD000000460,2,PROD0000288,SELL000075,3,409.0,0.0,52.0,1279.0
ORD000000460,3,PROD0000269,SELL000031,1,15115.0,0.0,85.0,15200.0
ORD000000460,4,PROD0000270,SELL000004,3,2295.0,984.0,96.0,6981.0
ORD000000461,1,PROD0000221,SELL000064,2,672.0,75.0,46.0,1390.0
ORD000000462,1,PROD0000273,SELL000025,2,14618.0,0.0,157.0,29393.0
ORD000000463,1,PROD0000379,SELL000011,2,982.0,0.0,55.0,2019.0
ORD000000464,1,PROD0000136,SELL000051,1,18506.0,3266.0,50.0,18556.0
ORD000000465,1,PROD0000100,SELL000042,1,13049.0,2303.0,124.0,13173.0
ORD000000466,1,PROD0000353,SELL000012,1,14936.0,0.0,71.0,15007.0
ORD000000467,1,PROD0000071,SELL000062,2,16886.0,11257.0,62.0,33834.0
ORD000000468,1,PROD0000183,SELL000046,1,3256.0,0.0,165.0,3421.0
ORD000000468,2,PROD0000302,SELL000104,1,1162.0,0.0,50.0,1212.0
ORD000000469,1,PROD0000304,SELL000009,2,7085.0,0.0,46.0,14216.0
ORD000000470,1,PROD0000386,SELL000052,2,324.0,216.0,188.0,836.0
ORD000000471,1,PROD0000245,SELL000083,3,4793.0,1198.0,370.0,14749.0
ORD000000472,1,PROD0000259,SELL000044,2,387.0,43.0,47.0,821.0
ORD000000472,2,PROD0000023,SELL000021,1,1508.0,79.0,81.0,1589.0
ORD000000473,1,PROD0000411,SELL000103,2,392.0,0.0,53.0,837.0
ORD000000474,1,PROD0000123,SELL000034,2,35804.0,0.0,132.0,71740.0
ORD000000475,1,PROD0000438,SELL000097,1,288.0,0.0,89.0,377.0
ORD000000475,2,PROD0000335,SELL000088,1,10602.0,2651.0,105.0,10707.0
ORD000000475,3,PROD0000477,SELL000070,2,240.0,42.0,93.0,573.0
ORD000000475,4,PROD0000455,SELL000081,1,10921.0,575.0,44.0,10965.0
ORD000000475,5,PROD0000197,SELL000057,2,245.0,164.0,191.0,681.0
ORD000000476,1,PROD0000205,SELL000070,2,15331.0,0.0,33.0,30695.0
ORD000000476,2,PROD0000471,SELL000028,1,1399.0,0.0,167.0,1566.0
ORD000000477,1,PROD0000460,SELL000005,1,595.0,31.0,54.0,649.0
ORD000000477,2,PROD0000369,SELL000065,1,49.0,32.0,107.0,156.0
ORD000000478,1,PROD0000481,SELL000084,3,14486.0,0.0,36.0,43494.0
ORD000000478,2,PROD0000325,SELL000087,3,331.0,0.0,61.0,1054.0
ORD000000479,1,PROD0000012,SELL000080,2,39438.0,0.0,108.0,78984.0
ORD000000480,1,PROD0000288,SELL000103,3,245.0,164.0,58.0,793.0
ORD000000481,1,PROD0000192,SELL000062,2,1015.0,0.0,48.0,2078.0
ORD000000482,1,PROD0000010,SELL000017,3,316.0,56.0,68.0,1016.0
ORD000000482,2,PROD0000289,SELL000021,1,888.0,222.0,51.0,939.0
ORD000000482,3,PROD0000291,SELL000028,1,387.0,68.0,29.0,416.0
ORD000000483,1,PROD0000381,SELL000102,1,15568.0,0.0,77.0,15645.0
ORD000000483,2,PROD0000405,SELL000092,1,22884.0,0.0,60.0,22944.0
ORD000000483,3,PROD0000168,SELL000076,1,1459.0,0.0,48.0,1507.0
ORD000000483,4,PROD0000514,SELL000090,1,1630.0,408.0,399.0,2029.0
ORD000000483,5,PROD0000230,SELL000035,3,403.0,101.0,38.0,1247.0
ORD000000484,1,PROD0000225,SELL000075,2,1693.0,0.0,255.0,3641.0
ORD000000485,1,PROD0000094,SELL000017,1,52121.0,2743.0,54.0,52175.0
ORD000000486,1,PROD0000515,SELL000010,2,18612.0,0.0,174.0,37398.0
ORD000000486,2,PROD0000205,SELL000067,2,14564.0,767.0,33.0,29161.0
ORD000000487,1,PROD0000089,SELL000074,1,2719.0,143.0,44.0,2763.0
ORD000000487,2,PROD0000440,SELL000062,1,5581.0,3721.0,39.0,5620.0
ORD000000488,1,PROD0000499,SELL000049,1,5232.0,275.0,92.0,5324.0
ORD000000489,1,PROD0000111,SELL000063,1,726.0,0.0,206.0,932.0
ORD000000490,1,PROD0000307,SELL000038,3,849.0,94.0,142.0,2689.0
ORD000000491,1,PROD0000471,SELL000030,3,979.0,420.0,162.0,3099.0
ORD000000492,1,PROD0000345,SELL000026,1,28947.0,1524.0,46.0,28993.0
ORD000000492,2,PROD0000227,SELL000038,2,858.0,215.0,104.0,1820.0
ORD000000493,1,PROD0000298,SELL000033,1,855.0,45.0,56.0,911.0
ORD000000494,1,PROD0000052,SELL000016,2,3327.0,370.0,187.0,6841.0
ORD000000494,2,PROD0000512,SELL000056,3,777.0,86.0,45.0,2376.0
ORD000000495,1,PROD0000267,SELL000043,2,19736.0,8458.0,48.0,39520.0
ORD000000496,1,PROD0000023,SELL000017,2,1428.0,159.0,78.0,2934.0
ORD000000497,1,PROD0000176,SELL000095,3,419.0,22.0,69.0,1326.0
ORD000000497,2,PROD0000213,SELL000053,2,5750.0,1015.0,386.0,11886.0
ORD000000498,1,PROD0000518,SELL000014,2,19019.0,0.0,162.0,38200.0
ORD000000499,1,PROD0000455,SELL000005,3,11496.0,0.0,64.0,34552.0
ORD000000499,2,PROD0000158,SELL000008,2,1002.0,0.0,47.0,2051.0
ORD000000499,3,PROD0000087,SELL000043,2,491.0,55.0,139.0,1121.0
ORD000000500,1,PROD0000022,SELL000025,3,10999.0,2750.0,100.0,33097.0
ORD000000500,2,PROD0000296,SELL000100,1,418.0,46.0,29.0,447.0
ORD000000501,1,PROD0000232,SELL000049,2,20649.0,1087.0,158.0,41456.0
ORD000000501,2,PROD0000272,SELL000077,2,466.0,0.0,70.0,1002.0
ORD000000501,3,PROD0000142,SELL000025,3,10554.0,7036.0,110.0,31772.0
ORD000000502,1,PROD0000420,SELL000007,2,2061.0,0.0,391.0,4513.0
ORD000000503,1,PROD0000269,SELL000035,2,15115.0,0.0,73.0,30303.0
ORD000000504,1,PROD0000478,SELL000072,3,33572.0,8393.0,34.0,100750.0
ORD000000505,1,PROD0000124,SELL000080,1,23171.0,9931.0,75.0,23246.0
ORD000000505,2,PROD0000134,SELL000020,1,926.0,0.0,78.0,1004.0
ORD000000506,1,PROD0000305,SELL000031,1,21588.0,2399.0,36.0,21624.0
ORD000000507,1,PROD0000361,SELL000049,2,370.0,92.0,51.0,791.0
ORD000000508,1,PROD0000153,SELL000036,1,909.0,0.0,31.0,940.0
ORD000000509,1,PROD0000285,SELL000030,3,395.0,263.0,95.0,1280.0
ORD000000509,2,PROD0000266,SELL000103,1,962.0,0.0,94.0,1056.0
ORD000000510,1,PROD0000345,SELL000098,1,28947.0,1524.0,47.0,28994.0
ORD000000511,1,PROD0000331,SELL000037,1,626.0,0.0,70.0,696.0
ORD000000511,2,PROD0000104,SELL000005,2,1097.0,0.0,54.0,2248.0
ORD000000512,1,PROD0000059,SELL000037,1,364.0,0.0,49.0,413.0
ORD000000512,2,PROD0000142,SELL000092,1,17590.0,0.0,110.0,17700.0
ORD000000512,3,PROD0000065,SELL000094,2,419.0,180.0,45.0,883.0
ORD000000513,1,PROD0000286,SELL000073,1,1743.0,194.0,123.0,1866.0
ORD000000514,1,PROD0000266,SELL000070,3,962.0,0.0,88.0,2974.0
ORD000000515,1,PROD0000001,SELL000038,1,8644.0,455.0,40.0,8684.0
ORD000000515,2,PROD0000429,SELL000046,1,33209.0,0.0,66.0,33275.0
ORD000000515,3,PROD0000373,SELL000092,2,608.0,68.0,56.0,1272.0
ORD000000516,1,PROD0000243,SELL000022,1,622.0,69.0,46.0,668.0
ORD000000517,1,PROD0000084,SELL000042,1,1122.0,59.0,44.0,1166.0
ORD000000518,1,PROD0000083,SELL000092,3,11378.0,2008.0,44.0,34178.0
ORD000000518,2,PROD0000485,SELL000073,2,1621.0,85.0,47.0,3289.0
ORD000000519,1,PROD0000122,SELL000011,1,378.0,95.0,93.0,471.0
ORD000000520,1,PROD0000448,SELL000082,1,1254.0,139.0,59.0,1313.0
ORD000000520,2,PROD0000345,SELL000007,1,30471.0,0.0,41.0,30512.0
ORD000000521,1,PROD0000324,SELL000030,1,1967.0,0.0,156.0,2123.0
ORD000000521,2,PROD0000435,SELL000096,2,176.0,0.0,186.0,538.0
ORD000000522,1,PROD0000464,SELL000007,1,2326.0,997.0,172.0,2498.0
ORD000000523,1,PROD0000140,SELL000019,2,1244.0,311.0,127.0,2615.0
ORD000000524,1,PROD0000514,SELL000091,2,1223.0,815.0,398.0,2844.0
ORD000000525,1,PROD0000066,SELL000070,1,5754.0,1015.0,430.0,6184.0
ORD000000526,1,PROD0000403,SELL000024,1,548.0,235.0,55.0,603.0
ORD000000527,1,PROD0000201,SELL000036,2,1448.0,76.0,66.0,2962.0
ORD000000527,2,PROD0000326,SELL000097,2,691.0,77.0,34.0,1416.0
ORD000000527,3,PROD0000435,SELL000063,1,167.0,9.0,182.0,349.0
ORD000000527,4,PROD0000234,SELL000033,2,1208.0,302.0,47.0,2463.0
ORD000000527,5,PROD0000042,SELL000015,1,493.0,328.0,67.0,560.0
ORD000000527,6,PROD0000423,SELL000043,2,291.0,51.0,48.0,630.0
ORD000000528,1,PROD0000068,SELL000033,1,141.0,35.0,62.0,203.0
ORD000000529,1,PROD0000367,SELL000045,2,6824.0,2924.0,52.0,13700.0
ORD000000530,1,PROD0000229,SELL000005,3,553.0,0.0,135.0,1794.0
ORD000000530,2,PROD0000246,SELL000049,2,1350.0,71.0,38.0,2738.0
ORD000000531,1,PROD0000136,SELL000025,1,18506.0,3266.0,55.0,18561.0
ORD000000532,1,PROD0000260,SELL000101,2,24278.0,2698.0,80.0,48636.0
ORD000000533,1,PROD0000097,SELL000029,1,258.0,29.0,168.0,426.0
ORD000000533,2,PROD0000119,SELL000025,1,3050.0,161.0,139.0,3189.0
ORD000000533,3,PROD0000246,SELL000031,2,1421.0,0.0,71.0,2913.0
ORD000000533,4,PROD0000410,SELL000063,1,491.0,210.0,53.0,544.0
ORD000000534,1,PROD0000267,SELL000076,1,23966.0,4229.0,42.0,24008.0
ORD000000534,2,PROD0000457,SELL000030,3,1453.0,161.0,59.0,4418.0
ORD000000535,1,PROD0000142,SELL000072,3,17590.0,0.0,98.0,52868.0
ORD000000536,1,PROD0000008,SELL000013,3,943.0,0.0,56.0,2885.0
ORD000000537,1,PROD0000160,SELL000020,2,16810.0,885.0,32.0,33652.0
ORD000000538,1,PROD0000058,SELL000030,2,4575.0,0.0,68.0,9218.0
ORD000000539,1,PROD0000272,SELL000073,2,466.0,0.0,68.0,1000.0
ORD000000540,1,PROD0000516,SELL000058,2,7993.0,0.0,38.0,16024.0
ORD000000541,1,PROD0000254,SELL000048,1,52793.0,0.0,30.0,52823.0
ORD000000541,2,PROD0000092,SELL000063,2,13416.0,0.0,38.0,26870.0
ORD000000542,1,PROD0000304,SELL000020,-2,6022.0,1063.0,43.0,12087.0
ORD000000543,1,PROD0000383,SELL000027,1,3054.0,339.0,381.0,3435.0
ORD000000543,2,PROD0000453,SELL000074,1,319.0,35.0,155.0,474.0
ORD000000544,1,PROD0000250,SELL000103,1,5911.0,3941.0,38.0,5949.0
ORD000000545,1,PROD0000221,SELL000000,2,710.0,37.0,59.0,1479.0
ORD000000546,1,PROD0000271,SELL000038,1,234.0,58.0,45.0,279.0
ORD000000547,1,PROD0000111,SELL000092,1,726.0,0.0,213.0,939.0
ORD000000548,1,PROD0000056,SELL000087,2,664.0,0.0,50.0,1378.0
ORD000000549,1,PROD0000402,SELL000027,2,948.0,0.0,59.0,1955.0
ORD000000550,1,PROD0000071,SELL000003,2,16886.0,11257.0,42.0,33814.0
ORD000000550,2,PROD0000358,SELL000059,1,6756.0,2895.0,171.0,6927.0
ORD000000550,3,PROD0000301,SELL000072,1,1651.0,87.0,62.0,1713.0
ORD000000551,1,PROD0000245,SELL000026,2,4793.0,1198.0,357.0,9943.0
ORD000000551,2,PROD0000196,SELL000031,1,1753.0,0.0,239.0,1992.0
ORD000000552,1,PROD0000512,SELL000070,3,777.0,86.0,47.0,2378.0
ORD000000553,1,PROD0000415,SELL000056,3,849.0,0.0,72.0,2619.0
ORD000000554,1,PROD0000085,SELL000029,3,53323.0,5925.0,113.0,160082.0
ORD000000554,2,PROD0000506,SELL000087,2,1730.0,0.0,49.0,3509.0
ORD000000554,3,PROD0000067,SELL000094,1,352.0,39.0,53.0,405.0
ORD000000554,4,PROD0000423,SELL000076,2,325.0,17.0,47.0,697.0
ORD000000555,1,PROD0000222,SELL000099,1,222.0,25.0,36.0,258.0
ORD000000556,1,PROD0000211,SELL000037,1,1736.0,0.0,115.0,1851.0
ORD000000557,1,PROD0000262,SELL000011,1,2085.0,232.0,281.0,2366.0
ORD000000557,2,PROD0000251,SELL000076,1,2151.0,0.0,52.0,2203.0
ORD000000558,1,PROD0000065,SELL000058,2,599.0,0.0,52.0,1250.0
ORD000000559,1,PROD0000081,SELL000043,2,687.0,76.0,42.0,1416.0
ORD000000559,2,PROD0000383,SELL000027,2,3393.0,0.0,374.0,7160.0
ORD000000560,1,PROD0000362,SELL000006,1,946.0,50.0,39.0,985.0
ORD000000561,1,PROD0000204,SELL000018,2,1450.0,0.0,118.0,3018.0
ORD000000561,2,PROD0000233,SELL000069,1,2052.0,228.0,78.0,2130.0
ORD000000562,1,PROD0000199,SELL000023,2,635.0,33.0,55.0,1325.0
ORD000000563,1,PROD0000446,SELL000098,1,37771.0,0.0,191.0,37962.0
ORD000000564,1,PROD0000036,SELL000049,2,41591.0,0.0,167.0,83349.0
ORD000000564,2,PROD0000339,SELL000008,2,880.0,98.0,106.0,1866.0
ORD000000564,3,PROD0000160,SELL000068,2,14156.0,3539.0,52.0,28364.0
ORD000000565,1,PROD0000088,SELL000072,1,1111.0,0.0,141.0,1252.0
ORD000000566,1,PROD0000081,SELL000018,-2,763.0,0.0,52.0,1578.0
ORD000000567,1,PROD0000214,SELL000088,1,1589.0,397.0,94.0,1683.0
ORD000000567,2,PROD0000075,SELL000077,3,638.0,0.0,74.0,1988.0
ORD000000568,1,PROD0000352,SELL000062,1,653.0,0.0,146.0,799.0
ORD000000569,1,PROD0000170,SELL000012,3,3171.0,0.0,292.0,9805.0
ORD000000570,1,PROD0000446,SELL000050,2,22663.0,15108.0,184.0,45510.0
ORD000000570,2,PROD0000075,SELL000101,1,574.0,64.0,50.0,624.0
ORD000000571,1,PROD0000182,SELL000024,2,387.0,0.0,46.0,820.0
ORD000000571,2,PROD0000199,SELL000098,2,635.0,33.0,71.0,1341.0
ORD000000571,3,PROD0000348,SELL000020,3,9691.0,0.0,36.0,29109.0
ORD000000571,4,PROD0000154,SELL000063,3,891.0,0.0,59.0,2732.0
ORD000000571,5,PROD0000090,SELL000041,1,3153.0,2102.0,212.0,3365.0
ORD000000572,1,PROD0000211,SELL000007,2,1649.0,87.0,104.0,3402.0
ORD000000573,1,PROD0000471,SELL000067,2,1189.0,210.0,163.0,2541.0
ORD000000573,2,PROD0000424,SELL000049,1,396.0,170.0,71.0,467.0
ORD000000573,3,PROD0000299,SELL000033,1,28050.0,0.0,165.0,28215.0
ORD000000574,1,PROD0000518,SELL000024,2,19019.0,0.0,161.0,38199.0
ORD000000575,1,PROD0000400,SELL000051,2,47737.0,0.0,144.0,95618.0
ORD000000576,1,PROD0000398,SELL000011,3,1009.0,178.0,228.0,3255.0
ORD000000576,2,PROD0000206,SELL000062,3,537.0,28.0,47.0,1658.0
ORD000000577,1,PROD0000258,SELL000009,1,7482.0,394.0,44.0,7526.0
ORD000000578,1,PROD0000490,SELL000022,1,1639.0,0.0,120.0,1759.0
ORD000000578,2,PROD0000482,SELL000053,3,978.0,0.0,131.0,3065.0
ORD000000579,1,PROD0000375,SELL000077,3,1974.0,104.0,252.0,6174.0
ORD000000579,2,PROD0000050,SELL000041,1,1079.0,0.0,53.0,1132.0
ORD000000580,1,PROD0000080,SELL000066,1,654.0,163.0,75.0,729.0
ORD000000581,1,PROD0000238,SELL000097,1,1061.0,707.0,129.0,1190.0
ORD000000582,1,PROD0000286,SELL000062,3,1356.0,581.0,121.0,4189.0
ORD000000583,1,PROD0000324,SELL000078,2,1869.0,98.0,157.0,3895.0
ORD000000584,1,PROD0000141,SELL000050,2,204.0,0.0,151.0,559.0
ORD000000584,2,PROD0000406,SELL000027,2,501.0,26.0,43.0,1045.0
ORD000000584,3,PROD0000434,SELL000038,1,105.0,0.0,72.0,177.0
ORD000000584,4,PROD0000108,SELL000036,2,966.0,414.0,180.0,2112.0
ORD000000585,1,PROD0000407,SELL000057,2,503.0,89.0,34.0,1040.0
ORD000000585,2,PROD0000078,SELL000015,1,1793.0,0.0,206.0,1999.0
ORD000000585,3,PROD0000257,SELL000080,2,1023.0,181.0,106.0,2152.0
ORD000000586,1,PROD0000457,SELL000016,1,1614.0,0.0,27.0,1641.0
ORD000000586,2,PROD0000157,SELL000074,3,26784.0,4727.0,184.0,80536.0
ORD000000587,1,PROD0000356,SELL000049,1,359.0,19.0,43.0,402.0
ORD000000588,1,PROD0000444,SELL000077,1,1417.0,354.0,57.0,1474.0
ORD000000589,1,PROD0000255,SELL000018,3,8474.0,5649.0,55.0,25477.0
ORD000000589,2,PROD0000443,SELL000021,2,21821.0,0.0,46.0,43688.0
ORD000000590,1,PROD0000332,SELL000026,3,46818.0,5202.0,44.0,140498.0
ORD000000591,1,PROD0000263,SELL000081,2,937.0,0.0,54.0,1928.0
ORD000000592,1,PROD0000061,SELL000027,1,2556.0,639.0,145.0,2701.0
ORD000000593,1,PROD0000373,SELL000035,1,642.0,34.0,63.0,705.0
ORD000000593,2,PROD0000161,SELL000014,1,608.0,405.0,42.0,650.0
ORD000000593,3,PROD0000148,SELL000024,2,15543.0,6662.0,54.0,31140.0
ORD000000593,4,PROD0000479,SELL000089,1,1109.0,0.0,69.0,1178.0
ORD000000594,1,PROD0000181,SELL000012,2,3571.0,0.0,280.0,7422.0
ORD000000594,2,PROD0000187,SELL000095,1,3611.0,401.0,414.0,4025.0
ORD000000595,1,PROD0000491,SELL000087,2,647.0,0.0,46.0,1340.0
ORD000000596,1,PROD0000150,SELL000099,2,721.0,0.0,98.0,1540.0
ORD000000596,2,PROD0000383,SELL000065,3,3054.0,339.0,363.0,9525.0
ORD000000596,3,PROD0000270,SELL000071,1,2951.0,328.0,93.0,3044.0
ORD000000596,4,PROD0000037,SELL000088,3,662.0,74.0,69.0,2055.0
ORD000000597,1,PROD0000303,SELL000074,3,11977.0,0.0,40.0,35971.0
ORD000000597,2,PROD0000238,SELL000058,2,1768.0,0.0,139.0,3675.0
ORD000000598,1,PROD0000378,SELL000044,1,79.0,0.0,47.0,126.0
ORD000000599,1,PROD0000206,SELL000090,1,480.0,85.0,55.0,535.0
ORD000000600,1,PROD0000125,SELL000033,1,751.0,40.0,120.0,871.0
ORD000000601,1,PROD0000120,SELL000058,3,2075.0,109.0,75.0,6300.0
ORD000000602,1,PROD0000275,SELL000006,3,200.0,133.0,66.0,666.0
ORD000000602,2,PROD0000518,SELL000067,1,13313.0,5706.0,147.0,13460.0
ORD000000603,1,PROD0000234,SELL000013,2,1510.0,0.0,36.0,3056.0
ORD000000604,1,PROD0000070,SELL000005,2,414.0,104.0,60.0,888.0
ORD000000605,1,PROD0000428,SELL000031,0,1011.0,0.0,82.0,1093.0
ORD000000606,1,PROD0000163,SELL000070,3,228.0,40.0,51.0,735.0
ORD000000607,1,PROD0000221,SELL000086,3,747.0,0.0,57.0,2298.0
ORD000000607,2,PROD0000442,SELL000062,1,191.0,0.0,56.0,247.0
ORD000000607,3,PROD0000057,SELL000068,2,24154.0,10352.0,49.0,48357.0
ORD000000608,1,PROD0000068,SELL000025,1,158.0,18.0,55.0,213.0
ORD000000609,1,PROD0000104,SELL000011,1,1097.0,0.0,55.0,1152.0
ORD000000609,2,PROD0000195,SELL000011,3,692.0,297.0,51.0,2127.0
ORD000000610,1,PROD0000446,SELL000007,3,37771.0,0.0,193.0,113506.0
ORD000000610,2,PROD0000330,SELL000036,1,13029.0,0.0,44.0,13073.0
ORD000000610,3,PROD0000404,SELL000078,2,1212.0,64.0,110.0,2534.0
ORD000000610,4,PROD0000175,SELL000006,1,1013.0,179.0,140.0,1153.0
ORD000000610,5,PROD0000214,SELL000036,2,1688.0,298.0,101.0,3477.0
ORD000000610,6,PROD0000212,SELL000063,1,1005.0,53.0,171.0,1176.0
ORD000000611,1,PROD0000059,SELL000006,2,328.0,36.0,59.0,715.0
ORD000000611,2,PROD0000286,SELL000057,2,1743.0,194.0,136.0,3622.0
ORD000000612,1,PROD0000173,SELL000041,1,6858.0,361.0,27.0,6885.0
ORD000000613,1,PROD0000496,SELL000096,1,1204.0,0.0,45.0,1249.0
ORD000000613,2,PROD0000360,SELL000052,1,788.0,0.0,47.0,835.0
ORD000000614,1,PROD0000453,SELL000054,1,301.0,53.0,168.0,469.0
ORD000000614,2,PROD0000101,SELL000089,3,817.0,204.0,65.0,2516.0
ORD000000614,3,PROD0000058,SELL000076,3,4346.0,229.0,59.0,13097.0
ORD000000615,1,PROD0000227,SELL000057,2,1073.0,0.0,96.0,2242.0
ORD000000615,2,PROD0000296,SELL000069,2,418.0,46.0,50.0,886.0
ORD000000616,1,PROD0000291,SELL000042,1,455.0,0.0,38.0,493.0
ORD000000617,1,PROD0000340,SELL000073,2,366.0,41.0,63.0,795.0
ORD000000618,1,PROD0000433,SELL000032,1,379.0,20.0,63.0,442.0
ORD000000619,1,PROD0000169,SELL000032,1,938.0,49.0,42.0,980.0
ORD000000620,1,PROD0000151,SELL000086,2,9173.0,0.0,37.0,18383.0
ORD000000620,2,PROD0000137,SELL000043,3,11304.0,4844.0,39.0,33951.0
ORD000000621,1,PROD0000189,SELL000055,1,7547.0,0.0,32.0,7579.0
ORD000000622,1,PROD0000311,SELL000012,1,276.0,0.0,54.0,330.0
ORD000000622,2,PROD0000418,SELL000036,1,257.0,14.0,44.0,301.0
ORD000000623,1,PROD0000216,SELL000068,3,257.0,64.0,53.0,824.0
ORD000000623,2,PROD0000217,SELL000055,0,1106.0,195.0,48.0,2260.0
ORD000000624,1,PROD0000471,SELL000031,1,1259.0,140.0,165.0,1424.0
ORD000000625,1,PROD0000178,SELL000003,2,454.0,50.0,61.0,969.0
ORD000000626,1,PROD0000085,SELL000057,2,56286.0,2962.0,111.0,112683.0
ORD000000627,1,PROD0000179,SELL000036,1,749.0,0.0,54.0,803.0
ORD000000628,1,PROD0000021,SELL000096,3,19630.0,0.0,161.0,59051.0
ORD000000628,2,PROD0000190,SELL000004,3,1217.0,64.0,191.0,3842.0
ORD000000628,3,PROD0000468,SELL000071,1,11821.0,1313.0,43.0,11864.0
ORD000000628,4,PROD0000422,SELL000040,2,20734.0,3659.0,159.0,41627.0
ORD000000629,1,PROD0000466,SELL000028,1,5518.0,3678.0,66.0,5584.0
ORD000000630,1,PROD0000156,SELL000074,2,223.0,25.0,55.0,501.0
ORD000000631,1,PROD0000217,SELL000054,1,1106.0,195.0,63.0,1169.0
ORD000000632,1,PROD0000442,SELL000007,2,115.0,76.0,53.0,283.0
ORD000000633,1,PROD0000392,SELL000063,1,6008.0,0.0,51.0,6059.0
ORD000000634,1,PROD0000096,SELL000018,2,885.0,47.0,199.0,1969.0
ORD000000634,2,PROD0000440,SELL000089,2,7907.0,1395.0,52.0,15866.0
ORD000000634,3,PROD0000053,SELL000025,3,10335.0,1148.0,41.0,31046.0
ORD000000634,4,PROD0000132,SELL000083,1,18357.0,7867.0,45.0,18402.0
ORD000000634,5,PROD0000277,SELL000034,2,1146.0,127.0,45.0,2337.0
ORD000000634,6,PROD0000340,SELL000033,1,285.0,122.0,49.0,334.0
ORD000000635,1,PROD0000415,SELL000000,2,849.0,0.0,69.0,1767.0
ORD000000636,1,PROD0000384,SELL000096,1,408.0,102.0,70.0,478.0
ORD000000637,1,PROD0000148,SELL000057,1,22205.0,0.0,46.0,22251.0
ORD000000637,2,PROD0000186,SELL000015,1,327.0,0.0,67.0,394.0
ORD000000638,1,PROD0000376,SELL000003,1,34089.0,0.0,44.0,34133.0
ORD000000639,1,PROD0000492,SELL000028,2,1994.0,222.0,173.0,4161.0
ORD000000640,1,PROD0000452,SELL000051,3,266.0,0.0,62.0,860.0
ORD000000640,2,PROD0000503,SELL000003,1,9814.0,0.0,57.0,9871.0
ORD000000640,3,PROD0000351,SELL000037,1,9300.0,1033.0,43.0,9343.0
ORD000000640,4,PROD0000253,SELL000032,1,336.0,18.0,51.0,387.0
ORD000000641,1,PROD0000399,SELL000091,1,224.0,12.0,52.0,276.0
ORD000000642,1,PROD0000039,SELL000043,1,2276.0,253.0,41.0,2317.0
ORD000000643,1,PROD0000487,SELL000010,3,934.0,233.0,103.0,2905.0
ORD000000643,2,PROD0000478,SELL000025,1,35670.0,6295.0,33.0,35703.0
ORD000000643,3,PROD0000262,SELL000086,2,2201.0,116.0,287.0,4689.0
ORD000000643,4,PROD0000272,SELL000001,1,373.0,93.0,43.0,416.0
ORD000000643,5,PROD0000275,SELL000013,1,266.0,67.0,42.0,308.0
ORD000000644,1,PROD0000072,SELL000001,1,1108.0,58.0,212.0,1320.0
ORD000000645,1,PROD0000107,SELL000005,1,23239.0,0.0,154.0,23393.0
ORD000000646,1,PROD0000381,SELL000097,1,15568.0,0.0,86.0,15654.0
ORD000000647,1,PROD0000017,SELL000104,1,2097.0,233.0,84.0,2181.0
ORD000000648,1,PROD0000358,SELL000077,1,6756.0,2895.0,169.0,6925.0
ORD000000649,1,PROD0000158,SELL000009,1,1002.0,0.0,37.0,1039.0
ORD000000649,2,PROD0000072,SELL000073,2,1108.0,58.0,226.0,2442.0
ORD000000649,3,PROD0000310,SELL000081,1,11934.0,0.0,42.0,11976.0
ORD000000650,1,PROD0000143,SELL000082,2,21687.0,2410.0,65.0,43439.0
ORD000000650,2,PROD0000233,SELL000078,2,1824.0,456.0,88.0,3736.0
ORD000000650,3,PROD0000450,SELL000072,3,2574.0,643.0,71.0,7793.0
ORD000000650,4,PROD0000363,SELL000046,2,353.0,235.0,54.0,760.0
ORD000000650,5,PROD0000505,SELL000006,2,1432.0,75.0,53.0,2917.0
ORD000000651,1,PROD0000206,SELL000086,3,480.0,85.0,52.0,1492.0
ORD000000651,2,PROD0000211,SELL000097,1,1215.0,521.0,101.0,1316.0
ORD000000652,1,PROD0000358,SELL000052,3,8203.0,1448.0,178.0,24787.0
ORD000000652,2,PROD0000070,SELL000045,1,311.0,207.0,52.0,363.0
ORD000000652,3,PROD0000446,SELL000096,2,37771.0,0.0,180.0,75722.0
ORD000000652,4,PROD0000183,SELL000047,2,3256.0,0.0,178.0,6690.0
ORD000000653,1,PROD0000244,SELL000038,1,1454.0,0.0,207.0,1661.0
ORD000000654,1,PROD0000264,SELL000093,2,1860.0,465.0,46.0,3766.0
ORD000000655,1,PROD0000034,SELL000097,1,285.0,0.0,80.0,365.0
ORD000000656,1,PROD0000156,SELL000021,1,198.0,50.0,60.0,258.0
ORD000000657,1,PROD0000072,SELL000028,3,1108.0,58.0,221.0,3545.0
ORD000000658,1,PROD0000318,SELL000032,2,47618.0,8403.0,49.0,95285.0
ORD000000659,1,PROD0000368,SELL000016,1,576.0,102.0,80.0,656.0
ORD000000659,2,PROD0000004,SELL000089,1,15907.0,837.0,25.0,15932.0
ORD000000659,3,PROD0000004,SELL000102,1,16744.0,0.0,34.0,16778.0
ORD000000659,4,PROD0000425,SELL000054,1,15246.0,1694.0,42.0,15288.0
ORD000000660,1,PROD0000174,SELL000074,1,850.0,567.0,50.0,900.0
ORD000000661,1,PROD0000440,SELL000044,2,9302.0,0.0,34.0,18638.0
ORD000000661,2,PROD0000342,SELL000104,1,1345.0,0.0,147.0,1492.0
ORD000000662,1,PROD0000408,SELL000100,3,897.0,385.0,189.0,2880.0
ORD000000663,1,PROD0000200,SELL000078,2,1440.0,0.0,129.0,3009.0
ORD000000664,1,PROD0000158,SELL000093,3,1002.0,0.0,26.0,3032.0
ORD000000664,2,PROD0000376,SELL000014,1,23862.0,10227.0,25.0,23887.0
ORD000000665,1,PROD0000329,SELL000093,3,8130.0,1435.0,56.0,24446.0
ORD000000666,1,PROD0000297,SELL000044,1,450.0,0.0,45.0,495.0
ORD000000667,1,PROD0000190,SELL000022,1,769.0,512.0,179.0,948.0
ORD000000668,1,PROD0000319,SELL000097,2,1177.0,208.0,267.0,2621.0
ORD000000669,1,PROD0000202,SELL000088,1,24094.0,0.0,121.0,24215.0
ORD000000670,1,PROD0000463,SELL000014,1,14924.0,786.0,81.0,15005.0
ORD000000671,1,PROD0000369,SELL000068,1,65.0,16.0,133.0,198.0
ORD000000672,1,PROD0000206,SELL000092,1,480.0,85.0,57.0,537.0
ORD000000673,1,PROD0000439,SELL000072,1,16552.0,1839.0,33.0,16585.0
ORD000000673,2,PROD0000037,SELL000050,1,699.0,37.0,43.0,742.0
ORD000000673,3,PROD0000432,SELL000005,2,2023.0,0.0,67.0,4113.0
ORD000000674,1,PROD0000216,SELL000052,1,289.0,32.0,53.0,342.0
ORD000000675,1,PROD0000120,SELL000058,1,2184.0,0.0,81.0,2265.0
ORD000000676,1,PROD0000432,SELL000088,1,1618.0,405.0,73.0,1691.0
ORD000000676,2,PROD0000342,SELL000022,1,1345.0,0.0,141.0,1486.0
ORD000000677,1,PROD0000038,SELL000021,1,1628.0,0.0,62.0,1690.0
ORD000000677,2,PROD0000139,SELL000097,3,2547.0,0.0,133.0,7774.0
ORD000000678,1,PROD0000235,SELL000087,2,749.0,187.0,53.0,1551.0
ORD000000679,1,PROD0000327,SELL000058,1,634.0,33.0,55.0,689.0
ORD000000680,1,PROD0000420,SELL000046,2,1958.0,103.0,388.0,4304.0
ORD000000680,2,PROD0000191,SELL000064,1,2339.0,260.0,49.0,2388.0
ORD000000681,1,PROD0000421,SELL000015,3,15282.0,1698.0,36.0,45882.0
ORD000000682,1,PROD0000411,SELL000025,3,274.0,118.0,39.0,861.0
ORD000000683,1,PROD0000197,SELL000056,2,409.0,0.0,188.0,1006.0
ORD000000683,2,PROD0000488,SELL000044,1,1557.0,0.0,238.0,1795.0
ORD000000683,3,PROD0000491,SELL000018,1,518.0,129.0,41.0,559.0
ORD000000684,1,PROD0000151,SELL000055,2,8714.0,459.0,37.0,17465.0
ORD000000685,1,PROD0000289,SELL000068,1,999.0,111.0,53.0,1052.0
ORD000000686,1,PROD0000452,SELL000085,1,266.0,0.0,73.0,339.0
ORD000000687,1,PROD0000280,SELL000066,2,491.0,123.0,64.0,1046.0
ORD000000688,1,PROD0000385,SELL000064,1,2869.0,1230.0,462.0,3331.0
ORD000000689,1,PROD0000416,SELL000058,2,10032.0,528.0,47.0,20111.0
ORD000000690,1,PROD0000294,SELL000011,1,13197.0,0.0,52.0,13249.0
ORD000000691,1,PROD0000187,SELL000040,3,4012.0,0.0,428.0,12464.0
ORD000000692,1,PROD0000273,SELL000047,1,14618.0,0.0,160.0,14778.0
ORD000000693,1,PROD0000433,SELL000055,1,379.0,20.0,58.0,437.0
ORD000000694,1,PROD0000166,SELL000031,1,304.0,16.0,72.0,376.0
ORD000000694,2,PROD0000439,SELL000078,3,16552.0,1839.0,42.0,49698.0
ORD000000695,1,PROD0000105,SELL000056,2,440.0,0.0,188.0,1068.0
ORD000000695,2,PROD0000240,SELL000032,3,9553.0,0.0,45.0,28704.0
ORD000000696,1,PROD0000043,SELL000049,2,1419.0,946.0,392.0,3230.0
ORD000000697,1,PROD0000444,SELL000074,3,1771.0,0.0,37.0,5350.0
ORD000000698,1,PROD0000371,SELL000002,1,2417.0,1036.0,485.0,2902.0
ORD000000699,1,PROD0000061,SELL000035,1,2876.0,320.0,137.0,3013.0
ORD000000699,2,PROD0000115,SELL000021,1,11003.0,0.0,46.0,11049.0
ORD000000699,3,PROD0000274,SELL000033,1,311.0,35.0,48.0,359.0
ORD000000699,4,PROD0000258,SELL000069,2,4726.0,3150.0,51.0,9503.0
ORD000000699,5,PROD0000058,SELL000022,1,3660.0,915.0,54.0,3714.0
ORD000000700,1,PROD0000463,SELL000057,1,15710.0,0.0,82.0,15792.0
ORD000000701,1,PROD0000240,SELL000039,2,9553.0,0.0,37.0,19143.0
ORD000000702,1,PROD0000349,SELL000005,1,935.0,49.0,58.0,993.0
ORD000000702,2,PROD0000392,SELL000092,3,6008.0,0.0,40.0,18064.0
ORD000000703,1,PROD0000088,SELL000062,3,1111.0,0.0,148.0,3481.0
ORD000000703,2,PROD0000173,SELL000031,2,5053.0,2166.0,49.0,10155.0
ORD000000704,1,PROD0000382,SELL000052,3,841.0,148.0,54.0,2577.0
ORD000000704,2,PROD0000403,SELL000103,1,626.0,157.0,67.0,693.0
ORD000000704,3,PROD0000111,SELL000015,1,653.0,73.0,222.0,875.0
ORD000000704,4,PROD0000166,SELL000089,3,320.0,0.0,61.0,1021.0
ORD000000705,1,PROD0000406,SELL000000,1,527.0,0.0,39.0,566.0
ORD000000706,1,PROD0000179,SELL000090,2,637.0,112.0,51.0,1325.0
ORD000000706,2,PROD0000040,SELL000035,2,283.0,15.0,184.0,750.0
ORD000000706,3,PROD0000259,SELL000031,1,408.0,22.0,53.0,461.0
ORD000000706,4,PROD0000073,SELL000081,1,21112.0,0.0,49.0,21161.0
ORD000000706,5,PROD0000309,SELL000017,1,553.0,29.0,48.0,601.0
ORD000000706,6,PROD0000486,SELL000013,3,1215.0,0.0,55.0,3700.0
ORD000000707,1,PROD0000052,SELL000049,2,3697.0,0.0,185.0,7579.0
ORD000000708,1,PROD0000146,SELL000099,1,31989.0,13709.0,102.0,32091.0
ORD000000708,2,PROD0000295,SELL000034,2,20812.0,3673.0,75.0,41699.0
ORD000000708,3,PROD0000078,SELL000056,1,1434.0,359.0,194.0,1628.0
ORD000000709,1,PROD0000278,SELL000041,1,130.0,56.0,134.0,264.0
ORD000000710,1,PROD0000111,SELL000079,2,653.0,73.0,223.0,1529.0
ORD000000710,2,PROD0000331,SELL000094,2,626.0,0.0,61.0,1313.0
ORD000000710,3,PROD0000188,SELL000102,1,719.0,38.0,75.0,794.0
ORD000000710,4,PROD0000482,SELL000028,1,978.0,0.0,123.0,1101.0
ORD000000711,1,PROD0000436,SELL000027,1,1188.0,297.0,69.0,1257.0
ORD000000711,2,PROD0000517,SELL000097,1,270.0,68.0,41.0,311.0
ORD000000711,3,PROD0000079,SELL000061,2,432.0,48.0,39.0,903.0
ORD000000712,1,PROD0000494,SELL000034,3,230.0,12.0,120.0,810.0
ORD000000712,2,PROD0000008,SELL000035,3,943.0,0.0,62.0,2891.0
ORD000000713,1,PROD0000114,SELL000018,2,794.0,0.0,49.0,1637.0
ORD000000714,1,PROD0000450,SELL000008,1,3217.0,0.0,59.0,3276.0
ORD000000715,1,PROD0000449,SELL000036,2,8002.0,3429.0,99.0,16103.0
ORD000000716,1,PROD0000156,SELL000083,2,248.0,0.0,50.0,546.0
ORD000000717,1,PROD0000438,SELL000069,1,202.0,86.0,103.0,305.0
ORD000000717,2,PROD0000040,SELL000001,1,268.0,30.0,182.0,450.0
ORD000000718,1,PROD0000175,SELL000004,3,1132.0,60.0,132.0,3528.0
ORD000000719,1,PROD0000014,SELL000091,3,107.0,0.0,63.0,384.0
ORD000000720,1,PROD0000269,SELL000083,1,15115.0,0.0,82.0,15197.0
ORD000000721,1,PROD0000468,SELL000083,1,11821.0,1313.0,61.0,11882.0
ORD000000721,2,PROD0000319,SELL000090,1,1246.0,138.0,273.0,1519.0
ORD000000722,1,PROD0000272,SELL000067,1,443.0,23.0,71.0,514.0
ORD000000723,1,PROD0000103,SELL000035,1,394.0,0.0,42.0,436.0
ORD000000724,1,PROD0000318,SELL000062,1,56021.0,0.0,52.0,56073.0
ORD000000725,1,PROD0000168,SELL000067,3,1459.0,0.0,48.0,4425.0
ORD000000726,1,PROD0000320,SELL000088,2,664.0,117.0,174.0,1502.0
ORD000000727,1,PROD0000067,SELL000055,2,352.0,39.0,47.0,751.0
ORD000000728,1,PROD0000272,SELL000005,1,466.0,0.0,63.0,529.0
ORD000000728,2,PROD0000259,SELL000065,1,344.0,86.0,39.0,383.0
ORD000000729,1,PROD0000400,SELL000077,2,47737.0,0.0,142.0,95616.0
ORD000000730,1,PROD0000473,SELL000099,2,802.0,200.0,31.0,1635.0
ORD000000730,2,PROD0000472,SELL000018,1,13607.0,1512.0,83.0,13690.0
ORD000000730,3,PROD0000177,SELL000090,1,1345.0,237.0,241.0,1586.0
ORD000000730,4,PROD0000334,SELL000002,2,478.0,0.0,71.0,1027.0
ORD000000730,5,PROD0000340,SELL000076,3,346.0,61.0,40.0,1078.0
ORD000000730,6,PROD0000439,SELL000032,3,15632.0,2759.0,48.0,46944.0
ORD000000731,1,PROD0000420,SELL000012,2,2061.0,0.0,387.0,4509.0
ORD000000732,1,PROD0000005,SELL000034,1,12416.0,0.0,40.0,12456.0
ORD000000733,1,PROD0000417,SELL000057,3,14656.0,2586.0,139.0,44107.0
ORD000000733,2,PROD0000250,SELL000020,2,9359.0,493.0,37.0,18755.0
ORD000000733,3,PROD0000495,SELL000057,2,12200.0,1356.0,62.0,24462.0
ORD000000733,4,PROD0000314,SELL000074,1,17443.0,0.0,43.0,17486.0
ORD000000734,1,PROD0000201,SELL000091,2,1524.0,0.0,63.0,3111.0
ORD000000734,2,PROD0000104,SELL000058,2,932.0,165.0,55.0,1919.0
ORD000000734,3,PROD0000494,SELL000063,2,242.0,0.0,130.0,614.0
ORD000000735,1,PROD0000083,SELL000096,1,13386.0,0.0,48.0,13434.0
ORD000000736,1,PROD0000046,SELL000003,2,16533.0,0.0,39.0,33105.0
ORD000000737,1,PROD0000070,SELL000079,1,414.0,104.0,43.0,457.0
ORD000000738,1,PROD0000287,SELL000102,1,798.0,0.0,56.0,854.0
ORD000000739,1,PROD0000148,SELL000086,2,19984.0,2220.0,50.0,40018.0
ORD000000740,1,PROD0000302,SELL000096,2,1046.0,116.0,42.0,2134.0
ORD000000741,1,PROD0000428,SELL000094,1,960.0,51.0,81.0,1041.0
ORD000000742,1,PROD0000151,SELL000061,2,9173.0,0.0,45.0,18391.0
ORD000000743,1,PROD0000014,SELL000084,1,107.0,0.0,56.0,163.0
ORD000000743,2,PROD0000187,SELL000038,3,4012.0,0.0,415.0,12451.0
ORD000000743,3,PROD0000313,SELL000012,1,17564.0,7528.0,43.0,17607.0
ORD000000744,1,PROD0000379,SELL000008,1,835.0,147.0,59.0,894.0
ORD000000745,1,PROD0000035,SELL000019,2,556.0,139.0,66.0,1178.0
ORD000000745,2,PROD0000457,SELL000076,3,1291.0,323.0,66.0,3939.0
ORD000000745,3,PROD0000309,SELL000042,3,582.0,0.0,57.0,1803.0
ORD000000745,4,PROD0000250,SELL000085,2,8374.0,1478.0,39.0,16787.0
ORD000000745,5,PROD0000131,SELL000034,3,1738.0,91.0,54.0,5268.0
ORD000000745,6,PROD0000499,SELL000083,1,4406.0,1101.0,78.0,4484.0
ORD000000746,1,PROD0000081,SELL000092,2,458.0,305.0,39.0,955.0
ORD000000747,1,PROD0000233,SELL000034,1,2166.0,114.0,83.0,2249.0
ORD000000747,2,PROD0000242,SELL000055,3,245.0,27.0,56.0,791.0
ORD000000747,3,PROD0000284,SELL000056,2,687.0,0.0,59.0,1433.0
ORD000000747,4,PROD0000120,SELL000091,2,1529.0,655.0,81.0,3139.0
ORD000000747,5,PROD0000491,SELL000039,3,647.0,0.0,53.0,1994.0
ORD000000747,6,PROD0000197,SELL000040,2,389.0,20.0,198.0,976.0
ORD000000748,1,PROD0000371,SELL000081,1,2417.0,1036.0,484.0,2901.0
ORD000000748,2,PROD0000329,SELL000095,2,9565.0,0.0,46.0,19176.0
ORD000000749,1,PROD0000105,SELL000002,1,418.0,22.0,184.0,602.0
ORD000000750,1,PROD0000487,SELL000007,3,1050.0,117.0,92.0,3242.0
ORD000000751,1,PROD0000239,SELL000098,2,162.0,18.0,191.0,515.0
ORD000000752,1,PROD0000321,SELL000046,1,1518.0,0.0,67.0,1585.0
ORD000000752,2,PROD0000336,SELL000058,2,40322.0,0.0,51.0,80695.0
ORD000000753,1,PROD0000264,SELL000094,2,2209.0,116.0,59.0,4477.0
ORD000000754,1,PROD0000332,SELL000041,3,49419.0,2601.0,40.0,148297.0
ORD000000754,2,PROD0000290,SELL000047,2,278.0,119.0,53.0,609.0
ORD000000755,1,PROD0000385,SELL000088,1,3484.0,615.0,460.0,3944.0
ORD000000755,2,PROD0000245,SELL000076,1,5392.0,599.0,371.0,5763.0
ORD000000755,3,PROD0000423,SELL000072,1,342.0,0.0,46.0,388.0
ORD000000756,1,PROD0000293,SELL000037,2,47674.0,20432.0,171.0,95519.0
ORD000000757,1,PROD0000520,SELL000073,2,11570.0,0.0,38.0,23178.0
ORD000000757,2,PROD0000297,SELL000087,3,315.0,135.0,49.0,994.0
ORD000000758,1,PROD0000307,SELL000095,2,660.0,283.0,138.0,1458.0
ORD000000758,2,PROD0000256,SELL000066,2,196.0,131.0,57.0,449.0
ORD000000758,3,PROD0000207,SELL000091,2,10035.0,0.0,45.0,20115.0
ORD000000758,4,PROD0000410,SELL000085,2,701.0,0.0,50.0,1452.0
ORD000000759,1,PROD0000330,SELL000076,1,11726.0,1303.0,50.0,11776.0
ORD000000759,2,PROD0000203,SELL000056,1,14163.0,745.0,55.0,14218.0
ORD000000760,1,PROD0000420,SELL000045,1,1958.0,103.0,392.0,2350.0
ORD000000761,1,PROD0000056,SELL000066,3,598.0,66.0,49.0,1843.0
ORD000000762,1,PROD0000032,SELL000092,3,2224.0,392.0,85.0,6757.0
ORD000000763,1,PROD0000335,SELL000055,1,13253.0,0.0,112.0,13365.0
ORD000000764,1,PROD0000238,SELL000073,3,1768.0,0.0,141.0,5445.0
ORD000000765,1,PROD0000414,SELL000059,1,9778.0,1086.0,49.0,9827.0
ORD000000765,2,PROD0000345,SELL000068,2,30471.0,0.0,40.0,60982.0
ORD000000765,3,PROD0000406,SELL000072,2,448.0,79.0,45.0,941.0
ORD000000765,4,PROD0000138,SELL000005,2,501.0,125.0,53.0,1055.0
ORD000000765,5,PROD0000131,SELL000012,2,1280.0,549.0,95.0,2655.0
ORD000000766,1,PROD0000130,SELL000004,3,3828.0,675.0,97.0,11581.0
ORD000000767,1,PROD0000337,SELL000080,2,903.0,100.0,198.0,2004.0
ORD000000768,1,PROD0000351,SELL000094,2,7233.0,3100.0,44.0,14510.0
ORD000000769,1,PROD0000520,SELL000037,2,10992.0,578.0,47.0,22031.0
ORD000000769,2,PROD0000113,SELL000007,3,19434.0,4859.0,39.0,58341.0
ORD000000769,3,PROD0000054,SELL000001,2,1446.0,0.0,50.0,2942.0
ORD000000769,4,PROD0000499,SELL000046,2,4681.0,826.0,88.0,9450.0
ORD000000770,1,PROD0000272,SELL000067,2,466.0,0.0,70.0,1002.0
ORD000000771,1,PROD0000191,SELL000034,1,2599.0,0.0,44.0,2643.0
ORD000000772,1,PROD0000159,SELL000064,3,776.0,86.0,55.0,2383.0
ORD000000773,1,PROD0000460,SELL000016,2,626.0,0.0,37.0,1289.0
ORD000000774,1,PROD0000412,SELL000076,1,1925.0,0.0,52.0,1977.0
ORD000000775,1,PROD0000091,SELL000034,2,1197.0,299.0,36.0,2430.0
ORD000000776,1,PROD0000169,SELL000104,3,888.0,99.0,60.0,2724.0
ORD000000777,1,PROD0000453,SELL000080,2,301.0,53.0,160.0,762.0
ORD000000778,1,PROD0000382,SELL000048,3,791.0,198.0,66.0,2439.0
ORD000000779,1,PROD0000424,SELL000099,2,538.0,28.0,73.0,1149.0
ORD000000779,2,PROD0000083,SELL000102,3,8032.0,5354.0,39.0,24135.0
ORD000000780,1,PROD0000301,SELL000020,2,1738.0,0.0,54.0,3530.0
ORD000000781,1,PROD0000034,SELL000060,1,285.0,0.0,82.0,367.0
ORD000000781,2,PROD0000234,SELL000068,1,1510.0,0.0,56.0,1566.0
ORD000000781,3,PROD0000054,SELL000037,3,1229.0,217.0,62.0,3749.0
ORD000000781,4,PROD0000139,SELL000104,2,2547.0,0.0,118.0,5212.0
ORD000000781,5,PROD0000135,SELL000071,1,973.0,51.0,43.0,1016.0
ORD000000781,6,PROD0000098,SELL000079,0,460.0,51.0,54.0,514.0
ORD000000782,1,PROD0000442,SELL000020,1,153.0,38.0,49.0,202.0
ORD000000783,1,PROD0000193,SELL000094,3,626.0,156.0,86.0,1964.0
ORD000000784,1,PROD0000078,SELL000101,1,1793.0,0.0,184.0,1977.0
ORD000000784,2,PROD0000514,SELL000094,1,2038.0,0.0,385.0,2423.0
ORD000000785,1,PROD0000017,SELL000046,3,1980.0,350.0,86.0,6026.0
ORD000000786,1,PROD0000077,SELL000098,3,21786.0,5446.0,49.0,65407.0
ORD000000787,1,PROD0000444,SELL000001,3,1771.0,0.0,49.0,5362.0
ORD000000788,1,PROD0000235,SELL000021,1,796.0,140.0,57.0,853.0
ORD000000788,2,PROD0000195,SELL000068,1,989.0,0.0,48.0,1037.0
ORD000000788,3,PROD0000158,SELL000081,2,1002.0,0.0,32.0,2036.0
ORD000000788,4,PROD0000306,SELL000012,2,887.0,0.0,67.0,1841.0
ORD000000788,5,PROD0000186,SELL000030,2,262.0,65.0,59.0,583.0
ORD000000789,1,PROD0000043,SELL000009,2,2010.0,355.0,406.0,4426.0
ORD000000790,1,PROD0000502,SELL000010,2,443.0,23.0,45.0,931.0
ORD000000791,1,PROD0000472,SELL000002,1,12851.0,2268.0,86.0,12937.0
ORD000000792,1,PROD0000091,SELL000104,1,1421.0,75.0,39.0,1460.0
ORD000000793,1,PROD0000262,SELL000092,2,2317.0,0.0,271.0,4905.0
ORD000000794,1,PROD0000236,SELL000063,1,43698.0,10925.0,52.0,43750.0
ORD000000794,2,PROD0000046,SELL000003,1,16533.0,0.0,42.0,16575.0
ORD000000794,3,PROD0000207,SELL000076,1,7024.0,3010.0,45.0,7069.0
ORD000000795,1,PROD0000330,SELL000056,2,10423.0,2606.0,43.0,20889.0
ORD000000795,2,PROD0000054,SELL000081,3,1229.0,217.0,55.0,3742.0
ORD000000795,3,PROD0000190,SELL000051,1,1153.0,128.0,180.0,1333.0
ORD000000795,4,PROD0000130,SELL000000,2,3602.0,901.0,91.0,7295.0
ORD000000795,5,PROD0000184,SELL000095,1,19473.0,0.0,30.0,19503.0
ORD000000796,1,PROD0000328,SELL000092,2,2050.0,228.0,143.0,4243.0
ORD000000796,2,PROD0000212,SELL000095,2,1058.0,0.0,159.0,2275.0
ORD000000796,3,PROD0000400,SELL000069,1,42963.0,4774.0,129.0,43092.0
ORD000000796,4,PROD0000264,SELL000096,1,1976.0,349.0,49.0,2025.0
ORD000000797,1,PROD0000360,SELL000007,2,788.0,0.0,55.0,1631.0
ORD000000798,1,PROD0000322,SELL000042,2,5809.0,0.0,54.0,11672.0
ORD000000799,1,PROD0000425,SELL000033,1,15246.0,1694.0,34.0,15280.0
ORD000000800,1,PROD0000076,SELL000049,2,276.0,118.0,140.0,692.0
ORD000000801,1,PROD0000516,SELL000004,1,6794.0,1199.0,47.0,6841.0
ORD000000802,1,PROD0000393,SELL000086,1,14668.0,772.0,48.0,14716.0
ORD000000803,1,PROD0000103,SELL000031,2,276.0,118.0,57.0,609.0
ORD000000804,1,PROD0000014,SELL000012,2,86.0,21.0,48.0,220.0
ORD000000804,2,PROD0000013,SELL000020,3,1110.0,196.0,207.0,3537.0
ORD000000804,3,PROD0000364,SELL000012,1,1587.0,84.0,159.0,1746.0
ORD000000805,1,PROD0000220,SELL000072,3,147.0,8.0,57.0,498.0
ORD000000805,2,PROD0000095,SELL000096,2,1357.0,0.0,25.0,2739.0
ORD000000806,1,PROD0000165,SELL000008,1,381.0,95.0,54.0,435.0
ORD000000806,2,PROD0000232,SELL000003,1,21736.0,0.0,134.0,21870.0
ORD000000806,3,PROD0000021,SELL000092,2,16686.0,2944.0,180.0,33552.0
ORD000000806,4,PROD0000292,SELL000040,1,744.0,319.0,171.0,915.0
ORD000000807,1,PROD0000018,SELL000012,1,992.0,110.0,65.0,1057.0
ORD000000808,1,PROD0000337,SELL000020,2,1003.0,0.0,181.0,2187.0
ORD000000808,2,PROD0000031,SELL000071,2,15491.0,0.0,44.0,31026.0
ORD000000808,3,PROD0000412,SELL000008,3,1636.0,289.0,42.0,4950.0
ORD000000809,1,PROD0000131,SELL000042,3,1829.0,0.0,80.0,5567.0
ORD000000810,1,PROD0000268,SELL000102,1,291.0,0.0,25.0,316.0
ORD000000811,1,PROD0000201,SELL000045,1,1524.0,0.0,56.0,1580.0
ORD000000812,1,PROD0000458,SELL000017,3,20597.0,2289.0,83.0,61874.0
ORD000000813,1,PROD0000413,SELL000079,3,2817.0,313.0,226.0,8677.0
ORD000000814,1,PROD0000497,SELL000045,2,1239.0,0.0,159.0,2637.0
ORD000000814,2,PROD0000372,SELL000041,2,365.0,41.0,152.0,882.0
ORD000000815,1,PROD0000508,SELL000026,1,13252.0,698.0,76.0,13328.0
ORD000000816,1,PROD0000117,SELL000079,2,1354.0,71.0,76.0,2784.0
ORD000000816,2,PROD0000166,SELL000051,2,224.0,96.0,60.0,508.0
ORD000000816,3,PROD0000421,SELL000050,1,16980.0,0.0,40.0,17020.0
ORD000000816,4,PROD0000016,SELL000080,2,1377.0,153.0,42.0,2796.0
ORD000000817,1,PROD0000093,SELL000038,1,20780.0,0.0,58.0,20838.0
ORD000000818,1,PROD0000372,SELL000069,2,406.0,0.0,161.0,973.0
ORD000000818,2,PROD0000208,SELL000018,1,14126.0,1570.0,38.0,14164.0
ORD000000819,1,PROD0000131,SELL000060,1,1555.0,274.0,58.0,1613.0
ORD000000819,2,PROD0000158,SELL000045,2,902.0,100.0,43.0,1847.0
ORD000000819,3,PROD0000399,SELL000053,2,165.0,71.0,43.0,373.0
ORD000000819,4,PROD0000250,SELL000038,2,7882.0,1970.0,41.0,15805.0
ORD000000820,1,PROD0000002,SELL000013,2,8262.0,0.0,50.0,16574.0
ORD000000821,1,PROD0000269,SELL000096,2,13604.0,1512.0,76.0,27284.0
ORD000000821,2,PROD0000404,SELL000042,2,1148.0,128.0,102.0,2398.0
ORD000000821,3,PROD0000086,SELL000078,2,509.0,57.0,103.0,1121.0
ORD000000822,1,PROD0000036,SELL000095,2,39511.0,2080.0,164.0,79186.0
ORD000000822,2,PROD0000327,SELL000046,2,467.0,200.0,40.0,974.0
ORD000000823,1,PROD0000458,SELL000086,1,21742.0,1144.0,80.0,21822.0
ORD000000824,1,PROD0000036,SELL000046,1,33273.0,8318.0,159.0,33432.0
ORD000000824,2,PROD0000339,SELL000006,1,929.0,49.0,125.0,1054.0
ORD000000825,1,PROD0000405,SELL000092,2,18307.0,4577.0,52.0,36666.0
ORD000000825,2,PROD0000084,SELL000088,2,1122.0,59.0,45.0,2289.0
ORD000000826,1,PROD0000135,SELL000059,2,1024.0,0.0,38.0,2086.0
ORD000000827,1,PROD0000264,SELL000086,1,2209.0,116.0,48.0,2257.0
ORD000000828,1,PROD0000318,SELL000070,1,50419.0,5602.0,35.0,50454.0
ORD000000829,1,PROD0000263,SELL000084,2,937.0,0.0,51.0,1925.0
ORD000000830,1,PROD0000095,SELL000005,1,1153.0,204.0,47.0,1200.0
ORD000000830,2,PROD0000457,SELL000085,1,1291.0,323.0,54.0,1345.0
ORD000000830,3,PROD0000219,SELL000022,3,501.0,125.0,52.0,1555.0
ORD000000830,4,PROD0000277,SELL000103,3,1209.0,64.0,52.0,3679.0
ORD000000830,5,PROD0000279,SELL000101,2,833.0,44.0,202.0,1868.0
ORD000000830,6,PROD0000286,SELL000005,1,1550.0,387.0,134.0,1684.0
ORD000000831,1,PROD0000151,SELL000068,1,5504.0,3669.0,43.0,5547.0
ORD000000831,2,PROD0000166,SELL000040,2,320.0,0.0,61.0,701.0
ORD000000831,3,PROD0000072,SELL000026,2,1166.0,0.0,220.0,2552.0
ORD000000831,4,PROD0000379,SELL000101,1,982.0,0.0,48.0,1030.0
ORD000000832,1,PROD0000163,SELL000042,1,255.0,13.0,55.0,310.0
ORD000000832,2,PROD0000026,SELL000058,3,71.0,18.0,127.0,340.0
ORD000000833,1,PROD0000024,SELL000032,2,114.0,0.0,97.0,325.0
ORD000000834,1,PROD0000504,SELL000071,2,1917.0,338.0,113.0,3947.0
ORD000000835,1,PROD0000222,SELL000026,3,247.0,0.0,52.0,793.0
ORD000000836,1,PROD0000315,SELL000037,1,1387.0,0.0,412.0,1799.0
ORD000000837,1,PROD0000278,SELL000074,1,167.0,19.0,125.0,292.0
ORD000000837,2,PROD0000440,SELL000022,1,8372.0,930.0,37.0,8409.0
ORD000000838,1,PROD0000462,SELL000082,3,22400.0,0.0,64.0,67264.0
ORD000000839,1,PROD0000406,SELL000102,2,527.0,0.0,50.0,1104.0
ORD000000840,1,PROD0000511,SELL000073,2,840.0,44.0,141.0,1821.0
ORD000000841,1,PROD0000113,SELL000037,1,17005.0,7288.0,39.0,17044.0
ORD000000841,2,PROD0000234,SELL000019,1,1208.0,302.0,41.0,1249.0
ORD000000841,3,PROD0000150,SELL000058,2,649.0,72.0,107.0,1405.0
ORD000000841,4,PROD0000433,SELL000045,2,239.0,160.0,52.0,530.0
ORD000000842,1,PROD0000144,SELL000025,2,512.0,57.0,51.0,1075.0
ORD000000843,1,PROD0000413,SELL000038,2,3130.0,0.0,236.0,6496.0
ORD000000844,1,PROD0000117,SELL000101,2,1354.0,71.0,64.0,2772.0
ORD000000845,1,PROD0000361,SELL000017,1,323.0,139.0,58.0,381.0
ORD000000846,1,PROD0000008,SELL000027,1,802.0,141.0,61.0,863.0
ORD000000847,1,PROD0000410,SELL000036,1,421.0,280.0,64.0,485.0
ORD000000847,2,PROD0000430,SELL000095,1,1438.0,160.0,239.0,1677.0
ORD000000848,1,PROD0000293,SELL000037,1,47674.0,20432.0,163.0,47837.0
ORD000000849,1,PROD0000280,SELL000030,1,522.0,92.0,69.0,591.0
ORD000000850,1,PROD0000239,SELL000031,1,144.0,36.0,181.0,325.0
ORD000000850,2,PROD0000308,SELL000099,1,11628.0,7752.0,192.0,11820.0
ORD000000850,3,PROD0000294,SELL000037,1,13197.0,0.0,68.0,13265.0
ORD000000850,4,PROD0000256,SELL000038,2,294.0,33.0,59.0,647.0
ORD000000850,5,PROD0000271,SELL000038,1,292.0,0.0,41.0,333.0
ORD000000851,1,PROD0000064,SELL000091,2,750.0,187.0,120.0,1620.0
ORD000000851,2,PROD0000242,SELL000074,2,245.0,27.0,57.0,547.0
ORD000000852,1,PROD0000227,SELL000062,1,1073.0,0.0,94.0,1167.0
ORD000000852,2,PROD0000466,SELL000022,2,8736.0,460.0,62.0,17534.0
ORD000000852,3,PROD0000152,SELL000011,1,16728.0,0.0,42.0,16770.0
ORD000000853,1,PROD0000504,SELL000009,1,2142.0,113.0,109.0,2251.0
ORD000000854,1,PROD0000464,SELL000031,2,3323.0,0.0,171.0,6817.0
ORD000000854,2,PROD0000407,SELL000083,2,355.0,237.0,42.0,752.0
ORD000000854,3,PROD0000365,SELL000079,3,1228.0,136.0,47.0,3731.0
ORD000000854,4,PROD0000165,SELL000082,1,286.0,190.0,45.0,331.0
ORD000000855,1,PROD0000084,SELL000070,1,1181.0,0.0,47.0,1228.0
ORD000000855,2,PROD0000411,SELL000054,1,372.0,20.0,57.0,429.0
ORD000000856,1,PROD0000365,SELL000037,1,955.0,410.0,47.0,1002.0
ORD000000857,1,PROD0000433,SELL000076,2,339.0,60.0,47.0,725.0
ORD000000858,1,PROD0000285,SELL000020,1,658.0,0.0,80.0,738.0
ORD000000859,1,PROD0000467,SELL000007,1,6782.0,2906.0,47.0,6829.0
ORD000000859,2,PROD0000042,SELL000087,1,821.0,0.0,46.0,867.0
ORD000000859,3,PROD0000057,SELL000049,3,34506.0,0.0,58.0,103576.0
ORD000000860,1,PROD0000036,SELL000065,2,35352.0,6239.0,151.0,70855.0
ORD000000861,1,PROD0000167,SELL000100,1,17329.0,3058.0,181.0,17510.0
ORD000000861,2,PROD0000076,SELL000071,3,336.0,59.0,135.0,1143.0
ORD000000862,1,PROD0000021,SELL000080,3,19630.0,0.0,180.0,59070.0
ORD000000862,2,PROD0000422,SELL000050,2,24393.0,0.0,160.0,48946.0
ORD000000863,1,PROD0000081,SELL000033,1,763.0,0.0,53.0,816.0
ORD000000863,2,PROD0000432,SELL000036,3,1922.0,101.0,71.0,5837.0
ORD000000864,1,PROD0000334,SELL000094,1,478.0,0.0,71.0,549.0
ORD000000865,1,PROD0000316,SELL000040,1,270.0,48.0,123.0,393.0
ORD000000865,2,PROD0000060,SELL000098,2,11371.0,4873.0,56.0,22798.0
ORD000000865,3,PROD0000008,SELL000003,1,566.0,377.0,56.0,622.0
ORD000000865,4,PROD0000072,SELL000030,1,933.0,233.0,195.0,1128.0
ORD000000866,1,PROD0000165,SELL000099,1,476.0,0.0,56.0,532.0
ORD000000867,1,PROD0000498,SELL000060,1,544.0,60.0,46.0,590.0
ORD000000867,2,PROD0000208,SELL000038,2,10987.0,4709.0,41.0,22015.0
ORD000000867,3,PROD0000121,SELL000018,1,1408.0,0.0,52.0,1460.0
ORD000000868,1,PROD0000148,SELL000050,1,22205.0,0.0,49.0,22254.0
ORD000000869,1,PROD0000174,SELL000100,1,1417.0,0.0,41.0,1458.0
ORD000000870,1,PROD0000302,SELL000037,1,1046.0,116.0,64.0,1110.0
ORD000000871,1,PROD0000420,SELL000050,3,1237.0,824.0,386.0,4097.0
ORD000000871,2,PROD0000032,SELL000037,1,2485.0,131.0,66.0,2551.0
ORD000000872,1,PROD0000403,SELL000090,1,705.0,78.0,53.0,758.0
ORD000000873,1,PROD0000010,SELL000071,3,335.0,37.0,70.0,1075.0
ORD000000874,1,PROD0000167,SELL000064,1,16310.0,4077.0,174.0,16484.0
ORD000000875,1,PROD0000306,SELL000070,1,887.0,0.0,56.0,943.0
ORD000000875,2,PROD0000054,SELL000043,3,1301.0,145.0,39.0,3942.0
ORD000000876,1,PROD0000137,SELL000085,1,11304.0,4844.0,44.0,11348.0
ORD000000877,1,PROD0000332,SELL000064,1,36414.0,15606.0,33.0,36447.0
ORD000000878,1,PROD0000357,SELL000007,1,659.0,35.0,56.0,715.0
ORD000000878,2,PROD0000043,SELL000039,1,2365.0,0.0,407.0,2772.0
ORD000000879,1,PROD0000405,SELL000091,1,16019.0,6865.0,55.0,16074.0
ORD000000880,1,PROD0000212,SELL000026,1,741.0,317.0,170.0,911.0
ORD000000881,1,PROD0000318,SELL000100,2,56021.0,0.0,46.0,112088.0
ORD000000882,1,PROD0000110,SELL000085,3,1374.0,0.0,71.0,4193.0
ORD000000883,1,PROD0000515,SELL000103,2,18612.0,0.0,195.0,37419.0
ORD000000884,1,PROD0000396,SELL000083,1,2755.0,306.0,149.0,2904.0
ORD000000885,1,PROD0000334,SELL000013,2,478.0,0.0,63.0,1019.0
ORD000000886,1,PROD0000096,SELL000020,2,932.0,0.0,198.0,2062.0
ORD000000887,1,PROD0000402,SELL000051,3,758.0,190.0,58.0,2332.0
ORD000000888,1,PROD0000196,SELL000037,3,1753.0,0.0,226.0,5485.0
ORD000000889,1,PROD0000333,SELL000098,1,360.0,240.0,32.0,392.0
ORD000000890,1,PROD0000338,SELL000089,3,332.0,18.0,54.0,1050.0
ORD000000890,2,PROD0000419,SELL000079,3,485.0,26.0,208.0,1663.0
ORD000000891,1,PROD0000435,SELL000098,2,123.0,53.0,187.0,433.0
ORD000000892,1,PROD0000203,SELL000006,2,14908.0,0.0,35.0,29851.0
ORD000000892,2,PROD0000042,SELL000073,1,821.0,0.0,42.0,863.0
ORD000000892,3,PROD0000226,SELL000091,3,18931.0,996.0,122.0,56915.0
ORD000000892,4,PROD0000208,SELL000102,1,14126.0,1570.0,34.0,14160.0
ORD000000892,5,PROD0000174,SELL000088,1,1275.0,142.0,44.0,1319.0
ORD000000893,1,PROD0000254,SELL000084,1,31676.0,21117.0,37.0,31713.0
ORD000000893,2,PROD0000300,SELL000081,1,355.0,237.0,129.0,484.0
ORD000000893,3,PROD0000324,SELL000013,3,1967.0,0.0,142.0,6043.0
ORD000000893,4,PROD0000195,SELL000043,2,989.0,0.0,40.0,2018.0
ORD000000893,5,PROD0000321,SELL000091,1,1366.0,152.0,64.0,1430.0
ORD000000893,6,PROD0000514,SELL000066,3,1223.0,815.0,399.0,4068.0
ORD000000894,1,PROD0000339,SELL000027,1,978.0,0.0,127.0,1105.0
ORD000000895,1,PROD0000314,SELL000075,3,16571.0,872.0,49.0,49762.0
ORD000000895,2,PROD0000148,SELL000002,1,22205.0,0.0,41.0,22246.0
ORD000000896,1,PROD0000174,SELL000041,1,850.0,567.0,49.0,899.0
ORD000000896,2,PROD0000026,SELL000079,1,89.0,0.0,127.0,216.0
ORD000000897,1,PROD0000264,SELL000082,1,2092.0,232.0,47.0,2139.0
ORD000000898,1,PROD0000038,SELL000053,2,1628.0,0.0,73.0,3329.0
ORD000000899,1,PROD0000406,SELL000028,3,474.0,53.0,43.0,1465.0
ORD000000899,2,PROD0000498,SELL000052,1,574.0,30.0,62.0,636.0
ORD000000899,3,PROD0000419,SELL000019,1,460.0,51.0,209.0,669.0
ORD000000899,4,PROD0000081,SELL000098,1,763.0,0.0,52.0,815.0
ORD000000899,5,PROD0000331,SELL000090,2,626.0,0.0,48.0,1300.0
ORD000000899,6,PROD0000224,SELL000075,2,1993.0,0.0,81.0,4067.0
ORD000000900,1,PROD0000001,SELL000035,3,7279.0,1820.0,46.0,21883.0
ORD000000901,1,PROD0000373,SELL000015,1,575.0,101.0,49.0,624.0
ORD000000902,1,PROD0000452,SELL000005,1,266.0,0.0,81.0,347.0
ORD000000903,1,PROD0000240,SELL000040,1,9553.0,0.0,45.0,9598.0
ORD000000904,1,PROD0000474,SELL000087,1,256.0,13.0,37.0,293.0
ORD000000905,1,PROD0000028,SELL000038,1,285.0,0.0,50.0,335.0
ORD000000905,2,PROD0000454,SELL000083,1,10713.0,2678.0,47.0,10760.0
ORD000000905,3,PROD0000354,SELL000018,2,9034.0,475.0,42.0,18110.0
ORD000000905,4,PROD0000349,SELL000084,1,836.0,148.0,51.0,887.0
ORD000000906,1,PROD0000262,SELL000008,1,2085.0,232.0,293.0,2378.0
ORD000000907,1,PROD0000014,SELL000035,2,75.0,32.0,57.0,207.0
ORD000000908,1,PROD0000235,SELL000015,2,796.0,140.0,71.0,1663.0
ORD000000909,1,PROD0000495,SELL000063,3,13555.0,0.0,52.0,40717.0
ORD000000909,2,PROD0000240,SELL000019,2,9553.0,0.0,23.0,19129.0
ORD000000910,1,PROD0000035,SELL000001,2,660.0,35.0,60.0,1380.0
ORD000000911,1,PROD0000257,SELL000033,2,1204.0,0.0,109.0,2517.0
ORD000000912,1,PROD0000077,SELL000000,1,25870.0,1362.0,50.0,25920.0
ORD000000912,2,PROD0000219,SELL000039,2,376.0,250.0,55.0,807.0
ORD000000913,1,PROD0000327,SELL000027,2,667.0,0.0,37.0,1371.0
ORD000000913,2,PROD0000034,SELL000097,2,242.0,43.0,84.0,568.0
ORD000000913,3,PROD0000240,SELL000055,1,9553.0,0.0,45.0,9598.0
ORD000000913,4,PROD0000263,SELL000046,1,937.0,0.0,52.0,989.0
ORD000000913,5,PROD0000393,SELL000063,1,15440.0,0.0,51.0,15491.0
ORD000000913,6,PROD0000035,SELL000014,2,695.0,0.0,52.0,1442.0
ORD000000914,1,PROD0000329,SELL000014,2,9565.0,0.0,41.0,19171.0
ORD000000915,1,PROD0000323,SELL000016,1,1977.0,1318.0,184.0,2161.0
ORD000000915,2,PROD0000002,SELL000091,2,7436.0,826.0,54.0,14926.0
ORD000000915,3,PROD0000062,SELL000078,1,853.0,0.0,120.0,973.0
ORD000000916,1,PROD0000334,SELL000100,1,478.0,0.0,63.0,541.0
ORD000000917,1,PROD0000448,SELL000085,2,836.0,557.0,46.0,1718.0
ORD000000918,1,PROD0000447,SELL000012,1,313.0,0.0,65.0,378.0
ORD000000919,1,PROD0000400,SELL000017,2,47737.0,0.0,148.0,95622.0
ORD000000920,1,PROD0000443,SELL000086,3,17457.0,4364.0,40.0,52411.0
ORD000000920,2,PROD0000316,SELL000057,3,286.0,32.0,128.0,986.0
ORD000000920,3,PROD0000082,SELL000064,2,10726.0,0.0,49.0,21501.0
ORD000000920,4,PROD0000276,SELL000024,3,317.0,56.0,188.0,1139.0
ORD000000921,1,PROD0000180,SELL000052,1,24468.0,1288.0,52.0,24520.0
ORD000000922,1,PROD0000132,SELL000094,1,23602.0,2622.0,47.0,23649.0
ORD000000923,1,PROD0000062,SELL000051,3,853.0,0.0,129.0,2688.0
ORD000000924,1,PROD0000010,SELL000072,3,260.0,112.0,78.0,858.0
ORD000000925,1,PROD0000391,SELL000078,1,20667.0,2296.0,34.0,20701.0
ORD000000925,2,PROD0000088,SELL000097,1,1111.0,0.0,158.0,1269.0
ORD000000925,3,PROD0000326,SELL000021,1,691.0,77.0,59.0,750.0
ORD000000925,4,PROD0000157,SELL000095,2,29935.0,1576.0,185.0,60055.0
ORD000000926,1,PROD0000252,SELL000063,1,112.0,48.0,82.0,194.0
ORD000000926,2,PROD0000207,SELL000087,3,10035.0,0.0,41.0,30146.0
ORD000000926,3,PROD0000156,SELL000027,1,248.0,0.0,52.0,300.0
ORD000000927,1,PROD0000250,SELL000012,1,8374.0,1478.0,43.0,8417.0
ORD000000928,1,PROD0000410,SELL000008,1,701.0,0.0,37.0,738.0
ORD000000929,1,PROD0000262,SELL000040,3,2317.0,0.0,284.0,7235.0
ORD000000930,1,PROD0000412,SELL000058,1,1540.0,385.0,42.0,1582.0
ORD000000930,2,PROD0000474,SELL000030,2,229.0,40.0,52.0,510.0
ORD000000930,3,PROD0000255,SELL000028,2,13417.0,706.0,47.0,26881.0
ORD000000930,4,PROD0000418,SELL000085,1,257.0,14.0,50.0,307.0
ORD000000930,5,PROD0000064,SELL000077,1,843.0,94.0,121.0,964.0
ORD000000930,6,PROD0000294,SELL000066,1,9238.0,3959.0,56.0,9294.0
ORD000000931,1,PROD0000242,SELL000068,1,231.0,41.0,58.0,289.0
ORD000000932,1,PROD0000002,SELL000088,2,7436.0,826.0,52.0,14924.0
ORD000000933,1,PROD0000466,SELL000023,2,7357.0,1839.0,60.0,14774.0
ORD000000933,2,PROD0000386,SELL000098,1,540.0,0.0,181.0,721.0
ORD000000934,1,PROD0000304,SELL000090,1,6731.0,354.0,50.0,6781.0
ORD000000934,2,PROD0000362,SELL000036,1,847.0,149.0,63.0,910.0
ORD000000934,3,PROD0000392,SELL000036,2,5708.0,300.0,48.0,11464.0
ORD000000934,4,PROD0000405,SELL000019,1,21740.0,1144.0,69.0,21809.0
ORD000000935,1,PROD0000153,SELL000074,1,909.0,0.0,64.0,973.0
ORD000000936,1,PROD0000217,SELL000031,2,1171.0,130.0,71.0,2413.0
ORD000000936,2,PROD0000178,SELL000028,2,454.0,50.0,54.0,962.0
ORD000000937,1,PROD0000474,SELL000070,3,215.0,54.0,54.0,699.0
ORD000000938,1,PROD0000061,SELL000020,3,3195.0,0.0,125.0,9710.0
ORD000000938,2,PROD0000472,SELL000011,2,10583.0,4536.0,83.0,21249.0
ORD000000939,1,PROD0000178,SELL000090,1,505.0,0.0,54.0,559.0
ORD000000940,1,PROD0000405,SELL000004,2,19451.0,3433.0,58.0,38960.0
ORD000000940,2,PROD0000088,SELL000096,2,1000.0,111.0,157.0,2157.0
ORD000000940,3,PROD0000439,SELL000071,3,17471.0,920.0,55.0,52468.0
ORD000000941,1,PROD0000280,SELL000036,2,430.0,184.0,72.0,932.0
ORD000000941,2,PROD0000513,SELL000059,2,1013.0,53.0,45.0,2071.0
ORD000000942,1,PROD0000205,SELL000033,2,15331.0,0.0,40.0,30702.0
ORD000000942,2,PROD0000518,SELL000042,2,17117.0,1902.0,163.0,34397.0
ORD000000942,3,PROD0000435,SELL000073,1,158.0,18.0,179.0,337.0
ORD000000942,4,PROD0000004,SELL000095,1,14232.0,2512.0,47.0,14279.0
ORD000000942,5,PROD0000199,SELL000023,1,635.0,33.0,57.0,692.0
ORD000000943,1,PROD0000211,SELL000056,2,1736.0,0.0,118.0,3590.0
ORD000000944,1,PROD0000110,SELL000090,2,1374.0,0.0,60.0,2808.0
ORD000000944,2,PROD0000457,SELL000001,1,1453.0,161.0,53.0,1506.0
ORD000000944,3,PROD0000043,SELL000000,1,2128.0,236.0,391.0,2519.0
ORD000000945,1,PROD0000134,SELL000064,1,741.0,185.0,87.0,828.0
ORD000000946,1,PROD0000131,SELL000014,3,1829.0,0.0,81.0,5568.0
ORD000000947,1,PROD0000218,SELL000104,1,869.0,97.0,61.0,930.0
ORD000000948,1,PROD0000363,SELL000012,1,353.0,235.0,46.0,399.0
ORD000000948,2,PROD0000003,SELL000077,1,892.0,0.0,266.0,1158.0
ORD000000948,3,PROD0000326,SELL000033,1,730.0,38.0,47.0,777.0
ORD000000949,1,PROD0000210,SELL000097,3,256.0,170.0,58.0,826.0
ORD000000950,1,PROD0000322,SELL000090,1,5809.0,0.0,50.0,5859.0
ORD000000951,1,PROD0000032,SELL000083,2,2354.0,262.0,75.0,4783.0
ORD000000951,2,PROD0000447,SELL000067,1,297.0,16.0,64.0,361.0
ORD000000952,1,PROD0000300,SELL000022,3,592.0,0.0,115.0,1891.0
ORD000000952,2,PROD0000131,SELL000011,2,1555.0,274.0,61.0,3171.0
ORD000000953,1,PROD0000411,SELL000027,1,392.0,0.0,69.0,461.0
ORD000000954,1,PROD0000245,SELL000008,1,4194.0,1797.0,369.0,4563.0
ORD000000955,1,PROD0000203,SELL000082,-1,14163.0,745.0,51.0,14214.0
ORD000000956,1,PROD0000087,SELL000030,2,546.0,0.0,116.0,1208.0
ORD000000957,1,PROD0000255,SELL000046,1,14123.0,0.0,37.0,14160.0
ORD000000958,1,PROD0000113,SELL000065,2,19434.0,4859.0,38.0,38906.0
ORD000000958,2,PROD0000382,SELL000073,1,940.0,49.0,58.0,998.0
ORD000000959,1,PROD0000193,SELL000062,3,782.0,0.0,72.0,2418.0
ORD000000959,2,PROD0000061,SELL000077,1,3195.0,0.0,135.0,3330.0
ORD000000959,3,PROD0000368,SELL000011,3,610.0,68.0,86.0,1916.0
ORD000000960,1,PROD0000440,SELL000029,3,9302.0,0.0,36.0,27942.0
ORD000000961,1,PROD0000434,SELL000079,2,74.0,32.0,93.0,241.0
ORD000000962,1,PROD0000252,SELL000075,1,160.0,0.0,98.0,258.0
ORD000000963,1,PROD0000160,SELL000066,3,17695.0,0.0,52.0,53137.0
ORD000000963,2,PROD0000115,SELL000098,2,10453.0,550.0,39.0,20945.0
ORD000000963,3,PROD0000207,SELL000103,2,10035.0,0.0,50.0,20120.0
ORD000000964,1,PROD0000052,SELL000008,1,2958.0,739.0,191.0,3149.0
ORD000000964,2,PROD0000462,SELL000058,1,15680.0,6720.0,67.0,15747.0
ORD000000964,3,PROD0000129,SELL000094,3,729.0,81.0,67.0,2254.0
ORD000000964,4,PROD0000406,SELL000034,3,422.0,105.0,35.0,1301.0
ORD000000965,1,PROD0000200,SELL000006,3,1152.0,288.0,115.0,3571.0
ORD000000966,1,PROD0000359,SELL000012,1,1397.0,0.0,272.0,1669.0
ORD000000966,2,PROD0000474,SELL000075,1,269.0,0.0,43.0,312.0
ORD000000966,3,PROD0000212,SELL000096,1,952.0,106.0,163.0,1115.0
ORD000000966,4,PROD0000502,SELL000074,1,280.0,186.0,33.0,313.0
ORD000000966,5,PROD0000177,SELL000003,1,1266.0,316.0,240.0,1506.0
ORD000000967,1,PROD0000132,SELL000043,2,23602.0,2622.0,44.0,47248.0
ORD000000968,1,PROD0000376,SELL000036,2,34089.0,0.0,45.0,68223.0
ORD000000968,2,PROD0000073,SELL000095,1,16890.0,4222.0,52.0,16942.0
ORD000000968,3,PROD0000048,SELL000055,2,1518.0,268.0,66.0,3102.0
ORD000000968,4,PROD0000191,SELL000024,2,1819.0,780.0,37.0,3675.0
ORD000000969,1,PROD0000283,SELL000059,2,925.0,163.0,236.0,2086.0
ORD000000969,2,PROD0000243,SELL000078,1,691.0,0.0,45.0,736.0
ORD000000969,3,PROD0000031,SELL000061,1,13942.0,1549.0,36.0,13978.0
ORD000000969,4,PROD0000285,SELL000043,1,625.0,33.0,88.0,713.0
ORD000000970,1,PROD0000324,SELL000075,1,1869.0,98.0,153.0,2022.0
ORD000000971,1,PROD0000148,SELL000031,2,19984.0,2220.0,53.0,40021.0
ORD000000971,2,PROD0000296,SELL000013,1,326.0,140.0,44.0,370.0
ORD000000971,3,PROD0000184,SELL000090,1,16552.0,2921.0,46.0,16598.0
ORD000000971,4,PROD0000031,SELL000075,1,15491.0,0.0,43.0,15534.0
ORD000000971,5,PROD0000387,SELL000076,2,947.0,0.0,53.0,1947.0
ORD000000972,1,PROD0000218,SELL000093,1,918.0,48.0,58.0,976.0
ORD000000973,1,PROD0000512,SELL000074,1,734.0,129.0,41.0,775.0
ORD000000974,1,PROD0000100,SELL000003,1,13817.0,1535.0,132.0,13949.0
ORD000000974,2,PROD0000003,SELL000088,2,803.0,89.0,280.0,1886.0
ORD000000974,3,PROD0000415,SELL000003,3,807.0,42.0,69.0,2490.0
ORD000000975,1,PROD0000449,SELL000072,2,9145.0,2286.0,90.0,18380.0
ORD000000976,1,PROD0000475,SELL000104,2,1743.0,0.0,233.0,3719.0
ORD000000977,1,PROD0000515,SELL000042,1,16751.0,1861.0,177.0,16928.0
ORD000000978,1,PROD0000163,SELL000032,1,214.0,54.0,44.0,258.0
ORD000000979,1,PROD0000353,SELL000097,2,14936.0,0.0,66.0,29938.0
ORD000000979,2,PROD0000015,SELL000047,1,3540.0,0.0,301.0,3841.0
ORD000000980,1,PROD0000217,SELL000096,3,1106.0,195.0,54.0,3372.0
ORD000000980,2,PROD0000467,SELL000032,3,9688.0,0.0,25.0,29089.0
ORD000000980,3,PROD0000330,SELL000019,2,12378.0,651.0,31.0,24787.0
ORD000000981,1,PROD0000439,SELL000058,2,12874.0,5517.0,58.0,25806.0
ORD000000981,2,PROD0000492,SELL000039,1,2216.0,0.0,177.0,2393.0
ORD000000981,3,PROD0000415,SELL000074,3,594.0,255.0,59.0,1841.0
ORD000000981,4,PROD0000358,SELL000031,3,9651.0,0.0,166.0,29119.0
ORD000000982,1,PROD0000185,SELL000079,3,242.0,13.0,175.0,901.0
ORD000000982,2,PROD0000276,SELL000037,1,373.0,0.0,210.0,583.0
ORD000000982,3,PROD0000041,SELL000037,1,692.0,122.0,170.0,862.0
ORD000000983,1,PROD0000300,SELL000074,3,355.0,237.0,130.0,1195.0
ORD000000983,2,PROD0000507,SELL000027,1,1975.0,0.0,220.0,2195.0
ORD000000984,1,PROD0000077,SELL000029,2,19062.0,8170.0,49.0,38173.0
ORD000000984,2,PROD0000257,SELL000057,1,1023.0,181.0,110.0,1133.0
ORD000000984,3,PROD0000468,SELL000034,2,7880.0,5254.0,47.0,15807.0
ORD000000984,4,PROD0000185,SELL000040,2,217.0,38.0,165.0,599.0
ORD000000985,1,PROD0000306,SELL000035,1,754.0,133.0,71.0,825.0
ORD000000986,1,PROD0000404,SELL000065,3,893.0,383.0,105.0,2784.0
ORD000000986,2,PROD0000410,SELL000035,3,596.0,105.0,45.0,1833.0
ORD000000987,1,PROD0000349,SELL000064,1,787.0,197.0,49.0,836.0
ORD000000988,1,PROD0000032,SELL000024,1,2616.0,0.0,82.0,2698.0
ORD000000989,1,PROD0000021,SELL000093,3,19630.0,0.0,167.0,59057.0
ORD000000990,1,PROD0000393,SELL000099,1,13896.0,1544.0,36.0,13932.0
ORD000000991,1,PROD0000499,SELL000000,2,5507.0,0.0,86.0,11100.0
ORD000000991,2,PROD0000139,SELL000010,2,2420.0,127.0,135.0,4975.0
ORD000000991,3,PROD0000289,SELL000010,2,888.0,222.0,71.0,1847.0
ORD000000991,4,PROD0000037,SELL000019,1,662.0,74.0,61.0,723.0
ORD000000991,5,PROD0000098,SELL000082,2,358.0,153.0,34.0,750.0
ORD000000992,1,PROD0000252,SELL000025,1,152.0,8.0,90.0,242.0
ORD000000993,1,PROD0000008,SELL000061,2,943.0,0.0,79.0,1965.0
ORD000000993,2,PROD0000306,SELL000026,2,887.0,0.0,64.0,1838.0
ORD000000993,3,PROD0000287,SELL000006,2,479.0,319.0,37.0,995.0
ORD000000993,4,PROD0000048,SELL000008,1,1697.0,89.0,71.0,1768.0
ORD000000994,1,PROD0000309,SELL000098,2,407.0,175.0,45.0,859.0
ORD000000995,1,PROD0000237,SELL000058,1,1615.0,0.0,63.0,1678.0
ORD000000995,2,PROD0000051,SELL000068,2,12547.0,0.0,48.0,25142.0
ORD000000996,1,PROD0000113,SELL000019,2,19434.0,4859.0,58.0,38926.0
ORD000000997,1,PROD0000283,SELL000051,1,979.0,109.0,211.0,1190.0
ORD000000997,2,PROD0000422,SELL000069,3,21954.0,2439.0,152.0,66014.0
ORD000000997,3,PROD0000224,SELL000081,2,1893.0,100.0,89.0,3875.0
ORD000000997,4,PROD0000329,SELL000068,1,9087.0,478.0,38.0,9125.0
ORD000000997,5,PROD0000228,SELL000062,2,19926.0,4981.0,69.0,39921.0
ORD000000998,1,PROD0000448,SELL000065,1,1393.0,0.0,53.0,1446.0
ORD000000999,1,PROD0000508,SELL000039,3,13950.0,0.0,87.0,41937.0
ORD000000999,2,PROD0000220,SELL000073,1,155.0,0.0,45.0,200.0
ORD000001000,1,PROD0000154,SELL000031,1,846.0,45.0,57.0,903.0
ORD000001000,2,PROD0000300,SELL000075,2,474.0,118.0,111.0,1059.0
ORD000001000,3,PROD0000460,SELL000047,1,532.0,94.0,57.0,589.0
ORD000001000,4,PROD0000312,SELL000060,1,12891.0,8594.0,49.0,12940.0
ORD000001000,5,PROD0000179,SELL000049,1,674.0,75.0,63.0,737.0
ORD000001001,1,PROD0000404,SELL000059,3,1148.0,128.0,109.0,3553.0
ORD000001001,2,PROD0000093,SELL000074,2,18702.0,2078.0,45.0,37449.0
ORD000001002,1,PROD0000142,SELL000029,2,12313.0,5277.0,110.0,24736.0
ORD000001002,2,PROD0000079,SELL000049,1,480.0,0.0,42.0,522.0
ORD000001002,3,PROD0000475,SELL000042,2,1656.0,87.0,237.0,3549.0
ORD000001003,1,PROD0000490,SELL000001,1,1557.0,82.0,119.0,1676.0
ORD000001004,1,PROD0000499,SELL000089,3,3304.0,2203.0,81.0,9993.0
ORD000001005,1,PROD0000012,SELL000071,2,39438.0,0.0,112.0,78988.0
ORD000001006,1,PROD0000468,SELL000004,2,13134.0,0.0,54.0,26322.0
ORD000001007,1,PROD0000114,SELL000007,2,715.0,79.0,47.0,1477.0
ORD000001008,1,PROD0000496,SELL000097,2,1084.0,120.0,49.0,2217.0
ORD000001008,2,PROD0000177,SELL000088,2,1582.0,0.0,224.0,3388.0
ORD000001009,1,PROD0000159,SELL000076,2,776.0,86.0,66.0,1618.0
ORD000001009,2,PROD0000342,SELL000074,1,1210.0,134.0,144.0,1354.0
ORD000001009,3,PROD0000411,SELL000088,1,372.0,20.0,60.0,432.0
ORD000001009,4,PROD0000195,SELL000062,2,940.0,49.0,43.0,1923.0
ORD000001009,5,PROD0000429,SELL000000,1,33209.0,0.0,66.0,33275.0
ORD000001010,1,PROD0000010,SELL000047,1,298.0,74.0,62.0,360.0
ORD000001010,2,PROD0000468,SELL000034,1,12477.0,657.0,41.0,12518.0
ORD000001011,1,PROD0000269,SELL000018,1,13604.0,1512.0,73.0,13677.0
ORD000001011,2,PROD0000279,SELL000090,2,833.0,44.0,189.0,1855.0
ORD000001011,3,PROD0000460,SELL000068,2,626.0,0.0,54.0,1306.0
ORD000001012,1,PROD0000028,SELL000094,1,242.0,43.0,43.0,285.0
ORD000001013,1,PROD0000461,SELL000011,1,1072.0,56.0,93.0,1165.0
ORD000001014,1,PROD0000105,SELL000102,2,440.0,0.0,189.0,1069.0
ORD000001014,2,PROD0000516,SELL000063,1,5595.0,2398.0,51.0,5646.0
ORD000001015,1,PROD0000374,SELL000059,2,246.0,106.0,61.0,553.0
ORD000001016,1,PROD0000178,SELL000019,1,429.0,76.0,49.0,478.0
ORD000001017,1,PROD0000034,SELL000065,2,256.0,28.0,89.0,601.0
ORD000001017,2,PROD0000063,SELL000062,2,741.0,82.0,184.0,1666.0
ORD000001017,3,PROD0000063,SELL000073,1,782.0,41.0,179.0,961.0
ORD000001017,4,PROD0000036,SELL000015,2,41591.0,0.0,141.0,83323.0
ORD000001018,1,PROD0000320,SELL000066,2,703.0,78.0,176.0,1582.0
ORD000001019,1,PROD0000451,SELL000009,2,37231.0,6570.0,70.0,74532.0
ORD000001020,1,PROD0000416,SELL000007,1,10032.0,528.0,44.0,10076.0
ORD000001021,1,PROD0000389,SELL000049,1,9875.0,4232.0,66.0,9941.0
ORD000001021,2,PROD0000510,SELL000012,1,542.0,28.0,34.0,576.0
ORD000001022,1,PROD0000326,SELL000074,1,730.0,38.0,52.0,782.0
ORD000001023,1,PROD0000049,SELL000050,3,11608.0,611.0,49.0,34873.0
ORD000001023,2,PROD0000258,SELL000025,3,6695.0,1181.0,46.0,20131.0
ORD000001024,1,PROD0000394,SELL000028,2,8205.0,0.0,47.0,16457.0
ORD000001025,1,PROD0000238,SELL000052,1,1680.0,88.0,134.0,1814.0
ORD000001025,2,PROD0000160,SELL000062,3,15041.0,2654.0,37.0,45160.0
ORD000001026,1,PROD0000257,SELL000083,2,1084.0,120.0,117.0,2285.0
ORD000001026,2,PROD0000406,SELL000060,1,527.0,0.0,25.0,552.0
ORD000001026,3,PROD0000189,SELL000057,1,6415.0,1132.0,48.0,6463.0
ORD000001026,4,PROD0000183,SELL000063,1,2279.0,977.0,164.0,2443.0
ORD000001027,1,PROD0000247,SELL000062,1,36074.0,4008.0,175.0,36249.0
ORD000001028,1,PROD0000218,SELL000036,1,821.0,145.0,59.0,880.0
ORD000001028,2,PROD0000109,SELL000023,2,23192.0,0.0,75.0,46459.0
ORD000001029,1,PROD0000145,SELL000055,2,211.0,11.0,135.0,557.0
ORD000001030,1,PROD0000061,SELL000013,1,3195.0,0.0,114.0,3309.0
ORD000001031,1,PROD0000391,SELL000025,1,13778.0,9185.0,61.0,13839.0
ORD000001032,1,PROD0000110,SELL000015,2,1374.0,0.0,39.0,2787.0
ORD000001033,1,PROD0000509,SELL000051,1,5092.0,2182.0,66.0,5158.0
ORD000001033,2,PROD0000505,SELL000102,1,1432.0,75.0,60.0,1492.0
ORD000001033,3,PROD0000350,SELL000091,2,908.0,48.0,49.0,1865.0
ORD000001033,4,PROD0000516,SELL000009,1,7194.0,799.0,45.0,7239.0
ORD000001033,5,PROD0000449,SELL000086,3,11431.0,0.0,83.0,34376.0
ORD000001033,6,PROD0000391,SELL000015,2,22963.0,0.0,54.0,45980.0
ORD000001034,1,PROD0000185,SELL000095,2,242.0,13.0,171.0,655.0
ORD000001034,2,PROD0000436,SELL000021,2,1262.0,223.0,65.0,2589.0
ORD000001034,3,PROD0000177,SELL000013,1,1345.0,237.0,248.0,1593.0
ORD000001035,1,PROD0000053,SELL000082,2,6890.0,4593.0,55.0,13835.0
ORD000001035,2,PROD0000294,SELL000087,1,13197.0,0.0,55.0,13252.0
ORD000001035,3,PROD0000064,SELL000041,1,796.0,141.0,128.0,924.0
ORD000001035,4,PROD0000048,SELL000057,3,1786.0,0.0,67.0,5425.0
ORD000001036,1,PROD0000048,SELL000083,3,1607.0,179.0,41.0,4862.0
ORD000001037,1,PROD0000474,SELL000089,1,269.0,0.0,38.0,307.0
ORD000001037,2,PROD0000032,SELL000043,1,1831.0,785.0,72.0,1903.0
ORD000001038,1,PROD0000205,SELL000082,1,13798.0,1533.0,43.0,13841.0
ORD000001039,1,PROD0000389,SELL000083,1,13402.0,705.0,50.0,13452.0
ORD000001040,1,PROD0000417,SELL000083,1,17242.0,0.0,127.0,17369.0
ORD000001040,2,PROD0000029,SELL000094,1,433.0,23.0,37.0,470.0
ORD000001041,1,PROD0000465,SELL000087,1,11706.0,0.0,163.0,11869.0
ORD000001041,2,PROD0000494,SELL000046,2,206.0,36.0,116.0,528.0
ORD000001041,3,PROD0000505,SELL000033,2,1356.0,151.0,53.0,2765.0
ORD000001042,1,PROD0000340,SELL000103,1,407.0,0.0,36.0,443.0
ORD000001042,2,PROD0000266,SELL000046,3,962.0,0.0,89.0,2975.0
ORD000001042,3,PROD0000089,SELL000097,1,2862.0,0.0,39.0,2901.0
ORD000001042,4,PROD0000064,SELL000104,1,890.0,47.0,123.0,1013.0
ORD000001043,1,PROD0000425,SELL000001,1,16940.0,0.0,58.0,16998.0
ORD000001043,2,PROD0000443,SELL000014,1,21821.0,0.0,30.0,21851.0
ORD000001043,3,PROD0000429,SELL000059,1,33209.0,0.0,71.0,33280.0
ORD000001043,4,PROD0000322,SELL000009,3,5809.0,0.0,60.0,17487.0
ORD000001044,1,PROD0000293,SELL000068,1,61294.0,6810.0,178.0,61472.0
ORD000001045,1,PROD0000100,SELL000001,1,13049.0,2303.0,131.0,13180.0
ORD000001045,2,PROD0000047,SELL000088,1,307.0,0.0,56.0,363.0
ORD000001045,3,PROD0000104,SELL000044,1,1042.0,55.0,52.0,1094.0
ORD000001046,1,PROD0000208,SELL000070,1,14126.0,1570.0,53.0,14179.0
ORD000001046,2,PROD0000157,SELL000048,1,29935.0,1576.0,183.0,30118.0
ORD000001046,3,PROD0000285,SELL000072,1,395.0,263.0,77.0,472.0
ORD000001046,4,PROD0000407,SELL000071,1,503.0,89.0,52.0,555.0
ORD000001046,5,PROD0000387,SELL000030,1,852.0,95.0,82.0,934.0
ORD000001047,1,PROD0000431,SELL000084,1,464.0,24.0,48.0,512.0
ORD000001047,2,PROD0000155,SELL000086,1,447.0,24.0,54.0,501.0
ORD000001048,1,PROD0000487,SELL000033,3,1167.0,0.0,102.0,3603.0
ORD000001049,1,PROD0000454,SELL000006,1,13391.0,0.0,29.0,13420.0
ORD000001050,1,PROD0000181,SELL000047,2,2857.0,714.0,268.0,5982.0
ORD000001051,1,PROD0000130,SELL000069,2,3152.0,1351.0,100.0,6404.0
ORD000001052,1,PROD0000462,SELL000081,1,13440.0,8960.0,78.0,13518.0
ORD000001052,2,PROD0000520,SELL000021,2,10992.0,578.0,44.0,22028.0
ORD000001052,3,PROD0000242,SELL000050,2,190.0,82.0,59.0,439.0
ORD000001052,4,PROD0000059,SELL000080,1,309.0,55.0,51.0,360.0
ORD000001053,1,PROD0000315,SELL000055,2,1318.0,69.0,402.0,3038.0
ORD000001053,2,PROD0000433,SELL000082,1,279.0,120.0,55.0,334.0
ORD000001053,3,PROD0000244,SELL000070,1,872.0,582.0,212.0,1084.0
ORD000001053,4,PROD0000068,SELL000018,1,158.0,18.0,54.0,212.0
ORD000001053,5,PROD0000383,SELL000022,1,2714.0,679.0,375.0,3089.0
ORD000001054,1,PROD0000395,SELL000083,3,150.0,37.0,168.0,618.0
ORD000001054,2,PROD0000455,SELL000073,3,10346.0,1150.0,52.0,31090.0
ORD000001054,3,PROD0000449,SELL000087,3,10859.0,572.0,84.0,32661.0
ORD000001054,4,PROD0000248,SELL000030,3,20499.0,0.0,47.0,61544.0
ORD000001055,1,PROD0000163,SELL000005,2,161.0,107.0,58.0,380.0
ORD000001056,1,PROD0000086,SELL000024,3,566.0,0.0,89.0,1787.0
ORD000001057,1,PROD0000052,SELL000045,3,3697.0,0.0,186.0,11277.0
ORD000001058,1,PROD0000430,SELL000012,1,1518.0,80.0,245.0,1763.0
ORD000001059,1,PROD0000520,SELL000020,1,10992.0,578.0,45.0,11037.0
ORD000001060,1,PROD0000335,SELL000015,1,13253.0,0.0,113.0,13366.0
ORD000001060,2,PROD0000505,SELL000013,2,1507.0,0.0,55.0,3069.0
ORD000001060,3,PROD0000160,SELL000040,1,12386.0,5308.0,27.0,12413.0
ORD000001060,4,PROD0000394,SELL000084,2,7384.0,820.0,46.0,14814.0
ORD000001060,5,PROD0000206,SELL000039,1,339.0,226.0,41.0,380.0
ORD000001061,1,PROD0000201,SELL000030,1,1067.0,457.0,55.0,1122.0
ORD000001061,2,PROD0000333,SELL000057,1,570.0,30.0,40.0,610.0
ORD000001062,1,PROD0000070,SELL000067,2,492.0,26.0,46.0,1030.0
ORD000001062,2,PROD0000214,SELL000036,1,1986.0,0.0,92.0,2078.0
ORD000001062,3,PROD0000217,SELL000000,1,781.0,520.0,65.0,846.0
ORD000001063,1,PROD0000224,SELL000031,2,1794.0,199.0,83.0,3671.0
ORD000001064,1,PROD0000375,SELL000008,3,1662.0,416.0,255.0,5241.0
ORD000001065,1,PROD0000144,SELL000015,1,341.0,228.0,62.0,403.0
ORD000001066,1,PROD0000079,SELL000064,1,480.0,0.0,67.0,547.0
ORD000001066,2,PROD0000318,SELL000018,2,39215.0,16806.0,50.0,78480.0
ORD000001067,1,PROD0000008,SELL000038,1,754.0,189.0,59.0,813.0
ORD000001067,2,PROD0000514,SELL000041,2,1936.0,102.0,401.0,4273.0
ORD000001067,3,PROD0000471,SELL000092,1,979.0,420.0,174.0,1153.0
ORD000001067,4,PROD0000199,SELL000016,2,601.0,67.0,41.0,1243.0
ORD000001068,1,PROD0000364,SELL000008,1,1587.0,84.0,143.0,1730.0
ORD000001069,1,PROD0000270,SELL000056,1,3279.0,0.0,69.0,3348.0
ORD000001070,1,PROD0000361,SELL000065,1,393.0,69.0,54.0,447.0
ORD000001070,2,PROD0000114,SELL000052,2,635.0,159.0,55.0,1325.0
ORD000001070,3,PROD0000493,SELL000073,1,2054.0,0.0,51.0,2105.0
ORD000001070,4,PROD0000459,SELL000090,2,3164.0,166.0,276.0,6604.0
ORD000001071,1,PROD0000271,SELL000064,1,292.0,0.0,55.0,347.0
ORD000001072,1,PROD0000457,SELL000056,1,1453.0,161.0,46.0,1499.0
ORD000001073,1,PROD0000165,SELL000071,2,428.0,48.0,45.0,901.0
ORD000001073,2,PROD0000409,SELL000022,3,10206.0,2551.0,50.0,30668.0
ORD000001073,3,PROD0000473,SELL000026,2,1002.0,0.0,60.0,2064.0
ORD000001073,4,PROD0000362,SELL000038,2,996.0,0.0,73.0,2065.0
ORD000001074,1,PROD0000513,SELL000080,1,1066.0,0.0,40.0,1106.0
ORD000001074,2,PROD0000111,SELL000089,1,508.0,218.0,231.0,739.0
ORD000001075,1,PROD0000010,SELL000058,1,335.0,37.0,63.0,398.0
ORD000001075,2,PROD0000274,SELL000065,1,346.0,0.0,66.0,412.0
ORD000001076,1,PROD0000172,SELL000082,2,852.0,0.0,39.0,1743.0
ORD000001077,1,PROD0000333,SELL000025,1,600.0,0.0,52.0,652.0
ORD000001078,1,PROD0000188,SELL000012,1,643.0,114.0,60.0,703.0
ORD000001079,1,PROD0000452,SELL000078,2,253.0,13.0,81.0,587.0
ORD000001080,1,PROD0000057,SELL000013,1,29330.0,5176.0,57.0,29387.0
ORD000001081,1,PROD0000502,SELL000016,2,466.0,0.0,34.0,966.0
ORD000001082,1,PROD0000115,SELL000041,1,10453.0,550.0,39.0,10492.0
ORD000001083,1,PROD0000170,SELL000082,3,2854.0,317.0,309.0,8871.0
ORD000001084,1,PROD0000012,SELL000040,1,39438.0,0.0,114.0,39552.0
ORD000001085,1,PROD0000353,SELL000012,1,14936.0,0.0,73.0,15009.0
ORD000001086,1,PROD0000362,SELL000013,1,996.0,0.0,48.0,1044.0
ORD000001086,2,PROD0000484,SELL000026,2,514.0,91.0,64.0,1092.0
ORD000001086,3,PROD0000055,SELL000008,3,16158.0,1795.0,40.0,48514.0
ORD000001086,4,PROD0000251,SELL000034,2,2043.0,108.0,59.0,4145.0
ORD000001087,1,PROD0000462,SELL000008,2,20160.0,2240.0,85.0,40405.0
ORD000001088,1,PROD0000015,SELL000088,2,3540.0,0.0,312.0,7392.0
ORD000001089,1,PROD0000304,SELL000005,3,5668.0,1417.0,33.0,17037.0
ORD000001089,2,PROD0000119,SELL000020,3,2729.0,482.0,143.0,8330.0
ORD000001090,1,PROD0000185,SELL000003,2,255.0,0.0,175.0,685.0
ORD000001090,2,PROD0000393,SELL000030,1,10808.0,4632.0,24.0,10832.0
ORD000001091,1,PROD0000421,SELL000084,1,16131.0,849.0,45.0,16176.0
ORD000001092,1,PROD0000003,SELL000060,1,847.0,45.0,278.0,1125.0
ORD000001093,1,PROD0000338,SELL000098,2,315.0,35.0,72.0,702.0
ORD000001094,1,PROD0000205,SELL000064,1,12265.0,3066.0,41.0,12306.0
ORD000001095,1,PROD0000392,SELL000044,3,6008.0,0.0,51.0,18075.0
ORD000001096,1,PROD0000438,SELL000100,1,288.0,0.0,102.0,390.0
ORD000001097,1,PROD0000457,SELL000019,3,1130.0,484.0,37.0,3427.0
ORD000001098,1,PROD0000053,SELL000011,3,8038.0,3445.0,40.0,24154.0
ORD000001099,1,PROD0000420,SELL000034,2,1649.0,412.0,396.0,3694.0
ORD000001099,2,PROD0000502,SELL000097,1,466.0,0.0,40.0,506.0
ORD000001100,1,PROD0000405,SELL000085,1,20596.0,2288.0,57.0,20653.0
ORD000001101,1,PROD0000196,SELL000056,3,1665.0,88.0,231.0,5226.0
ORD000001101,2,PROD0000380,SELL000097,2,13117.0,0.0,44.0,26278.0
ORD000001101,3,PROD0000035,SELL000067,1,695.0,0.0,52.0,747.0
ORD000001101,4,PROD0000196,SELL000025,1,1402.0,351.0,246.0,1648.0
ORD000001102,1,PROD0000429,SELL000000,3,33209.0,0.0,48.0,99675.0
ORD000001103,1,PROD0000339,SELL000003,1,978.0,0.0,118.0,1096.0
ORD000001104,1,PROD0000138,SELL000089,2,626.0,0.0,50.0,1302.0
ORD000001105,1,PROD0000294,SELL000032,1,11877.0,1320.0,55.0,11932.0
ORD000001106,1,PROD0000000,SELL000044,2,1118.0,197.0,48.0,2284.0
ORD000001107,1,PROD0000501,SELL000040,1,361.0,0.0,32.0,393.0
ORD000001107,2,PROD0000286,SELL000009,2,1550.0,387.0,134.0,3234.0
ORD000001107,3,PROD0000260,SELL000000,1,26976.0,0.0,74.0,27050.0
ORD000001107,4,PROD0000173,SELL000076,1,6858.0,361.0,45.0,6903.0
ORD000001107,5,PROD0000115,SELL000071,3,11003.0,0.0,28.0,33037.0
ORD000001108,1,PROD0000171,SELL000023,1,218.0,11.0,142.0,360.0
ORD000001109,1,PROD0000238,SELL000013,2,1061.0,707.0,142.0,2264.0
ORD000001110,1,PROD0000221,SELL000054,2,635.0,112.0,38.0,1308.0
ORD000001110,2,PROD0000216,SELL000008,2,321.0,0.0,59.0,701.0
ORD000001111,1,PROD0000264,SELL000030,2,1395.0,930.0,47.0,2837.0
ORD000001112,1,PROD0000244,SELL000075,2,1236.0,218.0,200.0,2672.0
ORD000001113,1,PROD0000161,SELL000018,1,962.0,51.0,54.0,1016.0
ORD000001113,2,PROD0000302,SELL000080,1,813.0,349.0,59.0,872.0
ORD000001113,3,PROD0000128,SELL000092,2,20748.0,3661.0,47.0,41543.0
ORD000001113,4,PROD0000493,SELL000019,2,1746.0,308.0,50.0,3542.0
ORD000001114,1,PROD0000347,SELL000069,3,862.0,0.0,91.0,2677.0
ORD000001115,1,PROD0000146,SELL000080,2,45698.0,0.0,82.0,91478.0
ORD000001116,1,PROD0000360,SELL000054,1,630.0,158.0,48.0,678.0
ORD000001116,2,PROD0000504,SELL000031,1,1917.0,338.0,115.0,2032.0
ORD000001116,3,PROD0000398,SELL000103,2,950.0,237.0,243.0,2143.0
ORD000001116,4,PROD0000406,SELL000032,1,448.0,79.0,33.0,481.0
ORD000001117,1,PROD0000113,SELL000025,3,17005.0,7288.0,42.0,51057.0
ORD000001118,1,PROD0000095,SELL000012,2,1289.0,68.0,38.0,2616.0
ORD000001118,2,PROD0000292,SELL000095,1,1010.0,53.0,156.0,1166.0
ORD000001119,1,PROD0000146,SELL000023,2,45698.0,0.0,89.0,91485.0
ORD000001120,1,PROD0000062,SELL000013,2,853.0,0.0,112.0,1818.0
ORD000001121,1,PROD0000473,SELL000004,1,952.0,50.0,56.0,1008.0
ORD000001122,1,PROD0000179,SELL000030,1,712.0,37.0,56.0,768.0
ORD000001122,2,PROD0000417,SELL000070,2,17242.0,0.0,127.0,34611.0
ORD000001122,3,PROD0000381,SELL000071,1,14011.0,1557.0,83.0,14094.0
ORD000001123,1,PROD0000074,SELL000089,2,15594.0,821.0,135.0,31323.0
ORD000001124,1,PROD0000097,SELL000070,1,273.0,14.0,169.0,442.0
ORD000001125,1,PROD0000304,SELL000005,3,6376.0,708.0,30.0,19158.0
ORD000001126,1,PROD0000325,SELL000088,2,331.0,0.0,36.0,698.0
ORD000001127,1,PROD0000144,SELL000026,2,484.0,85.0,62.0,1030.0
ORD000001128,1,PROD0000079,SELL000100,2,432.0,48.0,39.0,903.0
ORD000001128,2,PROD0000328,SELL000036,1,2164.0,114.0,141.0,2305.0
ORD000001128,3,PROD0000123,SELL000001,2,34014.0,1790.0,134.0,68162.0
ORD000001128,4,PROD0000090,SELL000041,2,5255.0,0.0,226.0,10736.0
ORD000001129,1,PROD0000197,SELL000047,1,327.0,82.0,193.0,520.0
ORD000001129,2,PROD0000183,SELL000086,3,1954.0,1302.0,173.0,6035.0
ORD000001130,1,PROD0000209,SELL000057,1,1079.0,0.0,151.0,1230.0
ORD000001131,1,PROD0000202,SELL000004,1,24094.0,0.0,124.0,24218.0
ORD000001132,1,PROD0000294,SELL000005,1,10558.0,2639.0,56.0,10614.0
ORD000001133,1,PROD0000280,SELL000064,2,522.0,92.0,69.0,1113.0
ORD000001134,1,PROD0000019,SELL000008,1,2639.0,0.0,441.0,3080.0
ORD000001135,1,PROD0000124,SELL000055,2,29792.0,3310.0,45.0,59629.0
ORD000001135,2,PROD0000262,SELL000094,3,1622.0,695.0,279.0,5145.0
ORD000001135,3,PROD0000379,SELL000088,1,982.0,0.0,51.0,1033.0
ORD000001135,4,PROD0000015,SELL000066,1,3009.0,531.0,294.0,3303.0
ORD000001136,1,PROD0000421,SELL000032,2,13584.0,3396.0,43.0,27211.0
ORD000001137,1,PROD0000049,SELL000054,3,12219.0,0.0,45.0,36702.0
ORD000001138,1,PROD0000333,SELL000010,1,420.0,180.0,48.0,468.0
ORD000001138,2,PROD0000113,SELL000077,1,14576.0,9717.0,38.0,14614.0
ORD000001139,1,PROD0000470,SELL000013,1,3245.0,573.0,68.0,3313.0
ORD000001140,1,PROD0000361,SELL000005,2,416.0,46.0,61.0,893.0
ORD000001140,2,PROD0000411,SELL000066,2,353.0,39.0,60.0,766.0
ORD000001141,1,PROD0000422,SELL000060,3,21954.0,2439.0,157.0,66019.0
ORD000001141,2,PROD0000022,SELL000057,2,13749.0,0.0,86.0,27584.0
ORD000001142,1,PROD0000441,SELL000049,1,19028.0,0.0,183.0,19211.0
ORD000001143,1,PROD0000044,SELL000062,3,642.0,0.0,50.0,1976.0
ORD000001143,2,PROD0000282,SELL000046,2,705.0,37.0,71.0,1481.0
ORD000001143,3,PROD0000343,SELL000014,1,1839.0,324.0,120.0,1959.0
ORD000001144,1,PROD0000468,SELL000059,2,9194.0,3940.0,35.0,18423.0
ORD000001145,1,PROD0000376,SELL000004,2,32385.0,1704.0,32.0,64802.0
ORD000001146,1,PROD0000370,SELL000006,2,2746.0,305.0,63.0,5555.0
ORD000001146,2,PROD0000504,SELL000059,1,2030.0,226.0,115.0,2145.0
ORD000001147,1,PROD0000008,SELL000073,2,896.0,47.0,55.0,1847.0
ORD000001147,2,PROD0000001,SELL000008,2,7734.0,1365.0,48.0,15516.0
ORD000001148,1,PROD0000099,SELL000039,3,1549.0,0.0,77.0,4724.0
ORD000001149,1,PROD0000123,SELL000097,3,35804.0,0.0,127.0,107539.0
ORD000001150,1,PROD0000260,SELL000082,2,26976.0,0.0,62.0,54014.0
ORD000001150,2,PROD0000433,SELL000084,-2,239.0,160.0,46.0,524.0
ORD000001150,3,PROD0000204,SELL000068,1,870.0,580.0,140.0,1010.0
ORD000001150,4,PROD0000464,SELL000018,2,2991.0,332.0,166.0,6148.0
ORD000001151,1,PROD0000333,SELL000040,1,540.0,60.0,46.0,586.0
ORD000001151,2,PROD0000241,SELL000062,1,434.0,48.0,49.0,483.0
ORD000001152,1,PROD0000413,SELL000069,1,2974.0,156.0,237.0,3211.0
ORD000001153,1,PROD0000252,SELL000013,3,160.0,0.0,96.0,576.0
ORD000001154,1,PROD0000022,SELL000101,1,13749.0,0.0,79.0,13828.0
ORD000001155,1,PROD0000444,SELL000098,1,1771.0,0.0,54.0,1825.0
ORD000001155,2,PROD0000069,SELL000003,2,47864.0,31910.0,122.0,95850.0
ORD000001156,1,PROD0000239,SELL000061,1,153.0,27.0,193.0,346.0
ORD000001157,1,PROD0000081,SELL000015,1,649.0,114.0,44.0,693.0
ORD000001158,1,PROD0000410,SELL000033,1,561.0,140.0,58.0,619.0
ORD000001159,1,PROD0000331,SELL000093,2,563.0,63.0,70.0,1196.0
ORD000001159,2,PROD0000494,SELL000071,2,206.0,36.0,136.0,548.0
ORD000001160,1,PROD0000451,SELL000037,3,35041.0,8760.0,63.0,105186.0
ORD000001160,2,PROD0000136,SELL000000,2,21772.0,0.0,44.0,43588.0
ORD000001161,1,PROD0000131,SELL000087,2,1829.0,0.0,72.0,3730.0
ORD000001162,1,PROD0000142,SELL000030,2,15831.0,1759.0,124.0,31786.0
ORD000001163,1,PROD0000080,SELL000063,3,817.0,0.0,81.0,2532.0
ORD000001164,1,PROD0000489,SELL000024,2,503.0,89.0,94.0,1100.0
ORD000001164,2,PROD0000043,SELL000082,1,1892.0,473.0,396.0,2288.0
ORD000001164,3,PROD0000221,SELL000036,2,598.0,149.0,47.0,1243.0
ORD000001165,1,PROD0000146,SELL000077,1,45698.0,0.0,95.0,45793.0
ORD000001165,2,PROD0000008,SELL000008,3,943.0,0.0,60.0,2889.0
ORD000001165,3,PROD0000432,SELL000064,2,1214.0,809.0,68.0,2496.0
ORD000001165,4,PROD0000261,SELL000101,2,6110.0,2619.0,56.0,12276.0
ORD000001166,1,PROD0000457,SELL000049,2,1614.0,0.0,49.0,3277.0
ORD000001166,2,PROD0000321,SELL000049,1,1063.0,455.0,68.0,1131.0
ORD000001166,3,PROD0000258,SELL000072,3,5513.0,2363.0,52.0,16591.0
ORD000001167,1,PROD0000127,SELL000089,3,212.0,0.0,47.0,683.0
ORD000001167,2,PROD0000308,SELL000085,3,18411.0,969.0,179.0,55412.0
ORD000001167,3,PROD0000378,SELL000006,3,55.0,24.0,55.0,220.0
ORD000001168,1,PROD0000014,SELL000031,1,91.0,16.0,38.0,129.0
ORD000001168,2,PROD0000121,SELL000088,2,1267.0,141.0,60.0,2594.0
ORD000001168,3,PROD0000188,SELL000102,1,454.0,303.0,56.0,510.0
ORD000001168,4,PROD0000062,SELL000068,2,682.0,171.0,111.0,1475.0
ORD000001169,1,PROD0000043,SELL000000,1,2365.0,0.0,392.0,2757.0
ORD000001170,1,PROD0000129,SELL000071,3,770.0,40.0,67.0,2377.0
ORD000001171,1,PROD0000177,SELL000099,2,1107.0,475.0,234.0,2448.0
ORD000001172,1,PROD0000278,SELL000084,2,186.0,0.0,141.0,513.0
ORD000001173,1,PROD0000423,SELL000075,2,342.0,0.0,63.0,747.0
ORD000001173,2,PROD0000445,SELL000055,1,898.0,224.0,59.0,957.0
ORD000001173,3,PROD0000198,SELL000094,1,1271.0,318.0,49.0,1320.0
ORD000001174,1,PROD0000275,SELL000066,3,333.0,0.0,29.0,1028.0
ORD000001175,1,PROD0000007,SELL000053,1,611.0,0.0,56.0,667.0
ORD000001176,1,PROD0000442,SELL000094,2,153.0,38.0,47.0,353.0
ORD000001177,1,PROD0000122,SELL000000,2,473.0,0.0,99.0,1045.0
ORD000001178,1,PROD0000033,SELL000013,2,6989.0,0.0,46.0,14024.0
ORD000001179,1,PROD0000313,SELL000088,3,17564.0,7528.0,45.0,52737.0
ORD000001180,1,PROD0000194,SELL000005,1,9483.0,2371.0,50.0,9533.0
ORD000001181,1,PROD0000214,SELL000094,2,1887.0,99.0,83.0,3857.0
ORD000001182,1,PROD0000226,SELL000103,1,17934.0,1993.0,108.0,18042.0
ORD000001183,1,PROD0000327,SELL000027,1,634.0,33.0,44.0,678.0
ORD000001184,1,PROD0000417,SELL000092,1,17242.0,0.0,136.0,17378.0
ORD000001185,1,PROD0000297,SELL000057,2,270.0,180.0,62.0,602.0
ORD000001185,2,PROD0000318,SELL000053,1,50419.0,5602.0,47.0,50466.0
ORD000001185,3,PROD0000421,SELL000096,1,15282.0,1698.0,36.0,15318.0
ORD000001185,4,PROD0000409,SELL000081,1,12119.0,638.0,37.0,12156.0
ORD000001185,5,PROD0000089,SELL000093,2,2576.0,286.0,35.0,5187.0
ORD000001186,1,PROD0000176,SELL000092,2,441.0,0.0,66.0,948.0
ORD000001187,1,PROD0000257,SELL000076,3,1144.0,60.0,117.0,3549.0
ORD000001187,2,PROD0000486,SELL000049,1,1094.0,122.0,49.0,1143.0
ORD000001188,1,PROD0000316,SELL000019,2,254.0,64.0,131.0,639.0
ORD000001188,2,PROD0000423,SELL000010,1,274.0,68.0,46.0,320.0
ORD000001188,3,PROD0000414,SELL000026,2,10864.0,0.0,41.0,21769.0
ORD000001189,1,PROD0000476,SELL000050,1,736.0,82.0,171.0,907.0
ORD000001189,2,PROD0000269,SELL000014,1,14359.0,756.0,76.0,14435.0
ORD000001189,3,PROD0000136,SELL000036,2,19595.0,2177.0,49.0,39239.0
ORD000001190,1,PROD0000214,SELL000083,2,1390.0,596.0,108.0,2888.0
ORD000001191,1,PROD0000003,SELL000002,2,714.0,178.0,266.0,1694.0
ORD000001192,1,PROD0000356,SELL000032,2,378.0,0.0,53.0,809.0
ORD000001192,2,PROD0000320,SELL000100,1,664.0,117.0,185.0,849.0
ORD000001192,3,PROD0000086,SELL000034,2,566.0,0.0,82.0,1214.0
ORD000001193,1,PROD0000256,SELL000075,1,327.0,0.0,56.0,383.0
ORD000001194,1,PROD0000373,SELL000063,1,676.0,0.0,47.0,723.0
ORD000001194,2,PROD0000405,SELL000082,1,21740.0,1144.0,65.0,21805.0
ORD000001195,1,PROD0000404,SELL000076,2,1148.0,128.0,97.0,2393.0
ORD000001196,1,PROD0000050,SELL000062,2,1025.0,54.0,73.0,2123.0
ORD000001196,2,PROD0000194,SELL000101,2,10669.0,1185.0,41.0,21379.0
ORD000001196,3,PROD0000310,SELL000028,2,11934.0,0.0,49.0,23917.0
ORD000001196,4,PROD0000054,SELL000029,1,1301.0,145.0,54.0,1355.0
ORD000001197,1,PROD0000103,SELL000061,2,394.0,0.0,56.0,844.0
ORD000001197,2,PROD0000491,SELL000075,1,615.0,32.0,60.0,675.0
ORD000001197,3,PROD0000268,SELL000071,3,262.0,29.0,35.0,821.0
ORD000001197,4,PROD0000301,SELL000100,1,1738.0,0.0,56.0,1794.0
ORD000001198,1,PROD0000082,SELL000062,2,10190.0,536.0,54.0,20434.0
ORD000001198,2,PROD0000330,SELL000079,2,11075.0,1954.0,50.0,22200.0
ORD000001199,1,PROD0000475,SELL000013,1,1743.0,0.0,231.0,1974.0
ORD000001199,2,PROD0000500,SELL000004,3,830.0,147.0,73.0,2563.0
ORD000001199,3,PROD0000095,SELL000085,1,1357.0,0.0,16.0,1373.0
ORD000001199,4,PROD0000115,SELL000046,1,9353.0,1650.0,29.0,9382.0
ORD000001199,5,PROD0000299,SELL000031,1,28050.0,0.0,161.0,28211.0
ORD000001200,1,PROD0000462,SELL000078,1,13440.0,8960.0,77.0,13517.0
ORD000001201,1,PROD0000002,SELL000041,1,8262.0,0.0,48.0,8310.0
ORD000001202,1,PROD0000117,SELL000003,2,855.0,570.0,68.0,1778.0
ORD000001202,2,PROD0000081,SELL000057,1,763.0,0.0,63.0,826.0
ORD000001203,1,PROD0000411,SELL000013,1,333.0,59.0,55.0,388.0
ORD000001203,2,PROD0000260,SELL000102,1,26976.0,0.0,60.0,27036.0
ORD000001204,1,PROD0000372,SELL000034,1,406.0,0.0,157.0,563.0
ORD000001205,1,PROD0000021,SELL000032,1,19630.0,0.0,194.0,19824.0
ORD000001206,1,PROD0000068,SELL000088,2,176.0,0.0,61.0,413.0
ORD000001206,2,PROD0000282,SELL000004,1,705.0,37.0,65.0,770.0
ORD000001207,1,PROD0000218,SELL000071,2,869.0,97.0,47.0,1785.0
ORD000001208,1,PROD0000096,SELL000102,3,885.0,47.0,188.0,2843.0
ORD000001208,2,PROD0000135,SELL000003,3,922.0,102.0,29.0,2795.0
ORD000001209,1,PROD0000378,SELL000100,2,79.0,0.0,53.0,211.0
ORD000001209,2,PROD0000007,SELL000064,2,519.0,92.0,51.0,1089.0
ORD000001209,3,PROD0000452,SELL000020,1,213.0,53.0,76.0,289.0
ORD000001209,4,PROD0000083,SELL000089,1,13386.0,0.0,46.0,13432.0
ORD000001210,1,PROD0000395,SELL000087,1,150.0,37.0,189.0,339.0
ORD000001211,1,PROD0000328,SELL000103,1,2278.0,0.0,146.0,2424.0
ORD000001211,2,PROD0000033,SELL000096,2,6640.0,349.0,48.0,13328.0
ORD000001211,3,PROD0000398,SELL000064,1,950.0,237.0,235.0,1185.0
ORD000001212,1,PROD0000258,SELL000001,3,6695.0,1181.0,39.0,20124.0
ORD000001213,1,PROD0000156,SELL000078,1,223.0,25.0,55.0,278.0
ORD000001214,1,PROD0000057,SELL000079,1,32781.0,1725.0,44.0,32825.0
ORD000001214,2,PROD0000060,SELL000081,1,14620.0,1624.0,55.0,14675.0
ORD000001214,3,PROD0000213,SELL000018,3,6088.0,676.0,373.0,18637.0
ORD000001214,4,PROD0000153,SELL000077,2,545.0,364.0,44.0,1134.0
ORD000001215,1,PROD0000437,SELL000086,3,968.0,242.0,42.0,2946.0
ORD000001216,1,PROD0000282,SELL000007,3,742.0,0.0,60.0,2286.0
ORD000001217,1,PROD0000021,SELL000002,2,18648.0,982.0,170.0,37466.0
ORD000001217,2,PROD0000456,SELL000008,1,1119.0,124.0,239.0,1358.0
ORD000001217,3,PROD0000131,SELL000072,2,1555.0,274.0,60.0,3170.0
ORD000001217,4,PROD0000315,SELL000031,2,1387.0,0.0,401.0,3175.0
ORD000001217,5,PROD0000430,SELL000085,1,1278.0,320.0,233.0,1511.0
ORD000001218,1,PROD0000347,SELL000100,1,776.0,86.0,93.0,869.0
ORD000001219,1,PROD0000211,SELL000003,1,1736.0,0.0,102.0,1838.0
ORD000001220,1,PROD0000003,SELL000077,1,892.0,0.0,267.0,1159.0
ORD000001221,1,PROD0000122,SELL000079,2,402.0,71.0,98.0,902.0
ORD000001222,1,PROD0000296,SELL000007,1,395.0,70.0,37.0,432.0
ORD000001223,1,PROD0000494,SELL000012,3,242.0,0.0,108.0,834.0
ORD000001223,2,PROD0000018,SELL000084,1,1102.0,0.0,49.0,1151.0
ORD000001223,3,PROD0000081,SELL000008,2,763.0,0.0,43.0,1569.0
ORD000001224,1,PROD0000186,SELL000020,1,311.0,16.0,61.0,372.0
ORD000001225,1,PROD0000410,SELL000096,1,631.0,70.0,59.0,690.0
ORD000001226,1,PROD0000494,SELL000076,2,242.0,0.0,122.0,606.0
ORD000001226,2,PROD0000092,SELL000096,1,10733.0,2683.0,49.0,10782.0
ORD000001227,1,PROD0000302,SELL000028,2,1162.0,0.0,55.0,2379.0
ORD000001228,1,PROD0000501,SELL000077,1,289.0,72.0,33.0,322.0
ORD000001229,1,PROD0000520,SELL000063,1,8099.0,3471.0,23.0,8122.0
ORD000001229,2,PROD0000409,SELL000093,3,12757.0,0.0,38.0,38309.0
ORD000001229,3,PROD0000405,SELL000023,1,16019.0,6865.0,57.0,16076.0
ORD000001229,4,PROD0000144,SELL000001,1,484.0,85.0,55.0,539.0
ORD000001229,5,PROD0000161,SELL000041,1,709.0,304.0,44.0,753.0
ORD000001229,6,PROD0000512,SELL000053,1,863.0,0.0,46.0,909.0
ORD000001230,1,PROD0000324,SELL000060,1,1574.0,393.0,164.0,1738.0
ORD000001230,2,PROD0000059,SELL000091,2,346.0,18.0,52.0,744.0
ORD000001231,1,PROD0000036,SELL000072,1,41591.0,0.0,163.0,41754.0
ORD000001232,1,PROD0000447,SELL000093,1,188.0,125.0,74.0,262.0
ORD000001233,1,PROD0000067,SELL000076,1,274.0,117.0,38.0,312.0
ORD000001233,2,PROD0000364,SELL000038,1,1671.0,0.0,178.0,1849.0
ORD000001233,3,PROD0000167,SELL000085,2,19368.0,1019.0,151.0,38887.0
ORD000001234,1,PROD0000090,SELL000034,1,3153.0,2102.0,207.0,3360.0
ORD000001235,1,PROD0000059,SELL000085,2,328.0,36.0,48.0,704.0
ORD000001236,1,PROD0000284,SELL000073,2,653.0,34.0,42.0,1348.0
ORD000001237,1,PROD0000418,SELL000023,1,271.0,0.0,45.0,316.0
ORD000001238,1,PROD0000006,SELL000006,1,491.0,26.0,192.0,683.0
ORD000001238,2,PROD0000366,SELL000093,1,746.0,39.0,70.0,816.0
ORD000001238,3,PROD0000298,SELL000081,1,765.0,135.0,70.0,835.0
ORD000001238,4,PROD0000413,SELL000005,2,2974.0,156.0,237.0,6185.0
ORD000001238,5,PROD0000303,SELL000026,2,10779.0,1198.0,52.0,21610.0
ORD000001239,1,PROD0000065,SELL000050,1,599.0,0.0,48.0,647.0
ORD000001239,2,PROD0000212,SELL000054,2,899.0,159.0,165.0,1963.0
ORD000001240,1,PROD0000514,SELL000039,3,2038.0,0.0,399.0,6513.0
ORD000001241,1,PROD0000429,SELL000020,2,29888.0,3321.0,58.0,59834.0
ORD000001242,1,PROD0000183,SELL000070,3,2605.0,651.0,155.0,7970.0
ORD000001242,2,PROD0000484,SELL000077,2,514.0,91.0,69.0,1097.0
ORD000001242,3,PROD0000003,SELL000067,3,892.0,0.0,256.0,2932.0
ORD000001242,4,PROD0000278,SELL000100,2,149.0,37.0,138.0,436.0
ORD000001243,1,PROD0000403,SELL000041,2,783.0,0.0,44.0,1610.0
ORD000001244,1,PROD0000351,SELL000056,2,10333.0,0.0,47.0,20713.0
ORD000001244,2,PROD0000093,SELL000033,1,16624.0,4156.0,52.0,16676.0
ORD000001245,1,PROD0000075,SELL000099,1,638.0,0.0,57.0,695.0
ORD000001245,2,PROD0000387,SELL000043,1,900.0,47.0,60.0,960.0
ORD000001245,3,PROD0000520,SELL000042,1,8099.0,3471.0,43.0,8142.0
ORD000001246,1,PROD0000398,SELL000078,3,1187.0,0.0,235.0,3796.0
ORD000001246,2,PROD0000446,SELL000030,2,30217.0,7554.0,177.0,60611.0
ORD000001246,3,PROD0000474,SELL000038,3,242.0,27.0,43.0,769.0
ORD000001246,4,PROD0000494,SELL000088,1,230.0,12.0,119.0,349.0
ORD000001247,1,PROD0000411,SELL000002,2,372.0,20.0,60.0,804.0
ORD000001248,1,PROD0000405,SELL000003,1,21740.0,1144.0,52.0,21792.0
ORD000001248,2,PROD0000411,SELL000090,1,314.0,78.0,65.0,379.0
ORD000001249,1,PROD0000168,SELL000029,1,1167.0,292.0,28.0,1195.0
ORD000001250,1,PROD0000281,SELL000081,1,2597.0,137.0,471.0,3068.0
ORD000001250,2,PROD0000115,SELL000072,3,9353.0,1650.0,57.0,28116.0
ORD000001250,3,PROD0000276,SELL000020,2,336.0,37.0,202.0,874.0
ORD000001250,4,PROD0000266,SELL000019,3,818.0,144.0,86.0,2540.0
ORD000001250,5,PROD0000035,SELL000103,2,695.0,0.0,60.0,1450.0
ORD000001251,1,PROD0000043,SELL000093,1,2365.0,0.0,401.0,2766.0
ORD000001252,1,PROD0000495,SELL000027,1,13555.0,0.0,56.0,13611.0
ORD000001253,1,PROD0000287,SELL000050,1,718.0,80.0,52.0,770.0
ORD000001254,1,PROD0000017,SELL000090,1,2330.0,0.0,80.0,2410.0
ORD000001254,2,PROD0000192,SELL000025,1,914.0,102.0,50.0,964.0
ORD000001254,3,PROD0000464,SELL000069,1,1994.0,1329.0,164.0,2158.0
ORD000001255,1,PROD0000379,SELL000038,1,982.0,0.0,55.0,1037.0
ORD000001256,1,PROD0000429,SELL000092,2,29888.0,3321.0,56.0,59832.0
ORD000001257,1,PROD0000325,SELL000029,1,331.0,0.0,42.0,373.0
ORD000001257,2,PROD0000364,SELL000045,2,1504.0,167.0,163.0,3171.0
ORD000001257,3,PROD0000128,SELL000073,1,24409.0,0.0,56.0,24465.0
ORD000001258,1,PROD0000438,SELL000070,1,202.0,86.0,96.0,298.0
ORD000001259,1,PROD0000382,SELL000011,2,989.0,0.0,82.0,2060.0
ORD000001260,1,PROD0000124,SELL000009,1,19861.0,13241.0,55.0,19916.0
ORD000001261,1,PROD0000162,SELL000089,3,990.0,0.0,45.0,3015.0
ORD000001261,2,PROD0000399,SELL000079,1,189.0,47.0,50.0,239.0
ORD000001261,3,PROD0000129,SELL000015,1,810.0,0.0,61.0,871.0
ORD000001261,4,PROD0000348,SELL000068,1,9691.0,0.0,45.0,9736.0
ORD000001262,1,PROD0000218,SELL000029,1,676.0,290.0,54.0,730.0
ORD000001262,2,PROD0000149,SELL000042,1,15605.0,0.0,68.0,15673.0
ORD000001263,1,PROD0000082,SELL000065,2,9653.0,1073.0,44.0,19350.0
ORD000001263,2,PROD0000375,SELL000067,1,1766.0,312.0,235.0,2001.0
ORD000001264,1,PROD0000169,SELL000037,1,938.0,49.0,49.0,987.0
ORD000001264,2,PROD0000289,SELL000087,3,1110.0,0.0,54.0,3384.0
ORD000001264,3,PROD0000135,SELL000053,1,717.0,307.0,52.0,769.0
ORD000001264,4,PROD0000076,SELL000085,2,356.0,40.0,135.0,847.0
ORD000001265,1,PROD0000011,SELL000059,1,24580.0,10534.0,44.0,24624.0
ORD000001265,2,PROD0000489,SELL000037,1,503.0,89.0,103.0,606.0
ORD000001265,3,PROD0000156,SELL000027,2,198.0,50.0,62.0,458.0
ORD000001266,1,PROD0000300,SELL000001,1,533.0,59.0,121.0,654.0
ORD000001267,1,PROD0000243,SELL000056,1,691.0,0.0,30.0,721.0
ORD000001268,1,PROD0000192,SELL000058,3,710.0,304.0,42.0,2172.0
ORD000001268,2,PROD0000432,SELL000098,1,1618.0,405.0,69.0,1687.0
ORD000001269,1,PROD0000474,SELL000027,1,229.0,40.0,42.0,271.0
ORD000001269,2,PROD0000094,SELL000000,2,38405.0,16459.0,61.0,76871.0
ORD000001270,1,PROD0000016,SELL000093,1,1530.0,0.0,48.0,1578.0
ORD000001271,1,PROD0000170,SELL000062,1,3171.0,0.0,294.0,3465.0
ORD000001271,2,PROD0000053,SELL000005,2,11483.0,0.0,39.0,23005.0
ORD000001271,3,PROD0000015,SELL000033,3,3186.0,354.0,310.0,9868.0
ORD000001271,4,PROD0000419,SELL000101,1,485.0,26.0,201.0,686.0
ORD000001272,1,PROD0000039,SELL000090,1,2529.0,0.0,53.0,2582.0
ORD000001273,1,PROD0000036,SELL000058,3,37432.0,4159.0,159.0,112455.0
ORD000001274,1,PROD0000185,SELL000010,1,255.0,0.0,191.0,446.0
ORD000001275,1,PROD0000295,SELL000068,1,23261.0,1224.0,70.0,23331.0
ORD000001275,2,PROD0000260,SELL000006,1,26976.0,0.0,92.0,27068.0
ORD000001275,3,PROD0000388,SELL000041,1,445.0,0.0,72.0,517.0
ORD000001275,4,PROD0000389,SELL000042,3,13402.0,705.0,41.0,40247.0
ORD000001276,1,PROD0000008,SELL000081,2,943.0,0.0,47.0,1933.0
ORD000001277,1,PROD0000397,SELL000070,1,3344.0,176.0,146.0,3490.0
ORD000001278,1,PROD0000022,SELL000050,-2,13062.0,687.0,82.0,13144.0
ORD000001279,1,PROD0000476,SELL000000,1,573.0,245.0,183.0,756.0
ORD000001279,2,PROD0000159,SELL000001,3,862.0,0.0,61.0,2647.0
ORD000001279,3,PROD0000472,SELL000085,1,15119.0,0.0,81.0,15200.0
ORD000001279,4,PROD0000520,SELL000068,1,9256.0,2314.0,47.0,9303.0
ORD000001279,5,PROD0000052,SELL000035,3,3697.0,0.0,180.0,11271.0
ORD000001279,6,PROD0000198,SELL000078,1,1510.0,79.0,48.0,1558.0
ORD000001280,1,PROD0000058,SELL000096,3,3889.0,686.0,56.0,11723.0
ORD000001281,1,PROD0000504,SELL000001,1,2255.0,0.0,104.0,2359.0
ORD000001282,1,PROD0000258,SELL000095,2,4726.0,3150.0,33.0,9485.0
ORD000001282,2,PROD0000436,SELL000026,2,1411.0,74.0,59.0,2881.0
ORD000001282,3,PROD0000307,SELL000080,1,802.0,141.0,149.0,951.0
ORD000001282,4,PROD0000441,SELL000061,2,13320.0,5708.0,181.0,26821.0
ORD000001283,1,PROD0000311,SELL000077,1,193.0,83.0,46.0,239.0
ORD000001283,2,PROD0000025,SELL000012,2,13550.0,0.0,48.0,27148.0
ORD000001284,1,PROD0000253,SELL000063,1,319.0,35.0,70.0,389.0
ORD000001285,1,PROD0000341,SELL000101,1,2455.0,129.0,194.0,2649.0
ORD000001286,1,PROD0000511,SELL000083,1,796.0,88.0,138.0,934.0
ORD000001286,2,PROD0000433,SELL000083,2,319.0,80.0,53.0,691.0
ORD000001287,1,PROD0000265,SELL000018,3,3219.0,169.0,412.0,10069.0
ORD000001288,1,PROD0000419,SELL000028,1,485.0,26.0,209.0,694.0
ORD000001289,1,PROD0000487,SELL000085,2,1050.0,117.0,109.0,2209.0
ORD000001290,1,PROD0000456,SELL000042,2,1243.0,0.0,246.0,2732.0
ORD000001290,2,PROD0000514,SELL000059,1,1834.0,204.0,408.0,2242.0
ORD000001290,3,PROD0000187,SELL000017,2,4012.0,0.0,408.0,8432.0
ORD000001290,4,PROD0000231,SELL000082,2,14002.0,1556.0,49.0,28053.0
ORD000001291,1,PROD0000007,SELL000046,3,611.0,0.0,53.0,1886.0
ORD000001291,2,PROD0000069,SELL000051,1,63819.0,15955.0,121.0,63940.0
ORD000001292,1,PROD0000425,SELL000099,1,16940.0,0.0,48.0,16988.0
ORD000001293,1,PROD0000169,SELL000066,2,888.0,99.0,46.0,1822.0
ORD000001294,1,PROD0000228,SELL000046,2,22416.0,2491.0,77.0,44909.0
ORD000001295,1,PROD0000186,SELL000035,1,311.0,16.0,71.0,382.0
ORD000001295,2,PROD0000482,SELL000063,1,880.0,98.0,127.0,1007.0
ORD000001295,3,PROD0000462,SELL000044,1,17920.0,4480.0,82.0,18002.0
ORD000001295,4,PROD0000385,SELL000023,2,4099.0,0.0,465.0,8663.0
ORD000001295,5,PROD0000501,SELL000038,1,307.0,54.0,46.0,353.0
ORD000001295,6,PROD0000284,SELL000030,1,653.0,34.0,53.0,706.0
ORD000001296,1,PROD0000088,SELL000077,1,944.0,167.0,164.0,1108.0
ORD000001296,2,PROD0000330,SELL000052,1,9120.0,3909.0,40.0,9160.0
ORD000001297,1,PROD0000010,SELL000021,3,316.0,56.0,80.0,1028.0
ORD000001298,1,PROD0000218,SELL000015,2,966.0,0.0,41.0,1973.0
ORD000001298,2,PROD0000432,SELL000097,3,1922.0,101.0,60.0,5826.0
ORD000001299,1,PROD0000093,SELL000093,3,18702.0,2078.0,64.0,56170.0
ORD000001300,1,PROD0000291,SELL000087,1,455.0,0.0,36.0,491.0
ORD000001301,1,PROD0000404,SELL000077,1,1148.0,128.0,97.0,1245.0
ORD000001302,1,PROD0000391,SELL000090,2,19519.0,3444.0,48.0,39086.0
ORD000001302,2,PROD0000308,SELL000067,3,16473.0,2907.0,167.0,49586.0
ORD000001302,3,PROD0000172,SELL000095,1,852.0,0.0,53.0,905.0
ORD000001302,4,PROD0000126,SELL000096,2,1061.0,187.0,79.0,2201.0
ORD000001303,1,PROD0000082,SELL000045,1,10190.0,536.0,58.0,10248.0
ORD000001303,2,PROD0000383,SELL000026,3,3393.0,0.0,375.0,10554.0
ORD000001304,1,PROD0000137,SELL000093,1,14533.0,1615.0,41.0,14574.0
ORD000001305,1,PROD0000338,SELL000086,2,315.0,35.0,56.0,686.0
ORD000001306,1,PROD0000025,SELL000046,1,12872.0,678.0,44.0,12916.0
ORD000001306,2,PROD0000152,SELL000095,3,13382.0,3346.0,42.0,40188.0
ORD000001306,3,PROD0000201,SELL000010,1,1524.0,0.0,56.0,1580.0
ORD000001307,1,PROD0000402,SELL000086,1,901.0,47.0,68.0,969.0
ORD000001308,1,PROD0000051,SELL000005,2,12547.0,0.0,55.0,25149.0
ORD000001309,1,PROD0000245,SELL000010,1,5991.0,0.0,379.0,6370.0
ORD000001309,2,PROD0000241,SELL000006,2,482.0,0.0,54.0,1018.0
ORD000001309,3,PROD0000167,SELL000008,1,17329.0,3058.0,172.0,17501.0
ORD000001310,1,PROD0000416,SELL000019,1,9504.0,1056.0,51.0,9555.0
ORD000001310,2,PROD0000510,SELL000038,1,542.0,28.0,55.0,597.0
ORD000001310,3,PROD0000024,SELL000037,1,108.0,6.0,94.0,202.0
ORD000001311,1,PROD0000485,SELL000044,2,1706.0,0.0,53.0,3465.0
ORD000001312,1,PROD0000467,SELL000102,2,9688.0,0.0,47.0,19423.0
ORD000001313,1,PROD0000438,SELL000053,1,259.0,29.0,111.0,370.0
ORD000001313,2,PROD0000064,SELL000025,3,750.0,187.0,125.0,2375.0
ORD000001314,1,PROD0000202,SELL000014,2,19275.0,4819.0,117.0,38667.0
ORD000001315,1,PROD0000341,SELL000095,1,2584.0,0.0,197.0,2781.0
ORD000001316,1,PROD0000106,SELL000028,1,245.0,13.0,220.0,465.0
ORD000001316,2,PROD0000125,SELL000085,1,712.0,79.0,105.0,817.0
ORD000001317,1,PROD0000293,SELL000082,3,54484.0,13621.0,161.0,163613.0
ORD000001318,1,PROD0000440,SELL000090,3,9302.0,0.0,42.0,27948.0
ORD000001319,1,PROD0000084,SELL000015,1,1181.0,0.0,40.0,1221.0
ORD000001319,2,PROD0000005,SELL000082,2,8691.0,3725.0,50.0,17432.0
ORD000001319,3,PROD0000518,SELL000082,1,19019.0,0.0,167.0,19186.0
ORD000001320,1,PROD0000219,SELL000102,2,376.0,250.0,47.0,799.0
ORD000001320,2,PROD0000039,SELL000074,2,2276.0,253.0,60.0,4612.0
ORD000001320,3,PROD0000501,SELL000012,1,343.0,18.0,35.0,378.0
ORD000001320,4,PROD0000142,SELL000048,1,17590.0,0.0,102.0,17692.0
ORD000001321,1,PROD0000058,SELL000050,3,3660.0,915.0,68.0,11048.0
ORD000001321,2,PROD0000348,SELL000049,1,9691.0,0.0,31.0,9722.0
ORD000001322,1,PROD0000396,SELL000035,3,2908.0,153.0,155.0,8879.0
ORD000001323,1,PROD0000065,SELL000084,1,599.0,0.0,55.0,654.0
ORD000001323,2,PROD0000378,SELL000029,1,79.0,0.0,35.0,114.0
ORD000001323,3,PROD0000196,SELL000046,2,1490.0,263.0,231.0,3211.0
ORD000001323,4,PROD0000166,SELL000046,1,320.0,0.0,69.0,389.0
ORD000001323,5,PROD0000347,SELL000067,1,776.0,86.0,85.0,861.0
ORD000001323,6,PROD0000031,SELL000050,2,13167.0,2324.0,47.0,26381.0
ORD000001324,1,PROD0000087,SELL000101,2,519.0,27.0,127.0,1165.0
ORD000001325,1,PROD0000434,SELL000103,1,89.0,16.0,72.0,161.0
ORD000001326,1,PROD0000513,SELL000048,3,1066.0,0.0,34.0,3232.0
ORD000001327,1,PROD0000471,SELL000027,1,1119.0,280.0,175.0,1294.0
ORD000001328,1,PROD0000408,SELL000079,1,1282.0,0.0,193.0,1475.0
ORD000001329,1,PROD0000066,SELL000095,1,6092.0,677.0,413.0,6505.0
ORD000001329,2,PROD0000160,SELL000093,1,14156.0,3539.0,38.0,14194.0
ORD000001330,1,PROD0000441,SELL000017,1,15222.0,3806.0,170.0,15392.0
ORD000001331,1,PROD0000371,SELL000005,1,3453.0,0.0,489.0,3942.0
ORD000001332,1,PROD0000434,SELL000069,3,100.0,5.0,73.0,373.0
ORD000001332,2,PROD0000214,SELL000031,2,1589.0,397.0,99.0,3277.0
ORD000001332,3,PROD0000300,SELL000032,1,474.0,118.0,118.0,592.0
ORD000001333,1,PROD0000383,SELL000003,3,3054.0,339.0,373.0,9535.0
ORD000001334,1,PROD0000408,SELL000100,1,1282.0,0.0,197.0,1479.0
ORD000001335,1,PROD0000378,SELL000000,2,75.0,4.0,55.0,205.0
ORD000001335,2,PROD0000020,SELL000066,2,987.0,658.0,88.0,2062.0
ORD000001335,3,PROD0000105,SELL000097,1,440.0,0.0,177.0,617.0
ORD000001335,4,PROD0000258,SELL000006,2,6301.0,1575.0,33.0,12635.0
ORD000001336,1,PROD0000364,SELL000064,1,1587.0,84.0,165.0,1752.0
ORD000001337,1,PROD0000503,SELL000096,1,8342.0,1472.0,57.0,8399.0
ORD000001338,1,PROD0000156,SELL000043,2,248.0,0.0,49.0,545.0
ORD000001339,1,PROD0000403,SELL000030,1,783.0,0.0,68.0,851.0
ORD000001339,2,PROD0000346,SELL000073,1,745.0,0.0,48.0,793.0
ORD000001340,1,PROD0000139,SELL000097,1,1783.0,764.0,111.0,1894.0
ORD000001341,1,PROD0000090,SELL000058,1,4467.0,788.0,232.0,4699.0
ORD000001341,2,PROD0000324,SELL000001,3,1770.0,197.0,144.0,5454.0
ORD000001341,3,PROD0000170,SELL000071,3,1903.0,1268.0,285.0,5994.0
ORD000001341,4,PROD0000110,SELL000022,1,1374.0,0.0,70.0,1444.0
ORD000001341,5,PROD0000113,SELL000103,3,19434.0,4859.0,41.0,58343.0
ORD000001342,1,PROD0000115,SELL000029,1,11003.0,0.0,35.0,11038.0
ORD000001342,2,PROD0000047,SELL000066,1,307.0,0.0,42.0,349.0
ORD000001343,1,PROD0000098,SELL000072,3,485.0,26.0,52.0,1507.0
ORD000001344,1,PROD0000508,SELL000046,1,8370.0,5580.0,79.0,8449.0
ORD000001344,2,PROD0000098,SELL000083,1,434.0,77.0,65.0,499.0
ORD000001344,3,PROD0000212,SELL000094,1,1058.0,0.0,164.0,1222.0
ORD000001344,4,PROD0000260,SELL000066,3,16186.0,10790.0,67.0,48625.0
ORD000001345,1,PROD0000365,SELL000079,1,1160.0,205.0,43.0,1203.0
ORD000001346,1,PROD0000161,SELL000006,2,861.0,152.0,43.0,1765.0
ORD000001346,2,PROD0000430,SELL000025,3,1438.0,160.0,233.0,4547.0
ORD000001347,1,PROD0000405,SELL000045,1,21740.0,1144.0,54.0,21794.0
ORD000001347,2,PROD0000264,SELL000013,1,2325.0,0.0,54.0,2379.0
ORD000001348,1,PROD0000465,SELL000051,3,10535.0,1171.0,170.0,31775.0
ORD000001348,2,PROD0000181,SELL000007,2,3571.0,0.0,268.0,7410.0
ORD000001349,1,PROD0000254,SELL000037,1,47514.0,5279.0,36.0,47550.0
ORD000001349,2,PROD0000311,SELL000006,2,248.0,28.0,72.0,568.0
ORD000001350,1,PROD0000099,SELL000044,3,1394.0,155.0,90.0,4272.0
ORD000001351,1,PROD0000042,SELL000042,2,657.0,164.0,48.0,1362.0
ORD000001351,2,PROD0000519,SELL000050,1,23619.0,1243.0,53.0,23672.0
ORD000001351,3,PROD0000025,SELL000103,3,12872.0,678.0,35.0,38651.0
ORD000001352,1,PROD0000024,SELL000058,1,114.0,0.0,90.0,204.0
ORD000001352,2,PROD0000052,SELL000015,1,3697.0,0.0,187.0,3884.0
ORD000001353,1,PROD0000286,SELL000066,1,1937.0,0.0,113.0,2050.0
ORD000001353,2,PROD0000139,SELL000102,1,2547.0,0.0,134.0,2681.0
ORD000001354,1,PROD0000114,SELL000022,1,754.0,40.0,40.0,794.0
ORD000001354,2,PROD0000448,SELL000008,2,1323.0,70.0,38.0,2684.0
ORD000001354,3,PROD0000488,SELL000094,1,1090.0,467.0,235.0,1325.0
ORD000001355,1,PROD0000456,SELL000018,1,1243.0,0.0,250.0,1493.0
ORD000001356,1,PROD0000169,SELL000086,1,987.0,0.0,40.0,1027.0
ORD000001356,2,PROD0000044,SELL000044,1,546.0,96.0,60.0,606.0
ORD000001356,3,PROD0000499,SELL000082,1,5507.0,0.0,93.0,5600.0
ORD000001356,4,PROD0000284,SELL000074,2,584.0,103.0,57.0,1225.0
ORD000001356,5,PROD0000506,SELL000084,1,1470.0,260.0,43.0,1513.0
ORD000001357,1,PROD0000087,SELL000079,1,491.0,55.0,127.0,618.0
ORD000001358,1,PROD0000491,SELL000055,1,647.0,0.0,51.0,698.0
ORD000001359,1,PROD0000161,SELL000025,2,1013.0,0.0,23.0,2049.0
ORD000001360,1,PROD0000413,SELL000100,2,1878.0,1252.0,242.0,3998.0
ORD000001361,1,PROD0000057,SELL000019,1,27605.0,6901.0,34.0,27639.0
ORD000001362,1,PROD0000386,SELL000038,2,459.0,81.0,188.0,1106.0
ORD000001363,1,PROD0000246,SELL000029,2,1421.0,0.0,75.0,2917.0
ORD000001363,2,PROD0000496,SELL000044,2,1144.0,60.0,48.0,2336.0
ORD000001364,1,PROD0000076,SELL000026,2,336.0,59.0,131.0,803.0
ORD000001364,2,PROD0000116,SELL000085,2,768.0,0.0,104.0,1640.0
ORD000001364,3,PROD0000331,SELL000045,2,376.0,250.0,81.0,833.0
ORD000001364,4,PROD0000421,SELL000091,1,10188.0,6792.0,33.0,10221.0
ORD000001364,5,PROD0000462,SELL000003,3,22400.0,0.0,60.0,67260.0
ORD000001365,1,PROD0000059,SELL000047,1,364.0,0.0,62.0,426.0
ORD000001365,2,PROD0000003,SELL000061,2,847.0,45.0,275.0,1969.0
ORD000001366,1,PROD0000188,SELL000089,2,719.0,38.0,60.0,1498.0
ORD000001367,1,PROD0000050,SELL000076,1,1025.0,54.0,56.0,1081.0
ORD000001367,2,PROD0000209,SELL000066,1,917.0,162.0,160.0,1077.0
ORD000001367,3,PROD0000248,SELL000088,3,19474.0,1025.0,52.0,58474.0
ORD000001367,4,PROD0000518,SELL000040,2,19019.0,0.0,179.0,38217.0
ORD000001367,5,PROD0000017,SELL000100,1,2330.0,0.0,82.0,2412.0
ORD000001367,6,PROD0000167,SELL000095,1,19368.0,1019.0,172.0,19540.0
ORD000001368,1,PROD0000176,SELL000095,1,397.0,44.0,47.0,444.0
ORD000001368,2,PROD0000289,SELL000052,1,777.0,333.0,65.0,842.0
ORD000001369,1,PROD0000166,SELL000009,2,320.0,0.0,69.0,709.0
ORD000001369,2,PROD0000330,SELL000089,1,10423.0,2606.0,48.0,10471.0
ORD000001369,3,PROD0000442,SELL000043,2,191.0,0.0,62.0,444.0
ORD000001370,1,PROD0000353,SELL000085,2,12696.0,2240.0,60.0,25452.0
ORD000001371,1,PROD0000344,SELL000005,2,530.0,0.0,60.0,1120.0
ORD000001371,2,PROD0000062,SELL000010,3,810.0,43.0,118.0,2548.0
ORD000001372,1,PROD0000462,SELL000036,1,21280.0,1120.0,88.0,21368.0
ORD000001373,1,PROD0000291,SELL000091,2,387.0,68.0,53.0,827.0
ORD000001374,1,PROD0000085,SELL000003,1,59248.0,0.0,116.0,59364.0
ORD000001375,1,PROD0000330,SELL000017,2,13029.0,0.0,47.0,26105.0
ORD000001375,2,PROD0000253,SELL000052,2,319.0,35.0,74.0,712.0
ORD000001376,1,PROD0000470,SELL000085,2,3245.0,573.0,55.0,6545.0
ORD000001377,1,PROD0000337,SELL000016,2,1003.0,0.0,201.0,2207.0
ORD000001378,1,PROD0000498,SELL000079,3,604.0,0.0,46.0,1858.0
ORD000001378,2,PROD0000507,SELL000051,2,1679.0,296.0,207.0,3565.0
ORD000001379,1,PROD0000122,SELL000077,2,449.0,24.0,89.0,987.0
ORD000001380,1,PROD0000152,SELL000075,1,16728.0,0.0,48.0,16776.0
ORD000001381,1,PROD0000109,SELL000096,1,23192.0,0.0,44.0,23236.0
ORD000001381,2,PROD0000120,SELL000006,3,1966.0,218.0,103.0,6001.0
ORD000001381,3,PROD0000356,SELL000063,1,227.0,151.0,45.0,272.0
ORD000001382,1,PROD0000494,SELL000047,1,206.0,36.0,131.0,337.0
ORD000001382,2,PROD0000255,SELL000035,3,11298.0,2825.0,38.0,33932.0
ORD000001382,3,PROD0000421,SELL000077,1,15282.0,1698.0,39.0,15321.0
ORD000001382,4,PROD0000387,SELL000062,2,900.0,47.0,61.0,1861.0
ORD000001383,1,PROD0000135,SELL000046,2,614.0,410.0,46.0,1274.0
ORD000001383,2,PROD0000442,SELL000073,1,191.0,0.0,46.0,237.0
ORD000001383,3,PROD0000249,SELL000060,1,1202.0,300.0,50.0,1252.0
ORD000001384,1,PROD0000005,SELL000038,2,12416.0,0.0,44.0,24876.0
ORD000001384,2,PROD0000372,SELL000035,2,365.0,41.0,167.0,897.0
ORD000001385,1,PROD0000457,SELL000026,1,968.0,646.0,43.0,1011.0
ORD000001386,1,PROD0000127,SELL000031,2,170.0,42.0,43.0,383.0
ORD000001387,1,PROD0000138,SELL000051,2,501.0,125.0,41.0,1043.0
ORD000001388,1,PROD0000381,SELL000018,3,12454.0,3114.0,84.0,37446.0
ORD000001388,2,PROD0000505,SELL000094,2,1432.0,75.0,65.0,2929.0
ORD000001388,3,PROD0000135,SELL000061,1,973.0,51.0,51.0,1024.0
ORD000001388,4,PROD0000224,SELL000066,3,1794.0,199.0,81.0,5463.0
ORD000001389,1,PROD0000353,SELL000060,1,14936.0,0.0,61.0,14997.0
ORD000001390,1,PROD0000444,SELL000094,2,1682.0,89.0,50.0,3414.0
ORD000001391,1,PROD0000017,SELL000086,3,2330.0,0.0,86.0,7076.0
ORD000001391,2,PROD0000104,SELL000049,1,768.0,329.0,47.0,815.0
ORD000001392,1,PROD0000465,SELL000036,1,9950.0,1756.0,167.0,10117.0
ORD000001393,1,PROD0000273,SELL000099,3,14618.0,0.0,154.0,44008.0
ORD000001394,1,PROD0000395,SELL000062,1,159.0,28.0,169.0,328.0
ORD000001394,2,PROD0000032,SELL000083,1,2224.0,392.0,75.0,2299.0
ORD000001394,3,PROD0000047,SELL000014,2,246.0,61.0,48.0,540.0
ORD000001395,1,PROD0000382,SELL000037,2,989.0,0.0,53.0,2031.0
ORD000001396,1,PROD0000195,SELL000027,1,890.0,99.0,44.0,934.0
ORD000001396,2,PROD0000490,SELL000047,1,1639.0,0.0,114.0,1753.0
ORD000001396,3,PROD0000224,SELL000052,2,1594.0,399.0,93.0,3281.0
ORD000001396,4,PROD0000439,SELL000104,1,12874.0,5517.0,42.0,12916.0
ORD000001397,1,PROD0000283,SELL000011,2,1088.0,0.0,210.0,2386.0
ORD000001398,1,PROD0000354,SELL000100,2,9509.0,0.0,41.0,19059.0
ORD000001399,1,PROD0000340,SELL000085,3,407.0,0.0,67.0,1288.0
ORD000001400,1,PROD0000061,SELL000043,2,3035.0,160.0,135.0,6205.0
ORD000001401,1,PROD0000413,SELL000029,1,3130.0,0.0,243.0,3373.0
ORD000001402,1,PROD0000512,SELL000087,3,690.0,173.0,51.0,2121.0
ORD000001403,1,PROD0000201,SELL000014,2,1448.0,76.0,65.0,2961.0
ORD000001404,1,PROD0000179,SELL000095,2,674.0,75.0,60.0,1408.0
ORD000001405,1,PROD0000311,SELL000099,2,235.0,41.0,68.0,538.0
ORD000001406,1,PROD0000329,SELL000026,1,8130.0,1435.0,50.0,8180.0
ORD000001407,1,PROD0000199,SELL000058,2,668.0,0.0,60.0,1396.0
ORD000001408,1,PROD0000142,SELL000054,3,14072.0,3518.0,103.0,42319.0
ORD000001409,1,PROD0000506,SELL000080,2,1557.0,173.0,48.0,3162.0
ORD000001410,1,PROD0000431,SELL000079,3,488.0,0.0,46.0,1510.0
ORD000001410,2,PROD0000297,SELL000104,1,450.0,0.0,66.0,516.0
ORD000001410,3,PROD0000197,SELL000008,3,348.0,61.0,194.0,1238.0
ORD000001410,4,PROD0000183,SELL000085,1,3256.0,0.0,168.0,3424.0
ORD000001410,5,PROD0000203,SELL000084,3,14908.0,0.0,48.0,44772.0
ORD000001411,1,PROD0000308,SELL000077,2,18411.0,969.0,170.0,36992.0
ORD000001412,1,PROD0000002,SELL000022,2,5783.0,2479.0,52.0,11618.0
ORD000001412,2,PROD0000342,SELL000078,2,1143.0,202.0,150.0,2436.0
ORD000001413,1,PROD0000299,SELL000050,2,22440.0,5610.0,160.0,45040.0
ORD000001414,1,PROD0000075,SELL000029,1,638.0,0.0,45.0,683.0
ORD000001415,1,PROD0000130,SELL000039,2,3602.0,901.0,99.0,7303.0
ORD000001416,1,PROD0000144,SELL000043,2,541.0,28.0,52.0,1134.0
ORD000001417,1,PROD0000480,SELL000077,1,572.0,382.0,159.0,731.0
ORD000001417,2,PROD0000487,SELL000021,1,1050.0,117.0,87.0,1137.0
ORD000001417,3,PROD0000408,SELL000024,2,1154.0,128.0,190.0,2498.0
ORD000001418,1,PROD0000355,SELL000038,1,148.0,64.0,107.0,255.0
ORD000001418,2,PROD0000496,SELL000048,1,843.0,361.0,56.0,899.0
ORD000001418,3,PROD0000382,SELL000099,1,989.0,0.0,64.0,1053.0
ORD000001418,4,PROD0000203,SELL000027,1,14908.0,0.0,42.0,14950.0
ORD000001419,1,PROD0000186,SELL000095,3,294.0,33.0,59.0,941.0
ORD000001420,1,PROD0000344,SELL000005,1,530.0,0.0,60.0,590.0
ORD000001421,1,PROD0000212,SELL000053,1,1058.0,0.0,174.0,1232.0
ORD000001421,2,PROD0000235,SELL000088,1,936.0,0.0,75.0,1011.0
ORD000001422,1,PROD0000506,SELL000032,3,1557.0,173.0,47.0,4718.0
ORD000001422,2,PROD0000473,SELL000023,2,902.0,100.0,51.0,1855.0
ORD000001423,1,PROD0000315,SELL000063,1,1387.0,0.0,409.0,1796.0
ORD000001424,1,PROD0000168,SELL000024,1,1313.0,146.0,40.0,1353.0
ORD000001425,1,PROD0000230,SELL000001,1,479.0,25.0,39.0,518.0
ORD000001426,1,PROD0000171,SELL000004,2,137.0,92.0,128.0,402.0
ORD000001427,1,PROD0000218,SELL000050,2,966.0,0.0,46.0,1978.0
ORD000001428,1,PROD0000190,SELL000052,2,1025.0,256.0,188.0,2238.0
ORD000001429,1,PROD0000231,SELL000002,1,9335.0,6223.0,53.0,9388.0
ORD000001430,1,PROD0000259,SELL000028,2,387.0,43.0,46.0,820.0
ORD000001431,1,PROD0000334,SELL000079,2,406.0,72.0,77.0,889.0
ORD000001432,1,PROD0000462,SELL000059,1,22400.0,0.0,78.0,22478.0
ORD000001433,1,PROD0000275,SELL000064,2,316.0,17.0,37.0,669.0
ORD000001434,1,PROD0000108,SELL000075,2,1380.0,0.0,192.0,2952.0
ORD000001435,1,PROD0000096,SELL000094,1,839.0,93.0,184.0,1023.0
ORD000001436,1,PROD0000339,SELL000004,1,685.0,293.0,123.0,808.0
ORD000001437,1,PROD0000519,SELL000050,-1,24862.0,0.0,49.0,49773.0
ORD000001438,1,PROD0000159,SELL000021,3,819.0,43.0,58.0,2515.0
ORD000001439,1,PROD0000045,SELL000070,1,10455.0,1845.0,43.0,10498.0
ORD000001440,1,PROD0000043,SELL000041,1,2247.0,118.0,388.0,2635.0
ORD000001441,1,PROD0000142,SELL000016,1,15831.0,1759.0,116.0,15947.0
ORD000001442,1,PROD0000496,SELL000092,3,1144.0,60.0,48.0,3480.0
ORD000001443,1,PROD0000406,SELL000054,2,474.0,53.0,44.0,992.0
ORD000001444,1,PROD0000409,SELL000011,1,12757.0,0.0,46.0,12803.0
ORD000001445,1,PROD0000173,SELL000023,2,6497.0,722.0,40.0,13034.0
ORD000001445,2,PROD0000496,SELL000078,1,1084.0,120.0,53.0,1137.0
ORD000001445,3,PROD0000212,SELL000049,1,1058.0,0.0,172.0,1230.0
ORD000001445,4,PROD0000208,SELL000100,3,14126.0,1570.0,45.0,42423.0
ORD000001445,5,PROD0000488,SELL000005,2,1479.0,78.0,230.0,3188.0
ORD000001445,6,PROD0000394,SELL000008,2,7384.0,820.0,37.0,14805.0
ORD000001446,1,PROD0000150,SELL000072,1,649.0,72.0,93.0,742.0
ORD000001447,1,PROD0000339,SELL000034,1,929.0,49.0,116.0,1045.0
ORD000001447,2,PROD0000182,SELL000091,1,310.0,77.0,54.0,364.0
ORD000001448,1,PROD0000322,SELL000080,2,5519.0,290.0,33.0,11071.0
ORD000001449,1,PROD0000071,SELL000002,1,26736.0,1407.0,51.0,26787.0
ORD000001449,2,PROD0000020,SELL000098,1,1563.0,82.0,85.0,1648.0
ORD000001449,3,PROD0000502,SELL000100,1,443.0,23.0,38.0,481.0
ORD000001449,4,PROD0000037,SELL000025,1,589.0,147.0,51.0,640.0
ORD000001450,1,PROD0000209,SELL000064,1,917.0,162.0,150.0,1067.0
ORD000001451,1,PROD0000101,SELL000067,1,1021.0,0.0,48.0,1069.0
ORD000001452,1,PROD0000007,SELL000003,1,580.0,31.0,48.0,628.0
ORD000001452,2,PROD0000390,SELL000076,1,1373.0,0.0,43.0,1416.0
ORD000001453,1,PROD0000147,SELL000101,1,459.0,81.0,59.0,518.0
ORD000001454,1,PROD0000415,SELL000042,1,509.0,340.0,74.0,583.0
ORD000001454,2,PROD0000286,SELL000103,3,1743.0,194.0,142.0,5371.0
ORD000001454,3,PROD0000337,SELL000070,1,953.0,50.0,191.0,1144.0
ORD000001454,4,PROD0000348,SELL000077,2,9691.0,0.0,34.0,19416.0
ORD000001455,1,PROD0000100,SELL000057,3,15352.0,0.0,142.0,46198.0
ORD000001456,1,PROD0000237,SELL000072,3,1454.0,162.0,56.0,4418.0
ORD000001456,2,PROD0000405,SELL000098,1,16019.0,6865.0,44.0,16063.0
ORD000001456,3,PROD0000122,SELL000061,2,426.0,47.0,95.0,947.0
ORD000001457,1,PROD0000059,SELL000056,1,218.0,146.0,39.0,257.0
ORD000001457,2,PROD0000215,SELL000017,1,801.0,42.0,52.0,853.0
ORD000001457,3,PROD0000465,SELL000054,1,11706.0,0.0,170.0,11876.0
ORD000001457,4,PROD0000167,SELL000090,1,18348.0,2039.0,175.0,18523.0
ORD000001457,5,PROD0000200,SELL000070,3,1440.0,0.0,126.0,4446.0
ORD000001458,1,PROD0000065,SELL000075,1,599.0,0.0,40.0,639.0
ORD000001459,1,PROD0000378,SELL000015,1,79.0,0.0,53.0,132.0
ORD000001459,2,PROD0000175,SELL000088,1,1073.0,119.0,148.0,1221.0
ORD000001459,3,PROD0000088,SELL000055,1,1111.0,0.0,144.0,1255.0
ORD000001460,1,PROD0000053,SELL000047,1,6890.0,4593.0,48.0,6938.0
ORD000001461,1,PROD0000163,SELL000005,3,214.0,54.0,61.0,703.0
ORD000001462,1,PROD0000106,SELL000093,3,219.0,39.0,194.0,851.0
ORD000001463,1,PROD0000258,SELL000065,1,7482.0,394.0,42.0,7524.0
ORD000001464,1,PROD0000222,SELL000032,3,247.0,0.0,46.0,787.0
ORD000001465,1,PROD0000258,SELL000056,1,6695.0,1181.0,55.0,6750.0
ORD000001466,1,PROD0000191,SELL000095,1,2599.0,0.0,40.0,2639.0
ORD000001467,1,PROD0000050,SELL000088,2,1025.0,54.0,69.0,2119.0
ORD000001468,1,PROD0000404,SELL000031,3,1276.0,0.0,114.0,3942.0
ORD000001469,1,PROD0000285,SELL000083,1,592.0,66.0,93.0,685.0
ORD000001470,1,PROD0000096,SELL000000,2,839.0,93.0,189.0,1867.0
ORD000001470,2,PROD0000039,SELL000045,1,2276.0,253.0,48.0,2324.0
ORD000001471,1,PROD0000489,SELL000057,1,503.0,89.0,97.0,600.0
ORD000001472,1,PROD0000481,SELL000069,2,14486.0,0.0,46.0,29018.0
ORD000001473,1,PROD0000098,SELL000000,2,511.0,0.0,70.0,1092.0
ORD000001473,2,PROD0000219,SELL000031,3,595.0,31.0,61.0,1846.0
ORD000001473,3,PROD0000303,SELL000026,1,10180.0,1797.0,32.0,10212.0
ORD000001473,4,PROD0000228,SELL000040,3,24907.0,0.0,52.0,74773.0
ORD000001473,5,PROD0000435,SELL000072,2,123.0,53.0,186.0,432.0
ORD000001473,6,PROD0000300,SELL000008,2,592.0,0.0,99.0,1283.0
ORD000001474,1,PROD0000138,SELL000078,2,626.0,0.0,62.0,1314.0
ORD000001474,2,PROD0000407,SELL000010,1,533.0,59.0,31.0,564.0
ORD000001474,3,PROD0000455,SELL000053,2,11496.0,0.0,45.0,23037.0
ORD000001474,4,PROD0000036,SELL000085,2,39511.0,2080.0,154.0,79176.0
ORD000001474,5,PROD0000443,SELL000092,1,21821.0,0.0,30.0,21851.0
ORD000001474,6,PROD0000366,SELL000102,3,746.0,39.0,74.0,2312.0
ORD000001475,1,PROD0000478,SELL000045,3,41965.0,0.0,37.0,125932.0
ORD000001476,1,PROD0000474,SELL000051,2,269.0,0.0,62.0,600.0
ORD000001477,1,PROD0000025,SELL000094,2,12872.0,678.0,53.0,25797.0
ORD000001478,1,PROD0000228,SELL000013,1,19926.0,4981.0,65.0,19991.0
ORD000001479,1,PROD0000037,SELL000095,2,626.0,110.0,41.0,1293.0
ORD000001480,1,PROD0000006,SELL000009,3,491.0,26.0,190.0,1663.0
ORD000001480,2,PROD0000477,SELL000009,1,169.0,113.0,121.0,290.0
ORD000001480,3,PROD0000128,SELL000004,3,24409.0,0.0,47.0,73274.0
ORD000001480,4,PROD0000031,SELL000024,1,12393.0,3098.0,46.0,12439.0
ORD000001480,5,PROD0000490,SELL000092,1,983.0,656.0,108.0,1091.0
ORD000001480,6,PROD0000212,SELL000021,3,952.0,106.0,175.0,3031.0
ORD000001481,1,PROD0000061,SELL000046,2,3195.0,0.0,127.0,6517.0
ORD000001482,1,PROD0000132,SELL000084,2,18357.0,7867.0,45.0,36759.0
ORD000001483,1,PROD0000007,SELL000092,3,580.0,31.0,60.0,1800.0
ORD000001484,1,PROD0000352,SELL000046,1,653.0,0.0,159.0,812.0
ORD000001484,2,PROD0000487,SELL000038,1,817.0,350.0,105.0,922.0
ORD000001484,3,PROD0000203,SELL000048,1,14163.0,745.0,31.0,14194.0
ORD000001485,1,PROD0000449,SELL000061,3,10859.0,572.0,77.0,32654.0
ORD000001485,2,PROD0000178,SELL000033,2,454.0,50.0,55.0,963.0
ORD000001486,1,PROD0000239,SELL000070,1,126.0,54.0,186.0,312.0
ORD000001487,1,PROD0000111,SELL000084,2,653.0,73.0,229.0,1535.0
ORD000001487,2,PROD0000002,SELL000005,1,5783.0,2479.0,61.0,5844.0
ORD000001488,1,PROD0000085,SELL000086,2,59248.0,0.0,117.0,118613.0
ORD000001488,2,PROD0000304,SELL000071,3,6376.0,708.0,46.0,19174.0
ORD000001488,3,PROD0000051,SELL000006,1,11292.0,1255.0,45.0,11337.0
ORD000001489,1,PROD0000425,SELL000083,3,16940.0,0.0,41.0,50861.0
ORD000001489,2,PROD0000477,SELL000052,2,282.0,0.0,98.0,662.0
ORD000001490,1,PROD0000149,SELL000002,1,15605.0,0.0,66.0,15671.0
ORD000001491,1,PROD0000140,SELL000008,1,1555.0,0.0,139.0,1694.0
ORD000001492,1,PROD0000089,SELL000006,3,2433.0,429.0,44.0,7343.0
ORD000001492,2,PROD0000213,SELL000042,3,6765.0,0.0,364.0,20659.0
ORD000001492,3,PROD0000471,SELL000054,2,1189.0,210.0,175.0,2553.0
ORD000001493,1,PROD0000203,SELL000025,2,10436.0,4472.0,53.0,20925.0
ORD000001494,1,PROD0000400,SELL000101,3,40576.0,7161.0,142.0,121870.0
ORD000001495,1,PROD0000167,SELL000003,1,16310.0,4077.0,170.0,16480.0
ORD000001495,2,PROD0000233,SELL000102,1,2052.0,228.0,71.0,2123.0
ORD000001496,1,PROD0000257,SELL000015,1,843.0,361.0,106.0,949.0
ORD000001496,2,PROD0000471,SELL000011,3,1189.0,210.0,177.0,3744.0
ORD000001497,1,PROD0000259,SELL000051,2,430.0,0.0,42.0,902.0
ORD000001498,1,PROD0000316,SELL000079,2,270.0,48.0,141.0,681.0
ORD000001499,1,PROD0000445,SELL000069,1,954.0,168.0,60.0,1014.0
ORD000001500,1,PROD0000491,SELL000083,2,550.0,97.0,52.0,1152.0
ORD000001501,1,PROD0000466,SELL000047,3,9196.0,0.0,86.0,27674.0
ORD000001502,1,PROD0000053,SELL000092,1,10335.0,1148.0,57.0,10392.0
ORD000001503,1,PROD0000058,SELL000080,3,3202.0,1372.0,52.0,9658.0
ORD000001504,1,PROD0000227,SELL000004,1,644.0,429.0,93.0,737.0
ORD000001505,1,PROD0000183,SELL000052,2,3093.0,163.0,162.0,6348.0
ORD000001505,2,PROD0000353,SELL000102,1,14189.0,747.0,65.0,14254.0
ORD000001505,3,PROD0000225,SELL000076,2,1693.0,0.0,242.0,3628.0
ORD000001505,4,PROD0000212,SELL000086,0,899.0,159.0,159.0,1058.0
ORD000001505,5,PROD0000047,SELL000075,1,307.0,0.0,47.0,354.0
ORD000001505,6,PROD0000182,SELL000063,3,232.0,155.0,61.0,757.0
ORD000001506,1,PROD0000297,SELL000035,2,405.0,45.0,73.0,883.0
ORD000001507,1,PROD0000362,SELL000007,2,996.0,0.0,57.0,2049.0
ORD000001508,1,PROD0000087,SELL000031,1,546.0,0.0,130.0,676.0
ORD000001509,1,PROD0000315,SELL000025,2,1248.0,139.0,394.0,2890.0
ORD000001510,1,PROD0000298,SELL000076,2,810.0,90.0,71.0,1691.0
ORD000001511,1,PROD0000147,SELL000036,1,459.0,81.0,44.0,503.0
ORD000001511,2,PROD0000463,SELL000037,1,14139.0,1571.0,85.0,14224.0
ORD000001511,3,PROD0000231,SELL000090,2,14002.0,1556.0,41.0,28045.0
ORD000001512,1,PROD0000137,SELL000020,2,16148.0,0.0,43.0,32339.0
ORD000001512,2,PROD0000368,SELL000079,1,678.0,0.0,66.0,744.0
ORD000001513,1,PROD0000098,SELL000036,1,511.0,0.0,53.0,564.0
ORD000001514,1,PROD0000326,SELL000098,2,730.0,38.0,43.0,1503.0
ORD000001515,1,PROD0000355,SELL000100,2,170.0,42.0,95.0,435.0
ORD000001516,1,PROD0000236,SELL000044,1,54623.0,0.0,62.0,54685.0
ORD000001517,1,PROD0000106,SELL000082,2,232.0,26.0,198.0,662.0
ORD000001518,1,PROD0000135,SELL000096,1,1024.0,0.0,38.0,1062.0
ORD000001519,1,PROD0000115,SELL000063,1,11003.0,0.0,47.0,11050.0
ORD000001520,1,PROD0000059,SELL000094,1,364.0,0.0,55.0,419.0
ORD000001521,1,PROD0000519,SELL000071,1,23619.0,1243.0,63.0,23682.0
ORD000001521,2,PROD0000437,SELL000001,1,1210.0,0.0,60.0,1270.0
ORD000001521,3,PROD0000271,SELL000063,2,204.0,88.0,35.0,443.0
ORD000001522,1,PROD0000427,SELL000025,2,13291.0,0.0,50.0,26632.0
ORD000001523,1,PROD0000342,SELL000062,1,1278.0,67.0,160.0,1438.0
ORD000001523,2,PROD0000319,SELL000083,2,831.0,554.0,292.0,1954.0
ORD000001523,3,PROD0000373,SELL000020,1,676.0,0.0,44.0,720.0
ORD000001523,4,PROD0000297,SELL000069,1,405.0,45.0,66.0,471.0
ORD000001524,1,PROD0000291,SELL000056,2,387.0,68.0,42.0,816.0
ORD000001525,1,PROD0000071,SELL000023,2,28143.0,0.0,49.0,56335.0
ORD000001525,2,PROD0000318,SELL000079,1,56021.0,0.0,37.0,56058.0
ORD000001526,1,PROD0000232,SELL000082,3,17389.0,4347.0,137.0,52304.0
ORD000001527,1,PROD0000128,SELL000000,1,24409.0,0.0,51.0,24460.0
ORD000001527,2,PROD0000252,SELL000033,2,160.0,0.0,99.0,419.0
ORD000001527,3,PROD0000434,SELL000007,1,100.0,5.0,59.0,159.0
ORD000001528,1,PROD0000240,SELL000063,2,9553.0,0.0,47.0,19153.0
ORD000001528,2,PROD0000248,SELL000092,2,16399.0,4100.0,22.0,32820.0
ORD000001529,1,PROD0000126,SELL000098,1,998.0,250.0,60.0,1058.0
ORD000001530,1,PROD0000419,SELL000041,1,358.0,153.0,192.0,550.0
ORD000001531,1,PROD0000064,SELL000025,2,937.0,0.0,134.0,2008.0
ORD000001531,2,PROD0000436,SELL000032,1,891.0,594.0,62.0,953.0
ORD000001531,3,PROD0000485,SELL000005,1,1450.0,256.0,49.0,1499.0
ORD000001531,4,PROD0000092,SELL000036,2,12074.0,1342.0,44.0,24192.0
ORD000001532,1,PROD0000289,SELL000069,1,944.0,166.0,63.0,1007.0
ORD000001533,1,PROD0000305,SELL000001,2,20389.0,3598.0,52.0,40830.0
ORD000001533,2,PROD0000449,SELL000076,1,10859.0,572.0,91.0,10950.0
ORD000001533,3,PROD0000169,SELL000088,1,888.0,99.0,40.0,928.0
ORD000001534,1,PROD0000350,SELL000032,1,860.0,96.0,58.0,918.0
ORD000001534,2,PROD0000051,SELL000080,1,12547.0,0.0,52.0,12599.0
ORD000001534,3,PROD0000427,SELL000049,1,13291.0,0.0,40.0,13331.0
ORD000001535,1,PROD0000394,SELL000103,1,7795.0,410.0,34.0,7829.0
ORD000001536,1,PROD0000112,SELL000052,1,14460.0,1607.0,60.0,14520.0
ORD000001536,2,PROD0000065,SELL000062,1,509.0,90.0,35.0,544.0
ORD000001536,3,PROD0000055,SELL000085,2,15260.0,2693.0,57.0,30577.0
ORD000001537,1,PROD0000432,SELL000028,2,1821.0,202.0,68.0,3710.0
ORD000001538,1,PROD0000319,SELL000072,1,1385.0,0.0,280.0,1665.0
ORD000001539,1,PROD0000193,SELL000089,2,704.0,78.0,75.0,1483.0
ORD000001539,2,PROD0000286,SELL000028,1,1937.0,0.0,123.0,2060.0
ORD000001540,1,PROD0000290,SELL000084,1,318.0,79.0,67.0,385.0
ORD000001540,2,PROD0000050,SELL000028,1,1025.0,54.0,67.0,1092.0
ORD000001540,3,PROD0000229,SELL000064,1,387.0,166.0,152.0,539.0
ORD000001541,1,PROD0000318,SELL000034,1,56021.0,0.0,41.0,56062.0
ORD000001542,1,PROD0000316,SELL000066,2,270.0,48.0,113.0,653.0
ORD000001543,1,PROD0000094,SELL000015,1,52121.0,2743.0,76.0,52197.0
ORD000001544,1,PROD0000483,SELL000085,1,31775.0,0.0,149.0,31924.0
ORD000001544,2,PROD0000056,SELL000014,2,598.0,66.0,62.0,1258.0
ORD000001545,1,PROD0000449,SELL000035,1,11431.0,0.0,60.0,11491.0
ORD000001545,2,PROD0000513,SELL000085,1,1066.0,0.0,40.0,1106.0
ORD000001546,1,PROD0000391,SELL000010,1,21815.0,1148.0,49.0,21864.0
ORD000001547,1,PROD0000289,SELL000087,1,1054.0,56.0,58.0,1112.0
ORD000001548,1,PROD0000100,SELL000042,2,14584.0,768.0,128.0,29296.0
ORD000001549,1,PROD0000171,SELL000027,2,218.0,11.0,127.0,563.0
ORD000001550,1,PROD0000285,SELL000087,2,658.0,0.0,92.0,1408.0
ORD000001550,2,PROD0000051,SELL000089,1,11920.0,627.0,47.0,11967.0
ORD000001550,3,PROD0000368,SELL000090,3,644.0,34.0,76.0,2008.0
ORD000001551,1,PROD0000477,SELL000059,3,254.0,28.0,114.0,876.0
ORD000001552,1,PROD0000386,SELL000020,1,513.0,27.0,175.0,688.0
ORD000001553,1,PROD0000491,SELL000074,1,647.0,0.0,49.0,696.0
ORD000001553,2,PROD0000247,SELL000073,1,36074.0,4008.0,161.0,36235.0
ORD000001553,3,PROD0000133,SELL000092,1,42135.0,0.0,156.0,42291.0
ORD000001554,1,PROD0000008,SELL000077,1,943.0,0.0,52.0,995.0
ORD000001555,1,PROD0000226,SELL000032,1,17934.0,1993.0,100.0,18034.0
ORD000001555,2,PROD0000060,SELL000046,1,14620.0,1624.0,42.0,14662.0
ORD000001556,1,PROD0000336,SELL000069,3,40322.0,0.0,47.0,121013.0
ORD000001557,1,PROD0000417,SELL000081,2,17242.0,0.0,128.0,34612.0
ORD000001558,1,PROD0000057,SELL000032,1,32781.0,1725.0,42.0,32823.0
ORD000001558,2,PROD0000269,SELL000027,1,14359.0,756.0,75.0,14434.0
ORD000001559,1,PROD0000279,SELL000094,-1,745.0,132.0,173.0,1663.0
ORD000001559,2,PROD0000162,SELL000104,1,842.0,148.0,66.0,908.0
ORD000001559,3,PROD0000113,SELL000031,1,24293.0,0.0,50.0,24343.0
ORD000001560,1,PROD0000371,SELL000006,2,2935.0,518.0,473.0,6343.0
ORD000001560,2,PROD0000117,SELL000065,3,997.0,428.0,73.0,3064.0
ORD000001561,1,PROD0000016,SELL000001,2,1071.0,459.0,50.0,2192.0
ORD000001562,1,PROD0000314,SELL000020,2,17443.0,0.0,33.0,34919.0
ORD000001563,1,PROD0000035,SELL000055,0,486.0,208.0,58.0,544.0
ORD000001563,2,PROD0000161,SELL000038,1,1013.0,0.0,39.0,1052.0
ORD000001563,3,PROD0000045,SELL000005,2,12300.0,0.0,54.0,24654.0
ORD000001564,1,PROD0000286,SELL000036,2,1840.0,97.0,125.0,3805.0
ORD000001565,1,PROD0000113,SELL000070,1,24293.0,0.0,58.0,24351.0
ORD000001566,1,PROD0000136,SELL000078,2,21772.0,0.0,50.0,43594.0
ORD000001567,1,PROD0000208,SELL000078,-2,15696.0,0.0,34.0,15730.0
ORD000001568,1,PROD0000254,SELL000030,1,44874.0,7919.0,55.0,44929.0
ORD000001569,1,PROD0000374,SELL000069,1,317.0,35.0,61.0,378.0
ORD000001569,2,PROD0000485,SELL000034,1,1535.0,171.0,48.0,1583.0
ORD000001569,3,PROD0000314,SELL000068,3,15699.0,1744.0,47.0,47144.0
ORD000001569,4,PROD0000252,SELL000000,1,160.0,0.0,106.0,266.0
ORD000001570,1,PROD0000304,SELL000042,3,6376.0,708.0,36.0,19164.0
ORD000001571,1,PROD0000261,SELL000033,1,7420.0,1309.0,50.0,7470.0
ORD000001572,1,PROD0000002,SELL000070,2,8262.0,0.0,41.0,16565.0
ORD000001572,2,PROD0000256,SELL000028,2,196.0,131.0,60.0,452.0
ORD000001572,3,PROD0000387,SELL000031,1,852.0,95.0,61.0,913.0
ORD000001573,1,PROD0000446,SELL000057,3,33994.0,3777.0,174.0,102156.0
ORD000001573,2,PROD0000047,SELL000068,1,276.0,31.0,50.0,326.0
ORD000001573,3,PROD0000355,SELL000042,2,180.0,32.0,97.0,457.0
ORD000001573,4,PROD0000057,SELL000093,1,29330.0,5176.0,47.0,29377.0
ORD000001573,5,PROD0000015,SELL000102,1,2832.0,708.0,305.0,3137.0
ORD000001573,6,PROD0000023,SELL000063,1,1587.0,0.0,95.0,1682.0
ORD000001574,1,PROD0000061,SELL000057,2,3195.0,0.0,120.0,6510.0
ORD000001574,2,PROD0000043,SELL000054,1,2365.0,0.0,388.0,2753.0
ORD000001574,3,PROD0000301,SELL000007,1,1043.0,695.0,73.0,1116.0
ORD000001575,1,PROD0000479,SELL000043,3,1054.0,55.0,55.0,3217.0
ORD000001575,2,PROD0000396,SELL000084,2,3061.0,0.0,148.0,6270.0
ORD000001576,1,PROD0000380,SELL000072,2,13117.0,0.0,45.0,26279.0
ORD000001576,2,PROD0000060,SELL000005,2,15432.0,812.0,39.0,30903.0
ORD000001576,3,PROD0000488,SELL000014,1,1090.0,467.0,230.0,1320.0
ORD000001576,4,PROD0000261,SELL000087,2,7420.0,1309.0,64.0,14904.0
ORD000001576,5,PROD0000016,SELL000077,3,1530.0,0.0,39.0,4629.0
ORD000001577,1,PROD0000334,SELL000042,3,382.0,96.0,52.0,1198.0
ORD000001578,1,PROD0000367,SELL000098,1,6824.0,2924.0,53.0,6877.0
ORD000001578,2,PROD0000208,SELL000006,1,13342.0,2354.0,41.0,13383.0
ORD000001578,3,PROD0000372,SELL000079,3,365.0,41.0,167.0,1262.0
ORD000001579,1,PROD0000361,SELL000102,2,393.0,69.0,65.0,851.0
ORD000001580,1,PROD0000302,SELL000045,1,988.0,174.0,38.0,1026.0
ORD000001581,1,PROD0000178,SELL000052,3,404.0,101.0,69.0,1281.0
ORD000001582,1,PROD0000520,SELL000022,3,9834.0,1736.0,39.0,29541.0
ORD000001583,1,PROD0000324,SELL000089,1,1770.0,197.0,169.0,1939.0
ORD000001583,2,PROD0000240,SELL000076,1,9553.0,0.0,34.0,9587.0
ORD000001584,1,PROD0000398,SELL000044,2,1128.0,59.0,247.0,2503.0
ORD000001584,2,PROD0000126,SELL000024,1,1248.0,0.0,81.0,1329.0
ORD000001584,3,PROD0000497,SELL000048,1,1053.0,186.0,141.0,1194.0
ORD000001584,4,PROD0000383,SELL000047,2,2036.0,1357.0,371.0,4443.0
ORD000001585,1,PROD0000332,SELL000038,2,52020.0,0.0,40.0,104080.0
ORD000001586,1,PROD0000138,SELL000088,1,595.0,31.0,64.0,659.0
ORD000001586,2,PROD0000183,SELL000038,1,2768.0,488.0,167.0,2935.0
ORD000001586,3,PROD0000494,SELL000011,1,242.0,0.0,128.0,370.0
ORD000001587,1,PROD0000375,SELL000083,1,1974.0,104.0,253.0,2227.0
ORD000001587,2,PROD0000057,SELL000076,1,27605.0,6901.0,50.0,27655.0
ORD000001588,1,PROD0000419,SELL000003,2,511.0,0.0,210.0,1232.0
ORD000001589,1,PROD0000061,SELL000073,1,2716.0,479.0,119.0,2835.0
ORD000001589,2,PROD0000216,SELL000051,1,289.0,32.0,72.0,361.0
ORD000001590,1,PROD0000217,SELL000070,1,1106.0,195.0,59.0,1165.0
ORD000001591,1,PROD0000188,SELL000027,1,757.0,0.0,66.0,823.0
ORD000001592,1,PROD0000258,SELL000018,2,7876.0,0.0,34.0,15786.0
ORD000001593,1,PROD0000079,SELL000058,2,480.0,0.0,48.0,1008.0
ORD000001593,2,PROD0000344,SELL000005,2,504.0,26.0,70.0,1078.0
ORD000001593,3,PROD0000352,SELL000022,2,653.0,0.0,153.0,1459.0
ORD000001593,4,PROD0000443,SELL000004,2,18548.0,3273.0,51.0,37147.0
ORD000001594,1,PROD0000231,SELL000036,1,14002.0,1556.0,35.0,14037.0
ORD000001595,1,PROD0000276,SELL000095,2,298.0,75.0,210.0,806.0
ORD000001596,1,PROD0000069,SELL000055,2,63819.0,15955.0,116.0,127754.0
ORD000001597,1,PROD0000180,SELL000077,1,24468.0,1288.0,59.0,24527.0
ORD000001597,2,PROD0000292,SELL000077,3,1063.0,0.0,148.0,3337.0
ORD000001598,1,PROD0000216,SELL000013,1,321.0,0.0,57.0,378.0
ORD000001598,2,PROD0000515,SELL000099,1,15820.0,2792.0,190.0,16010.0
ORD000001598,3,PROD0000144,SELL000016,1,541.0,28.0,66.0,607.0
ORD000001598,4,PROD0000026,SELL000025,3,89.0,0.0,119.0,386.0
ORD000001599,1,PROD0000451,SELL000068,2,37231.0,6570.0,69.0,74531.0
ORD000001600,1,PROD0000268,SELL000050,3,291.0,0.0,54.0,927.0
ORD000001600,2,PROD0000037,SELL000022,2,699.0,37.0,61.0,1459.0
ORD000001600,3,PROD0000487,SELL000036,1,1109.0,58.0,112.0,1221.0
ORD000001601,1,PROD0000108,SELL000042,1,1380.0,0.0,183.0,1563.0
ORD000001602,1,PROD0000499,SELL000063,3,4406.0,1101.0,85.0,13303.0
ORD000001603,1,PROD0000179,SELL000083,1,637.0,112.0,57.0,694.0
ORD000001604,1,PROD0000178,SELL000038,0,454.0,50.0,65.0,973.0
ORD000001605,1,PROD0000110,SELL000041,1,1168.0,206.0,60.0,1228.0
ORD000001605,2,PROD0000089,SELL000010,3,2862.0,0.0,42.0,8628.0
ORD000001606,1,PROD0000417,SELL000100,1,16380.0,862.0,128.0,16508.0
ORD000001607,1,PROD0000219,SELL000064,1,563.0,63.0,51.0,614.0
ORD000001608,1,PROD0000289,SELL000027,1,1054.0,56.0,50.0,1104.0
ORD000001608,2,PROD0000165,SELL000003,2,405.0,71.0,61.0,871.0
ORD000001608,3,PROD0000220,SELL000099,3,140.0,16.0,64.0,484.0
ORD000001608,4,PROD0000251,SELL000004,1,2043.0,108.0,59.0,2102.0
ORD000001608,5,PROD0000161,SELL000019,2,962.0,51.0,68.0,1992.0
ORD000001609,1,PROD0000310,SELL000092,2,10144.0,1790.0,49.0,20337.0
ORD000001609,2,PROD0000242,SELL000035,3,272.0,0.0,72.0,888.0
ORD000001609,3,PROD0000400,SELL000091,1,38190.0,9547.0,141.0,38331.0
ORD000001609,4,PROD0000405,SELL000057,1,22884.0,0.0,54.0,22938.0
ORD000001610,1,PROD0000330,SELL000059,2,13029.0,0.0,46.0,26104.0
ORD000001611,1,PROD0000053,SELL000097,1,9186.0,2297.0,49.0,9235.0
ORD000001611,2,PROD0000464,SELL000001,3,3157.0,166.0,161.0,9632.0
ORD000001612,1,PROD0000362,SELL000036,1,946.0,50.0,48.0,994.0
ORD000001612,2,PROD0000383,SELL000036,2,3223.0,170.0,364.0,6810.0
ORD000001612,3,PROD0000338,SELL000076,1,350.0,0.0,68.0,418.0
ORD000001612,4,PROD0000270,SELL000036,1,2951.0,328.0,92.0,3043.0
ORD000001612,5,PROD0000293,SELL000092,1,57889.0,10216.0,184.0,58073.0
ORD000001612,6,PROD0000062,SELL000075,1,853.0,0.0,116.0,969.0
ORD000001613,1,PROD0000478,SELL000095,1,35670.0,6295.0,38.0,35708.0
ORD000001614,1,PROD0000418,SELL000085,1,271.0,0.0,37.0,308.0
ORD000001615,1,PROD0000473,SELL000078,2,802.0,200.0,62.0,1666.0
ORD000001616,1,PROD0000372,SELL000037,3,345.0,61.0,157.0,1192.0
ORD000001616,2,PROD0000138,SELL000076,1,438.0,188.0,51.0,489.0
ORD000001617,1,PROD0000175,SELL000044,2,954.0,238.0,145.0,2053.0
ORD000001618,1,PROD0000451,SELL000036,2,35041.0,8760.0,46.0,70128.0
ORD000001618,2,PROD0000120,SELL000023,2,1310.0,874.0,93.0,2713.0
ORD000001619,1,PROD0000320,SELL000094,2,625.0,156.0,182.0,1432.0
ORD000001620,1,PROD0000342,SELL000076,2,1076.0,269.0,157.0,2309.0
ORD000001621,1,PROD0000095,SELL000005,3,1357.0,0.0,46.0,4117.0
ORD000001621,2,PROD0000043,SELL000036,2,2010.0,355.0,395.0,4415.0
ORD000001621,3,PROD0000017,SELL000060,3,2097.0,233.0,96.0,6387.0
ORD000001622,1,PROD0000410,SELL000074,1,421.0,280.0,55.0,476.0
ORD000001623,1,PROD0000151,SELL000032,1,7797.0,1376.0,42.0,7839.0
ORD000001623,2,PROD0000118,SELL000074,1,2647.0,0.0,231.0,2878.0
ORD000001623,3,PROD0000473,SELL000028,2,1002.0,0.0,31.0,2035.0
ORD000001623,4,PROD0000309,SELL000016,1,582.0,0.0,65.0,647.0
ORD000001624,1,PROD0000012,SELL000009,2,37466.0,1972.0,113.0,75045.0
ORD000001625,1,PROD0000158,SELL000092,2,852.0,150.0,36.0,1740.0
ORD000001626,1,PROD0000247,SELL000069,1,40082.0,0.0,187.0,40269.0
ORD000001626,2,PROD0000248,SELL000086,3,20499.0,0.0,47.0,61544.0
ORD000001627,1,PROD0000408,SELL000056,2,1282.0,0.0,190.0,2754.0
ORD000001628,1,PROD0000417,SELL000061,1,13794.0,3448.0,141.0,13935.0
ORD000001629,1,PROD0000016,SELL000030,3,1454.0,76.0,49.0,4411.0
ORD000001630,1,PROD0000149,SELL000009,2,15605.0,0.0,74.0,31284.0
ORD000001631,1,PROD0000312,SELL000075,1,19336.0,2148.0,38.0,19374.0
ORD000001631,2,PROD0000017,SELL000017,2,2330.0,0.0,90.0,4750.0
ORD000001632,1,PROD0000297,SELL000091,3,382.0,68.0,65.0,1211.0
ORD000001633,1,PROD0000040,SELL000009,2,238.0,60.0,188.0,664.0
ORD000001634,1,PROD0000298,SELL000102,2,900.0,0.0,49.0,1849.0
ORD000001635,1,PROD0000038,SELL000048,2,1302.0,326.0,73.0,2677.0
ORD000001635,2,PROD0000384,SELL000029,2,434.0,76.0,69.0,937.0
ORD000001635,3,PROD0000239,SELL000027,1,180.0,0.0,193.0,373.0
ORD000001635,4,PROD0000495,SELL000071,2,13555.0,0.0,51.0,27161.0
ORD000001636,1,PROD0000043,SELL000087,2,2365.0,0.0,403.0,5133.0
ORD000001637,1,PROD0000453,SELL000049,1,354.0,0.0,159.0,513.0
ORD000001638,1,PROD0000215,SELL000045,2,843.0,0.0,51.0,1737.0
ORD000001639,1,PROD0000254,SELL000092,1,36955.0,15838.0,33.0,36988.0
ORD000001639,2,PROD0000363,SELL000047,1,588.0,0.0,55.0,643.0
ORD000001640,1,PROD0000324,SELL000034,1,1377.0,590.0,153.0,1530.0
ORD000001641,1,PROD0000458,SELL000096,2,20597.0,2289.0,91.0,41285.0
ORD000001642,1,PROD0000433,SELL000084,1,359.0,40.0,55.0,414.0
ORD000001642,2,PROD0000115,SELL000060,1,9353.0,1650.0,40.0,9393.0
ORD000001642,3,PROD0000143,SELL000001,1,19278.0,4819.0,60.0,19338.0
ORD000001642,4,PROD0000456,SELL000040,3,746.0,497.0,252.0,2490.0
ORD000001643,1,PROD0000422,SELL000102,2,24393.0,0.0,164.0,48950.0
ORD000001643,2,PROD0000509,SELL000103,3,6911.0,364.0,56.0,20789.0
ORD000001643,3,PROD0000477,SELL000070,1,282.0,0.0,103.0,385.0
ORD000001643,4,PROD0000325,SELL000048,2,331.0,0.0,48.0,710.0
ORD000001644,1,PROD0000501,SELL000090,1,361.0,0.0,54.0,415.0
ORD000001644,2,PROD0000384,SELL000060,1,434.0,76.0,60.0,494.0
ORD000001644,3,PROD0000462,SELL000006,2,22400.0,0.0,71.0,44871.0
ORD000001645,1,PROD0000251,SELL000040,3,1721.0,430.0,58.0,5221.0
ORD000001646,1,PROD0000502,SELL000034,3,396.0,70.0,42.0,1230.0
ORD000001647,1,PROD0000038,SELL000070,1,1547.0,81.0,60.0,1607.0
ORD000001648,1,PROD0000472,SELL000023,0,14363.0,756.0,85.0,14448.0
ORD000001649,1,PROD0000500,SELL000081,1,830.0,147.0,69.0,899.0
ORD000001650,1,PROD0000411,SELL000025,2,392.0,0.0,62.0,846.0
ORD000001651,1,PROD0000492,SELL000066,1,2105.0,111.0,175.0,2280.0
ORD000001652,1,PROD0000219,SELL000031,1,626.0,0.0,56.0,682.0
ORD000001653,1,PROD0000168,SELL000026,1,1459.0,0.0,41.0,1500.0
ORD000001653,2,PROD0000069,SELL000074,1,71797.0,7977.0,128.0,71925.0
ORD000001654,1,PROD0000101,SELL000098,3,1021.0,0.0,55.0,3118.0
ORD000001655,1,PROD0000451,SELL000083,2,41611.0,2190.0,57.0,83279.0
ORD000001655,2,PROD0000034,SELL000053,1,242.0,43.0,74.0,316.0
ORD000001655,3,PROD0000104,SELL000096,2,987.0,110.0,55.0,2029.0
ORD000001656,1,PROD0000259,SELL000086,2,430.0,0.0,48.0,908.0
ORD000001657,1,PROD0000187,SELL000096,1,4012.0,0.0,398.0,4410.0
ORD000001658,1,PROD0000481,SELL000000,2,14486.0,0.0,29.0,29001.0
ORD000001658,2,PROD0000015,SELL000085,2,3363.0,177.0,310.0,7036.0
ORD000001658,3,PROD0000021,SELL000054,2,18648.0,982.0,180.0,37476.0
ORD000001658,4,PROD0000141,SELL000073,1,163.0,41.0,124.0,287.0
ORD000001659,1,PROD0000318,SELL000098,1,56021.0,0.0,45.0,56066.0
ORD000001660,1,PROD0000185,SELL000054,1,204.0,51.0,179.0,383.0
ORD000001660,2,PROD0000435,SELL000072,1,176.0,0.0,203.0,379.0
ORD000001660,3,PROD0000050,SELL000103,1,1025.0,54.0,74.0,1099.0
ORD000001661,1,PROD0000197,SELL000011,3,327.0,82.0,194.0,1175.0
ORD000001661,2,PROD0000338,SELL000077,1,280.0,70.0,55.0,335.0
ORD000001661,3,PROD0000318,SELL000074,1,50419.0,5602.0,33.0,50452.0
ORD000001662,1,PROD0000269,SELL000019,1,15115.0,0.0,84.0,15199.0
ORD000001662,2,PROD0000231,SELL000001,1,14002.0,1556.0,45.0,14047.0
ORD000001662,3,PROD0000048,SELL000066,1,1518.0,268.0,61.0,1579.0
ORD000001662,4,PROD0000034,SELL000038,2,285.0,0.0,97.0,667.0
ORD000001662,5,PROD0000028,SELL000032,2,285.0,0.0,36.0,606.0
ORD000001662,6,PROD0000262,SELL000024,2,2201.0,116.0,282.0,4684.0
ORD000001663,1,PROD0000461,SELL000057,2,959.0,169.0,101.0,2019.0
ORD000001664,1,PROD0000046,SELL000026,2,14880.0,1653.0,44.0,29804.0
ORD000001665,1,PROD0000033,SELL000007,1,6989.0,0.0,58.0,7047.0
ORD000001666,1,PROD0000356,SELL000004,1,302.0,76.0,44.0,346.0
ORD000001666,2,PROD0000260,SELL000027,1,18883.0,8093.0,91.0,18974.0
ORD000001667,1,PROD0000161,SELL000064,1,861.0,152.0,45.0,906.0
ORD000001668,1,PROD0000009,SELL000055,1,389.0,0.0,57.0,446.0
ORD000001669,1,PROD0000418,SELL000077,1,271.0,0.0,27.0,298.0
ORD000001669,2,PROD0000343,SELL000062,1,1947.0,216.0,120.0,2067.0
ORD000001669,3,PROD0000305,SELL000030,2,19190.0,4797.0,47.0,38427.0
ORD000001669,4,PROD0000122,SELL000096,1,449.0,24.0,77.0,526.0
ORD000001669,5,PROD0000487,SELL000061,3,1167.0,0.0,101.0,3602.0
ORD000001669,6,PROD0000032,SELL000064,2,1831.0,785.0,67.0,3729.0
ORD000001670,1,PROD0000384,SELL000052,2,484.0,26.0,60.0,1028.0
ORD000001671,1,PROD0000379,SELL000044,1,687.0,295.0,57.0,744.0
ORD000001672,1,PROD0000377,SELL000104,2,15325.0,1703.0,63.0,30713.0
ORD000001672,2,PROD0000313,SELL000040,3,22583.0,2509.0,45.0,67794.0
ORD000001673,1,PROD0000158,SELL000085,2,1002.0,0.0,44.0,2048.0
ORD000001674,1,PROD0000237,SELL000008,1,1615.0,0.0,78.0,1693.0
ORD000001675,1,PROD0000230,SELL000099,2,302.0,202.0,46.0,650.0
ORD000001676,1,PROD0000451,SELL000079,1,37231.0,6570.0,59.0,37290.0
ORD000001677,1,PROD0000388,SELL000086,2,423.0,22.0,62.0,908.0
ORD000001678,1,PROD0000248,SELL000033,3,18449.0,2050.0,44.0,55391.0
ORD000001678,2,PROD0000376,SELL000069,3,34089.0,0.0,34.0,102301.0
ORD000001679,1,PROD0000505,SELL000079,2,1206.0,301.0,64.0,2476.0
ORD000001680,1,PROD0000360,SELL000007,2,788.0,0.0,56.0,1632.0
ORD000001681,1,PROD0000185,SELL000068,1,242.0,13.0,188.0,430.0
ORD000001681,2,PROD0000004,SELL000090,1,15907.0,837.0,48.0,15955.0
ORD000001681,3,PROD0000457,SELL000089,1,1453.0,161.0,41.0,1494.0
ORD000001681,4,PROD0000009,SELL000079,2,370.0,19.0,46.0,786.0
ORD000001681,5,PROD0000265,SELL000093,1,2033.0,1355.0,444.0,2477.0
ORD000001681,6,PROD0000035,SELL000029,1,556.0,139.0,58.0,614.0
ORD000001682,1,PROD0000458,SELL000072,2,13732.0,9154.0,79.0,27543.0
ORD000001682,2,PROD0000016,SELL000028,2,1377.0,153.0,64.0,2818.0
ORD000001682,3,PROD0000356,SELL000090,1,378.0,0.0,38.0,416.0
ORD000001683,1,PROD0000402,SELL000055,2,569.0,379.0,43.0,1181.0
ORD000001684,1,PROD0000381,SELL000086,3,15568.0,0.0,83.0,46787.0
ORD000001684,2,PROD0000284,SELL000029,2,481.0,206.0,59.0,1021.0
ORD000001684,3,PROD0000307,SELL000032,2,943.0,0.0,149.0,2035.0
ORD000001684,4,PROD0000263,SELL000101,1,750.0,187.0,56.0,806.0
ORD000001684,5,PROD0000394,SELL000094,3,6564.0,1641.0,45.0,19737.0
ORD000001685,1,PROD0000044,SELL000020,2,546.0,96.0,56.0,1148.0
ORD000001686,1,PROD0000463,SELL000040,2,12568.0,3142.0,78.0,25214.0
ORD000001687,1,PROD0000403,SELL000016,1,783.0,0.0,64.0,847.0
ORD000001687,2,PROD0000504,SELL000066,2,2142.0,113.0,109.0,4393.0
ORD000001687,3,PROD0000048,SELL000004,2,1786.0,0.0,59.0,3631.0
ORD000001687,4,PROD0000108,SELL000002,1,828.0,552.0,179.0,1007.0
ORD000001688,1,PROD0000115,SELL000058,1,10453.0,550.0,31.0,10484.0
ORD000001689,1,PROD0000214,SELL000093,2,1986.0,0.0,104.0,4076.0
ORD000001690,1,PROD0000426,SELL000077,2,2449.0,0.0,152.0,5050.0
ORD000001690,2,PROD0000409,SELL000073,1,10206.0,2551.0,38.0,10244.0
ORD000001690,3,PROD0000360,SELL000061,3,552.0,236.0,31.0,1687.0
ORD000001691,1,PROD0000206,SELL000018,3,396.0,170.0,63.0,1251.0
ORD000001692,1,PROD0000048,SELL000021,1,1786.0,0.0,54.0,1840.0
ORD000001693,1,PROD0000361,SELL000064,1,393.0,69.0,64.0,457.0
ORD000001693,2,PROD0000038,SELL000096,2,1547.0,81.0,69.0,3163.0
ORD000001694,1,PROD0000106,SELL000005,1,219.0,39.0,202.0,421.0
ORD000001695,1,PROD0000211,SELL000039,2,1389.0,347.0,102.0,2880.0
ORD000001696,1,PROD0000404,SELL000019,2,1276.0,0.0,103.0,2655.0
ORD000001697,1,PROD0000314,SELL000014,2,15699.0,1744.0,34.0,31432.0
ORD000001698,1,PROD0000054,SELL000037,1,1446.0,0.0,30.0,1476.0
ORD000001699,1,PROD0000128,SELL000020,3,23189.0,1220.0,62.0,69629.0
ORD000001699,2,PROD0000442,SELL000025,1,191.0,0.0,53.0,244.0
ORD000001700,1,PROD0000304,SELL000046,1,7085.0,0.0,38.0,7123.0
ORD000001701,1,PROD0000342,SELL000078,2,1345.0,0.0,148.0,2838.0
ORD000001701,2,PROD0000187,SELL000057,1,4012.0,0.0,423.0,4435.0
ORD000001702,1,PROD0000424,SELL000057,2,509.0,57.0,65.0,1083.0
ORD000001703,1,PROD0000306,SELL000063,2,798.0,89.0,56.0,1652.0
ORD000001704,1,PROD0000042,SELL000023,3,575.0,246.0,45.0,1770.0
ORD000001704,2,PROD0000377,SELL000007,2,16177.0,851.0,67.0,32421.0
ORD000001704,3,PROD0000150,SELL000002,1,613.0,108.0,95.0,708.0
ORD000001704,4,PROD0000439,SELL000091,2,11035.0,7356.0,50.0,22120.0
ORD000001704,5,PROD0000332,SELL000091,1,49419.0,2601.0,59.0,49478.0
ORD000001705,1,PROD0000102,SELL000035,2,16205.0,4051.0,38.0,32448.0
ORD000001706,1,PROD0000015,SELL000082,1,2124.0,1416.0,300.0,2424.0
ORD000001707,1,PROD0000044,SELL000027,2,514.0,128.0,51.0,1079.0
ORD000001707,2,PROD0000128,SELL000032,1,24409.0,0.0,43.0,24452.0
ORD000001707,3,PROD0000061,SELL000072,1,3195.0,0.0,108.0,3303.0
ORD000001707,4,PROD0000343,SELL000097,3,2163.0,0.0,125.0,6614.0
ORD000001707,5,PROD0000086,SELL000064,1,481.0,85.0,79.0,560.0
ORD000001707,6,PROD0000232,SELL000100,1,18476.0,3260.0,142.0,18618.0
ORD000001708,1,PROD0000168,SELL000104,3,1459.0,0.0,43.0,4420.0
ORD000001709,1,PROD0000342,SELL000003,2,1278.0,67.0,166.0,2722.0
ORD000001710,1,PROD0000014,SELL000043,1,102.0,5.0,50.0,152.0
ORD000001711,1,PROD0000209,SELL000049,3,917.0,162.0,154.0,2905.0
ORD000001711,2,PROD0000433,SELL000019,2,399.0,0.0,54.0,852.0
ORD000001712,1,PROD0000128,SELL000022,2,24409.0,0.0,38.0,48856.0
ORD000001713,1,PROD0000442,SELL000102,2,172.0,19.0,51.0,395.0
ORD000001714,1,PROD0000089,SELL000018,1,2862.0,0.0,35.0,2897.0
ORD000001714,2,PROD0000371,SELL000050,1,2935.0,518.0,483.0,3418.0
ORD000001715,1,PROD0000146,SELL000050,2,43413.0,2285.0,105.0,86931.0
ORD000001715,2,PROD0000185,SELL000069,2,230.0,26.0,182.0,642.0
ORD000001716,1,PROD0000272,SELL000057,3,373.0,93.0,62.0,1181.0
ORD000001717,1,PROD0000368,SELL000004,1,678.0,0.0,70.0,748.0
ORD000001718,1,PROD0000274,SELL000047,1,346.0,0.0,46.0,392.0
ORD000001718,2,PROD0000299,SELL000035,3,19635.0,8415.0,152.0,59057.0
ORD000001718,3,PROD0000150,SELL000013,1,613.0,108.0,96.0,709.0
ORD000001719,1,PROD0000345,SELL000103,2,30471.0,0.0,39.0,60981.0
ORD000001719,2,PROD0000036,SELL000056,1,35352.0,6239.0,157.0,35509.0
ORD000001719,3,PROD0000045,SELL000101,1,11685.0,615.0,46.0,11731.0
ORD000001719,4,PROD0000083,SELL000096,2,12047.0,1339.0,46.0,24140.0
ORD000001720,1,PROD0000455,SELL000103,2,9197.0,2299.0,39.0,18433.0
ORD000001721,1,PROD0000319,SELL000024,1,1385.0,0.0,287.0,1672.0
ORD000001722,1,PROD0000181,SELL000086,3,3214.0,357.0,284.0,9926.0
ORD000001722,2,PROD0000325,SELL000004,2,331.0,0.0,64.0,726.0
ORD000001723,1,PROD0000140,SELL000052,1,1400.0,156.0,136.0,1536.0
ORD000001723,2,PROD0000381,SELL000091,1,14790.0,778.0,92.0,14882.0
ORD000001723,3,PROD0000203,SELL000060,1,10436.0,4472.0,52.0,10488.0
ORD000001724,1,PROD0000322,SELL000021,2,5228.0,581.0,48.0,10504.0
ORD000001724,2,PROD0000128,SELL000007,2,19527.0,4882.0,34.0,39088.0
ORD000001724,3,PROD0000018,SELL000048,1,1102.0,0.0,65.0,1167.0
ORD000001724,4,PROD0000517,SELL000083,2,321.0,17.0,43.0,685.0
ORD000001725,1,PROD0000340,SELL000096,1,326.0,81.0,67.0,393.0
ORD000001725,2,PROD0000336,SELL000078,1,40322.0,0.0,53.0,40375.0
ORD000001726,1,PROD0000314,SELL000046,1,10466.0,6977.0,50.0,10516.0
ORD000001727,1,PROD0000467,SELL000074,2,8235.0,1453.0,37.0,16507.0
ORD000001727,2,PROD0000009,SELL000082,3,272.0,117.0,46.0,862.0
ORD000001728,1,PROD0000495,SELL000040,2,13555.0,0.0,35.0,27145.0
ORD000001728,2,PROD0000239,SELL000027,2,171.0,9.0,191.0,533.0
ORD000001728,3,PROD0000302,SELL000027,3,1162.0,0.0,62.0,3548.0
ORD000001729,1,PROD0000488,SELL000078,2,934.0,623.0,243.0,2111.0
ORD000001730,1,PROD0000417,SELL000085,2,17242.0,0.0,131.0,34615.0
ORD000001731,1,PROD0000182,SELL000020,2,329.0,58.0,39.0,697.0
ORD000001732,1,PROD0000471,SELL000102,1,1259.0,140.0,164.0,1423.0
ORD000001733,1,PROD0000043,SELL000001,2,1892.0,473.0,395.0,4179.0
ORD000001733,2,PROD0000078,SELL000044,2,1076.0,717.0,193.0,2345.0
ORD000001733,3,PROD0000118,SELL000050,1,2118.0,529.0,221.0,2339.0
ORD000001734,1,PROD0000140,SELL000005,2,1555.0,0.0,133.0,3243.0
ORD000001735,1,PROD0000350,SELL000076,1,765.0,191.0,43.0,808.0
ORD000001735,2,PROD0000209,SELL000094,1,971.0,108.0,167.0,1138.0
ORD000001736,1,PROD0000443,SELL000024,3,18548.0,3273.0,24.0,55668.0
ORD000001737,1,PROD0000324,SELL000072,1,1967.0,0.0,162.0,2129.0
ORD000001738,1,PROD0000315,SELL000099,2,1110.0,277.0,407.0,2627.0
ORD000001739,1,PROD0000400,SELL000070,2,45350.0,2387.0,123.0,90823.0
ORD000001740,1,PROD0000213,SELL000047,2,5412.0,1353.0,393.0,11217.0
ORD000001740,2,PROD0000179,SELL000099,3,712.0,37.0,72.0,2208.0
ORD000001741,1,PROD0000056,SELL000042,1,598.0,66.0,68.0,666.0
ORD000001742,1,PROD0000439,SELL000070,1,18391.0,0.0,44.0,18435.0
ORD000001742,2,PROD0000121,SELL000080,1,1408.0,0.0,42.0,1450.0
ORD000001743,1,PROD0000340,SELL000064,1,244.0,163.0,53.0,297.0
ORD000001743,2,PROD0000411,SELL000032,1,333.0,59.0,65.0,398.0
ORD000001743,3,PROD0000193,SELL000074,2,782.0,0.0,68.0,1632.0
ORD000001743,4,PROD0000085,SELL000032,1,53323.0,5925.0,107.0,53430.0
ORD000001743,5,PROD0000354,SELL000050,3,7607.0,1902.0,51.0,22872.0
ORD000001743,6,PROD0000169,SELL000057,3,888.0,99.0,44.0,2708.0
ORD000001744,1,PROD0000443,SELL000030,2,20730.0,1091.0,50.0,41510.0
ORD000001745,1,PROD0000232,SELL000080,2,17389.0,4347.0,161.0,34939.0
ORD000001746,1,PROD0000175,SELL000026,1,1192.0,0.0,149.0,1341.0
ORD000001746,2,PROD0000378,SELL000016,2,71.0,8.0,46.0,188.0
ORD000001746,3,PROD0000201,SELL000076,3,1448.0,76.0,59.0,4403.0
ORD000001747,1,PROD0000415,SELL000092,1,764.0,85.0,74.0,838.0
ORD000001748,1,PROD0000360,SELL000025,2,788.0,0.0,53.0,1629.0
ORD000001749,1,PROD0000460,SELL000054,3,626.0,0.0,59.0,1937.0
ORD000001749,2,PROD0000223,SELL000097,2,161.0,107.0,114.0,436.0
ORD000001749,3,PROD0000045,SELL000038,2,9840.0,2460.0,43.0,19723.0
ORD000001750,1,PROD0000092,SELL000042,1,9391.0,4025.0,49.0,9440.0
ORD000001751,1,PROD0000002,SELL000073,1,7023.0,1239.0,48.0,7071.0
ORD000001752,1,PROD0000445,SELL000066,1,1122.0,0.0,54.0,1176.0
ORD000001753,1,PROD0000126,SELL000013,2,1123.0,125.0,61.0,2307.0
ORD000001753,2,PROD0000105,SELL000004,2,418.0,22.0,204.0,1040.0
ORD000001754,1,PROD0000315,SELL000038,1,1387.0,0.0,410.0,1797.0
ORD000001754,2,PROD0000128,SELL000047,2,24409.0,0.0,43.0,48861.0
ORD000001755,1,PROD0000510,SELL000064,2,570.0,0.0,53.0,1193.0
ORD000001756,1,PROD0000452,SELL000041,2,266.0,0.0,68.0,600.0
ORD000001757,1,PROD0000234,SELL000013,2,1510.0,0.0,37.0,3057.0
ORD000001758,1,PROD0000334,SELL000079,3,406.0,72.0,66.0,1284.0
ORD000001759,1,PROD0000201,SELL000045,1,1067.0,457.0,48.0,1115.0
ORD000001759,2,PROD0000224,SELL000005,2,1893.0,100.0,81.0,3867.0
ORD000001760,1,PROD0000250,SELL000062,1,9852.0,0.0,32.0,9884.0
ORD000001760,2,PROD0000198,SELL000042,2,1589.0,0.0,34.0,3212.0
ORD000001760,3,PROD0000227,SELL000056,1,912.0,161.0,106.0,1018.0
ORD000001761,1,PROD0000095,SELL000090,2,1357.0,0.0,38.0,2752.0
ORD000001761,2,PROD0000339,SELL000020,1,831.0,147.0,122.0,953.0
ORD000001762,1,PROD0000035,SELL000070,1,695.0,0.0,61.0,756.0
ORD000001762,2,PROD0000473,SELL000012,1,852.0,150.0,54.0,906.0
ORD000001763,1,PROD0000473,SELL000081,1,852.0,150.0,48.0,900.0
ORD000001764,1,PROD0000108,SELL000038,1,1380.0,0.0,185.0,1565.0
ORD000001765,1,PROD0000023,SELL000080,3,1111.0,476.0,78.0,3411.0
ORD000001765,2,PROD0000249,SELL000004,1,1352.0,150.0,62.0,1414.0
ORD000001766,1,PROD0000032,SELL000069,1,2616.0,0.0,73.0,2689.0
ORD000001767,1,PROD0000210,SELL000026,1,383.0,43.0,64.0,447.0
ORD000001768,1,PROD0000391,SELL000041,3,21815.0,1148.0,50.0,65495.0
ORD000001769,1,PROD0000161,SELL000024,1,709.0,304.0,39.0,748.0
ORD000001770,1,PROD0000465,SELL000041,3,11706.0,0.0,159.0,35277.0
ORD000001770,2,PROD0000007,SELL000083,1,428.0,183.0,43.0,471.0
ORD000001771,1,PROD0000369,SELL000005,1,69.0,12.0,128.0,197.0
ORD000001772,1,PROD0000262,SELL000063,3,1969.0,348.0,287.0,6194.0
ORD000001772,2,PROD0000126,SELL000020,1,1248.0,0.0,69.0,1317.0
ORD000001773,1,PROD0000224,SELL000041,2,1993.0,0.0,82.0,4068.0
ORD000001773,2,PROD0000141,SELL000058,2,163.0,41.0,138.0,464.0
ORD000001773,3,PROD0000323,SELL000010,3,2966.0,330.0,186.0,9084.0
ORD000001773,4,PROD0000500,SELL000093,2,586.0,391.0,79.0,1251.0
ORD000001773,5,PROD0000261,SELL000071,3,7856.0,873.0,44.0,23612.0
ORD000001774,1,PROD0000364,SELL000064,2,1504.0,167.0,164.0,3172.0
ORD000001774,2,PROD0000318,SELL000097,1,33613.0,22408.0,52.0,33665.0
ORD000001774,3,PROD0000431,SELL000040,1,415.0,73.0,57.0,472.0
ORD000001774,4,PROD0000293,SELL000014,1,64700.0,3405.0,168.0,64868.0
ORD000001775,1,PROD0000232,SELL000087,3,17389.0,4347.0,135.0,52302.0
ORD000001775,2,PROD0000062,SELL000066,1,853.0,0.0,139.0,992.0
ORD000001775,3,PROD0000404,SELL000047,2,1148.0,128.0,103.0,2399.0
ORD000001776,1,PROD0000467,SELL000008,2,9688.0,0.0,42.0,19418.0
ORD000001776,2,PROD0000510,SELL000027,2,342.0,228.0,61.0,745.0
ORD000001776,3,PROD0000380,SELL000061,3,9182.0,3935.0,39.0,27585.0
ORD000001777,1,PROD0000185,SELL000008,3,178.0,76.0,186.0,720.0
ORD000001778,1,PROD0000366,SELL000057,1,746.0,39.0,62.0,808.0
ORD000001778,2,PROD0000166,SELL000086,2,272.0,48.0,76.0,620.0
ORD000001779,1,PROD0000468,SELL000047,1,13134.0,0.0,47.0,13181.0
ORD000001779,2,PROD0000022,SELL000064,2,13062.0,687.0,74.0,26198.0
ORD000001780,1,PROD0000467,SELL000022,2,7750.0,1938.0,59.0,15559.0
ORD000001780,2,PROD0000383,SELL000060,3,3393.0,0.0,377.0,10556.0
ORD000001780,3,PROD0000463,SELL000019,1,15710.0,0.0,77.0,15787.0
ORD000001780,4,PROD0000125,SELL000075,3,672.0,119.0,109.0,2125.0
ORD000001780,5,PROD0000264,SELL000055,2,1860.0,465.0,57.0,3777.0
ORD000001780,6,PROD0000132,SELL000063,2,24913.0,1311.0,54.0,49880.0
ORD000001781,1,PROD0000370,SELL000033,2,2593.0,458.0,61.0,5247.0
ORD000001782,1,PROD0000329,SELL000036,2,6696.0,2870.0,45.0,13437.0
ORD000001783,1,PROD0000360,SELL000069,1,788.0,0.0,59.0,847.0
ORD000001783,2,PROD0000384,SELL000064,1,408.0,102.0,69.0,477.0
ORD000001783,3,PROD0000023,SELL000072,1,1428.0,159.0,78.0,1506.0
ORD000001784,1,PROD0000212,SELL000014,3,1005.0,53.0,163.0,3178.0
ORD000001784,2,PROD0000131,SELL000019,2,1829.0,0.0,74.0,3732.0
ORD000001785,1,PROD0000492,SELL000031,3,2105.0,111.0,181.0,6496.0
ORD000001786,1,PROD0000275,SELL000040,1,266.0,67.0,51.0,317.0
ORD000001787,1,PROD0000084,SELL000056,2,1063.0,118.0,48.0,2174.0
ORD000001788,1,PROD0000204,SELL000054,1,1450.0,0.0,139.0,1589.0
ORD000001788,2,PROD0000274,SELL000007,2,346.0,0.0,50.0,742.0
ORD000001789,1,PROD0000169,SELL000003,3,790.0,197.0,50.0,2420.0
ORD000001789,2,PROD0000321,SELL000086,2,1442.0,76.0,70.0,2954.0
ORD000001789,3,PROD0000400,SELL000060,3,47737.0,0.0,137.0,143348.0
ORD000001789,4,PROD0000321,SELL000004,2,911.0,607.0,62.0,1884.0
ORD000001789,5,PROD0000301,SELL000089,1,1738.0,0.0,62.0,1800.0
ORD000001790,1,PROD0000342,SELL000039,1,1076.0,269.0,156.0,1232.0
ORD000001791,1,PROD0000149,SELL000069,1,15605.0,0.0,82.0,15687.0
ORD000001791,2,PROD0000330,SELL000047,2,13029.0,0.0,47.0,26105.0
ORD000001791,3,PROD0000026,SELL000020,1,89.0,0.0,118.0,207.0
ORD000001792,1,PROD0000412,SELL000071,1,1540.0,385.0,40.0,1580.0
ORD000001793,1,PROD0000198,SELL000038,2,1351.0,238.0,50.0,2752.0
ORD000001794,1,PROD0000424,SELL000016,2,566.0,0.0,69.0,1201.0
ORD000001795,1,PROD0000132,SELL000023,2,20979.0,5245.0,37.0,41995.0
ORD000001796,1,PROD0000509,SELL000086,3,5820.0,1455.0,75.0,17535.0
ORD000001796,2,PROD0000271,SELL000054,1,263.0,29.0,45.0,308.0
ORD000001796,3,PROD0000489,SELL000044,1,533.0,59.0,94.0,627.0
ORD000001797,1,PROD0000152,SELL000082,2,15055.0,1673.0,44.0,30154.0
ORD000001797,2,PROD0000270,SELL000026,3,3279.0,0.0,77.0,9914.0
ORD000001798,1,PROD0000371,SELL000015,2,2762.0,691.0,490.0,6014.0
ORD000001799,1,PROD0000367,SELL000010,2,8286.0,1462.0,56.0,16628.0
ORD000001800,1,PROD0000131,SELL000010,2,1463.0,366.0,68.0,2994.0
ORD000001800,2,PROD0000209,SELL000097,3,863.0,216.0,156.0,2745.0
ORD000001800,3,PROD0000119,SELL000094,1,2569.0,642.0,140.0,2709.0
ORD000001800,4,PROD0000338,SELL000042,1,280.0,70.0,60.0,340.0
ORD000001800,5,PROD0000216,SELL000049,2,225.0,96.0,58.0,508.0
ORD000001800,6,PROD0000003,SELL000040,1,803.0,89.0,267.0,1070.0
ORD000001801,1,PROD0000152,SELL000057,1,13382.0,3346.0,28.0,13410.0
ORD000001802,1,PROD0000191,SELL000018,2,2079.0,520.0,53.0,4211.0
ORD000001803,1,PROD0000292,SELL000069,1,1063.0,0.0,146.0,1209.0
ORD000001803,2,PROD0000476,SELL000053,2,736.0,82.0,186.0,1658.0
ORD000001804,1,PROD0000512,SELL000095,1,734.0,129.0,51.0,785.0
ORD000001804,2,PROD0000351,SELL000033,2,10333.0,0.0,50.0,20716.0
ORD000001805,1,PROD0000471,SELL000079,1,1259.0,140.0,162.0,1421.0
ORD000001806,1,PROD0000009,SELL000017,2,389.0,0.0,47.0,825.0
ORD000001807,1,PROD0000448,SELL000009,2,1393.0,0.0,45.0,2831.0
ORD000001808,1,PROD0000272,SELL000079,2,443.0,23.0,61.0,947.0
ORD000001809,1,PROD0000194,SELL000093,1,11854.0,0.0,59.0,11913.0
ORD000001810,1,PROD0000190,SELL000094,3,1025.0,256.0,175.0,3250.0
ORD000001811,1,PROD0000181,SELL000006,1,3214.0,357.0,279.0,3493.0
ORD000001812,1,PROD0000421,SELL000036,1,16980.0,0.0,54.0,17034.0
ORD000001813,1,PROD0000239,SELL000049,2,180.0,0.0,190.0,550.0
ORD000001813,2,PROD0000059,SELL000030,1,364.0,0.0,47.0,411.0
ORD000001814,1,PROD0000469,SELL000031,2,363.0,40.0,48.0,774.0
ORD000001815,1,PROD0000314,SELL000039,2,14827.0,2616.0,30.0,29684.0
ORD000001816,1,PROD0000203,SELL000002,2,13417.0,1491.0,44.0,26878.0
ORD000001817,1,PROD0000370,SELL000097,1,3051.0,0.0,58.0,3109.0
ORD000001818,1,PROD0000182,SELL000031,2,368.0,19.0,52.0,788.0
ORD000001818,2,PROD0000310,SELL000061,2,7160.0,4774.0,57.0,14377.0
ORD000001819,1,PROD0000004,SELL000082,2,11721.0,5023.0,42.0,23484.0
ORD000001820,1,PROD0000142,SELL000017,2,14952.0,2638.0,95.0,29999.0
ORD000001820,2,PROD0000178,SELL000021,1,505.0,0.0,72.0,577.0
ORD000001820,3,PROD0000413,SELL000066,1,3130.0,0.0,226.0,3356.0
ORD000001820,4,PROD0000393,SELL000104,1,14668.0,772.0,47.0,14715.0
ORD000001821,1,PROD0000413,SELL000042,1,2974.0,156.0,241.0,3215.0
ORD000001821,2,PROD0000249,SELL000095,3,1277.0,225.0,54.0,3885.0
ORD000001822,1,PROD0000188,SELL000001,1,757.0,0.0,65.0,822.0
ORD000001823,1,PROD0000275,SELL000077,2,233.0,100.0,43.0,509.0
ORD000001823,2,PROD0000138,SELL000101,1,532.0,94.0,49.0,581.0
ORD000001823,3,PROD0000275,SELL000078,2,200.0,133.0,26.0,426.0
ORD000001823,4,PROD0000345,SELL000012,1,24377.0,6094.0,29.0,24406.0
ORD000001824,1,PROD0000504,SELL000001,1,2142.0,113.0,127.0,2269.0
ORD000001825,1,PROD0000191,SELL000043,1,2209.0,390.0,56.0,2265.0
ORD000001826,1,PROD0000059,SELL000058,1,291.0,73.0,63.0,354.0
ORD000001827,1,PROD0000179,SELL000069,2,749.0,0.0,82.0,1580.0
ORD000001828,1,PROD0000430,SELL000097,1,1598.0,0.0,236.0,1834.0
ORD000001828,2,PROD0000234,SELL000061,3,1510.0,0.0,47.0,4577.0
ORD000001829,1,PROD0000217,SELL000028,3,1236.0,65.0,48.0,3756.0
ORD000001829,2,PROD0000238,SELL000000,1,1591.0,177.0,140.0,1731.0
ORD000001830,1,PROD0000131,SELL000097,3,1829.0,0.0,67.0,5554.0
ORD000001830,2,PROD0000432,SELL000063,2,1922.0,101.0,61.0,3905.0
ORD000001830,3,PROD0000349,SELL000071,2,886.0,98.0,63.0,1835.0
ORD000001830,4,PROD0000496,SELL000076,1,963.0,241.0,56.0,1019.0
ORD000001831,1,PROD0000051,SELL000084,3,12547.0,0.0,65.0,37706.0
ORD000001831,2,PROD0000371,SELL000089,1,2762.0,691.0,478.0,3240.0
ORD000001831,3,PROD0000042,SELL000091,1,575.0,246.0,48.0,623.0
ORD000001831,4,PROD0000045,SELL000019,1,11685.0,615.0,50.0,11735.0
ORD000001831,5,PROD0000440,SELL000031,3,8372.0,930.0,57.0,25173.0
ORD000001832,1,PROD0000175,SELL000003,2,1192.0,0.0,143.0,2527.0
ORD000001833,1,PROD0000164,SELL000012,2,423.0,75.0,125.0,971.0
ORD000001833,2,PROD0000098,SELL000099,1,358.0,153.0,68.0,426.0
ORD000001833,3,PROD0000056,SELL000044,1,664.0,0.0,56.0,720.0
ORD000001833,4,PROD0000345,SELL000071,3,24377.0,6094.0,47.0,73178.0
ORD000001834,1,PROD0000272,SELL000059,3,466.0,0.0,70.0,1468.0
ORD000001835,1,PROD0000311,SELL000047,2,221.0,55.0,58.0,500.0
ORD000001835,2,PROD0000080,SELL000017,3,735.0,82.0,76.0,2281.0
ORD000001835,3,PROD0000511,SELL000076,2,840.0,44.0,143.0,1823.0
ORD000001835,4,PROD0000004,SELL000078,2,11721.0,5023.0,39.0,23481.0
ORD000001835,5,PROD0000233,SELL000016,3,2052.0,228.0,66.0,6222.0
ORD000001836,1,PROD0000271,SELL000033,1,292.0,0.0,57.0,349.0
ORD000001837,1,PROD0000054,SELL000100,1,1229.0,217.0,49.0,1278.0
ORD000001838,1,PROD0000301,SELL000089,1,1738.0,0.0,54.0,1792.0
ORD000001839,1,PROD0000311,SELL000068,2,193.0,83.0,55.0,441.0
ORD000001840,1,PROD0000276,SELL000100,1,373.0,0.0,210.0,583.0
ORD000001840,2,PROD0000191,SELL000092,1,2469.0,130.0,64.0,2533.0
ORD000001840,3,PROD0000484,SELL000064,3,544.0,60.0,74.0,1706.0
ORD000001841,1,PROD0000092,SELL000058,2,12074.0,1342.0,51.0,24199.0
ORD000001842,1,PROD0000387,SELL000068,1,852.0,95.0,59.0,911.0
ORD000001843,1,PROD0000193,SELL000084,1,743.0,39.0,76.0,819.0
ORD000001843,2,PROD0000201,SELL000100,1,1295.0,229.0,58.0,1353.0
ORD000001843,3,PROD0000124,SELL000034,1,33102.0,0.0,51.0,33153.0
ORD000001843,4,PROD0000351,SELL000031,3,8266.0,2067.0,48.0,24846.0
ORD000001844,1,PROD0000102,SELL000013,2,20256.0,0.0,34.0,40546.0
ORD000001844,2,PROD0000194,SELL000001,3,9483.0,2371.0,37.0,28486.0
ORD000001845,1,PROD0000251,SELL000037,1,1828.0,323.0,48.0,1876.0
ORD000001846,1,PROD0000005,SELL000026,1,9933.0,2483.0,41.0,9974.0
ORD000001846,2,PROD0000422,SELL000094,1,24393.0,0.0,156.0,24549.0
ORD000001846,3,PROD0000172,SELL000051,3,682.0,170.0,27.0,2073.0
ORD000001846,4,PROD0000461,SELL000073,3,959.0,169.0,88.0,2965.0
ORD000001846,5,PROD0000337,SELL000021,3,602.0,401.0,203.0,2009.0
ORD000001846,6,PROD0000135,SELL000047,1,1024.0,0.0,43.0,1067.0
ORD000001847,1,PROD0000344,SELL000084,1,424.0,106.0,66.0,490.0
ORD000001848,1,PROD0000233,SELL000024,1,2052.0,228.0,81.0,2133.0
ORD000001849,1,PROD0000253,SELL000041,2,212.0,142.0,69.0,493.0
ORD000001850,1,PROD0000439,SELL000062,1,17471.0,920.0,36.0,17507.0
ORD000001851,1,PROD0000333,SELL000021,1,600.0,0.0,43.0,643.0
ORD000001852,1,PROD0000515,SELL000062,2,13028.0,5584.0,195.0,26251.0
ORD000001852,2,PROD0000483,SELL000064,1,31775.0,0.0,150.0,31925.0
ORD000001853,1,PROD0000442,SELL000055,2,162.0,29.0,66.0,390.0
ORD000001854,1,PROD0000242,SELL000017,1,272.0,0.0,56.0,328.0
ORD000001854,2,PROD0000257,SELL000077,3,843.0,361.0,110.0,2639.0
ORD000001855,1,PROD0000459,SELL000087,1,2997.0,333.0,280.0,3277.0
ORD000001855,2,PROD0000453,SELL000025,2,354.0,0.0,163.0,871.0
ORD000001856,1,PROD0000193,SELL000011,2,626.0,156.0,65.0,1317.0
ORD000001857,1,PROD0000368,SELL000053,1,678.0,0.0,78.0,756.0
ORD000001858,1,PROD0000312,SELL000018,1,21485.0,0.0,31.0,21516.0
ORD000001859,1,PROD0000059,SELL000032,3,291.0,73.0,55.0,928.0
ORD000001859,2,PROD0000064,SELL000068,3,937.0,0.0,126.0,2937.0
ORD000001860,1,PROD0000043,SELL000021,2,2365.0,0.0,401.0,5131.0
ORD000001861,1,PROD0000133,SELL000038,3,37922.0,4214.0,150.0,113916.0
ORD000001861,2,PROD0000487,SELL000034,3,1167.0,0.0,107.0,3608.0
ORD000001861,3,PROD0000165,SELL000075,2,286.0,190.0,60.0,632.0
ORD000001862,1,PROD0000481,SELL000084,1,11589.0,2897.0,43.0,11632.0
ORD000001863,1,PROD0000229,SELL000091,2,387.0,166.0,159.0,933.0
ORD000001863,2,PROD0000238,SELL000011,2,1414.0,354.0,146.0,2974.0
ORD000001864,1,PROD0000133,SELL000080,1,29494.0,12640.0,150.0,29644.0
ORD000001865,1,PROD0000344,SELL000028,1,530.0,0.0,74.0,604.0
ORD000001866,1,PROD0000307,SELL000093,1,802.0,141.0,149.0,951.0
ORD000001867,1,PROD0000158,SELL000055,2,701.0,301.0,57.0,1459.0
ORD000001867,2,PROD0000408,SELL000096,3,1090.0,192.0,177.0,3447.0
ORD000001868,1,PROD0000365,SELL000042,3,819.0,546.0,47.0,2504.0
ORD000001869,1,PROD0000370,SELL000033,3,2441.0,610.0,55.0,7378.0
ORD000001869,2,PROD0000232,SELL000086,2,21736.0,0.0,133.0,43605.0
ORD000001869,3,PROD0000337,SELL000037,1,903.0,100.0,192.0,1095.0
ORD000001870,1,PROD0000181,SELL000081,2,3571.0,0.0,272.0,7414.0
ORD000001871,1,PROD0000520,SELL000005,1,8099.0,3471.0,28.0,8127.0
ORD000001871,2,PROD0000229,SELL000071,1,387.0,166.0,137.0,524.0
ORD000001871,3,PROD0000142,SELL000095,2,15831.0,1759.0,119.0,31781.0
ORD000001871,4,PROD0000237,SELL000029,1,1615.0,0.0,66.0,1681.0
ORD000001872,1,PROD0000490,SELL000103,2,1639.0,0.0,107.0,3385.0
ORD000001872,2,PROD0000491,SELL000002,3,647.0,0.0,44.0,1985.0
ORD000001872,3,PROD0000185,SELL000013,1,230.0,26.0,182.0,412.0
ORD000001872,4,PROD0000461,SELL000032,1,677.0,451.0,80.0,757.0
ORD000001873,1,PROD0000159,SELL000032,3,862.0,0.0,66.0,2652.0
ORD000001874,1,PROD0000101,SELL000063,1,868.0,153.0,44.0,912.0
ORD000001875,1,PROD0000115,SELL000091,3,8802.0,2201.0,55.0,26461.0
ORD000001876,1,PROD0000145,SELL000010,1,178.0,44.0,129.0,307.0
ORD000001877,1,PROD0000152,SELL000078,3,16728.0,0.0,26.0,50210.0
ORD000001878,1,PROD0000155,SELL000086,2,471.0,0.0,50.0,992.0
ORD000001879,1,PROD0000199,SELL000061,1,668.0,0.0,56.0,724.0
ORD000001880,1,PROD0000006,SELL000103,2,517.0,0.0,177.0,1211.0
ORD000001881,1,PROD0000196,SELL000010,1,1753.0,0.0,234.0,1987.0
ORD000001881,2,PROD0000276,SELL000077,1,336.0,37.0,210.0,546.0
ORD000001881,3,PROD0000208,SELL000043,2,13342.0,2354.0,27.0,26711.0
ORD000001881,4,PROD0000251,SELL000043,2,2151.0,0.0,57.0,4359.0
ORD000001882,1,PROD0000117,SELL000063,2,1282.0,142.0,62.0,2626.0
ORD000001883,1,PROD0000064,SELL000083,2,843.0,94.0,132.0,1818.0
ORD000001884,1,PROD0000469,SELL000050,2,403.0,0.0,50.0,856.0
ORD000001885,1,PROD0000515,SELL000028,2,18612.0,0.0,171.0,37395.0
ORD000001885,2,PROD0000212,SELL000027,2,1058.0,0.0,158.0,2274.0
ORD000001885,3,PROD0000396,SELL000100,1,2908.0,153.0,149.0,3057.0
ORD000001885,4,PROD0000073,SELL000043,2,19001.0,2111.0,43.0,38045.0
ORD000001886,1,PROD0000095,SELL000038,1,1357.0,0.0,55.0,1412.0
ORD000001886,2,PROD0000270,SELL000059,2,3279.0,0.0,84.0,6642.0
ORD000001886,3,PROD0000367,SELL000072,1,9748.0,0.0,31.0,9779.0
ORD000001887,1,PROD0000365,SELL000003,3,1365.0,0.0,46.0,4141.0
ORD000001888,1,PROD0000177,SELL000001,1,1345.0,237.0,221.0,1566.0
ORD000001888,2,PROD0000456,SELL000060,1,1057.0,186.0,242.0,1299.0
ORD000001889,1,PROD0000329,SELL000066,1,8130.0,1435.0,47.0,8177.0
ORD000001890,1,PROD0000164,SELL000051,1,448.0,50.0,132.0,580.0
ORD000001891,1,PROD0000245,SELL000031,3,5991.0,0.0,365.0,18338.0
ORD000001892,1,PROD0000155,SELL000082,2,471.0,0.0,48.0,990.0
ORD000001892,2,PROD0000072,SELL000010,3,1049.0,117.0,215.0,3362.0
ORD000001892,3,PROD0000003,SELL000067,2,758.0,134.0,267.0,1783.0
ORD000001893,1,PROD0000239,SELL000045,1,144.0,36.0,183.0,327.0
ORD000001894,1,PROD0000003,SELL000038,1,758.0,134.0,281.0,1039.0
ORD000001895,1,PROD0000501,SELL000011,2,307.0,54.0,41.0,655.0
ORD000001896,1,PROD0000457,SELL000070,2,1291.0,323.0,42.0,2624.0
ORD000001896,2,PROD0000389,SELL000019,1,11991.0,2116.0,36.0,12027.0
ORD000001896,3,PROD0000390,SELL000056,2,961.0,412.0,38.0,1960.0
ORD000001896,4,PROD0000326,SELL000093,1,768.0,0.0,40.0,808.0
ORD000001897,1,PROD0000381,SELL000077,1,15568.0,0.0,72.0,15640.0
ORD000001897,2,PROD0000439,SELL000006,2,16552.0,1839.0,59.0,33163.0
ORD000001897,3,PROD0000267,SELL000103,1,26785.0,1410.0,46.0,26831.0
ORD000001897,4,PROD0000431,SELL000065,1,488.0,0.0,48.0,536.0
ORD000001897,5,PROD0000123,SELL000087,2,30433.0,5371.0,122.0,60988.0
ORD000001897,6,PROD0000462,SELL000006,1,20160.0,2240.0,89.0,20249.0
ORD000001898,1,PROD0000368,SELL000096,3,610.0,68.0,71.0,1901.0
ORD000001899,1,PROD0000056,SELL000075,1,664.0,0.0,44.0,708.0
ORD000001899,2,PROD0000094,SELL000092,2,52121.0,2743.0,64.0,104306.0
ORD000001900,1,PROD0000067,SELL000102,2,352.0,39.0,45.0,749.0
ORD000001900,2,PROD0000126,SELL000088,1,1248.0,0.0,57.0,1305.0
ORD000001901,1,PROD0000416,SELL000045,2,10560.0,0.0,38.0,21158.0
ORD000001901,2,PROD0000430,SELL000088,2,1438.0,160.0,242.0,3118.0
ORD000001901,3,PROD0000518,SELL000101,1,13313.0,5706.0,160.0,13473.0
ORD000001901,4,PROD0000067,SELL000095,2,391.0,0.0,45.0,827.0
ORD000001901,5,PROD0000293,SELL000067,1,68105.0,0.0,174.0,68279.0
ORD000001902,1,PROD0000428,SELL000100,2,1011.0,0.0,70.0,2092.0
ORD000001903,1,PROD0000502,SELL000062,1,466.0,0.0,29.0,495.0
ORD000001904,1,PROD0000051,SELL000046,1,10665.0,1882.0,46.0,10711.0
ORD000001905,1,PROD0000345,SELL000017,1,30471.0,0.0,43.0,30514.0
ORD000001905,2,PROD0000041,SELL000048,1,773.0,41.0,166.0,939.0
ORD000001906,1,PROD0000044,SELL000099,-1,449.0,193.0,58.0,507.0
ORD000001907,1,PROD0000434,SELL000012,2,105.0,0.0,78.0,288.0
ORD000001908,1,PROD0000482,SELL000090,2,880.0,98.0,128.0,1888.0
ORD000001908,2,PROD0000096,SELL000067,3,652.0,280.0,213.0,2169.0
ORD000001908,3,PROD0000437,SELL000013,2,1089.0,121.0,54.0,2232.0
ORD000001909,1,PROD0000474,SELL000023,2,269.0,0.0,46.0,584.0
ORD000001909,2,PROD0000279,SELL000003,2,877.0,0.0,180.0,1934.0
ORD000001909,3,PROD0000089,SELL000077,3,2003.0,859.0,45.0,6054.0
ORD000001910,1,PROD0000387,SELL000037,1,663.0,284.0,60.0,723.0
ORD000001911,1,PROD0000285,SELL000019,2,658.0,0.0,91.0,1407.0
ORD000001912,1,PROD0000183,SELL000016,2,2930.0,326.0,160.0,6020.0
ORD000001913,1,PROD0000450,SELL000053,1,3217.0,0.0,63.0,3280.0
ORD000001914,1,PROD0000320,SELL000035,3,781.0,0.0,174.0,2517.0
ORD000001915,1,PROD0000137,SELL000095,1,11304.0,4844.0,52.0,11356.0
ORD000001916,1,PROD0000215,SELL000100,1,801.0,42.0,61.0,862.0
ORD000001917,1,PROD0000161,SELL000021,1,1013.0,0.0,47.0,1060.0
ORD000001917,2,PROD0000274,SELL000090,1,311.0,35.0,54.0,365.0
ORD000001917,3,PROD0000141,SELL000006,2,163.0,41.0,133.0,459.0
ORD000001917,4,PROD0000331,SELL000046,3,501.0,125.0,74.0,1577.0
ORD000001917,5,PROD0000233,SELL000060,1,1938.0,342.0,80.0,2018.0
ORD000001917,6,PROD0000028,SELL000028,2,228.0,57.0,49.0,505.0
ORD000001918,1,PROD0000002,SELL000068,3,6610.0,1652.0,58.0,19888.0
ORD000001919,1,PROD0000050,SELL000060,2,647.0,432.0,71.0,1365.0
ORD000001920,1,PROD0000083,SELL000098,1,11378.0,2008.0,47.0,11425.0
ORD000001921,1,PROD0000042,SELL000098,2,739.0,82.0,42.0,1520.0
ORD000001921,2,PROD0000344,SELL000085,2,371.0,159.0,73.0,815.0
ORD000001921,3,PROD0000309,SELL000083,1,553.0,29.0,59.0,612.0
ORD000001922,1,PROD0000010,SELL000035,3,353.0,19.0,64.0,1123.0
ORD000001923,1,PROD0000215,SELL000091,1,674.0,169.0,52.0,726.0
ORD000001924,1,PROD0000153,SELL000038,3,545.0,364.0,45.0,1680.0
ORD000001925,1,PROD0000260,SELL000079,2,25627.0,1349.0,75.0,51329.0
ORD000001926,1,PROD0000304,SELL000050,2,6376.0,708.0,44.0,12796.0
ORD000001927,1,PROD0000260,SELL000052,2,21581.0,5395.0,74.0,43236.0
ORD000001927,2,PROD0000207,SELL000085,3,9032.0,1004.0,32.0,27128.0
ORD000001928,1,PROD0000021,SELL000014,1,18648.0,982.0,195.0,18843.0
ORD000001929,1,PROD0000412,SELL000089,3,1925.0,0.0,51.0,5826.0
ORD000001930,1,PROD0000414,SELL000085,1,10864.0,0.0,44.0,10908.0
ORD000001931,1,PROD0000447,SELL000049,3,313.0,0.0,61.0,1000.0
ORD000001931,2,PROD0000365,SELL000068,-1,1297.0,68.0,57.0,3948.0
ORD000001932,1,PROD0000170,SELL000027,1,2537.0,634.0,293.0,2830.0
ORD000001932,2,PROD0000358,SELL000081,2,9651.0,0.0,168.0,19470.0
ORD000001932,3,PROD0000469,SELL000012,1,403.0,0.0,50.0,453.0
ORD000001932,4,PROD0000017,SELL000077,1,2097.0,233.0,95.0,2192.0
ORD000001932,5,PROD0000264,SELL000071,2,2325.0,0.0,53.0,4703.0
ORD000001933,1,PROD0000339,SELL000025,1,685.0,293.0,118.0,803.0
ORD000001934,1,PROD0000513,SELL000085,1,1066.0,0.0,37.0,1103.0
ORD000001934,2,PROD0000260,SELL000029,2,21581.0,5395.0,73.0,43235.0
ORD000001935,1,PROD0000458,SELL000056,3,21742.0,1144.0,97.0,65323.0
ORD000001936,1,PROD0000396,SELL000089,1,1837.0,1224.0,145.0,1982.0
ORD000001936,2,PROD0000411,SELL000006,1,353.0,39.0,66.0,419.0
ORD000001937,1,PROD0000050,SELL000042,1,647.0,432.0,76.0,723.0
ORD000001938,1,PROD0000262,SELL000065,2,2201.0,116.0,288.0,4690.0
ORD000001938,2,PROD0000389,SELL000018,3,11991.0,2116.0,41.0,36014.0
ORD000001938,3,PROD0000064,SELL000053,2,937.0,0.0,112.0,1986.0
ORD000001938,4,PROD0000501,SELL000067,2,343.0,18.0,49.0,735.0
ORD000001938,5,PROD0000356,SELL000091,1,378.0,0.0,33.0,411.0
ORD000001939,1,PROD0000443,SELL000031,3,17457.0,4364.0,44.0,52415.0
ORD000001940,1,PROD0000329,SELL000087,3,8608.0,956.0,43.0,25867.0
ORD000001941,1,PROD0000465,SELL000067,1,10535.0,1171.0,180.0,10715.0
ORD000001942,1,PROD0000468,SELL000053,2,13134.0,0.0,37.0,26305.0
ORD000001943,1,PROD0000039,SELL000061,1,2529.0,0.0,41.0,2570.0
ORD000001944,1,PROD0000488,SELL000103,2,1323.0,234.0,236.0,2882.0
ORD000001944,2,PROD0000275,SELL000069,3,316.0,17.0,41.0,989.0
ORD000001945,1,PROD0000254,SELL000045,1,50153.0,2640.0,26.0,50179.0
ORD000001946,1,PROD0000128,SELL000104,3,14645.0,9764.0,44.0,43979.0
ORD000001946,2,PROD0000210,SELL000072,3,426.0,0.0,81.0,1359.0
ORD000001947,1,PROD0000283,SELL000029,2,979.0,109.0,227.0,2185.0
ORD000001948,1,PROD0000277,SELL000064,2,1273.0,0.0,48.0,2594.0
ORD000001948,2,PROD0000368,SELL000102,1,576.0,102.0,81.0,657.0
ORD000001949,1,PROD0000353,SELL000073,1,13442.0,1494.0,74.0,13516.0
ORD000001950,1,PROD0000389,SELL000080,2,11991.0,2116.0,29.0,24011.0
ORD000001951,1,PROD0000301,SELL000069,1,1477.0,261.0,57.0,1534.0
ORD000001952,1,PROD0000516,SELL000089,1,7993.0,0.0,54.0,8047.0
ORD000001953,1,PROD0000457,SELL000008,2,1614.0,0.0,31.0,3259.0
ORD000001953,2,PROD0000498,SELL000084,3,604.0,0.0,47.0,1859.0
ORD000001954,1,PROD0000377,SELL000094,2,15325.0,1703.0,63.0,30713.0
ORD000001954,2,PROD0000128,SELL000002,2,24409.0,0.0,40.0,48858.0
ORD000001954,3,PROD0000502,SELL000082,1,419.0,47.0,53.0,472.0
ORD000001954,4,PROD0000477,SELL000052,1,268.0,14.0,112.0,380.0
ORD000001954,5,PROD0000154,SELL000040,3,802.0,89.0,61.0,2467.0
ORD000001954,6,PROD0000460,SELL000011,1,595.0,31.0,44.0,639.0
ORD000001955,1,PROD0000272,SELL000033,3,326.0,140.0,76.0,1054.0
ORD000001956,1,PROD0000376,SELL000070,1,20453.0,13636.0,53.0,20506.0
ORD000001957,1,PROD0000178,SELL000053,1,480.0,25.0,60.0,540.0
ORD000001958,1,PROD0000134,SELL000006,2,648.0,278.0,79.0,1375.0
ORD000001958,2,PROD0000209,SELL000032,1,863.0,216.0,160.0,1023.0
ORD000001959,1,PROD0000098,SELL000003,1,511.0,0.0,52.0,563.0
ORD000001960,1,PROD0000073,SELL000038,2,19001.0,2111.0,39.0,38041.0
ORD000001960,2,PROD0000226,SELL000095,2,18931.0,996.0,107.0,37969.0
ORD000001961,1,PROD0000493,SELL000079,2,1643.0,411.0,34.0,3320.0
ORD000001962,1,PROD0000020,SELL000096,1,1152.0,494.0,80.0,1232.0
ORD000001963,1,PROD0000170,SELL000017,2,2854.0,317.0,286.0,5994.0
ORD000001963,2,PROD0000147,SELL000065,2,486.0,54.0,53.0,1025.0
ORD000001963,3,PROD0000108,SELL000031,1,1173.0,207.0,177.0,1350.0
ORD000001963,4,PROD0000038,SELL000048,2,1547.0,81.0,68.0,3162.0
ORD000001963,5,PROD0000091,SELL000101,3,1421.0,75.0,43.0,4306.0
ORD000001964,1,PROD0000273,SELL000086,1,13156.0,1462.0,167.0,13323.0
ORD000001965,1,PROD0000222,SELL000073,2,198.0,49.0,49.0,445.0
ORD000001965,2,PROD0000321,SELL000101,1,1366.0,152.0,69.0,1435.0
ORD000001966,1,PROD0000446,SELL000052,3,37771.0,0.0,180.0,113493.0
ORD000001967,1,PROD0000057,SELL000005,1,34506.0,0.0,46.0,34552.0
ORD000001968,1,PROD0000172,SELL000095,2,809.0,43.0,38.0,1656.0
ORD000001969,1,PROD0000455,SELL000010,3,9772.0,1724.0,42.0,29358.0
ORD000001969,2,PROD0000122,SELL000027,2,449.0,24.0,106.0,1004.0
ORD000001970,1,PROD0000050,SELL000095,1,1025.0,54.0,69.0,1094.0
ORD000001971,1,PROD0000124,SELL000093,1,23171.0,9931.0,57.0,23228.0
ORD000001971,2,PROD0000206,SELL000010,1,452.0,113.0,51.0,503.0
ORD000001971,3,PROD0000133,SELL000089,1,40028.0,2107.0,157.0,40185.0
ORD000001972,1,PROD0000261,SELL000074,2,7420.0,1309.0,39.0,14879.0
ORD000001973,1,PROD0000106,SELL000011,2,245.0,13.0,197.0,687.0
ORD000001974,1,PROD0000303,SELL000058,1,10779.0,1198.0,51.0,10830.0
ORD000001974,2,PROD0000451,SELL000027,3,43801.0,0.0,47.0,131450.0
ORD000001975,1,PROD0000166,SELL000054,2,304.0,16.0,63.0,671.0
ORD000001976,1,PROD0000282,SELL000019,2,668.0,74.0,51.0,1387.0
ORD000001977,1,PROD0000371,SELL000010,1,3280.0,173.0,471.0,3751.0
ORD000001978,1,PROD0000034,SELL000068,2,242.0,43.0,82.0,566.0
ORD000001979,1,PROD0000177,SELL000076,3,1582.0,0.0,224.0,4970.0
ORD000001980,1,PROD0000330,SELL000020,1,13029.0,0.0,34.0,13063.0
ORD000001981,1,PROD0000131,SELL000063,2,1280.0,549.0,90.0,2650.0
ORD000001981,2,PROD0000214,SELL000051,1,1887.0,99.0,102.0,1989.0
ORD000001982,1,PROD0000236,SELL000097,2,54623.0,0.0,57.0,109303.0
ORD000001982,2,PROD0000487,SELL000059,1,1109.0,58.0,101.0,1210.0
ORD000001982,3,PROD0000059,SELL000050,1,364.0,0.0,43.0,407.0
ORD000001983,1,PROD0000330,SELL000000,3,11075.0,1954.0,43.0,33268.0
ORD000001984,1,PROD0000503,SELL000095,1,9814.0,0.0,48.0,9862.0
ORD000001984,2,PROD0000471,SELL000069,3,839.0,560.0,153.0,2670.0
ORD000001985,1,PROD0000286,SELL000019,1,1937.0,0.0,146.0,2083.0
ORD000001986,1,PROD0000202,SELL000000,3,22889.0,1205.0,123.0,68790.0
ORD000001987,1,PROD0000075,SELL000021,3,574.0,64.0,45.0,1767.0
ORD000001988,1,PROD0000136,SELL000052,3,21772.0,0.0,42.0,65358.0
ORD000001989,1,PROD0000414,SELL000099,3,10864.0,0.0,30.0,32622.0
ORD000001990,1,PROD0000013,SELL000065,0,1306.0,0.0,207.0,4125.0
ORD000001991,1,PROD0000375,SELL000010,1,2078.0,0.0,266.0,2344.0
ORD000001992,1,PROD0000484,SELL000020,3,514.0,91.0,61.0,1603.0
ORD000001993,1,PROD0000224,SELL000024,3,1395.0,598.0,80.0,4265.0
ORD000001994,1,PROD0000421,SELL000007,2,16131.0,849.0,42.0,32304.0
ORD000001995,1,PROD0000512,SELL000014,2,777.0,86.0,44.0,1598.0
ORD000001996,1,PROD0000396,SELL000009,3,2755.0,306.0,148.0,8413.0
ORD000001997,1,PROD0000260,SELL000074,2,26976.0,0.0,94.0,54046.0
ORD000001998,1,PROD0000293,SELL000071,2,64700.0,3405.0,164.0,129564.0
ORD000001999,1,PROD0000110,SELL000081,3,824.0,550.0,53.0,2525.0
ORD000002000,1,PROD0000068,SELL000019,3,176.0,0.0,65.0,593.0
ORD000002001,1,PROD0000412,SELL000094,3,1925.0,0.0,39.0,5814.0
ORD000002002,1,PROD0000270,SELL000039,3,3279.0,0.0,94.0,9931.0
ORD000002002,2,PROD0000483,SELL000015,2,28598.0,3178.0,152.0,57348.0
ORD000002003,1,PROD0000387,SELL000016,2,758.0,189.0,63.0,1579.0
ORD000002004,1,PROD0000136,SELL000033,2,20683.0,1089.0,44.0,41410.0
ORD000002005,1,PROD0000501,SELL000009,1,361.0,0.0,41.0,402.0
ORD000002006,1,PROD0000003,SELL000033,2,892.0,0.0,275.0,2059.0
ORD000002006,2,PROD0000049,SELL000069,2,9775.0,2444.0,48.0,19598.0
ORD000002006,3,PROD0000317,SELL000102,1,408.0,21.0,49.0,457.0
ORD000002007,1,PROD0000314,SELL000000,3,17443.0,0.0,29.0,52358.0
ORD000002007,2,PROD0000381,SELL000061,1,15568.0,0.0,78.0,15646.0
ORD000002008,1,PROD0000337,SELL000024,1,1003.0,0.0,189.0,1192.0
ORD000002009,1,PROD0000135,SELL000035,2,614.0,410.0,57.0,1285.0
ORD000002009,2,PROD0000077,SELL000067,2,25870.0,1362.0,34.0,51774.0
ORD000002009,3,PROD0000502,SELL000031,1,466.0,0.0,37.0,503.0
ORD000002009,4,PROD0000176,SELL000046,1,309.0,132.0,73.0,382.0
ORD000002009,5,PROD0000087,SELL000033,1,328.0,218.0,118.0,446.0
ORD000002010,1,PROD0000036,SELL000038,2,41591.0,0.0,155.0,83337.0
ORD000002011,1,PROD0000417,SELL000074,1,17242.0,0.0,147.0,17389.0
ORD000002011,2,PROD0000440,SELL000030,1,5581.0,3721.0,44.0,5625.0
ORD000002011,3,PROD0000456,SELL000057,2,1243.0,0.0,246.0,2732.0
ORD000002011,4,PROD0000444,SELL000083,2,1771.0,0.0,58.0,3600.0
ORD000002011,5,PROD0000089,SELL000065,1,2719.0,143.0,49.0,2768.0
ORD000002012,1,PROD0000007,SELL000079,-1,489.0,122.0,52.0,1030.0
ORD000002013,1,PROD0000261,SELL000049,3,8293.0,436.0,51.0,24930.0
ORD000002014,1,PROD0000264,SELL000048,2,2325.0,0.0,44.0,4694.0
ORD000002015,1,PROD0000014,SELL000002,2,91.0,16.0,71.0,253.0
ORD000002016,1,PROD0000456,SELL000073,2,994.0,249.0,235.0,2223.0
ORD000002016,2,PROD0000334,SELL000072,1,478.0,0.0,72.0,550.0
ORD000002017,1,PROD0000355,SELL000053,1,212.0,0.0,104.0,316.0
ORD000002018,1,PROD0000284,SELL000076,1,584.0,103.0,51.0,635.0
ORD000002019,1,PROD0000517,SELL000069,2,338.0,0.0,45.0,721.0
ORD000002020,1,PROD0000405,SELL000018,1,19451.0,3433.0,57.0,19508.0
ORD000002020,2,PROD0000301,SELL000023,1,1738.0,0.0,46.0,1784.0
ORD000002020,3,PROD0000261,SELL000068,1,6983.0,1746.0,43.0,7026.0
ORD000002020,4,PROD0000434,SELL000010,1,105.0,0.0,59.0,164.0
ORD000002020,5,PROD0000184,SELL000092,1,19473.0,0.0,48.0,19521.0
ORD000002021,1,PROD0000448,SELL000036,2,1393.0,0.0,46.0,2832.0
ORD000002021,2,PROD0000071,SELL000063,1,28143.0,0.0,53.0,28196.0
ORD000002021,3,PROD0000018,SELL000054,2,992.0,110.0,53.0,2037.0
ORD000002021,4,PROD0000026,SELL000070,2,80.0,9.0,119.0,279.0
ORD000002021,5,PROD0000190,SELL000037,2,1025.0,256.0,173.0,2223.0
ORD000002022,1,PROD0000275,SELL000073,1,300.0,33.0,59.0,359.0
ORD000002023,1,PROD0000466,SELL000018,1,8736.0,460.0,89.0,8825.0
ORD000002024,1,PROD0000478,SELL000034,1,33572.0,8393.0,58.0,33630.0
ORD000002025,1,PROD0000016,SELL000004,1,1530.0,0.0,34.0,1564.0
ORD000002026,1,PROD0000399,SELL000016,3,201.0,35.0,36.0,639.0
ORD000002026,2,PROD0000104,SELL000005,1,987.0,110.0,38.0,1025.0
ORD000002026,3,PROD0000204,SELL000049,3,1450.0,0.0,140.0,4490.0
ORD000002026,4,PROD0000447,SELL000007,3,282.0,31.0,78.0,924.0
ORD000002026,5,PROD0000512,SELL000024,1,518.0,345.0,53.0,571.0
ORD000002026,6,PROD0000413,SELL000050,1,3130.0,0.0,237.0,3367.0
ORD000002027,1,PROD0000095,SELL000072,2,1221.0,136.0,39.0,2481.0
ORD000002027,2,PROD0000019,SELL000002,1,2507.0,132.0,431.0,2938.0
ORD000002028,1,PROD0000519,SELL000075,1,23619.0,1243.0,48.0,23667.0
ORD000002028,2,PROD0000122,SELL000054,1,473.0,0.0,100.0,573.0
ORD000002029,1,PROD0000119,SELL000000,2,3211.0,0.0,134.0,6556.0
ORD000002030,1,PROD0000271,SELL000010,1,292.0,0.0,54.0,346.0
ORD000002030,2,PROD0000087,SELL000100,3,437.0,109.0,127.0,1438.0
ORD000002031,1,PROD0000346,SELL000047,1,745.0,0.0,46.0,791.0
ORD000002031,2,PROD0000447,SELL000097,2,282.0,31.0,58.0,622.0
ORD000002031,3,PROD0000180,SELL000054,2,25756.0,0.0,59.0,51571.0
ORD000002031,4,PROD0000244,SELL000013,2,1454.0,0.0,209.0,3117.0
ORD000002031,5,PROD0000468,SELL000076,1,11821.0,1313.0,38.0,11859.0
ORD000002032,1,PROD0000464,SELL000050,3,2991.0,332.0,169.0,9142.0
ORD000002032,2,PROD0000048,SELL000039,1,1607.0,179.0,64.0,1671.0
ORD000002032,3,PROD0000389,SELL000021,1,11991.0,2116.0,44.0,12035.0
ORD000002032,4,PROD0000010,SELL000046,1,335.0,37.0,66.0,401.0
ORD000002032,5,PROD0000081,SELL000101,2,763.0,0.0,51.0,1577.0
ORD000002032,6,PROD0000326,SELL000022,1,768.0,0.0,52.0,820.0
ORD000002033,1,PROD0000063,SELL000059,1,823.0,0.0,183.0,1006.0
ORD000002034,1,PROD0000095,SELL000003,1,1289.0,68.0,48.0,1337.0
ORD000002035,1,PROD0000232,SELL000073,1,21736.0,0.0,153.0,21889.0
ORD000002035,2,PROD0000216,SELL000093,1,305.0,16.0,72.0,377.0
ORD000002035,3,PROD0000292,SELL000102,2,1063.0,0.0,165.0,2291.0
ORD000002035,4,PROD0000479,SELL000085,1,1054.0,55.0,54.0,1108.0
ORD000002035,5,PROD0000220,SELL000070,1,147.0,8.0,63.0,210.0
ORD000002036,1,PROD0000159,SELL000061,3,517.0,345.0,53.0,1604.0
ORD000002037,1,PROD0000110,SELL000091,1,962.0,412.0,59.0,1021.0
ORD000002038,1,PROD0000456,SELL000001,3,746.0,497.0,245.0,2483.0
ORD000002039,1,PROD0000113,SELL000025,1,20649.0,3644.0,53.0,20702.0
ORD000002040,1,PROD0000002,SELL000004,2,4957.0,3305.0,39.0,9953.0
ORD000002040,2,PROD0000265,SELL000024,3,3388.0,0.0,429.0,10593.0
ORD000002040,3,PROD0000381,SELL000023,1,14011.0,1557.0,80.0,14091.0
ORD000002041,1,PROD0000007,SELL000046,1,519.0,92.0,50.0,569.0
ORD000002041,2,PROD0000331,SELL000072,1,595.0,31.0,60.0,655.0
ORD000002041,3,PROD0000228,SELL000092,1,24907.0,0.0,69.0,24976.0
ORD000002041,4,PROD0000404,SELL000062,1,1085.0,191.0,93.0,1178.0
ORD000002041,5,PROD0000017,SELL000004,1,1398.0,932.0,94.0,1492.0
ORD000002042,1,PROD0000467,SELL000010,1,8719.0,969.0,52.0,8771.0
ORD000002042,2,PROD0000454,SELL000046,3,13391.0,0.0,36.0,40209.0
ORD000002042,3,PROD0000357,SELL000064,1,694.0,0.0,39.0,733.0
ORD000002042,4,PROD0000323,SELL000086,1,3295.0,0.0,202.0,3497.0
ORD000002042,5,PROD0000366,SELL000039,1,628.0,157.0,60.0,688.0
ORD000002043,1,PROD0000083,SELL000018,2,12717.0,669.0,40.0,25474.0
ORD000002044,1,PROD0000467,SELL000014,1,9688.0,0.0,42.0,9730.0
ORD000002044,2,PROD0000400,SELL000064,1,38190.0,9547.0,132.0,38322.0
ORD000002044,3,PROD0000393,SELL000104,3,14668.0,772.0,56.0,44060.0
ORD000002044,4,PROD0000256,SELL000007,2,262.0,65.0,49.0,573.0
ORD000002044,5,PROD0000073,SELL000000,1,16890.0,4222.0,52.0,16942.0
ORD000002044,6,PROD0000266,SELL000001,3,818.0,144.0,87.0,2541.0
ORD000002045,1,PROD0000283,SELL000057,1,653.0,435.0,223.0,876.0
ORD000002046,1,PROD0000133,SELL000033,1,29494.0,12640.0,157.0,29651.0
ORD000002047,1,PROD0000481,SELL000086,1,14486.0,0.0,43.0,14529.0
ORD000002048,1,PROD0000205,SELL000084,1,15331.0,0.0,39.0,15370.0
ORD000002048,2,PROD0000497,SELL000052,1,743.0,496.0,141.0,884.0
ORD000002049,1,PROD0000457,SELL000004,1,1372.0,242.0,40.0,1412.0
ORD000002049,2,PROD0000038,SELL000059,1,1547.0,81.0,60.0,1607.0
ORD000002049,3,PROD0000076,SELL000038,1,316.0,79.0,142.0,458.0
ORD000002049,4,PROD0000204,SELL000087,1,1305.0,145.0,148.0,1453.0
ORD000002050,1,PROD0000324,SELL000076,3,1869.0,98.0,157.0,5764.0
ORD000002050,2,PROD0000059,SELL000100,2,364.0,0.0,57.0,785.0
ORD000002050,3,PROD0000113,SELL000038,1,19434.0,4859.0,49.0,19483.0
ORD000002051,1,PROD0000446,SELL000033,2,30217.0,7554.0,179.0,60613.0
ORD000002051,2,PROD0000231,SELL000050,3,10891.0,4667.0,27.0,32700.0
ORD000002051,3,PROD0000289,SELL000086,2,888.0,222.0,57.0,1833.0
ORD000002051,4,PROD0000277,SELL000052,1,1273.0,0.0,65.0,1338.0
ORD000002052,1,PROD0000504,SELL000035,2,2142.0,113.0,121.0,4405.0
ORD000002053,1,PROD0000063,SELL000095,1,823.0,0.0,166.0,989.0
ORD000002053,2,PROD0000271,SELL000041,2,292.0,0.0,60.0,644.0
ORD000002054,1,PROD0000040,SELL000091,2,238.0,60.0,195.0,671.0
ORD000002055,1,PROD0000024,SELL000067,1,114.0,0.0,92.0,206.0
ORD000002055,2,PROD0000252,SELL000006,-1,152.0,8.0,90.0,394.0
ORD000002056,1,PROD0000470,SELL000051,1,3054.0,764.0,53.0,3107.0
ORD000002056,2,PROD0000213,SELL000072,1,5412.0,1353.0,384.0,5796.0
ORD000002057,1,PROD0000373,SELL000096,1,676.0,0.0,55.0,731.0
ORD000002058,1,PROD0000479,SELL000057,3,1109.0,0.0,33.0,3360.0
ORD000002059,1,PROD0000003,SELL000001,1,847.0,45.0,272.0,1119.0
ORD000002060,1,PROD0000363,SELL000037,1,529.0,59.0,41.0,570.0
ORD000002060,2,PROD0000468,SELL000101,1,10507.0,2627.0,40.0,10547.0
ORD000002060,3,PROD0000467,SELL000051,3,8719.0,969.0,45.0,26202.0
ORD000002061,1,PROD0000383,SELL000040,2,3393.0,0.0,387.0,7173.0
ORD000002062,1,PROD0000483,SELL000092,1,27009.0,4766.0,148.0,27157.0
ORD000002063,1,PROD0000313,SELL000043,2,23837.0,1255.0,41.0,47715.0
ORD000002063,2,PROD0000009,SELL000081,1,311.0,78.0,32.0,343.0
ORD000002063,3,PROD0000511,SELL000002,2,884.0,0.0,147.0,1915.0
ORD000002063,4,PROD0000458,SELL000059,3,21742.0,1144.0,83.0,65309.0
ORD000002063,5,PROD0000099,SELL000002,2,1472.0,77.0,85.0,3029.0
ORD000002064,1,PROD0000499,SELL000018,1,4956.0,551.0,92.0,5048.0
ORD000002065,1,PROD0000339,SELL000057,1,929.0,49.0,116.0,1045.0
ORD000002066,1,PROD0000235,SELL000064,2,889.0,47.0,60.0,1838.0
ORD000002066,2,PROD0000426,SELL000012,1,2082.0,367.0,159.0,2241.0
ORD000002067,1,PROD0000331,SELL000052,2,626.0,0.0,75.0,1327.0
ORD000002068,1,PROD0000411,SELL000042,2,392.0,0.0,52.0,836.0
ORD000002069,1,PROD0000180,SELL000046,1,25756.0,0.0,56.0,25812.0
ORD000002069,2,PROD0000203,SELL000085,2,14908.0,0.0,44.0,29860.0
ORD000002070,1,PROD0000051,SELL000099,2,11292.0,1255.0,59.0,22643.0
ORD000002071,1,PROD0000463,SELL000007,1,15710.0,0.0,93.0,15803.0
ORD000002072,1,PROD0000136,SELL000104,2,21772.0,0.0,30.0,43574.0
ORD000002073,1,PROD0000071,SELL000005,1,16886.0,11257.0,54.0,16940.0
ORD000002073,2,PROD0000041,SELL000099,1,773.0,41.0,175.0,948.0
ORD000002073,3,PROD0000201,SELL000064,2,1219.0,305.0,55.0,2493.0
ORD000002074,1,PROD0000253,SELL000077,1,301.0,53.0,76.0,377.0
ORD000002075,1,PROD0000434,SELL000025,1,105.0,0.0,66.0,171.0
ORD000002075,2,PROD0000340,SELL000062,1,366.0,41.0,38.0,404.0
ORD000002075,3,PROD0000420,SELL000062,1,1855.0,206.0,369.0,2224.0
ORD000002076,1,PROD0000002,SELL000033,1,8262.0,0.0,35.0,8297.0
ORD000002077,1,PROD0000015,SELL000052,2,3540.0,0.0,298.0,7378.0
ORD000002078,1,PROD0000119,SELL000099,1,3211.0,0.0,140.0,3351.0
ORD000002079,1,PROD0000200,SELL000011,2,1440.0,0.0,123.0,3003.0
ORD000002080,1,PROD0000038,SELL000047,2,1628.0,0.0,63.0,3319.0
ORD000002080,2,PROD0000452,SELL000035,1,266.0,0.0,58.0,324.0
ORD000002081,1,PROD0000503,SELL000021,1,8833.0,981.0,48.0,8881.0
ORD000002082,1,PROD0000252,SELL000050,2,160.0,0.0,97.0,417.0
ORD000002082,2,PROD0000418,SELL000011,1,217.0,54.0,60.0,277.0
ORD000002083,1,PROD0000099,SELL000012,2,1549.0,0.0,77.0,3175.0
ORD000002083,2,PROD0000016,SELL000087,2,1377.0,153.0,33.0,2787.0
ORD000002084,1,PROD0000468,SELL000033,2,10507.0,2627.0,41.0,21055.0
ORD000002085,1,PROD0000424,SELL000034,1,538.0,28.0,69.0,607.0
ORD000002085,2,PROD0000394,SELL000069,2,8205.0,0.0,46.0,16456.0
ORD000002085,3,PROD0000431,SELL000080,3,488.0,0.0,38.0,1502.0
ORD000002086,1,PROD0000370,SELL000090,1,3051.0,0.0,64.0,3115.0
ORD000002087,1,PROD0000419,SELL000065,2,511.0,0.0,208.0,1230.0
ORD000002087,2,PROD0000503,SELL000027,1,8833.0,981.0,50.0,8883.0
ORD000002088,1,PROD0000457,SELL000029,3,1453.0,161.0,37.0,4396.0
ORD000002089,1,PROD0000463,SELL000074,2,14924.0,786.0,90.0,29938.0
ORD000002090,1,PROD0000244,SELL000089,3,872.0,582.0,195.0,2811.0
ORD000002090,2,PROD0000426,SELL000096,2,1714.0,735.0,144.0,3572.0
ORD000002091,1,PROD0000124,SELL000088,1,33102.0,0.0,51.0,33153.0
ORD000002092,1,PROD0000163,SELL000065,1,228.0,40.0,59.0,287.0
ORD000002092,2,PROD0000453,SELL000018,2,354.0,0.0,153.0,861.0
ORD000002092,3,PROD0000189,SELL000043,3,6415.0,1132.0,37.0,19282.0
ORD000002093,1,PROD0000434,SELL000012,1,89.0,16.0,67.0,156.0
ORD000002093,2,PROD0000258,SELL000046,1,7482.0,394.0,47.0,7529.0
ORD000002094,1,PROD0000143,SELL000063,2,22892.0,1205.0,51.0,45835.0
ORD000002094,2,PROD0000214,SELL000070,2,1787.0,199.0,95.0,3669.0
ORD000002095,1,PROD0000302,SELL000024,1,1162.0,0.0,46.0,1208.0
ORD000002096,1,PROD0000033,SELL000073,1,6290.0,699.0,55.0,6345.0
ORD000002096,2,PROD0000290,SELL000034,1,278.0,119.0,60.0,338.0
ORD000002096,3,PROD0000054,SELL000073,2,1374.0,72.0,49.0,2797.0
ORD000002096,4,PROD0000254,SELL000098,1,52793.0,0.0,35.0,52828.0
ORD000002097,1,PROD0000168,SELL000030,2,1313.0,146.0,38.0,2664.0
ORD000002097,2,PROD0000317,SELL000018,3,365.0,64.0,49.0,1144.0
ORD000002097,3,PROD0000437,SELL000101,1,1089.0,121.0,47.0,1136.0
ORD000002097,4,PROD0000043,SELL000049,1,2365.0,0.0,388.0,2753.0
ORD000002097,5,PROD0000044,SELL000024,2,546.0,96.0,60.0,1152.0
ORD000002098,1,PROD0000236,SELL000030,2,54623.0,0.0,42.0,109288.0
ORD000002099,1,PROD0000392,SELL000049,1,5708.0,300.0,43.0,5751.0
ORD000002100,1,PROD0000145,SELL000036,3,211.0,11.0,131.0,764.0
ORD000002100,2,PROD0000407,SELL000095,1,474.0,118.0,44.0,518.0
ORD000002100,3,PROD0000001,SELL000038,1,7279.0,1820.0,34.0,7313.0
ORD000002100,4,PROD0000153,SELL000049,1,727.0,182.0,51.0,778.0
ORD000002101,1,PROD0000270,SELL000027,1,2623.0,656.0,81.0,2704.0
ORD000002102,1,PROD0000326,SELL000074,1,768.0,0.0,57.0,825.0
ORD000002103,1,PROD0000190,SELL000080,2,1089.0,192.0,186.0,2364.0
ORD000002103,2,PROD0000459,SELL000059,1,2830.0,500.0,276.0,3106.0
ORD000002103,3,PROD0000224,SELL000085,3,1594.0,399.0,74.0,4856.0
ORD000002103,4,PROD0000331,SELL000028,1,501.0,125.0,63.0,564.0
ORD000002103,5,PROD0000058,SELL000056,3,4575.0,0.0,76.0,13801.0
ORD000002104,1,PROD0000484,SELL000076,2,605.0,0.0,47.0,1257.0
ORD000002105,1,PROD0000263,SELL000094,1,750.0,187.0,35.0,785.0
ORD000002105,2,PROD0000244,SELL000034,1,1454.0,0.0,218.0,1672.0
ORD000002105,3,PROD0000140,SELL000014,3,1555.0,0.0,141.0,4806.0
ORD000002105,4,PROD0000316,SELL000082,2,191.0,127.0,128.0,510.0
ORD000002105,5,PROD0000000,SELL000053,1,789.0,526.0,39.0,828.0
ORD000002106,1,PROD0000235,SELL000005,1,936.0,0.0,66.0,1002.0
ORD000002107,1,PROD0000406,SELL000086,1,527.0,0.0,34.0,561.0
ORD000002108,1,PROD0000405,SELL000052,2,21740.0,1144.0,56.0,43536.0
ORD000002109,1,PROD0000327,SELL000065,2,667.0,0.0,48.0,1382.0
ORD000002110,1,PROD0000195,SELL000037,1,989.0,0.0,50.0,1039.0
ORD000002110,2,PROD0000275,SELL000103,2,333.0,0.0,37.0,703.0
ORD000002110,3,PROD0000088,SELL000045,1,889.0,222.0,161.0,1050.0
ORD000002110,4,PROD0000324,SELL000062,1,1869.0,98.0,160.0,2029.0
ORD000002111,1,PROD0000112,SELL000056,2,16067.0,0.0,39.0,32173.0
ORD000002111,2,PROD0000168,SELL000100,2,1313.0,146.0,38.0,2664.0
ORD000002112,1,PROD0000382,SELL000064,2,989.0,0.0,50.0,2028.0
ORD000002112,2,PROD0000064,SELL000010,1,656.0,281.0,124.0,780.0
ORD000002112,3,PROD0000171,SELL000089,1,229.0,0.0,134.0,363.0
ORD000002112,4,PROD0000185,SELL000004,1,255.0,0.0,160.0,415.0
ORD000002112,5,PROD0000493,SELL000055,2,1951.0,103.0,33.0,3935.0
ORD000002113,1,PROD0000411,SELL000037,3,392.0,0.0,54.0,1230.0
ORD000002114,1,PROD0000194,SELL000050,1,11854.0,0.0,54.0,11908.0
ORD000002114,2,PROD0000316,SELL000088,2,223.0,95.0,127.0,573.0
ORD000002114,3,PROD0000125,SELL000011,1,633.0,158.0,132.0,765.0
ORD000002114,4,PROD0000412,SELL000005,1,1348.0,578.0,48.0,1396.0
ORD000002114,5,PROD0000179,SELL000094,3,637.0,112.0,55.0,1966.0
ORD000002114,6,PROD0000470,SELL000026,2,3818.0,0.0,44.0,7680.0
ORD000002115,1,PROD0000464,SELL000046,1,1994.0,1329.0,155.0,2149.0
ORD000002115,2,PROD0000130,SELL000103,1,3828.0,675.0,93.0,3921.0
ORD000002116,1,PROD0000213,SELL000076,2,6427.0,338.0,360.0,13214.0
ORD000002117,1,PROD0000476,SELL000067,1,695.0,123.0,176.0,871.0
ORD000002118,1,PROD0000050,SELL000000,2,971.0,108.0,63.0,2005.0
ORD000002119,1,PROD0000345,SELL000041,1,25900.0,4571.0,43.0,25943.0
ORD000002120,1,PROD0000268,SELL000054,1,233.0,58.0,43.0,276.0
ORD000002120,2,PROD0000292,SELL000008,3,744.0,319.0,157.0,2389.0
ORD000002120,3,PROD0000298,SELL000067,1,720.0,180.0,52.0,772.0
ORD000002120,4,PROD0000262,SELL000079,1,1622.0,695.0,277.0,1899.0
ORD000002121,1,PROD0000178,SELL000038,1,454.0,50.0,67.0,521.0
ORD000002121,2,PROD0000244,SELL000097,1,1454.0,0.0,207.0,1661.0
ORD000002121,3,PROD0000509,SELL000098,1,6184.0,1091.0,77.0,6261.0
ORD000002121,4,PROD0000038,SELL000077,2,1465.0,163.0,64.0,2994.0
ORD000002121,5,PROD0000083,SELL000032,1,13386.0,0.0,43.0,13429.0
ORD000002122,1,PROD0000028,SELL000012,1,256.0,28.0,50.0,306.0
ORD000002123,1,PROD0000325,SELL000073,2,314.0,17.0,42.0,670.0
ORD000002124,1,PROD0000172,SELL000055,1,809.0,43.0,39.0,848.0
ORD000002125,1,PROD0000023,SELL000075,1,1349.0,238.0,77.0,1426.0
ORD000002125,2,PROD0000106,SELL000042,1,181.0,77.0,200.0,381.0
ORD000002125,3,PROD0000135,SELL000016,3,1024.0,0.0,48.0,3120.0
ORD000002126,1,PROD0000045,SELL000094,3,9840.0,2460.0,44.0,29564.0
ORD000002127,1,PROD0000399,SELL000101,1,236.0,0.0,57.0,293.0
ORD000002128,1,PROD0000012,SELL000080,1,35494.0,3944.0,127.0,35621.0
ORD000002129,1,PROD0000459,SELL000002,1,2664.0,666.0,272.0,2936.0
ORD000002129,2,PROD0000509,SELL000084,1,5092.0,2182.0,79.0,5171.0
ORD000002129,3,PROD0000477,SELL000104,2,282.0,0.0,102.0,666.0
ORD000002129,4,PROD0000110,SELL000043,2,1099.0,275.0,64.0,2262.0
ORD000002129,5,PROD0000118,SELL000052,1,1853.0,794.0,236.0,2089.0
ORD000002130,1,PROD0000513,SELL000002,1,1066.0,0.0,51.0,1117.0
ORD000002131,1,PROD0000324,SELL000063,3,1869.0,98.0,157.0,5764.0
ORD000002132,1,PROD0000283,SELL000079,1,870.0,218.0,220.0,1090.0
ORD000002133,1,PROD0000450,SELL000021,2,3217.0,0.0,56.0,6490.0
ORD000002133,2,PROD0000099,SELL000066,2,1394.0,155.0,63.0,2851.0
ORD000002133,3,PROD0000211,SELL000027,2,1649.0,87.0,98.0,3396.0
ORD000002133,4,PROD0000075,SELL000014,2,574.0,64.0,62.0,1210.0
ORD000002133,5,PROD0000416,SELL000002,2,10032.0,528.0,56.0,20120.0
ORD000002134,1,PROD0000104,SELL000079,2,1097.0,0.0,42.0,2236.0
ORD000002134,2,PROD0000068,SELL000022,2,176.0,0.0,52.0,404.0
ORD000002135,1,PROD0000189,SELL000015,1,6038.0,1509.0,49.0,6087.0
ORD000002135,2,PROD0000294,SELL000100,3,11877.0,1320.0,60.0,35691.0
ORD000002135,3,PROD0000106,SELL000077,1,245.0,13.0,185.0,430.0
ORD000002135,4,PROD0000468,SELL000026,2,11164.0,1970.0,67.0,22395.0
ORD000002136,1,PROD0000431,SELL000074,1,488.0,0.0,51.0,539.0
ORD000002136,2,PROD0000479,SELL000052,2,1109.0,0.0,68.0,2286.0
ORD000002136,3,PROD0000191,SELL000000,3,2339.0,260.0,51.0,7068.0
ORD000002136,4,PROD0000202,SELL000028,1,24094.0,0.0,115.0,24209.0
ORD000002137,1,PROD0000274,SELL000081,2,346.0,0.0,49.0,741.0
ORD000002138,1,PROD0000473,SELL000075,2,852.0,150.0,42.0,1746.0
ORD000002138,2,PROD0000261,SELL000042,1,6110.0,2619.0,43.0,6153.0
ORD000002139,1,PROD0000202,SELL000103,1,24094.0,0.0,115.0,24209.0
ORD000002139,2,PROD0000343,SELL000053,2,2055.0,108.0,115.0,4225.0
ORD000002139,3,PROD0000069,SELL000001,2,67808.0,11966.0,130.0,135746.0
ORD000002140,1,PROD0000519,SELL000101,1,19890.0,4972.0,49.0,19939.0
ORD000002141,1,PROD0000358,SELL000002,1,9651.0,0.0,159.0,9810.0
ORD000002141,2,PROD0000231,SELL000096,3,12446.0,3112.0,36.0,37374.0
ORD000002142,1,PROD0000047,SELL000007,2,184.0,123.0,30.0,398.0
ORD000002143,1,PROD0000168,SELL000040,2,1459.0,0.0,47.0,2965.0
ORD000002143,2,PROD0000298,SELL000005,2,900.0,0.0,66.0,1866.0
ORD000002143,3,PROD0000507,SELL000074,1,1679.0,296.0,194.0,1873.0
ORD000002144,1,PROD0000253,SELL000032,1,354.0,0.0,81.0,435.0
ORD000002145,1,PROD0000519,SELL000053,1,24862.0,0.0,51.0,24913.0
ORD000002146,1,PROD0000269,SELL000019,1,12092.0,3023.0,79.0,12171.0
ORD000002146,2,PROD0000406,SELL000086,1,448.0,79.0,38.0,486.0
ORD000002147,1,PROD0000051,SELL000048,1,11292.0,1255.0,52.0,11344.0
ORD000002148,1,PROD0000415,SELL000033,1,764.0,85.0,64.0,828.0
ORD000002149,1,PROD0000126,SELL000002,3,1123.0,125.0,76.0,3445.0
ORD000002150,1,PROD0000212,SELL000049,1,899.0,159.0,170.0,1069.0
ORD000002150,2,PROD0000168,SELL000076,1,1167.0,292.0,34.0,1201.0
ORD000002150,3,PROD0000280,SELL000011,1,491.0,123.0,77.0,568.0
ORD000002151,1,PROD0000320,SELL000053,1,742.0,39.0,173.0,915.0
ORD000002151,2,PROD0000183,SELL000097,2,2605.0,651.0,158.0,5368.0
ORD000002151,3,PROD0000029,SELL000091,2,388.0,68.0,61.0,837.0
ORD000002151,4,PROD0000322,SELL000094,1,5519.0,290.0,38.0,5557.0
ORD000002151,5,PROD0000218,SELL000094,2,966.0,0.0,45.0,1977.0
ORD000002151,6,PROD0000430,SELL000028,1,1518.0,80.0,239.0,1757.0
ORD000002152,1,PROD0000362,SELL000016,1,946.0,50.0,59.0,1005.0
ORD000002152,2,PROD0000194,SELL000061,1,11854.0,0.0,37.0,11891.0
ORD000002153,1,PROD0000027,SELL000075,1,1418.0,0.0,31.0,1449.0
ORD000002154,1,PROD0000278,SELL000039,1,186.0,0.0,139.0,325.0
ORD000002154,2,PROD0000414,SELL000024,2,10864.0,0.0,33.0,21761.0
ORD000002155,1,PROD0000403,SELL000016,2,705.0,78.0,60.0,1470.0
ORD000002155,2,PROD0000174,SELL000053,2,1204.0,213.0,41.0,2449.0
ORD000002156,1,PROD0000108,SELL000004,2,1242.0,138.0,178.0,2662.0
ORD000002157,1,PROD0000038,SELL000071,1,1384.0,244.0,63.0,1447.0
ORD000002158,1,PROD0000318,SELL000086,1,53220.0,2801.0,40.0,53260.0
ORD000002159,1,PROD0000136,SELL000087,1,17418.0,4354.0,35.0,17453.0
ORD000002160,1,PROD0000404,SELL000030,1,1085.0,191.0,111.0,1196.0
ORD000002160,2,PROD0000311,SELL000010,3,235.0,41.0,53.0,758.0
ORD000002161,1,PROD0000027,SELL000054,3,1205.0,213.0,47.0,3662.0
ORD000002162,1,PROD0000360,SELL000077,1,788.0,0.0,46.0,834.0
ORD000002163,1,PROD0000132,SELL000094,1,23602.0,2622.0,30.0,23632.0
ORD000002164,1,PROD0000454,SELL000012,1,10713.0,2678.0,32.0,10745.0
ORD000002165,1,PROD0000013,SELL000002,1,1306.0,0.0,214.0,1520.0
ORD000002166,1,PROD0000190,SELL000014,2,1281.0,0.0,181.0,2743.0
ORD000002167,1,PROD0000003,SELL000057,1,847.0,45.0,261.0,1108.0
ORD000002168,1,PROD0000329,SELL000017,2,9087.0,478.0,42.0,18216.0
ORD000002169,1,PROD0000248,SELL000100,1,14349.0,6150.0,46.0,14395.0
ORD000002170,1,PROD0000277,SELL000036,2,1082.0,191.0,62.0,2226.0
ORD000002171,1,PROD0000365,SELL000084,2,1365.0,0.0,55.0,2785.0
ORD000002172,1,PROD0000466,SELL000034,2,8736.0,460.0,74.0,17546.0
ORD000002173,1,PROD0000199,SELL000023,2,568.0,100.0,55.0,1191.0
ORD000002174,1,PROD0000297,SELL000008,2,382.0,68.0,47.0,811.0
ORD000002175,1,PROD0000323,SELL000021,1,2966.0,330.0,200.0,3166.0
ORD000002175,2,PROD0000459,SELL000078,2,3330.0,0.0,269.0,6929.0
ORD000002176,1,PROD0000099,SELL000080,1,1084.0,465.0,79.0,1163.0
ORD000002177,1,PROD0000272,SELL000070,1,443.0,23.0,77.0,520.0
ORD000002178,1,PROD0000435,SELL000008,2,176.0,0.0,191.0,543.0
ORD000002179,1,PROD0000146,SELL000033,2,45698.0,0.0,104.0,91500.0
ORD000002179,2,PROD0000188,SELL000062,1,606.0,151.0,66.0,672.0
ORD000002179,3,PROD0000233,SELL000098,1,2052.0,228.0,80.0,2132.0
ORD000002180,1,PROD0000368,SELL000024,3,678.0,0.0,82.0,2116.0
ORD000002181,1,PROD0000349,SELL000019,2,886.0,98.0,62.0,1834.0
ORD000002182,1,PROD0000067,SELL000088,1,274.0,117.0,41.0,315.0
ORD000002183,1,PROD0000107,SELL000049,1,22077.0,1162.0,167.0,22244.0
ORD000002184,1,PROD0000426,SELL000039,3,2327.0,122.0,161.0,7142.0
ORD000002184,2,PROD0000350,SELL000040,1,956.0,0.0,40.0,996.0
ORD000002185,1,PROD0000269,SELL000043,1,15115.0,0.0,95.0,15210.0
ORD000002186,1,PROD0000219,SELL000050,1,438.0,188.0,60.0,498.0
ORD000002187,1,PROD0000505,SELL000083,2,1507.0,0.0,67.0,3081.0
ORD000002188,1,PROD0000459,SELL000072,2,3330.0,0.0,282.0,6942.0
ORD000002188,2,PROD0000211,SELL000009,1,1736.0,0.0,95.0,1831.0
ORD000002188,3,PROD0000183,SELL000013,1,3256.0,0.0,155.0,3411.0
ORD000002188,4,PROD0000454,SELL000063,3,12721.0,670.0,40.0,38203.0
ORD000002188,5,PROD0000180,SELL000088,1,18029.0,7727.0,63.0,18092.0
ORD000002188,6,PROD0000214,SELL000101,2,1986.0,0.0,102.0,4074.0
ORD000002189,1,PROD0000477,SELL000093,1,282.0,0.0,116.0,398.0
ORD000002189,2,PROD0000056,SELL000068,2,631.0,33.0,55.0,1317.0
ORD000002189,3,PROD0000366,SELL000024,1,550.0,236.0,61.0,611.0
ORD000002189,4,PROD0000358,SELL000008,1,6756.0,2895.0,171.0,6927.0
ORD000002190,1,PROD0000197,SELL000077,1,245.0,164.0,182.0,427.0
ORD000002190,2,PROD0000095,SELL000095,1,1357.0,0.0,59.0,1416.0
ORD000002191,1,PROD0000448,SELL000042,1,1184.0,209.0,45.0,1229.0
ORD000002192,1,PROD0000416,SELL000013,2,9504.0,1056.0,49.0,19057.0
ORD000002193,1,PROD0000447,SELL000076,2,313.0,0.0,68.0,694.0
ORD000002193,2,PROD0000174,SELL000038,1,1204.0,213.0,41.0,1245.0
ORD000002193,3,PROD0000501,SELL000067,3,307.0,54.0,46.0,967.0
ORD000002194,1,PROD0000394,SELL000019,2,6974.0,1231.0,46.0,13994.0
ORD000002195,1,PROD0000125,SELL000037,1,791.0,0.0,128.0,919.0
ORD000002196,1,PROD0000250,SELL000075,1,9852.0,0.0,45.0,9897.0
ORD000002196,2,PROD0000164,SELL000089,2,448.0,50.0,103.0,999.0
ORD000002196,3,PROD0000279,SELL000027,2,877.0,0.0,184.0,1938.0
ORD000002197,1,PROD0000098,SELL000083,1,511.0,0.0,47.0,558.0
ORD000002198,1,PROD0000382,SELL000027,1,841.0,148.0,71.0,912.0
ORD000002198,2,PROD0000239,SELL000077,2,180.0,0.0,198.0,558.0
ORD000002198,3,PROD0000346,SELL000043,2,745.0,0.0,28.0,1518.0
ORD000002199,1,PROD0000334,SELL000073,3,478.0,0.0,55.0,1489.0
ORD000002199,2,PROD0000346,SELL000030,1,745.0,0.0,34.0,779.0
ORD000002200,1,PROD0000395,SELL000008,1,187.0,0.0,175.0,362.0
ORD000002200,2,PROD0000343,SELL000082,2,1839.0,324.0,109.0,3787.0
ORD000002200,3,PROD0000268,SELL000000,1,233.0,58.0,41.0,274.0
ORD000002201,1,PROD0000304,SELL000055,3,7085.0,0.0,31.0,21286.0
ORD000002201,2,PROD0000328,SELL000006,2,2050.0,228.0,150.0,4250.0
ORD000002202,1,PROD0000420,SELL000058,1,2061.0,0.0,383.0,2444.0
ORD000002203,1,PROD0000247,SELL000011,3,40082.0,0.0,190.0,120436.0
ORD000002203,2,PROD0000156,SELL000016,3,198.0,50.0,63.0,657.0
ORD000002204,1,PROD0000131,SELL000103,1,1097.0,732.0,89.0,1186.0
ORD000002204,2,PROD0000094,SELL000095,3,54864.0,0.0,65.0,164657.0
ORD000002204,3,PROD0000314,SELL000046,1,13954.0,3489.0,54.0,14008.0
ORD000002205,1,PROD0000383,SELL000036,1,3393.0,0.0,379.0,3772.0
ORD000002205,2,PROD0000165,SELL000073,1,381.0,95.0,48.0,429.0
ORD000002206,1,PROD0000281,SELL000039,1,2461.0,273.0,480.0,2941.0
ORD000002206,2,PROD0000193,SELL000015,1,704.0,78.0,76.0,780.0
ORD000002206,3,PROD0000469,SELL000025,2,322.0,81.0,61.0,705.0
ORD000002207,1,PROD0000472,SELL000064,3,12851.0,2268.0,87.0,38640.0
ORD000002207,2,PROD0000502,SELL000100,3,280.0,186.0,47.0,887.0
ORD000002207,3,PROD0000448,SELL000068,2,1323.0,70.0,44.0,2690.0
ORD000002207,4,PROD0000451,SELL000063,1,26281.0,17520.0,55.0,26336.0
ORD000002207,5,PROD0000290,SELL000082,3,318.0,79.0,43.0,997.0
ORD000002207,6,PROD0000285,SELL000006,3,625.0,33.0,89.0,1964.0
ORD000002208,1,PROD0000157,SELL000065,1,28360.0,3151.0,178.0,28538.0
ORD000002208,2,PROD0000392,SELL000020,1,4206.0,1802.0,34.0,4240.0
ORD000002209,1,PROD0000166,SELL000044,3,288.0,32.0,57.0,921.0
ORD000002209,2,PROD0000174,SELL000050,1,1417.0,0.0,49.0,1466.0
ORD000002209,3,PROD0000492,SELL000076,2,2216.0,0.0,183.0,4615.0
ORD000002209,4,PROD0000007,SELL000019,3,611.0,0.0,50.0,1883.0
ORD000002210,1,PROD0000061,SELL000100,1,3195.0,0.0,132.0,3327.0
ORD000002211,1,PROD0000406,SELL000063,1,527.0,0.0,54.0,581.0
ORD000002211,2,PROD0000356,SELL000036,1,321.0,57.0,44.0,365.0
ORD000002211,3,PROD0000407,SELL000032,2,562.0,30.0,51.0,1175.0
ORD000002211,4,PROD0000243,SELL000010,1,691.0,0.0,40.0,731.0
ORD000002211,5,PROD0000004,SELL000036,1,16744.0,0.0,32.0,16776.0
ORD000002212,1,PROD0000154,SELL000012,1,891.0,0.0,56.0,947.0
ORD000002212,2,PROD0000449,SELL000082,1,10288.0,1143.0,78.0,10366.0
ORD000002212,3,PROD0000347,SELL000083,2,819.0,43.0,83.0,1721.0
ORD000002212,4,PROD0000459,SELL000055,3,2331.0,999.0,295.0,7288.0
ORD000002213,1,PROD0000004,SELL000101,2,15070.0,1674.0,38.0,30178.0
ORD000002214,1,PROD0000167,SELL000011,1,17329.0,3058.0,168.0,17497.0
ORD000002215,1,PROD0000357,SELL000092,2,694.0,0.0,51.0,1439.0
ORD000002216,1,PROD0000008,SELL000039,2,802.0,141.0,41.0,1645.0
ORD000002216,2,PROD0000234,SELL000079,1,1284.0,226.0,49.0,1333.0
ORD000002216,3,PROD0000456,SELL000094,3,746.0,497.0,244.0,2482.0
ORD000002217,1,PROD0000084,SELL000013,2,1004.0,177.0,57.0,2065.0
ORD000002218,1,PROD0000036,SELL000088,2,29114.0,12477.0,171.0,58399.0
ORD000002219,1,PROD0000331,SELL000104,1,501.0,125.0,72.0,573.0
ORD000002220,1,PROD0000120,SELL000079,3,1529.0,655.0,85.0,4672.0
ORD000002221,1,PROD0000095,SELL000015,3,1221.0,136.0,45.0,3708.0
ORD000002221,2,PROD0000282,SELL000088,3,742.0,0.0,60.0,2286.0
ORD000002221,3,PROD0000315,SELL000029,2,1248.0,139.0,408.0,2904.0
ORD000002221,4,PROD0000425,SELL000009,1,11858.0,5082.0,43.0,11901.0
ORD000002221,5,PROD0000054,SELL000067,1,868.0,578.0,37.0,905.0
ORD000002221,6,PROD0000407,SELL000012,2,414.0,178.0,48.0,876.0
ORD000002222,1,PROD0000349,SELL000059,1,935.0,49.0,56.0,991.0
ORD000002223,1,PROD0000354,SELL000001,1,7607.0,1902.0,41.0,7648.0
ORD000002224,1,PROD0000124,SELL000077,1,31447.0,1655.0,69.0,31516.0
ORD000002224,2,PROD0000431,SELL000013,2,415.0,73.0,52.0,882.0
ORD000002224,3,PROD0000064,SELL000070,2,890.0,47.0,113.0,1893.0
ORD000002225,1,PROD0000357,SELL000086,2,694.0,0.0,57.0,1445.0
ORD000002226,1,PROD0000070,SELL000010,1,492.0,26.0,47.0,539.0
ORD000002227,1,PROD0000332,SELL000003,1,52020.0,0.0,39.0,52059.0
ORD000002228,1,PROD0000235,SELL000092,3,889.0,47.0,61.0,2728.0
ORD000002228,2,PROD0000087,SELL000048,2,464.0,82.0,132.0,1060.0
ORD000002228,3,PROD0000101,SELL000053,2,1021.0,0.0,58.0,2100.0
ORD000002228,4,PROD0000229,SELL000025,1,470.0,83.0,149.0,619.0
ORD000002229,1,PROD0000190,SELL000049,1,1281.0,0.0,169.0,1450.0
ORD000002229,2,PROD0000235,SELL000087,2,936.0,0.0,53.0,1925.0
ORD000002229,3,PROD0000225,SELL000088,2,1693.0,0.0,248.0,3634.0
ORD000002230,1,PROD0000009,SELL000084,1,389.0,0.0,38.0,427.0
ORD000002231,1,PROD0000223,SELL000030,3,214.0,54.0,113.0,755.0
ORD000002232,1,PROD0000211,SELL000080,1,1476.0,260.0,108.0,1584.0
ORD000002233,1,PROD0000203,SELL000047,1,12672.0,2236.0,37.0,12709.0
ORD000002234,1,PROD0000118,SELL000039,2,2250.0,397.0,231.0,4731.0
ORD000002235,1,PROD0000100,SELL000034,2,13049.0,2303.0,129.0,26227.0
ORD000002236,1,PROD0000046,SELL000097,2,13226.0,3307.0,27.0,26479.0
ORD000002237,1,PROD0000325,SELL000018,3,298.0,33.0,55.0,949.0
ORD000002237,2,PROD0000284,SELL000094,3,687.0,0.0,57.0,2118.0
ORD000002237,3,PROD0000422,SELL000095,1,19514.0,4879.0,157.0,19671.0
ORD000002237,4,PROD0000123,SELL000068,2,34014.0,1790.0,123.0,68151.0
ORD000002238,1,PROD0000212,SELL000002,2,741.0,317.0,173.0,1655.0
ORD000002238,2,PROD0000099,SELL000064,3,1084.0,465.0,71.0,3323.0
ORD000002239,1,PROD0000489,SELL000012,2,562.0,30.0,103.0,1227.0
ORD000002240,1,PROD0000409,SELL000035,2,8930.0,3827.0,32.0,17892.0
ORD000002240,2,PROD0000077,SELL000007,2,27232.0,0.0,46.0,54510.0
ORD000002240,3,PROD0000422,SELL000077,3,20734.0,3659.0,157.0,62359.0
ORD000002240,4,PROD0000481,SELL000050,1,12313.0,2173.0,44.0,12357.0
ORD000002240,5,PROD0000344,SELL000098,1,424.0,106.0,73.0,497.0
ORD000002240,6,PROD0000516,SELL000071,2,7593.0,400.0,32.0,15218.0
ORD000002241,1,PROD0000098,SELL000033,2,511.0,0.0,48.0,1070.0
ORD000002242,1,PROD0000150,SELL000081,3,721.0,0.0,95.0,2258.0
ORD000002242,2,PROD0000329,SELL000030,1,9087.0,478.0,27.0,9114.0
ORD000002243,1,PROD0000280,SELL000028,1,583.0,31.0,85.0,668.0
ORD000002244,1,PROD0000371,SELL000027,1,3280.0,173.0,494.0,3774.0
ORD000002244,2,PROD0000503,SELL000074,2,8833.0,981.0,55.0,17721.0
ORD000002244,3,PROD0000121,SELL000103,3,1267.0,141.0,53.0,3854.0
ORD000002244,4,PROD0000454,SELL000089,2,13391.0,0.0,51.0,26833.0
ORD000002245,1,PROD0000069,SELL000056,2,79774.0,0.0,123.0,159671.0
ORD000002246,1,PROD0000239,SELL000001,1,126.0,54.0,184.0,310.0
ORD000002246,2,PROD0000225,SELL000101,2,1439.0,254.0,250.0,3128.0
ORD000002246,3,PROD0000420,SELL000040,1,1958.0,103.0,392.0,2350.0
ORD000002246,4,PROD0000221,SELL000064,2,710.0,37.0,55.0,1475.0
ORD000002246,5,PROD0000432,SELL000044,1,2023.0,0.0,59.0,2082.0
ORD000002247,1,PROD0000079,SELL000030,1,480.0,0.0,45.0,525.0
ORD000002247,2,PROD0000517,SELL000031,1,270.0,68.0,48.0,318.0
ORD000002248,1,PROD0000099,SELL000061,3,1549.0,0.0,62.0,4709.0
ORD000002249,1,PROD0000308,SELL000045,1,19380.0,0.0,179.0,19559.0
ORD000002250,1,PROD0000260,SELL000016,1,24278.0,2698.0,75.0,24353.0
ORD000002250,2,PROD0000047,SELL000039,3,246.0,61.0,34.0,772.0
ORD000002250,3,PROD0000274,SELL000047,1,329.0,17.0,51.0,380.0
ORD000002251,1,PROD0000455,SELL000065,2,10346.0,1150.0,46.0,20738.0
ORD000002252,1,PROD0000280,SELL000046,1,430.0,184.0,59.0,489.0
ORD000002253,1,PROD0000366,SELL000020,1,550.0,236.0,60.0,610.0
ORD000002253,2,PROD0000511,SELL000060,3,840.0,44.0,147.0,2667.0
ORD000002254,1,PROD0000157,SELL000087,1,31511.0,0.0,190.0,31701.0
ORD000002255,1,PROD0000020,SELL000040,1,1480.0,164.0,85.0,1565.0
ORD000002256,1,PROD0000359,SELL000066,3,978.0,419.0,292.0,3226.0
ORD000002257,1,PROD0000409,SELL000047,2,10843.0,1914.0,55.0,21741.0
ORD000002258,1,PROD0000074,SELL000031,3,9849.0,6566.0,151.0,29698.0
ORD000002259,1,PROD0000183,SELL000091,1,2930.0,326.0,160.0,3090.0
ORD000002260,1,PROD0000186,SELL000101,1,327.0,0.0,70.0,397.0
ORD000002260,2,PROD0000392,SELL000018,-1,5708.0,300.0,38.0,5746.0
ORD000002260,3,PROD0000456,SELL000065,1,870.0,373.0,245.0,1115.0
ORD000002260,4,PROD0000383,SELL000096,1,3393.0,0.0,353.0,3746.0
ORD000002260,5,PROD0000154,SELL000056,2,802.0,89.0,60.0,1664.0
ORD000002261,1,PROD0000322,SELL000056,1,5519.0,290.0,35.0,5554.0
ORD000002262,1,PROD0000140,SELL000100,1,1477.0,78.0,132.0,1609.0
ORD000002262,2,PROD0000328,SELL000066,2,2050.0,228.0,134.0,4234.0
ORD000002263,1,PROD0000502,SELL000089,2,443.0,23.0,43.0,929.0
ORD000002263,2,PROD0000345,SELL000010,1,21330.0,9141.0,46.0,21376.0
ORD000002264,1,PROD0000409,SELL000061,2,12757.0,0.0,41.0,25555.0
ORD000002264,2,PROD0000389,SELL000015,0,11991.0,2116.0,40.0,12031.0
ORD000002265,1,PROD0000248,SELL000021,1,20499.0,0.0,46.0,20545.0
ORD000002266,1,PROD0000068,SELL000076,1,176.0,0.0,61.0,237.0
ORD000002267,1,PROD0000508,SELL000091,3,13950.0,0.0,96.0,41946.0
ORD000002268,1,PROD0000187,SELL000094,2,4012.0,0.0,409.0,8433.0
ORD000002268,2,PROD0000461,SELL000080,3,1015.0,113.0,100.0,3145.0
ORD000002269,1,PROD0000438,SELL000054,3,288.0,0.0,99.0,963.0
ORD000002269,2,PROD0000356,SELL000045,1,378.0,0.0,33.0,411.0
ORD000002270,1,PROD0000285,SELL000017,1,526.0,132.0,86.0,612.0
ORD000002271,1,PROD0000142,SELL000082,2,14952.0,2638.0,107.0,30011.0
ORD000002271,2,PROD0000071,SELL000083,1,16886.0,11257.0,42.0,16928.0
ORD000002272,1,PROD0000454,SELL000013,1,10713.0,2678.0,55.0,10768.0
ORD000002273,1,PROD0000501,SELL000096,1,325.0,36.0,54.0,379.0
ORD000002274,1,PROD0000350,SELL000034,1,908.0,48.0,45.0,953.0
ORD000002275,1,PROD0000514,SELL000070,3,1427.0,611.0,403.0,4684.0
ORD000002276,1,PROD0000112,SELL000013,1,15264.0,803.0,53.0,15317.0
ORD000002276,2,PROD0000267,SELL000019,3,25376.0,2820.0,42.0,76170.0
ORD000002276,3,PROD0000090,SELL000063,1,5255.0,0.0,205.0,5460.0
ORD000002276,4,PROD0000277,SELL000043,1,1273.0,0.0,50.0,1323.0
ORD000002276,5,PROD0000464,SELL000002,2,2658.0,665.0,166.0,5482.0
ORD000002277,1,PROD0000152,SELL000098,1,16728.0,0.0,45.0,16773.0
ORD000002277,2,PROD0000219,SELL000093,1,626.0,0.0,49.0,675.0
ORD000002278,1,PROD0000268,SELL000020,1,247.0,44.0,53.0,300.0
ORD000002279,1,PROD0000241,SELL000068,1,386.0,96.0,65.0,451.0
ORD000002280,1,PROD0000504,SELL000017,1,1578.0,676.0,117.0,1695.0
ORD000002280,2,PROD0000222,SELL000075,3,210.0,37.0,57.0,687.0
ORD000002281,1,PROD0000132,SELL000073,1,26224.0,0.0,43.0,26267.0
ORD000002281,2,PROD0000170,SELL000078,1,2854.0,317.0,282.0,3136.0
ORD000002281,3,PROD0000158,SELL000057,1,1002.0,0.0,40.0,1042.0
ORD000002282,1,PROD0000164,SELL000002,1,498.0,0.0,125.0,623.0
ORD000002283,1,PROD0000467,SELL000021,1,6782.0,2906.0,36.0,6818.0
ORD000002284,1,PROD0000267,SELL000104,1,22556.0,5639.0,38.0,22594.0
ORD000002284,2,PROD0000200,SELL000064,1,1440.0,0.0,109.0,1549.0
ORD000002285,1,PROD0000073,SELL000035,1,20056.0,1056.0,50.0,20106.0
ORD000002286,1,PROD0000506,SELL000098,1,1038.0,692.0,64.0,1102.0
ORD000002287,1,PROD0000079,SELL000045,1,456.0,24.0,61.0,517.0
ORD000002288,1,PROD0000182,SELL000089,1,387.0,0.0,56.0,443.0
ORD000002289,1,PROD0000364,SELL000084,1,1671.0,0.0,163.0,1834.0
ORD000002290,1,PROD0000002,SELL000000,1,7849.0,413.0,45.0,7894.0
ORD000002291,1,PROD0000164,SELL000097,1,473.0,25.0,137.0,610.0
ORD000002292,1,PROD0000496,SELL000092,3,1023.0,181.0,61.0,3130.0
ORD000002293,1,PROD0000012,SELL000104,1,39438.0,0.0,111.0,39549.0
ORD000002293,2,PROD0000123,SELL000065,1,34014.0,1790.0,137.0,34151.0
ORD000002293,3,PROD0000044,SELL000073,2,642.0,0.0,59.0,1343.0
ORD000002293,4,PROD0000361,SELL000028,1,462.0,0.0,54.0,516.0
ORD000002293,5,PROD0000006,SELL000015,2,517.0,0.0,192.0,1226.0
ORD000002294,1,PROD0000024,SELL000009,3,108.0,6.0,109.0,433.0
ORD000002295,1,PROD0000246,SELL000018,3,1350.0,71.0,68.0,4118.0
ORD000002296,1,PROD0000389,SELL000101,1,14107.0,0.0,38.0,14145.0
ORD000002296,2,PROD0000471,SELL000028,1,979.0,420.0,176.0,1155.0
ORD000002296,3,PROD0000114,SELL000003,1,794.0,0.0,50.0,844.0
ORD000002296,4,PROD0000297,SELL000072,1,382.0,68.0,55.0,437.0
ORD000002297,1,PROD0000416,SELL000019,2,7392.0,3168.0,41.0,14825.0
ORD000002297,2,PROD0000380,SELL000053,1,13117.0,0.0,33.0,13150.0
ORD000002297,3,PROD0000503,SELL000070,1,9814.0,0.0,38.0,9852.0
ORD000002297,4,PROD0000039,SELL000060,1,2529.0,0.0,43.0,2572.0
ORD000002297,5,PROD0000023,SELL000079,2,1111.0,476.0,81.0,2303.0
ORD000002297,6,PROD0000357,SELL000001,3,625.0,69.0,60.0,1935.0
ORD000002298,1,PROD0000191,SELL000027,2,2599.0,0.0,56.0,5254.0
ORD000002298,2,PROD0000384,SELL000042,1,510.0,0.0,66.0,576.0
ORD000002298,3,PROD0000372,SELL000077,2,406.0,0.0,149.0,961.0
ORD000002299,1,PROD0000230,SELL000056,2,454.0,50.0,46.0,954.0
ORD000002300,1,PROD0000519,SELL000080,2,21133.0,3729.0,34.0,42300.0
ORD000002300,2,PROD0000459,SELL000077,1,3164.0,166.0,286.0,3450.0
ORD000002301,1,PROD0000189,SELL000084,1,7547.0,0.0,48.0,7595.0
ORD000002301,2,PROD0000002,SELL000063,1,6610.0,1652.0,45.0,6655.0
ORD000002302,1,PROD0000518,SELL000079,1,15215.0,3804.0,168.0,15383.0
ORD000002302,2,PROD0000504,SELL000071,3,2142.0,113.0,113.0,6539.0
ORD000002303,1,PROD0000468,SELL000003,1,11164.0,1970.0,45.0,11209.0
ORD000002304,1,PROD0000029,SELL000029,3,365.0,91.0,44.0,1139.0
ORD000002305,1,PROD0000374,SELL000093,1,334.0,18.0,44.0,378.0
ORD000002306,1,PROD0000500,SELL000009,2,977.0,0.0,77.0,2031.0
ORD000002306,2,PROD0000198,SELL000059,2,1510.0,79.0,44.0,3064.0
ORD000002307,1,PROD0000393,SELL000080,2,15440.0,0.0,35.0,30915.0
ORD000002308,1,PROD0000279,SELL000045,2,877.0,0.0,185.0,1939.0
ORD000002309,1,PROD0000241,SELL000018,2,386.0,96.0,37.0,809.0
ORD000002309,2,PROD0000375,SELL000002,1,1662.0,416.0,262.0,1924.0
ORD000002310,1,PROD0000302,SELL000069,1,1046.0,116.0,54.0,1100.0
ORD000002310,2,PROD0000357,SELL000062,3,555.0,139.0,59.0,1724.0
ORD000002310,3,PROD0000116,SELL000072,3,538.0,230.0,106.0,1720.0
ORD000002311,1,PROD0000150,SELL000017,1,613.0,108.0,102.0,715.0
ORD000002311,2,PROD0000333,SELL000049,1,420.0,180.0,53.0,473.0
ORD000002311,3,PROD0000290,SELL000057,3,278.0,119.0,56.0,890.0
ORD000002311,4,PROD0000199,SELL000088,1,668.0,0.0,64.0,732.0
ORD000002312,1,PROD0000435,SELL000019,1,123.0,53.0,187.0,310.0
ORD000002312,2,PROD0000177,SELL000073,3,949.0,633.0,233.0,3080.0
ORD000002313,1,PROD0000247,SELL000072,2,40082.0,0.0,168.0,80332.0
ORD000002314,1,PROD0000164,SELL000062,2,448.0,50.0,142.0,1038.0
ORD000002314,2,PROD0000295,SELL000009,2,24485.0,0.0,53.0,49023.0
ORD000002314,3,PROD0000292,SELL000012,2,1010.0,53.0,165.0,2185.0
ORD000002315,1,PROD0000170,SELL000063,2,2854.0,317.0,281.0,5989.0
ORD000002316,1,PROD0000403,SELL000065,2,783.0,0.0,63.0,1629.0
ORD000002317,1,PROD0000083,SELL000067,2,12047.0,1339.0,40.0,24134.0
ORD000002318,1,PROD0000401,SELL000081,1,2522.0,133.0,110.0,2632.0
ORD000002318,2,PROD0000034,SELL000041,2,285.0,0.0,78.0,648.0
ORD000002319,1,PROD0000130,SELL000031,1,3828.0,675.0,102.0,3930.0
ORD000002320,1,PROD0000211,SELL000096,2,1215.0,521.0,100.0,2530.0
ORD000002321,1,PROD0000220,SELL000072,1,155.0,0.0,46.0,201.0
ORD000002322,1,PROD0000329,SELL000055,3,9087.0,478.0,50.0,27311.0
ORD000002323,1,PROD0000488,SELL000058,1,1557.0,0.0,232.0,1789.0
ORD000002323,2,PROD0000395,SELL000078,1,187.0,0.0,176.0,363.0
ORD000002324,1,PROD0000283,SELL000032,1,1034.0,54.0,231.0,1265.0
ORD000002325,1,PROD0000043,SELL000046,2,2365.0,0.0,408.0,5138.0
ORD000002326,1,PROD0000516,SELL000004,1,7194.0,799.0,25.0,7219.0
ORD000002326,2,PROD0000165,SELL000083,2,476.0,0.0,55.0,1007.0
ORD000002326,3,PROD0000323,SELL000052,1,2636.0,659.0,189.0,2825.0
ORD000002327,1,PROD0000420,SELL000094,1,2061.0,0.0,418.0,2479.0
ORD000002328,1,PROD0000364,SELL000031,1,1170.0,501.0,166.0,1336.0
ORD000002329,1,PROD0000058,SELL000043,1,4346.0,229.0,63.0,4409.0
ORD000002330,1,PROD0000135,SELL000005,2,1024.0,0.0,38.0,2086.0
ORD000002330,2,PROD0000517,SELL000101,1,338.0,0.0,38.0,376.0
ORD000002331,1,PROD0000400,SELL000035,3,42963.0,4774.0,148.0,129037.0
ORD000002331,2,PROD0000329,SELL000016,1,6696.0,2870.0,46.0,6742.0
ORD000002332,1,PROD0000232,SELL000064,1,19562.0,2174.0,162.0,19724.0
ORD000002333,1,PROD0000489,SELL000088,2,562.0,30.0,86.0,1210.0
ORD000002333,2,PROD0000378,SELL000011,2,63.0,16.0,54.0,180.0
ORD000002333,3,PROD0000380,SELL000055,2,13117.0,0.0,46.0,26280.0
ORD000002334,1,PROD0000477,SELL000049,1,240.0,42.0,108.0,348.0
ORD000002335,1,PROD0000502,SELL000014,1,466.0,0.0,46.0,512.0
ORD000002335,2,PROD0000447,SELL000028,3,250.0,63.0,51.0,801.0
ORD000002335,3,PROD0000346,SELL000065,1,522.0,224.0,38.0,560.0
ORD000002335,4,PROD0000119,SELL000103,1,3211.0,0.0,141.0,3352.0
ORD000002336,1,PROD0000139,SELL000013,1,2547.0,0.0,115.0,2662.0
ORD000002337,1,PROD0000080,SELL000066,-1,694.0,123.0,74.0,1462.0
ORD000002338,1,PROD0000416,SELL000093,3,8976.0,1584.0,47.0,26975.0
ORD000002339,1,PROD0000174,SELL000079,2,1275.0,142.0,41.0,2591.0
ORD000002340,1,PROD0000117,SELL000085,2,1282.0,142.0,65.0,2629.0
ORD000002341,1,PROD0000378,SELL000096,2,79.0,0.0,55.0,213.0
ORD000002341,2,PROD0000294,SELL000068,1,11217.0,1980.0,50.0,11267.0
ORD000002341,3,PROD0000128,SELL000003,1,24409.0,0.0,38.0,24447.0
ORD000002341,4,PROD0000194,SELL000024,1,10669.0,1185.0,53.0,10722.0
ORD000002342,1,PROD0000250,SELL000043,1,9852.0,0.0,48.0,9900.0
ORD000002342,2,PROD0000416,SELL000101,3,10560.0,0.0,49.0,31729.0
ORD000002342,3,PROD0000003,SELL000021,2,714.0,178.0,268.0,1696.0
ORD000002343,1,PROD0000395,SELL000089,2,178.0,9.0,166.0,522.0
ORD000002344,1,PROD0000041,SELL000066,1,773.0,41.0,168.0,941.0
ORD000002344,2,PROD0000450,SELL000075,1,2252.0,965.0,41.0,2293.0
ORD000002344,3,PROD0000061,SELL000011,2,2876.0,320.0,119.0,5871.0
ORD000002345,1,PROD0000128,SELL000038,2,19527.0,4882.0,39.0,39093.0
ORD000002345,2,PROD0000192,SELL000048,2,812.0,203.0,57.0,1681.0
ORD000002345,3,PROD0000519,SELL000050,1,21133.0,3729.0,42.0,21175.0
ORD000002346,1,PROD0000207,SELL000092,3,10035.0,0.0,51.0,30156.0
ORD000002346,2,PROD0000419,SELL000035,3,511.0,0.0,203.0,1736.0
ORD000002346,3,PROD0000133,SELL000091,2,40028.0,2107.0,155.0,80211.0
ORD000002346,4,PROD0000201,SELL000089,3,1524.0,0.0,59.0,4631.0
ORD000002346,5,PROD0000269,SELL000067,1,15115.0,0.0,85.0,15200.0
ORD000002347,1,PROD0000066,SELL000032,1,6769.0,0.0,431.0,7200.0
ORD000002348,1,PROD0000015,SELL000010,2,3540.0,0.0,294.0,7374.0
ORD000002349,1,PROD0000182,SELL000025,2,368.0,19.0,68.0,804.0
ORD000002349,2,PROD0000409,SELL000063,1,12757.0,0.0,39.0,12796.0
ORD000002349,3,PROD0000055,SELL000022,3,17953.0,0.0,44.0,53903.0
ORD000002349,4,PROD0000426,SELL000094,2,2082.0,367.0,152.0,4316.0
ORD000002349,5,PROD0000320,SELL000042,1,547.0,234.0,186.0,733.0
ORD000002350,1,PROD0000142,SELL000029,2,15831.0,1759.0,99.0,31761.0
ORD000002351,1,PROD0000058,SELL000065,3,3202.0,1372.0,61.0,9667.0
ORD000002352,1,PROD0000286,SELL000016,2,1937.0,0.0,114.0,3988.0
ORD000002353,1,PROD0000224,SELL000087,1,1694.0,299.0,87.0,1781.0
ORD000002354,1,PROD0000056,SELL000057,2,631.0,33.0,56.0,1318.0
ORD000002355,1,PROD0000347,SELL000097,1,819.0,43.0,84.0,903.0
ORD000002356,1,PROD0000436,SELL000089,3,1262.0,223.0,60.0,3846.0
ORD000002357,1,PROD0000236,SELL000008,3,43698.0,10925.0,52.0,131146.0
ORD000002358,1,PROD0000235,SELL000094,1,936.0,0.0,59.0,995.0
ORD000002359,1,PROD0000459,SELL000004,2,3164.0,166.0,267.0,6595.0
ORD000002360,1,PROD0000201,SELL000083,3,1295.0,229.0,53.0,3938.0
ORD000002361,1,PROD0000125,SELL000038,1,712.0,79.0,126.0,838.0
ORD000002362,1,PROD0000441,SELL000036,2,19028.0,0.0,179.0,38235.0
ORD000002363,1,PROD0000272,SELL000085,2,466.0,0.0,59.0,991.0
ORD000002363,2,PROD0000488,SELL000028,1,1557.0,0.0,232.0,1789.0
ORD000002363,3,PROD0000475,SELL000095,2,1656.0,87.0,237.0,3549.0
ORD000002363,4,PROD0000422,SELL000004,1,23173.0,1220.0,161.0,23334.0
ORD000002364,1,PROD0000184,SELL000017,2,19473.0,0.0,46.0,38992.0
ORD000002365,1,PROD0000373,SELL000037,3,541.0,135.0,55.0,1678.0
ORD000002366,1,PROD0000246,SELL000030,1,1208.0,213.0,63.0,1271.0
ORD000002367,1,PROD0000398,SELL000091,1,1187.0,0.0,233.0,1420.0
ORD000002367,2,PROD0000486,SELL000094,2,1215.0,0.0,59.0,2489.0
ORD000002368,1,PROD0000381,SELL000044,3,12454.0,3114.0,75.0,37437.0
ORD000002369,1,PROD0000260,SELL000060,3,18883.0,8093.0,72.0,56721.0
ORD000002369,2,PROD0000517,SELL000035,1,203.0,135.0,28.0,231.0
ORD000002370,1,PROD0000450,SELL000042,2,2734.0,483.0,74.0,5542.0
ORD000002371,1,PROD0000127,SELL000035,3,148.0,64.0,61.0,505.0
ORD000002372,1,PROD0000489,SELL000025,1,592.0,0.0,92.0,684.0
ORD000002373,1,PROD0000249,SELL000072,1,1502.0,0.0,61.0,1563.0
ORD000002374,1,PROD0000133,SELL000011,3,42135.0,0.0,159.0,126564.0
ORD000002374,2,PROD0000153,SELL000030,1,818.0,91.0,48.0,866.0
ORD000002375,1,PROD0000409,SELL000011,1,12757.0,0.0,56.0,12813.0
ORD000002375,2,PROD0000200,SELL000047,1,1296.0,144.0,108.0,1404.0
ORD000002376,1,PROD0000340,SELL000070,2,407.0,0.0,51.0,865.0
ORD000002377,1,PROD0000231,SELL000054,2,14002.0,1556.0,24.0,28028.0
ORD000002378,1,PROD0000514,SELL000075,1,1427.0,611.0,390.0,1817.0
ORD000002378,2,PROD0000071,SELL000060,2,23922.0,4221.0,33.0,47877.0
ORD000002379,1,PROD0000305,SELL000038,3,22788.0,1199.0,32.0,68396.0
ORD000002380,1,PROD0000185,SELL000095,1,255.0,0.0,171.0,426.0
ORD000002381,1,PROD0000413,SELL000063,3,3130.0,0.0,238.0,9628.0
ORD000002382,1,PROD0000491,SELL000004,2,582.0,65.0,44.0,1208.0
ORD000002383,1,PROD0000180,SELL000016,3,25756.0,0.0,53.0,77321.0
ORD000002383,2,PROD0000472,SELL000070,1,12095.0,3024.0,82.0,12177.0
ORD000002384,1,PROD0000315,SELL000002,1,971.0,416.0,409.0,1380.0
ORD000002385,1,PROD0000028,SELL000018,1,285.0,0.0,41.0,326.0
ORD000002385,2,PROD0000405,SELL000010,2,22884.0,0.0,48.0,45816.0
ORD000002385,3,PROD0000287,SELL000085,2,798.0,0.0,65.0,1661.0
ORD000002386,1,PROD0000503,SELL000011,1,7851.0,1963.0,44.0,7895.0
ORD000002386,2,PROD0000239,SELL000021,1,180.0,0.0,176.0,356.0
ORD000002387,1,PROD0000131,SELL000103,1,1555.0,274.0,75.0,1630.0
ORD000002388,1,PROD0000090,SELL000012,1,4992.0,263.0,200.0,5192.0
ORD000002389,1,PROD0000041,SELL000024,3,773.0,41.0,182.0,2501.0
ORD000002390,1,PROD0000367,SELL000085,2,8286.0,1462.0,35.0,16607.0
ORD000002391,1,PROD0000508,SELL000014,2,13950.0,0.0,86.0,27986.0
ORD000002392,1,PROD0000337,SELL000024,1,802.0,201.0,182.0,984.0
ORD000002393,1,PROD0000313,SELL000083,2,25092.0,0.0,42.0,50226.0
ORD000002393,2,PROD0000014,SELL000000,1,91.0,16.0,53.0,144.0
ORD000002394,1,PROD0000008,SELL000038,0,660.0,283.0,44.0,704.0
ORD000002395,1,PROD0000260,SELL000026,1,26976.0,0.0,63.0,27039.0
ORD000002396,1,PROD0000270,SELL000021,2,2951.0,328.0,81.0,5983.0
ORD000002397,1,PROD0000221,SELL000041,3,672.0,75.0,67.0,2083.0
ORD000002397,2,PROD0000487,SELL000023,1,1167.0,0.0,107.0,1274.0
ORD000002398,1,PROD0000171,SELL000081,1,206.0,23.0,123.0,329.0
ORD000002399,1,PROD0000512,SELL000014,1,863.0,0.0,40.0,903.0
ORD000002399,2,PROD0000137,SELL000041,1,13726.0,2422.0,43.0,13769.0
ORD000002399,3,PROD0000169,SELL000008,3,888.0,99.0,42.0,2706.0
ORD000002399,4,PROD0000155,SELL000011,1,447.0,24.0,53.0,500.0
ORD000002400,1,PROD0000407,SELL000071,2,503.0,89.0,39.0,1045.0
ORD000002400,2,PROD0000172,SELL000047,1,724.0,128.0,41.0,765.0
ORD000002400,3,PROD0000238,SELL000046,1,1768.0,0.0,140.0,1908.0
ORD000002401,1,PROD0000058,SELL000028,2,4575.0,0.0,36.0,9186.0
ORD000002401,2,PROD0000207,SELL000015,1,10035.0,0.0,42.0,10077.0
ORD000002401,3,PROD0000104,SELL000092,3,768.0,329.0,53.0,2357.0
ORD000002401,4,PROD0000395,SELL000083,1,178.0,9.0,184.0,362.0
ORD000002402,1,PROD0000423,SELL000048,2,342.0,0.0,56.0,740.0
ORD000002402,2,PROD0000140,SELL000002,1,1477.0,78.0,135.0,1612.0
ORD000002403,1,PROD0000514,SELL000094,2,1936.0,102.0,389.0,4261.0
ORD000002403,2,PROD0000222,SELL000045,2,235.0,12.0,41.0,511.0
ORD000002403,3,PROD0000434,SELL000019,1,100.0,5.0,63.0,163.0
ORD000002404,1,PROD0000128,SELL000013,1,24409.0,0.0,33.0,24442.0
ORD000002405,1,PROD0000447,SELL000104,2,313.0,0.0,54.0,680.0
ORD000002405,2,PROD0000074,SELL000002,1,13132.0,3283.0,141.0,13273.0
ORD000002406,1,PROD0000188,SELL000038,2,643.0,114.0,46.0,1332.0
ORD000002407,1,PROD0000197,SELL000057,1,348.0,61.0,199.0,547.0
ORD000002408,1,PROD0000097,SELL000030,2,287.0,0.0,176.0,750.0
ORD000002408,2,PROD0000499,SELL000016,2,3304.0,2203.0,89.0,6697.0
ORD000002408,3,PROD0000153,SELL000067,3,909.0,0.0,50.0,2777.0
ORD000002408,4,PROD0000218,SELL000007,1,821.0,145.0,54.0,875.0
ORD000002408,5,PROD0000008,SELL000102,3,802.0,141.0,46.0,2452.0
ORD000002409,1,PROD0000355,SELL000050,1,212.0,0.0,114.0,326.0
ORD000002410,1,PROD0000093,SELL000077,1,20780.0,0.0,52.0,20832.0
ORD000002411,1,PROD0000148,SELL000088,3,18874.0,3331.0,33.0,56655.0
ORD000002412,1,PROD0000477,SELL000082,2,254.0,28.0,104.0,612.0
ORD000002413,1,PROD0000450,SELL000050,2,1930.0,1287.0,64.0,3924.0
ORD000002413,2,PROD0000059,SELL000008,1,309.0,55.0,50.0,359.0
ORD000002413,3,PROD0000325,SELL000008,1,232.0,99.0,56.0,288.0
ORD000002414,1,PROD0000389,SELL000037,1,12696.0,1411.0,44.0,12740.0
ORD000002414,2,PROD0000495,SELL000031,3,12877.0,678.0,44.0,38675.0
ORD000002414,3,PROD0000125,SELL000093,1,554.0,237.0,115.0,669.0
ORD000002414,4,PROD0000169,SELL000046,2,790.0,197.0,43.0,1623.0
ORD000002415,1,PROD0000123,SELL000104,1,35804.0,0.0,128.0,35932.0
ORD000002416,1,PROD0000280,SELL000029,3,553.0,61.0,76.0,1735.0
ORD000002417,1,PROD0000314,SELL000101,2,17443.0,0.0,48.0,34934.0
ORD000002418,1,PROD0000099,SELL000035,1,1084.0,465.0,60.0,1144.0
ORD000002418,2,PROD0000011,SELL000104,1,29848.0,5267.0,43.0,29891.0
ORD000002419,1,PROD0000070,SELL000052,1,492.0,26.0,42.0,534.0
ORD000002420,1,PROD0000108,SELL000001,2,828.0,552.0,198.0,1854.0
ORD000002420,2,PROD0000304,SELL000098,1,7085.0,0.0,34.0,7119.0
ORD000002421,1,PROD0000104,SELL000021,1,1042.0,55.0,48.0,1090.0
ORD000002422,1,PROD0000418,SELL000084,1,257.0,14.0,40.0,297.0
ORD000002423,1,PROD0000334,SELL000086,1,478.0,0.0,48.0,526.0
ORD000002424,1,PROD0000104,SELL000021,1,1097.0,0.0,37.0,1134.0
ORD000002425,1,PROD0000516,SELL000059,1,7194.0,799.0,41.0,7235.0
ORD000002425,2,PROD0000366,SELL000082,1,785.0,0.0,69.0,854.0
ORD000002426,1,PROD0000453,SELL000099,1,248.0,106.0,168.0,416.0
ORD000002427,1,PROD0000349,SELL000041,1,984.0,0.0,43.0,1027.0
ORD000002427,2,PROD0000343,SELL000043,2,2163.0,0.0,119.0,4445.0
ORD000002427,3,PROD0000251,SELL000085,1,2151.0,0.0,59.0,2210.0
ORD000002427,4,PROD0000341,SELL000051,3,2455.0,129.0,207.0,7572.0
ORD000002427,5,PROD0000399,SELL000064,1,201.0,35.0,44.0,245.0
ORD000002428,1,PROD0000513,SELL000012,1,640.0,426.0,41.0,681.0
ORD000002429,1,PROD0000309,SELL000071,1,582.0,0.0,57.0,639.0
ORD000002429,2,PROD0000392,SELL000035,2,6008.0,0.0,56.0,12072.0
ORD000002429,3,PROD0000493,SELL000038,2,2054.0,0.0,63.0,4171.0
ORD000002429,4,PROD0000318,SELL000094,1,50419.0,5602.0,51.0,50470.0
ORD000002430,1,PROD0000397,SELL000074,3,3520.0,0.0,155.0,10715.0
ORD000002431,1,PROD0000098,SELL000058,3,511.0,0.0,59.0,1592.0
ORD000002432,1,PROD0000461,SELL000059,3,959.0,169.0,96.0,2973.0
ORD000002433,1,PROD0000510,SELL000089,2,456.0,114.0,53.0,965.0
ORD000002434,1,PROD0000188,SELL000064,1,757.0,0.0,53.0,810.0
ORD000002435,1,PROD0000462,SELL000021,3,20160.0,2240.0,95.0,60575.0
ORD000002436,1,PROD0000422,SELL000057,1,20734.0,3659.0,150.0,20884.0
ORD000002437,1,PROD0000121,SELL000065,3,1408.0,0.0,57.0,4281.0
ORD000002437,2,PROD0000516,SELL000005,1,7194.0,799.0,26.0,7220.0
ORD000002438,1,PROD0000304,SELL000013,2,7085.0,0.0,40.0,14210.0
ORD000002438,2,PROD0000085,SELL000049,2,56286.0,2962.0,111.0,112683.0
ORD000002439,1,PROD0000056,SELL000060,1,631.0,33.0,60.0,691.0
ORD000002439,2,PROD0000266,SELL000005,1,818.0,144.0,91.0,909.0
ORD000002439,3,PROD0000271,SELL000047,1,277.0,15.0,62.0,339.0
ORD000002440,1,PROD0000449,SELL000017,3,9716.0,1715.0,83.0,29231.0
ORD000002440,2,PROD0000265,SELL000070,2,3388.0,0.0,421.0,7197.0
ORD000002441,1,PROD0000206,SELL000049,3,508.0,56.0,44.0,1568.0
ORD000002441,2,PROD0000164,SELL000009,2,349.0,149.0,122.0,820.0
ORD000002441,3,PROD0000264,SELL000042,1,2209.0,116.0,57.0,2266.0
ORD000002441,4,PROD0000138,SELL000097,2,563.0,63.0,59.0,1185.0
ORD000002441,5,PROD0000389,SELL000005,1,11991.0,2116.0,33.0,12024.0
ORD000002441,6,PROD0000070,SELL000042,3,363.0,155.0,46.0,1135.0
ORD000002442,1,PROD0000429,SELL000014,2,29888.0,3321.0,54.0,59830.0
ORD000002443,1,PROD0000112,SELL000094,2,14460.0,1607.0,44.0,28964.0
ORD000002443,2,PROD0000103,SELL000048,2,315.0,79.0,52.0,682.0
ORD000002443,3,PROD0000507,SELL000065,1,1185.0,790.0,205.0,1390.0
ORD000002443,4,PROD0000203,SELL000101,2,10436.0,4472.0,48.0,20920.0
ORD000002443,5,PROD0000354,SELL000005,1,9509.0,0.0,53.0,9562.0
ORD000002443,6,PROD0000205,SELL000051,1,13031.0,2300.0,37.0,13068.0
ORD000002444,1,PROD0000511,SELL000007,1,884.0,0.0,133.0,1017.0
ORD000002445,1,PROD0000079,SELL000081,1,456.0,24.0,38.0,494.0
ORD000002446,1,PROD0000242,SELL000061,2,245.0,27.0,66.0,556.0
ORD000002447,1,PROD0000047,SELL000046,2,307.0,0.0,50.0,664.0
ORD000002448,1,PROD0000297,SELL000030,3,382.0,68.0,58.0,1204.0
ORD000002449,1,PROD0000387,SELL000020,1,947.0,0.0,69.0,1016.0
ORD000002450,1,PROD0000244,SELL000095,3,1163.0,291.0,211.0,3700.0
ORD000002450,2,PROD0000443,SELL000002,2,20730.0,1091.0,40.0,41500.0
ORD000002451,1,PROD0000400,SELL000013,1,47737.0,0.0,127.0,47864.0
ORD000002451,2,PROD0000495,SELL000039,1,12200.0,1356.0,61.0,12261.0
ORD000002451,3,PROD0000518,SELL000041,3,16166.0,2853.0,161.0,48659.0
ORD000002452,1,PROD0000498,SELL000096,1,544.0,60.0,46.0,590.0
ORD000002453,1,PROD0000225,SELL000032,1,1354.0,339.0,247.0,1601.0
ORD000002454,1,PROD0000518,SELL000034,1,15215.0,3804.0,173.0,15388.0
ORD000002455,1,PROD0000344,SELL000024,2,530.0,0.0,69.0,1129.0
ORD000002456,1,PROD0000043,SELL000038,2,2365.0,0.0,392.0,5122.0
ORD000002457,1,PROD0000042,SELL000028,2,821.0,0.0,51.0,1693.0
ORD000002458,1,PROD0000206,SELL000072,1,565.0,0.0,61.0,626.0
ORD000002458,2,PROD0000289,SELL000083,1,999.0,111.0,60.0,1059.0
ORD000002459,1,PROD0000042,SELL000077,1,821.0,0.0,48.0,869.0
ORD000002460,1,PROD0000300,SELL000084,2,562.0,30.0,97.0,1221.0
ORD000002461,1,PROD0000353,SELL000063,1,14189.0,747.0,76.0,14265.0
ORD000002462,1,PROD0000361,SELL000072,3,416.0,46.0,51.0,1299.0
ORD000002463,1,PROD0000506,SELL000035,3,1038.0,692.0,36.0,3150.0
ORD000002464,1,PROD0000189,SELL000104,2,6415.0,1132.0,27.0,12857.0
ORD000002465,1,PROD0000019,SELL000099,1,2639.0,0.0,427.0,3066.0
ORD000002465,2,PROD0000499,SELL000006,1,5232.0,275.0,93.0,5325.0
ORD000002465,3,PROD0000274,SELL000037,3,346.0,0.0,57.0,1095.0
ORD000002466,1,PROD0000328,SELL000072,1,2164.0,114.0,149.0,2313.0
ORD000002467,1,PROD0000277,SELL000030,3,1146.0,127.0,72.0,3510.0
ORD000002468,1,PROD0000253,SELL000053,2,248.0,106.0,67.0,563.0
ORD000002469,1,PROD0000085,SELL000088,1,59248.0,0.0,112.0,59360.0
ORD000002469,2,PROD0000293,SELL000092,1,68105.0,0.0,155.0,68260.0
ORD000002469,3,PROD0000434,SELL000098,3,105.0,0.0,65.0,380.0
ORD000002469,4,PROD0000059,SELL000068,2,328.0,36.0,36.0,692.0
ORD000002469,5,PROD0000205,SELL000100,1,9199.0,6132.0,31.0,9230.0
ORD000002469,6,PROD0000487,SELL000068,2,1109.0,58.0,107.0,2325.0
ORD000002470,1,PROD0000219,SELL000055,2,595.0,31.0,38.0,1228.0
ORD000002471,1,PROD0000084,SELL000021,3,1181.0,0.0,32.0,3575.0
ORD000002471,2,PROD0000501,SELL000091,1,325.0,36.0,30.0,355.0
ORD000002472,1,PROD0000071,SELL000027,2,28143.0,0.0,53.0,56339.0
ORD000002472,2,PROD0000128,SELL000019,2,24409.0,0.0,57.0,48875.0
ORD000002472,3,PROD0000242,SELL000080,1,231.0,41.0,58.0,289.0
ORD000002473,1,PROD0000200,SELL000093,2,1440.0,0.0,126.0,3006.0
ORD000002473,2,PROD0000216,SELL000102,2,321.0,0.0,48.0,690.0
ORD000002473,3,PROD0000401,SELL000079,1,2655.0,0.0,128.0,2783.0
ORD000002473,4,PROD0000290,SELL000100,2,397.0,0.0,49.0,843.0
ORD000002473,5,PROD0000250,SELL000041,1,8867.0,985.0,50.0,8917.0
ORD000002473,6,PROD0000366,SELL000011,1,785.0,0.0,64.0,849.0
ORD000002474,1,PROD0000314,SELL000025,1,14827.0,2616.0,26.0,14853.0
ORD000002474,2,PROD0000327,SELL000016,3,600.0,67.0,37.0,1837.0
ORD000002474,3,PROD0000248,SELL000079,1,19474.0,1025.0,45.0,19519.0
ORD000002475,1,PROD0000288,SELL000044,3,409.0,0.0,37.0,1264.0
ORD000002476,1,PROD0000147,SELL000045,2,459.0,81.0,54.0,972.0
ORD000002477,1,PROD0000215,SELL000096,1,759.0,84.0,41.0,800.0
ORD000002477,2,PROD0000084,SELL000102,2,1004.0,177.0,49.0,2057.0
ORD000002477,3,PROD0000042,SELL000015,2,739.0,82.0,36.0,1514.0
ORD000002477,4,PROD0000442,SELL000089,1,153.0,38.0,56.0,209.0
ORD000002477,5,PROD0000420,SELL000067,3,1855.0,206.0,403.0,5968.0
ORD000002478,1,PROD0000143,SELL000082,1,19278.0,4819.0,52.0,19330.0
ORD000002478,2,PROD0000240,SELL000099,1,8598.0,955.0,40.0,8638.0
ORD000002479,1,PROD0000519,SELL000035,3,14917.0,9945.0,59.0,44810.0
ORD000002479,2,PROD0000276,SELL000084,2,298.0,75.0,200.0,796.0
ORD000002480,1,PROD0000005,SELL000074,1,12416.0,0.0,39.0,12455.0
ORD000002480,2,PROD0000300,SELL000069,1,503.0,89.0,119.0,622.0
ORD000002480,3,PROD0000459,SELL000079,2,3330.0,0.0,282.0,6942.0
ORD000002480,4,PROD0000120,SELL000080,2,1529.0,655.0,85.0,3143.0
ORD000002481,1,PROD0000493,SELL000042,1,2054.0,0.0,39.0,2093.0
ORD000002482,1,PROD0000397,SELL000097,1,3344.0,176.0,162.0,3506.0
ORD000002482,2,PROD0000030,SELL000009,2,1097.0,0.0,49.0,2243.0
ORD000002483,1,PROD0000514,SELL000019,2,1630.0,408.0,417.0,3677.0
ORD000002484,1,PROD0000326,SELL000077,2,538.0,230.0,41.0,1117.0
ORD000002485,1,PROD0000112,SELL000048,3,15264.0,803.0,38.0,45830.0
ORD000002486,1,PROD0000407,SELL000030,1,592.0,0.0,45.0,637.0
ORD000002486,2,PROD0000427,SELL000053,2,11297.0,1994.0,48.0,22642.0
ORD000002487,1,PROD0000320,SELL000013,2,781.0,0.0,166.0,1728.0
ORD000002487,2,PROD0000502,SELL000000,1,280.0,186.0,56.0,336.0
ORD000002487,3,PROD0000458,SELL000004,1,22886.0,0.0,91.0,22977.0
ORD000002487,4,PROD0000162,SELL000093,3,891.0,99.0,57.0,2730.0
ORD000002487,5,PROD0000069,SELL000034,1,79774.0,0.0,131.0,79905.0
ORD000002487,6,PROD0000420,SELL000094,1,1237.0,824.0,406.0,1643.0
ORD000002488,1,PROD0000494,SELL000053,2,218.0,24.0,136.0,572.0
ORD000002488,2,PROD0000153,SELL000031,1,545.0,364.0,48.0,593.0
ORD000002488,3,PROD0000286,SELL000004,2,1937.0,0.0,122.0,3996.0
ORD000002488,4,PROD0000265,SELL000011,1,3049.0,339.0,419.0,3468.0
ORD000002489,1,PROD0000179,SELL000059,2,749.0,0.0,50.0,1548.0
ORD000002490,1,PROD0000280,SELL000064,2,491.0,123.0,62.0,1044.0
ORD000002490,2,PROD0000273,SELL000094,2,14618.0,0.0,168.0,29404.0
ORD000002490,3,PROD0000513,SELL000020,3,1013.0,53.0,43.0,3082.0
ORD000002491,1,PROD0000176,SELL000062,1,375.0,66.0,74.0,449.0
ORD000002492,1,PROD0000077,SELL000008,1,27232.0,0.0,29.0,27261.0
ORD000002493,1,PROD0000237,SELL000055,1,1292.0,323.0,59.0,1351.0
ORD000002493,2,PROD0000073,SELL000018,1,16890.0,4222.0,48.0,16938.0
ORD000002493,3,PROD0000081,SELL000024,1,687.0,76.0,22.0,709.0
ORD000002493,4,PROD0000330,SELL000043,1,11726.0,1303.0,48.0,11774.0
ORD000002494,1,PROD0000440,SELL000046,1,9302.0,0.0,63.0,9365.0
ORD000002494,2,PROD0000060,SELL000012,1,15432.0,812.0,48.0,15480.0
ORD000002494,3,PROD0000202,SELL000063,1,19275.0,4819.0,126.0,19401.0
ORD000002494,4,PROD0000095,SELL000042,1,1357.0,0.0,45.0,1402.0
ORD000002494,5,PROD0000243,SELL000090,3,415.0,276.0,47.0,1292.0
ORD000002495,1,PROD0000307,SELL000063,3,896.0,47.0,158.0,2846.0
ORD000002496,1,PROD0000473,SELL000092,1,1002.0,0.0,51.0,1053.0
ORD000002496,2,PROD0000465,SELL000001,3,11706.0,0.0,183.0,35301.0
ORD000002497,1,PROD0000472,SELL000047,1,13607.0,1512.0,91.0,13698.0
ORD000002498,1,PROD0000220,SELL000088,1,93.0,62.0,67.0,160.0
ORD000002498,2,PROD0000410,SELL000019,2,596.0,105.0,63.0,1255.0
ORD000002499,1,PROD0000151,SELL000023,3,8256.0,917.0,43.0,24811.0
ORD000002500,1,PROD0000015,SELL000074,2,2124.0,1416.0,303.0,4551.0
ORD000002501,1,PROD0000484,SELL000001,2,605.0,0.0,63.0,1273.0
ORD000002501,2,PROD0000472,SELL000099,2,14363.0,756.0,95.0,28821.0
ORD000002501,3,PROD0000094,SELL000098,3,46634.0,8230.0,55.0,139957.0
ORD000002502,1,PROD0000098,SELL000100,2,460.0,51.0,60.0,980.0
ORD000002503,1,PROD0000472,SELL000081,1,15119.0,0.0,86.0,15205.0
ORD000002503,2,PROD0000228,SELL000104,1,21171.0,3736.0,54.0,21225.0
ORD000002504,1,PROD0000411,SELL000102,1,392.0,0.0,63.0,455.0
ORD000002505,1,PROD0000470,SELL000026,1,3436.0,382.0,45.0,3481.0
ORD000002506,1,PROD0000284,SELL000016,2,550.0,137.0,52.0,1152.0
ORD000002507,1,PROD0000049,SELL000087,2,12219.0,0.0,48.0,24486.0
ORD000002508,1,PROD0000312,SELL000047,1,18262.0,3223.0,44.0,18306.0
ORD000002509,1,PROD0000069,SELL000005,3,63819.0,15955.0,129.0,191586.0
ORD000002509,2,PROD0000358,SELL000046,2,9651.0,0.0,164.0,19466.0
ORD000002510,1,PROD0000300,SELL000001,3,592.0,0.0,122.0,1898.0
ORD000002511,1,PROD0000227,SELL000060,2,858.0,215.0,94.0,1810.0
ORD000002512,1,PROD0000243,SELL000070,3,656.0,35.0,51.0,2019.0
ORD000002512,2,PROD0000501,SELL000005,2,361.0,0.0,54.0,776.0
ORD000002512,3,PROD0000203,SELL000012,1,14908.0,0.0,31.0,14939.0
ORD000002513,1,PROD0000442,SELL000095,2,191.0,0.0,49.0,431.0
ORD000002513,2,PROD0000421,SELL000040,1,15282.0,1698.0,38.0,15320.0
ORD000002514,1,PROD0000518,SELL000005,3,15215.0,3804.0,164.0,45809.0
ORD000002514,2,PROD0000466,SELL000001,2,8276.0,920.0,57.0,16609.0
ORD000002515,1,PROD0000323,SELL000041,2,3295.0,0.0,193.0,6783.0
ORD000002516,1,PROD0000516,SELL000009,2,5595.0,2398.0,43.0,11233.0
ORD000002516,2,PROD0000364,SELL000014,2,1587.0,84.0,160.0,3334.0
ORD000002517,1,PROD0000064,SELL000021,1,937.0,0.0,123.0,1060.0
ORD000002518,1,PROD0000050,SELL000073,2,755.0,324.0,77.0,1587.0
ORD000002519,1,PROD0000352,SELL000058,2,620.0,33.0,138.0,1378.0
ORD000002520,1,PROD0000275,SELL000081,-2,316.0,17.0,42.0,674.0
ORD000002520,2,PROD0000453,SELL000034,3,283.0,71.0,159.0,1008.0
ORD000002521,1,PROD0000280,SELL000008,1,614.0,0.0,67.0,681.0
ORD000002522,1,PROD0000125,SELL000059,1,712.0,79.0,115.0,827.0
ORD000002522,2,PROD0000446,SELL000101,3,30217.0,7554.0,173.0,90824.0
ORD000002522,3,PROD0000250,SELL000068,1,9852.0,0.0,48.0,9900.0
ORD000002522,4,PROD0000497,SELL000025,1,867.0,372.0,168.0,1035.0
ORD000002522,5,PROD0000003,SELL000000,1,892.0,0.0,267.0,1159.0
ORD000002523,1,PROD0000009,SELL000008,2,311.0,78.0,38.0,660.0
ORD000002524,1,PROD0000070,SELL000089,1,492.0,26.0,46.0,538.0
ORD000002525,1,PROD0000498,SELL000030,1,544.0,60.0,57.0,601.0
ORD000002526,1,PROD0000065,SELL000006,2,539.0,60.0,36.0,1114.0
ORD000002526,2,PROD0000371,SELL000035,2,3453.0,0.0,497.0,7403.0
ORD000002526,3,PROD0000368,SELL000091,2,678.0,0.0,65.0,1421.0
ORD000002527,1,PROD0000458,SELL000044,1,19453.0,3433.0,90.0,19543.0
ORD000002528,1,PROD0000324,SELL000102,1,1574.0,393.0,159.0,1733.0
ORD000002529,1,PROD0000010,SELL000052,1,372.0,0.0,73.0,445.0
ORD000002530,1,PROD0000020,SELL000094,3,1398.0,247.0,88.0,4282.0
ORD000002531,1,PROD0000007,SELL000021,2,611.0,0.0,53.0,1275.0
ORD000002531,2,PROD0000310,SELL000056,1,10741.0,1193.0,55.0,10796.0
ORD000002532,1,PROD0000224,SELL000050,1,1794.0,199.0,72.0,1866.0
ORD000002532,2,PROD0000035,SELL000080,2,591.0,104.0,55.0,1237.0
ORD000002532,3,PROD0000010,SELL000014,1,335.0,37.0,64.0,399.0
ORD000002533,1,PROD0000105,SELL000018,2,440.0,0.0,199.0,1079.0
ORD000002534,1,PROD0000249,SELL000023,1,1502.0,0.0,58.0,1560.0
ORD000002535,1,PROD0000469,SELL000098,3,383.0,20.0,57.0,1206.0
ORD000002535,2,PROD0000430,SELL000094,3,1438.0,160.0,237.0,4551.0
ORD000002536,1,PROD0000233,SELL000002,1,2280.0,0.0,84.0,2364.0
ORD000002536,2,PROD0000149,SELL000044,1,15605.0,0.0,59.0,15664.0
ORD000002537,1,PROD0000407,SELL000057,2,592.0,0.0,39.0,1223.0
ORD000002537,2,PROD0000488,SELL000093,1,1557.0,0.0,230.0,1787.0
ORD000002537,3,PROD0000163,SELL000048,2,241.0,27.0,52.0,534.0
ORD000002537,4,PROD0000259,SELL000081,3,301.0,129.0,46.0,949.0
ORD000002538,1,PROD0000057,SELL000083,3,34506.0,0.0,50.0,103568.0
ORD000002539,1,PROD0000067,SELL000053,2,391.0,0.0,54.0,836.0
ORD000002539,2,PROD0000462,SELL000078,2,21280.0,1120.0,89.0,42649.0
ORD000002539,3,PROD0000117,SELL000007,1,1282.0,142.0,46.0,1328.0
ORD000002539,4,PROD0000085,SELL000034,3,53323.0,5925.0,126.0,160095.0
ORD000002540,1,PROD0000166,SELL000089,2,320.0,0.0,56.0,696.0
ORD000002540,2,PROD0000182,SELL000017,1,387.0,0.0,64.0,451.0
ORD000002540,3,PROD0000106,SELL000053,2,181.0,77.0,197.0,559.0
ORD000002541,1,PROD0000365,SELL000083,1,1228.0,136.0,53.0,1281.0
ORD000002542,1,PROD0000299,SELL000054,1,22440.0,5610.0,155.0,22595.0
ORD000002542,2,PROD0000308,SELL000102,1,18411.0,969.0,171.0,18582.0
ORD000002543,1,PROD0000513,SELL000089,3,853.0,213.0,46.0,2605.0
ORD000002544,1,PROD0000483,SELL000010,1,25420.0,6355.0,133.0,25553.0
ORD000002545,1,PROD0000147,SELL000055,1,540.0,0.0,42.0,582.0
ORD000002545,2,PROD0000514,SELL000076,2,2038.0,0.0,404.0,4480.0
ORD000002546,1,PROD0000353,SELL000078,1,14936.0,0.0,63.0,14999.0
ORD000002547,1,PROD0000076,SELL000054,1,316.0,79.0,133.0,449.0
ORD000002548,1,PROD0000166,SELL000042,1,320.0,0.0,73.0,393.0
ORD000002548,2,PROD0000118,SELL000032,1,2515.0,132.0,252.0,2767.0
ORD000002549,1,PROD0000416,SELL000037,3,9504.0,1056.0,47.0,28559.0
ORD000002549,2,PROD0000333,SELL000001,2,510.0,90.0,57.0,1077.0
ORD000002549,3,PROD0000405,SELL000090,2,21740.0,1144.0,68.0,43548.0
ORD000002549,4,PROD0000076,SELL000076,1,375.0,20.0,139.0,514.0
ORD000002549,5,PROD0000268,SELL000030,2,291.0,0.0,39.0,621.0
ORD000002550,1,PROD0000282,SELL000013,1,742.0,0.0,58.0,800.0
ORD000002551,1,PROD0000354,SELL000054,1,9509.0,0.0,35.0,9544.0
ORD000002552,1,PROD0000194,SELL000089,2,8298.0,3556.0,47.0,16643.0
ORD000002553,1,PROD0000032,SELL000104,2,1570.0,1046.0,74.0,3214.0
ORD000002554,1,PROD0000462,SELL000027,2,17920.0,4480.0,80.0,35920.0
ORD000002554,2,PROD0000222,SELL000046,1,247.0,0.0,45.0,292.0
ORD000002554,3,PROD0000478,SELL000062,1,41965.0,0.0,35.0,42000.0
ORD000002554,4,PROD0000215,SELL000062,2,759.0,84.0,52.0,1570.0
ORD000002555,1,PROD0000134,SELL000029,2,926.0,0.0,63.0,1915.0
ORD000002556,1,PROD0000241,SELL000085,3,337.0,145.0,49.0,1060.0
ORD000002556,2,PROD0000049,SELL000073,2,10386.0,1833.0,34.0,20806.0
ORD000002557,1,PROD0000291,SELL000087,1,273.0,182.0,37.0,310.0
ORD000002558,1,PROD0000516,SELL000012,1,6394.0,1599.0,25.0,6419.0
ORD000002558,2,PROD0000133,SELL000070,1,40028.0,2107.0,150.0,40178.0
ORD000002558,3,PROD0000078,SELL000036,2,1793.0,0.0,194.0,3780.0
ORD000002558,4,PROD0000071,SELL000080,2,22514.0,5629.0,48.0,45076.0
ORD000002558,5,PROD0000090,SELL000053,1,4730.0,526.0,222.0,4952.0
ORD000002558,6,PROD0000204,SELL000054,1,1015.0,435.0,126.0,1141.0
ORD000002559,1,PROD0000131,SELL000061,2,1829.0,0.0,66.0,3724.0
ORD000002560,1,PROD0000372,SELL000023,1,365.0,41.0,172.0,537.0
ORD000002560,2,PROD0000177,SELL000060,2,1503.0,79.0,233.0,3239.0
ORD000002560,3,PROD0000189,SELL000092,1,7547.0,0.0,43.0,7590.0
ORD000002560,4,PROD0000076,SELL000008,1,356.0,40.0,156.0,512.0
ORD000002561,1,PROD0000298,SELL000017,2,900.0,0.0,63.0,1863.0
ORD000002561,2,PROD0000167,SELL000003,1,19368.0,1019.0,167.0,19535.0
ORD000002562,1,PROD0000367,SELL000050,2,8773.0,975.0,35.0,17581.0
ORD000002562,2,PROD0000011,SELL000024,1,35115.0,0.0,42.0,35157.0
ORD000002562,3,PROD0000334,SELL000062,2,406.0,72.0,72.0,884.0
ORD000002562,4,PROD0000417,SELL000003,3,17242.0,0.0,138.0,51864.0
ORD000002562,5,PROD0000370,SELL000011,3,2593.0,458.0,69.0,7848.0
ORD000002563,1,PROD0000137,SELL000023,3,16148.0,0.0,47.0,48491.0
ORD000002564,1,PROD0000363,SELL000069,1,500.0,88.0,28.0,528.0
ORD000002564,2,PROD0000426,SELL000006,3,2327.0,122.0,162.0,7143.0
ORD000002564,3,PROD0000274,SELL000055,2,277.0,69.0,48.0,602.0
ORD000002565,1,PROD0000337,SELL000055,1,903.0,100.0,190.0,1093.0
ORD000002566,1,PROD0000425,SELL000033,2,16093.0,847.0,54.0,32240.0
ORD000002566,2,PROD0000250,SELL000010,2,8374.0,1478.0,42.0,16790.0
ORD000002567,1,PROD0000077,SELL000074,3,25870.0,1362.0,50.0,77660.0
ORD000002568,1,PROD0000506,SELL000043,2,1644.0,86.0,42.0,3330.0
ORD000002569,1,PROD0000170,SELL000062,2,3012.0,159.0,280.0,6304.0
ORD000002570,1,PROD0000201,SELL000080,1,1295.0,229.0,55.0,1350.0
ORD000002571,1,PROD0000319,SELL000001,2,1246.0,138.0,276.0,2768.0
ORD000002571,2,PROD0000092,SELL000081,1,9391.0,4025.0,46.0,9437.0
ORD000002571,3,PROD0000180,SELL000009,2,25756.0,0.0,49.0,51561.0
ORD000002571,4,PROD0000300,SELL000059,1,592.0,0.0,126.0,718.0
ORD000002572,1,PROD0000382,SELL000009,1,940.0,49.0,48.0,988.0
ORD000002573,1,PROD0000073,SELL000003,1,17945.0,3167.0,43.0,17988.0
ORD000002574,1,PROD0000431,SELL000043,1,488.0,0.0,51.0,539.0
ORD000002574,2,PROD0000144,SELL000056,1,569.0,0.0,55.0,624.0
ORD000002575,1,PROD0000475,SELL000032,1,1046.0,697.0,237.0,1283.0
ORD000002575,2,PROD0000472,SELL000026,1,15119.0,0.0,106.0,15225.0
ORD000002576,1,PROD0000370,SELL000018,2,2898.0,153.0,53.0,5849.0
ORD000002577,1,PROD0000464,SELL000059,2,3323.0,0.0,164.0,6810.0
ORD000002578,1,PROD0000083,SELL000042,2,13386.0,0.0,41.0,26813.0
ORD000002579,1,PROD0000242,SELL000095,1,272.0,0.0,67.0,339.0
ORD000002579,2,PROD0000073,SELL000045,1,21112.0,0.0,48.0,21160.0
ORD000002579,3,PROD0000249,SELL000062,1,1427.0,75.0,56.0,1483.0
ORD000002580,1,PROD0000303,SELL000100,2,11977.0,0.0,31.0,23985.0
ORD000002581,1,PROD0000295,SELL000098,2,23261.0,1224.0,54.0,46576.0
ORD000002582,1,PROD0000039,SELL000052,2,2529.0,0.0,40.0,5098.0
ORD000002582,2,PROD0000043,SELL000021,2,1656.0,710.0,392.0,3704.0
ORD000002583,1,PROD0000520,SELL000041,2,11570.0,0.0,37.0,23177.0
ORD000002584,1,PROD0000131,SELL000028,1,1829.0,0.0,65.0,1894.0
ORD000002584,2,PROD0000257,SELL000051,2,1023.0,181.0,109.0,2155.0
ORD000002584,3,PROD0000302,SELL000015,3,930.0,232.0,49.0,2839.0
ORD000002584,4,PROD0000083,SELL000042,1,12047.0,1339.0,39.0,12086.0
ORD000002585,1,PROD0000167,SELL000008,1,20387.0,0.0,164.0,20551.0
ORD000002585,2,PROD0000313,SELL000102,1,20074.0,5018.0,42.0,20116.0
ORD000002586,1,PROD0000111,SELL000001,1,617.0,109.0,210.0,827.0
ORD000002586,2,PROD0000412,SELL000093,1,1829.0,96.0,44.0,1873.0
ORD000002586,3,PROD0000337,SELL000097,1,953.0,50.0,190.0,1143.0
ORD000002586,4,PROD0000515,SELL000100,1,18612.0,0.0,159.0,18771.0
ORD000002587,1,PROD0000295,SELL000047,1,24485.0,0.0,78.0,24563.0
ORD000002588,1,PROD0000416,SELL000081,2,10560.0,0.0,51.0,21171.0
ORD000002589,1,PROD0000170,SELL000098,1,3171.0,0.0,295.0,3466.0
ORD000002590,1,PROD0000361,SELL000087,1,323.0,139.0,55.0,378.0
ORD000002591,1,PROD0000488,SELL000090,3,1246.0,311.0,233.0,3971.0
ORD000002592,1,PROD0000428,SELL000051,3,1011.0,0.0,67.0,3100.0
ORD000002593,1,PROD0000405,SELL000078,3,22884.0,0.0,60.0,68712.0
ORD000002594,1,PROD0000234,SELL000022,1,1359.0,151.0,34.0,1393.0
ORD000002595,1,PROD0000310,SELL000096,1,11337.0,597.0,36.0,11373.0
ORD000002596,1,PROD0000308,SELL000049,1,15504.0,3876.0,175.0,15679.0
ORD000002597,1,PROD0000109,SELL000027,1,13915.0,9277.0,57.0,13972.0
ORD000002597,2,PROD0000136,SELL000031,3,20683.0,1089.0,32.0,62081.0
ORD000002598,1,PROD0000337,SELL000089,1,1003.0,0.0,193.0,1196.0
ORD000002599,1,PROD0000331,SELL000020,-2,438.0,188.0,53.0,929.0
ORD000002599,2,PROD0000358,SELL000071,2,9168.0,483.0,171.0,18507.0
ORD000002600,1,PROD0000314,SELL000029,1,16571.0,872.0,55.0,16626.0
ORD000002600,2,PROD0000302,SELL000062,3,988.0,174.0,56.0,3020.0
ORD000002601,1,PROD0000270,SELL000056,1,3115.0,164.0,69.0,3184.0
ORD000002601,2,PROD0000332,SELL000064,1,52020.0,0.0,42.0,52062.0
ORD000002602,1,PROD0000188,SELL000023,2,643.0,114.0,54.0,1340.0
ORD000002602,2,PROD0000084,SELL000095,3,1181.0,0.0,55.0,3598.0
ORD000002602,3,PROD0000352,SELL000092,3,653.0,0.0,150.0,2109.0
ORD000002602,4,PROD0000174,SELL000097,1,1346.0,71.0,36.0,1382.0
ORD000002603,1,PROD0000394,SELL000052,1,8205.0,0.0,45.0,8250.0
ORD000002603,2,PROD0000464,SELL000018,2,2658.0,665.0,156.0,5472.0
ORD000002603,3,PROD0000203,SELL000058,1,8945.0,5963.0,26.0,8971.0
ORD000002603,4,PROD0000071,SELL000008,1,19700.0,8443.0,45.0,19745.0
ORD000002603,5,PROD0000000,SELL000074,2,1315.0,0.0,55.0,2685.0
ORD000002604,1,PROD0000307,SELL000028,2,660.0,283.0,148.0,1468.0
ORD000002605,1,PROD0000459,SELL000020,1,3330.0,0.0,287.0,3617.0
ORD000002606,1,PROD0000467,SELL000085,2,9204.0,484.0,39.0,18447.0
ORD000002606,2,PROD0000468,SELL000069,3,13134.0,0.0,32.0,39434.0
ORD000002607,1,PROD0000007,SELL000010,2,489.0,122.0,44.0,1022.0
ORD000002607,2,PROD0000028,SELL000091,1,285.0,0.0,45.0,330.0
ORD000002608,1,PROD0000503,SELL000069,2,8342.0,1472.0,61.0,16745.0
ORD000002609,1,PROD0000351,SELL000028,1,8783.0,1550.0,46.0,8829.0
ORD000002609,2,PROD0000460,SELL000041,1,595.0,31.0,51.0,646.0
ORD000002609,3,PROD0000510,SELL000048,1,456.0,114.0,49.0,505.0
ORD000002609,4,PROD0000372,SELL000095,1,406.0,0.0,164.0,570.0
ORD000002609,5,PROD0000209,SELL000058,1,1079.0,0.0,170.0,1249.0
ORD000002610,1,PROD0000369,SELL000086,2,77.0,4.0,119.0,273.0
ORD000002610,2,PROD0000326,SELL000003,3,653.0,115.0,48.0,2007.0
ORD000002610,3,PROD0000452,SELL000053,2,266.0,0.0,69.0,601.0
ORD000002611,1,PROD0000448,SELL000008,2,1114.0,279.0,41.0,2269.0
ORD000002611,2,PROD0000089,SELL000039,3,2862.0,0.0,35.0,8621.0
ORD000002611,3,PROD0000458,SELL000057,3,19453.0,3433.0,75.0,58434.0
ORD000002611,4,PROD0000364,SELL000087,2,1671.0,0.0,159.0,3501.0
ORD000002612,1,PROD0000382,SELL000029,3,940.0,49.0,65.0,2885.0
ORD000002613,1,PROD0000178,SELL000025,1,480.0,25.0,69.0,549.0
ORD000002614,1,PROD0000253,SELL000089,2,336.0,18.0,61.0,733.0
ORD000002615,1,PROD0000456,SELL000057,2,1243.0,0.0,238.0,2724.0
ORD000002616,1,PROD0000072,SELL000076,2,1049.0,117.0,220.0,2318.0
ORD000002617,1,PROD0000277,SELL000097,2,1273.0,0.0,52.0,2598.0
ORD000002618,1,PROD0000503,SELL000004,1,9814.0,0.0,62.0,9876.0
ORD000002618,2,PROD0000398,SELL000063,1,1187.0,0.0,241.0,1428.0
ORD000002618,3,PROD0000077,SELL000007,3,19062.0,8170.0,49.0,57235.0
ORD000002619,1,PROD0000087,SELL000097,1,546.0,0.0,126.0,672.0
ORD000002620,1,PROD0000262,SELL000046,1,2201.0,116.0,274.0,2475.0
ORD000002621,1,PROD0000126,SELL000046,1,1248.0,0.0,78.0,1326.0
ORD000002622,1,PROD0000459,SELL000019,1,2997.0,333.0,284.0,3281.0
ORD000002622,2,PROD0000436,SELL000066,1,1485.0,0.0,69.0,1554.0
ORD000002622,3,PROD0000496,SELL000056,2,1204.0,0.0,44.0,2452.0
ORD000002622,4,PROD0000205,SELL000098,2,9199.0,6132.0,36.0,18434.0
ORD000002623,1,PROD0000148,SELL000000,1,13323.0,8882.0,51.0,13374.0
ORD000002623,2,PROD0000274,SELL000077,2,346.0,0.0,56.0,748.0
ORD000002623,3,PROD0000059,SELL000100,2,309.0,55.0,66.0,684.0
ORD000002623,4,PROD0000378,SELL000095,3,55.0,24.0,50.0,215.0
ORD000002624,1,PROD0000453,SELL000065,3,212.0,142.0,163.0,799.0
ORD000002624,2,PROD0000088,SELL000087,3,1111.0,0.0,134.0,3467.0
ORD000002625,1,PROD0000103,SELL000004,2,315.0,79.0,25.0,655.0
ORD000002626,1,PROD0000157,SELL000008,2,31511.0,0.0,186.0,63208.0
ORD000002627,1,PROD0000417,SELL000073,2,15518.0,1724.0,127.0,31163.0
ORD000002628,1,PROD0000169,SELL000027,2,888.0,99.0,26.0,1802.0
ORD000002628,2,PROD0000379,SELL000074,3,835.0,147.0,46.0,2551.0
ORD000002628,3,PROD0000477,SELL000077,1,197.0,85.0,105.0,302.0
ORD000002629,1,PROD0000228,SELL000070,1,24907.0,0.0,68.0,24975.0
ORD000002629,2,PROD0000071,SELL000093,1,28143.0,0.0,33.0,28176.0
ORD000002629,3,PROD0000477,SELL000022,3,254.0,28.0,112.0,874.0
ORD000002629,4,PROD0000193,SELL000084,2,743.0,39.0,67.0,1553.0
ORD000002629,5,PROD0000312,SELL000084,1,19336.0,2148.0,45.0,19381.0
ORD000002630,1,PROD0000499,SELL000032,1,4406.0,1101.0,90.0,4496.0
ORD000002631,1,PROD0000467,SELL000021,1,8235.0,1453.0,41.0,8276.0
ORD000002632,1,PROD0000434,SELL000065,1,89.0,16.0,62.0,151.0
ORD000002633,1,PROD0000184,SELL000093,3,19473.0,0.0,43.0,58462.0
ORD000002634,1,PROD0000349,SELL000069,3,984.0,0.0,56.0,3008.0
ORD000002634,2,PROD0000174,SELL000012,3,992.0,425.0,45.0,3021.0
ORD000002635,1,PROD0000285,SELL000045,2,625.0,33.0,86.0,1336.0
ORD000002636,1,PROD0000175,SELL000041,2,1073.0,119.0,151.0,2297.0
ORD000002636,2,PROD0000436,SELL000061,1,1485.0,0.0,62.0,1547.0
ORD000002636,3,PROD0000391,SELL000061,2,19519.0,3444.0,49.0,39087.0
ORD000002636,4,PROD0000493,SELL000103,2,2054.0,0.0,48.0,4156.0
ORD000002637,1,PROD0000138,SELL000088,1,501.0,125.0,63.0,564.0
ORD000002638,1,PROD0000481,SELL000057,2,14486.0,0.0,30.0,29002.0
ORD000002639,1,PROD0000128,SELL000014,2,24409.0,0.0,54.0,48872.0
ORD000002640,1,PROD0000332,SELL000020,3,52020.0,0.0,38.0,156098.0
ORD000002640,2,PROD0000090,SELL000017,1,5255.0,0.0,230.0,5485.0
ORD000002640,3,PROD0000379,SELL000052,2,589.0,393.0,58.0,1236.0
ORD000002641,1,PROD0000403,SELL000016,1,744.0,39.0,69.0,813.0
ORD000002641,2,PROD0000403,SELL000018,1,744.0,39.0,61.0,805.0
ORD000002641,3,PROD0000144,SELL000015,1,569.0,0.0,58.0,627.0
ORD000002642,1,PROD0000421,SELL000072,2,16131.0,849.0,47.0,32309.0
ORD000002642,2,PROD0000082,SELL000029,1,10726.0,0.0,45.0,10771.0
ORD000002642,3,PROD0000381,SELL000094,2,14011.0,1557.0,86.0,28108.0
ORD000002643,1,PROD0000244,SELL000051,1,872.0,582.0,183.0,1055.0
ORD000002644,1,PROD0000093,SELL000070,1,20780.0,0.0,53.0,20833.0
ORD000002645,1,PROD0000507,SELL000055,1,1580.0,395.0,204.0,1784.0
ORD000002645,2,PROD0000395,SELL000092,2,112.0,75.0,177.0,401.0
ORD000002646,1,PROD0000076,SELL000013,-1,237.0,158.0,147.0,858.0
ORD000002646,2,PROD0000203,SELL000076,2,12672.0,2236.0,42.0,25386.0
ORD000002646,3,PROD0000384,SELL000060,1,408.0,102.0,61.0,469.0
ORD000002646,4,PROD0000104,SELL000045,3,1042.0,55.0,54.0,3180.0
ORD000002646,5,PROD0000246,SELL000073,3,1279.0,142.0,72.0,3909.0
ORD000002647,1,PROD0000053,SELL000056,3,9761.0,1722.0,53.0,29336.0
ORD000002648,1,PROD0000011,SELL000065,2,35115.0,0.0,43.0,70273.0
ORD000002649,1,PROD0000125,SELL000055,1,791.0,0.0,140.0,931.0
ORD000002650,1,PROD0000370,SELL000012,1,2898.0,153.0,58.0,2956.0
ORD000002650,2,PROD0000264,SELL000041,1,2325.0,0.0,53.0,2378.0
ORD000002651,1,PROD0000160,SELL000101,2,16810.0,885.0,55.0,33675.0
ORD000002652,1,PROD0000128,SELL000009,1,19527.0,4882.0,56.0,19583.0
ORD000002653,1,PROD0000418,SELL000024,1,244.0,27.0,52.0,296.0
ORD000002654,1,PROD0000346,SELL000073,1,670.0,74.0,38.0,708.0
ORD000002654,2,PROD0000449,SELL000015,1,10288.0,1143.0,86.0,10374.0
ORD000002655,1,PROD0000502,SELL000004,1,466.0,0.0,46.0,512.0
ORD000002656,1,PROD0000329,SELL000080,1,9565.0,0.0,58.0,9623.0
ORD000002657,1,PROD0000022,SELL000021,2,13749.0,0.0,103.0,27601.0
ORD000002658,1,PROD0000488,SELL000023,1,1090.0,467.0,227.0,1317.0
ORD000002659,1,PROD0000068,SELL000047,1,141.0,35.0,68.0,209.0
ORD000002660,1,PROD0000369,SELL000088,1,73.0,8.0,113.0,186.0
ORD000002661,1,PROD0000128,SELL000103,2,23189.0,1220.0,43.0,46421.0
ORD000002662,1,PROD0000399,SELL000027,2,142.0,94.0,40.0,324.0
ORD000002663,1,PROD0000419,SELL000032,1,511.0,0.0,219.0,730.0
ORD000002664,1,PROD0000413,SELL000054,3,3130.0,0.0,237.0,9627.0
ORD000002665,1,PROD0000141,SELL000083,1,184.0,20.0,126.0,310.0
ORD000002665,2,PROD0000334,SELL000007,3,430.0,48.0,64.0,1354.0
ORD000002666,1,PROD0000099,SELL000044,1,929.0,620.0,75.0,1004.0
ORD000002666,2,PROD0000462,SELL000010,2,17920.0,4480.0,82.0,35922.0
ORD000002666,3,PROD0000079,SELL000023,1,336.0,144.0,37.0,373.0
ORD000002667,1,PROD0000438,SELL000065,2,245.0,43.0,84.0,574.0
ORD000002668,1,PROD0000078,SELL000002,1,1255.0,538.0,179.0,1434.0
ORD000002668,2,PROD0000150,SELL000090,2,613.0,108.0,85.0,1311.0
ORD000002669,1,PROD0000375,SELL000009,3,1870.0,208.0,256.0,5866.0
ORD000002670,1,PROD0000499,SELL000086,1,4956.0,551.0,83.0,5039.0
ORD000002670,2,PROD0000368,SELL000043,1,475.0,203.0,85.0,560.0
ORD000002670,3,PROD0000178,SELL000059,3,505.0,0.0,62.0,1577.0
ORD000002671,1,PROD0000162,SELL000042,3,891.0,99.0,44.0,2717.0
ORD000002672,1,PROD0000328,SELL000038,2,2164.0,114.0,143.0,4471.0
ORD000002673,1,PROD0000234,SELL000065,1,1284.0,226.0,30.0,1314.0
ORD000002674,1,PROD0000107,SELL000033,3,20915.0,2324.0,155.0,62900.0
ORD000002675,1,PROD0000327,SELL000006,1,634.0,33.0,41.0,675.0
ORD000002676,1,PROD0000226,SELL000001,1,16938.0,2989.0,100.0,17038.0
ORD000002677,1,PROD0000508,SELL000029,3,12555.0,1395.0,100.0,37765.0
ORD000002677,2,PROD0000015,SELL000023,1,3540.0,0.0,308.0,3848.0
ORD000002678,1,PROD0000387,SELL000002,1,852.0,95.0,59.0,911.0
ORD000002679,1,PROD0000415,SELL000010,2,849.0,0.0,82.0,1780.0
ORD000002680,1,PROD0000418,SELL000091,1,217.0,54.0,38.0,255.0
ORD000002680,2,PROD0000364,SELL000052,1,1170.0,501.0,162.0,1332.0
ORD000002680,3,PROD0000509,SELL000041,1,7275.0,0.0,77.0,7352.0
ORD000002681,1,PROD0000161,SELL000096,2,1013.0,0.0,36.0,2062.0
ORD000002682,1,PROD0000198,SELL000061,3,1589.0,0.0,57.0,4824.0
ORD000002683,1,PROD0000486,SELL000013,1,972.0,243.0,54.0,1026.0
ORD000002684,1,PROD0000036,SELL000074,1,41591.0,0.0,165.0,41756.0
ORD000002685,1,PROD0000430,SELL000074,1,1438.0,160.0,253.0,1691.0
ORD000002685,2,PROD0000389,SELL000028,1,13402.0,705.0,46.0,13448.0
ORD000002685,3,PROD0000306,SELL000070,1,754.0,133.0,64.0,818.0
ORD000002686,1,PROD0000063,SELL000014,3,741.0,82.0,162.0,2385.0
ORD000002687,1,PROD0000318,SELL000104,1,50419.0,5602.0,47.0,50466.0
ORD000002688,1,PROD0000228,SELL000060,2,22416.0,2491.0,61.0,44893.0
ORD000002688,2,PROD0000045,SELL000029,1,9840.0,2460.0,46.0,9886.0
ORD000002688,3,PROD0000384,SELL000094,2,484.0,26.0,60.0,1028.0
ORD000002689,1,PROD0000423,SELL000053,1,325.0,17.0,51.0,376.0
ORD000002689,2,PROD0000290,SELL000093,1,397.0,0.0,47.0,444.0
ORD000002689,3,PROD0000084,SELL000009,1,1181.0,0.0,47.0,1228.0
ORD000002690,1,PROD0000191,SELL000032,2,2469.0,130.0,41.0,4979.0
ORD000002690,2,PROD0000281,SELL000045,1,2461.0,273.0,468.0,2929.0
ORD000002691,1,PROD0000267,SELL000027,2,23966.0,4229.0,39.0,47971.0
ORD000002692,1,PROD0000308,SELL000054,1,11628.0,7752.0,185.0,11813.0
ORD000002693,1,PROD0000127,SELL000037,1,212.0,0.0,38.0,250.0
ORD000002693,2,PROD0000414,SELL000092,1,9778.0,1086.0,42.0,9820.0
ORD000002693,3,PROD0000038,SELL000025,2,1384.0,244.0,62.0,2830.0
ORD000002693,4,PROD0000513,SELL000019,1,1066.0,0.0,33.0,1099.0
ORD000002693,5,PROD0000214,SELL000101,3,1787.0,199.0,102.0,5463.0
ORD000002694,1,PROD0000431,SELL000074,2,464.0,24.0,45.0,973.0
ORD000002695,1,PROD0000030,SELL000003,1,1042.0,55.0,62.0,1104.0
ORD000002695,2,PROD0000348,SELL000089,1,9691.0,0.0,29.0,9720.0
ORD000002695,3,PROD0000510,SELL000020,1,570.0,0.0,52.0,622.0
ORD000002695,4,PROD0000500,SELL000071,2,977.0,0.0,85.0,2039.0
ORD000002695,5,PROD0000233,SELL000002,1,1596.0,684.0,81.0,1677.0
ORD000002696,1,PROD0000194,SELL000027,1,11854.0,0.0,50.0,11904.0
ORD000002696,2,PROD0000459,SELL000089,2,3330.0,0.0,284.0,6944.0
ORD000002697,1,PROD0000332,SELL000002,1,46818.0,5202.0,44.0,46862.0
ORD000002697,2,PROD0000495,SELL000049,2,8133.0,5422.0,58.0,16324.0
ORD000002697,3,PROD0000122,SELL000041,1,473.0,0.0,90.0,563.0
ORD000002698,1,PROD0000234,SELL000023,1,1284.0,226.0,52.0,1336.0
ORD000002699,1,PROD0000162,SELL000012,2,990.0,0.0,59.0,2039.0
ORD000002699,2,PROD0000219,SELL000041,1,626.0,0.0,66.0,692.0
ORD000002699,3,PROD0000454,SELL000038,2,9374.0,4017.0,43.0,18791.0
ORD000002699,4,PROD0000465,SELL000011,1,9950.0,1756.0,163.0,10113.0
ORD000002700,1,PROD0000310,SELL000075,1,10741.0,1193.0,48.0,10789.0
ORD000002700,2,PROD0000018,SELL000011,1,1102.0,0.0,51.0,1153.0
ORD000002700,3,PROD0000230,SELL000040,2,454.0,50.0,50.0,958.0
ORD000002701,1,PROD0000253,SELL000099,2,354.0,0.0,76.0,784.0
ORD000002701,2,PROD0000371,SELL000039,1,3280.0,173.0,482.0,3762.0
ORD000002702,1,PROD0000139,SELL000073,1,2165.0,382.0,119.0,2284.0
ORD000002702,2,PROD0000301,SELL000048,3,1564.0,174.0,61.0,4753.0
ORD000002702,3,PROD0000392,SELL000067,1,5107.0,901.0,37.0,5144.0
ORD000002702,4,PROD0000296,SELL000082,1,465.0,0.0,36.0,501.0
ORD000002702,5,PROD0000435,SELL000049,1,150.0,26.0,187.0,337.0
ORD000002703,1,PROD0000131,SELL000068,2,1097.0,732.0,74.0,2268.0
ORD000002703,2,PROD0000323,SELL000051,1,2306.0,988.0,191.0,2497.0
ORD000002704,1,PROD0000237,SELL000032,2,1615.0,0.0,53.0,3283.0
ORD000002705,1,PROD0000212,SELL000081,2,1058.0,0.0,187.0,2303.0
ORD000002705,2,PROD0000221,SELL000040,3,672.0,75.0,78.0,2094.0
ORD000002706,1,PROD0000289,SELL000005,2,999.0,111.0,67.0,2065.0
ORD000002706,2,PROD0000267,SELL000028,1,22556.0,5639.0,42.0,22598.0
ORD000002706,3,PROD0000299,SELL000070,2,26648.0,1402.0,169.0,53465.0
ORD000002707,1,PROD0000500,SELL000069,2,879.0,98.0,77.0,1835.0
ORD000002707,2,PROD0000330,SELL000057,1,13029.0,0.0,23.0,13052.0
ORD000002708,1,PROD0000284,SELL000047,2,481.0,206.0,51.0,1013.0
ORD000002709,1,PROD0000480,SELL000032,2,954.0,0.0,166.0,2074.0
ORD000002710,1,PROD0000123,SELL000004,1,25063.0,10741.0,127.0,25190.0
ORD000002710,2,PROD0000129,SELL000022,1,567.0,243.0,57.0,624.0
ORD000002710,3,PROD0000060,SELL000104,2,16244.0,0.0,55.0,32543.0
ORD000002711,1,PROD0000105,SELL000090,1,352.0,88.0,188.0,540.0
ORD000002712,1,PROD0000040,SELL000008,1,298.0,0.0,184.0,482.0
ORD000002712,2,PROD0000099,SELL000097,2,1549.0,0.0,71.0,3169.0
ORD000002713,1,PROD0000341,SELL000081,1,2455.0,129.0,208.0,2663.0
ORD000002714,1,PROD0000363,SELL000010,1,412.0,176.0,45.0,457.0
ORD000002714,2,PROD0000337,SELL000043,1,953.0,50.0,184.0,1137.0
ORD000002714,3,PROD0000471,SELL000017,1,1399.0,0.0,173.0,1572.0
ORD000002715,1,PROD0000446,SELL000075,2,33994.0,3777.0,173.0,68161.0
ORD000002716,1,PROD0000170,SELL000070,1,3012.0,159.0,285.0,3297.0
ORD000002717,1,PROD0000098,SELL000022,2,511.0,0.0,62.0,1084.0
ORD000002718,1,PROD0000219,SELL000081,2,626.0,0.0,45.0,1297.0
ORD000002718,2,PROD0000483,SELL000030,2,31775.0,0.0,151.0,63701.0
ORD000002719,1,PROD0000504,SELL000051,1,2030.0,226.0,105.0,2135.0
ORD000002719,2,PROD0000106,SELL000011,1,232.0,26.0,200.0,432.0
ORD000002720,1,PROD0000075,SELL000097,2,542.0,96.0,44.0,1128.0
ORD000002721,1,PROD0000384,SELL000019,2,510.0,0.0,67.0,1087.0
ORD000002722,1,PROD0000458,SELL000091,1,18309.0,4577.0,81.0,18390.0
ORD000002723,1,PROD0000495,SELL000088,1,12877.0,678.0,64.0,12941.0
ORD000002723,2,PROD0000499,SELL000013,1,5507.0,0.0,86.0,5593.0
ORD000002724,1,PROD0000147,SELL000011,1,378.0,162.0,57.0,435.0
ORD000002724,2,PROD0000416,SELL000014,2,8976.0,1584.0,53.0,18005.0
ORD000002724,3,PROD0000351,SELL000088,1,9300.0,1033.0,44.0,9344.0
ORD000002724,4,PROD0000175,SELL000009,2,1192.0,0.0,134.0,2518.0
ORD000002725,1,PROD0000008,SELL000064,1,943.0,0.0,57.0,1000.0
ORD000002725,2,PROD0000340,SELL000091,2,366.0,41.0,42.0,774.0
ORD000002726,1,PROD0000188,SELL000030,1,530.0,227.0,47.0,577.0
ORD000002727,1,PROD0000151,SELL000058,1,8256.0,917.0,47.0,8303.0
ORD000002728,1,PROD0000004,SELL000008,3,16744.0,0.0,41.0,50273.0
ORD000002728,2,PROD0000062,SELL000098,2,768.0,85.0,113.0,1649.0
ORD000002729,1,PROD0000099,SELL000063,3,1549.0,0.0,68.0,4715.0
ORD000002730,1,PROD0000055,SELL000076,2,17953.0,0.0,39.0,35945.0
ORD000002731,1,PROD0000494,SELL000026,1,194.0,48.0,141.0,335.0
ORD000002731,2,PROD0000004,SELL000076,3,15070.0,1674.0,50.0,45260.0
ORD000002731,3,PROD0000202,SELL000065,2,20480.0,3614.0,117.0,41077.0
ORD000002731,4,PROD0000509,SELL000013,2,7275.0,0.0,67.0,14617.0
ORD000002732,1,PROD0000061,SELL000059,2,3195.0,0.0,129.0,6519.0
ORD000002732,2,PROD0000341,SELL000011,1,2326.0,258.0,195.0,2521.0
ORD000002732,3,PROD0000130,SELL000070,2,4053.0,450.0,94.0,8200.0
ORD000002733,1,PROD0000167,SELL000097,2,18348.0,2039.0,169.0,36865.0
ORD000002734,1,PROD0000231,SELL000090,1,13224.0,2334.0,34.0,13258.0
ORD000002735,1,PROD0000301,SELL000050,1,1477.0,261.0,69.0,1546.0
ORD000002736,1,PROD0000396,SELL000092,3,2602.0,459.0,146.0,7952.0
ORD000002736,2,PROD0000322,SELL000104,2,5809.0,0.0,46.0,11664.0
ORD000002736,3,PROD0000010,SELL000047,1,353.0,19.0,68.0,421.0
ORD000002737,1,PROD0000095,SELL000033,2,1221.0,136.0,59.0,2501.0
ORD000002738,1,PROD0000326,SELL000019,1,691.0,77.0,50.0,741.0
ORD000002739,1,PROD0000150,SELL000065,1,721.0,0.0,115.0,836.0
ORD000002740,1,PROD0000031,SELL000040,1,10844.0,4647.0,44.0,10888.0
ORD000002741,1,PROD0000285,SELL000060,1,658.0,0.0,83.0,741.0
ORD000002742,1,PROD0000165,SELL000099,1,286.0,190.0,64.0,350.0
ORD000002742,2,PROD0000437,SELL000007,1,968.0,242.0,67.0,1035.0
ORD000002742,3,PROD0000463,SELL000030,3,14139.0,1571.0,80.0,42497.0
ORD000002742,4,PROD0000067,SELL000054,1,391.0,0.0,62.0,453.0
ORD000002742,5,PROD0000404,SELL000075,1,1148.0,128.0,110.0,1258.0
ORD000002743,1,PROD0000447,SELL000097,1,313.0,0.0,55.0,368.0
ORD000002744,1,PROD0000333,SELL000091,2,420.0,180.0,47.0,887.0
ORD000002745,1,PROD0000317,SELL000047,2,429.0,0.0,45.0,903.0
ORD000002746,1,PROD0000241,SELL000058,1,458.0,24.0,45.0,503.0
ORD000002747,1,PROD0000255,SELL000049,1,12711.0,1412.0,44.0,12755.0
ORD000002748,1,PROD0000041,SELL000011,1,814.0,0.0,173.0,987.0
ORD000002749,1,PROD0000074,SELL000073,1,14774.0,1642.0,150.0,14924.0
ORD000002750,1,PROD0000356,SELL000086,1,321.0,57.0,47.0,368.0
ORD000002751,1,PROD0000286,SELL000081,2,1937.0,0.0,127.0,4001.0
ORD000002752,1,PROD0000090,SELL000037,2,5255.0,0.0,233.0,10743.0
ORD000002753,1,PROD0000184,SELL000086,1,18499.0,974.0,45.0,18544.0
ORD000002753,2,PROD0000336,SELL000022,1,36290.0,4032.0,57.0,36347.0
ORD000002753,3,PROD0000098,SELL000047,2,485.0,26.0,62.0,1032.0
ORD000002753,4,PROD0000109,SELL000026,2,23192.0,0.0,57.0,46441.0
ORD000002753,5,PROD0000458,SELL000046,1,21742.0,1144.0,82.0,21824.0
ORD000002753,6,PROD0000238,SELL000097,2,1768.0,0.0,142.0,3678.0
ORD000002754,1,PROD0000239,SELL000049,3,180.0,0.0,183.0,723.0
ORD000002754,2,PROD0000038,SELL000079,1,1547.0,81.0,60.0,1607.0
ORD000002754,3,PROD0000041,SELL000101,2,773.0,41.0,174.0,1720.0
ORD000002754,4,PROD0000338,SELL000016,1,332.0,18.0,57.0,389.0
ORD000002754,5,PROD0000157,SELL000097,1,31511.0,0.0,171.0,31682.0
ORD000002754,6,PROD0000145,SELL000011,1,189.0,33.0,121.0,310.0
ORD000002755,1,PROD0000094,SELL000065,1,54864.0,0.0,57.0,54921.0
ORD000002756,1,PROD0000392,SELL000047,1,6008.0,0.0,52.0,6060.0
ORD000002757,1,PROD0000489,SELL000029,1,474.0,118.0,82.0,556.0
ORD000002757,2,PROD0000135,SELL000067,3,614.0,410.0,39.0,1881.0
ORD000002758,1,PROD0000126,SELL000094,1,749.0,499.0,61.0,810.0
ORD000002759,1,PROD0000406,SELL000007,1,474.0,53.0,48.0,522.0
ORD000002759,2,PROD0000263,SELL000017,1,937.0,0.0,45.0,982.0
ORD000002760,1,PROD0000413,SELL000053,3,2504.0,626.0,243.0,7755.0
ORD000002761,1,PROD0000388,SELL000011,2,378.0,67.0,58.0,814.0
ORD000002762,1,PROD0000414,SELL000033,2,6518.0,4346.0,45.0,13081.0
ORD000002763,1,PROD0000082,SELL000043,2,9653.0,1073.0,55.0,19361.0
ORD000002763,2,PROD0000278,SELL000045,1,167.0,19.0,129.0,296.0
ORD000002763,3,PROD0000227,SELL000071,1,1073.0,0.0,99.0,1172.0
ORD000002764,1,PROD0000451,SELL000048,3,43801.0,0.0,62.0,131465.0
ORD000002765,1,PROD0000340,SELL000005,2,346.0,61.0,55.0,747.0
ORD000002765,2,PROD0000388,SELL000067,1,267.0,178.0,48.0,315.0
ORD000002766,1,PROD0000459,SELL000032,1,3164.0,166.0,284.0,3448.0
ORD000002766,2,PROD0000359,SELL000000,1,1397.0,0.0,277.0,1674.0
ORD000002767,1,PROD0000340,SELL000082,1,387.0,20.0,54.0,441.0
ORD000002768,1,PROD0000276,SELL000044,3,373.0,0.0,204.0,1323.0
ORD000002769,1,PROD0000041,SELL000069,1,488.0,326.0,147.0,635.0
ORD000002770,1,PROD0000375,SELL000068,2,2078.0,0.0,258.0,4414.0
ORD000002771,1,PROD0000167,SELL000008,1,20387.0,0.0,176.0,20563.0
ORD000002772,1,PROD0000064,SELL000087,3,890.0,47.0,121.0,2791.0
ORD000002773,1,PROD0000182,SELL000021,1,348.0,39.0,42.0,390.0
ORD000002773,2,PROD0000180,SELL000078,-2,21893.0,3863.0,53.0,43839.0
ORD000002773,3,PROD0000202,SELL000076,1,22889.0,1205.0,132.0,23021.0
ORD000002773,4,PROD0000145,SELL000012,1,155.0,67.0,120.0,275.0
ORD000002774,1,PROD0000490,SELL000012,1,1475.0,164.0,113.0,1588.0
ORD000002774,2,PROD0000460,SELL000089,2,626.0,0.0,50.0,1302.0
ORD000002775,1,PROD0000018,SELL000001,3,1102.0,0.0,61.0,3367.0
ORD000002776,1,PROD0000258,SELL000022,1,7482.0,394.0,34.0,7516.0
ORD000002776,2,PROD0000157,SELL000104,2,29935.0,1576.0,180.0,60050.0
ORD000002777,1,PROD0000442,SELL000011,2,181.0,10.0,61.0,423.0
ORD000002777,2,PROD0000256,SELL000064,3,327.0,0.0,46.0,1027.0
ORD000002778,1,PROD0000330,SELL000038,1,13029.0,0.0,43.0,13072.0
ORD000002778,2,PROD0000045,SELL000045,1,12300.0,0.0,55.0,12355.0
ORD000002779,1,PROD0000371,SELL000013,3,2935.0,518.0,493.0,9298.0
ORD000002780,1,PROD0000251,SELL000062,3,1936.0,215.0,55.0,5863.0
ORD000002781,1,PROD0000455,SELL000035,1,11496.0,0.0,50.0,11546.0
ORD000002782,1,PROD0000055,SELL000070,1,17055.0,898.0,48.0,17103.0
ORD000002783,1,PROD0000157,SELL000082,2,22058.0,9453.0,180.0,44296.0
ORD000002784,1,PROD0000436,SELL000052,1,1485.0,0.0,74.0,1559.0
ORD000002785,1,PROD0000121,SELL000002,2,1408.0,0.0,43.0,2859.0
ORD000002785,2,PROD0000140,SELL000069,1,1477.0,78.0,126.0,1603.0
ORD000002785,3,PROD0000157,SELL000052,3,31511.0,0.0,171.0,94704.0
ORD000002786,1,PROD0000272,SELL000074,1,466.0,0.0,61.0,527.0
ORD000002786,2,PROD0000028,SELL000082,1,171.0,114.0,41.0,212.0
ORD000002786,3,PROD0000322,SELL000018,1,4938.0,871.0,41.0,4979.0
ORD000002786,4,PROD0000421,SELL000011,2,14433.0,2547.0,32.0,28898.0
ORD000002786,5,PROD0000159,SELL000044,2,603.0,259.0,65.0,1271.0
ORD000002787,1,PROD0000089,SELL000094,1,2862.0,0.0,40.0,2902.0
ORD000002788,1,PROD0000183,SELL000031,2,2279.0,977.0,170.0,4728.0
ORD000002789,1,PROD0000336,SELL000045,3,24193.0,16129.0,52.0,72631.0
ORD000002790,1,PROD0000265,SELL000083,1,3049.0,339.0,450.0,3499.0
ORD000002790,2,PROD0000314,SELL000084,2,12210.0,5233.0,38.0,24458.0
ORD000002790,3,PROD0000419,SELL000080,2,409.0,102.0,204.0,1022.0
ORD000002791,1,PROD0000493,SELL000098,3,2054.0,0.0,43.0,6205.0
ORD000002792,1,PROD0000235,SELL000085,1,936.0,0.0,53.0,989.0
ORD000002792,2,PROD0000396,SELL000016,3,2602.0,459.0,149.0,7955.0
ORD000002793,1,PROD0000255,SELL000045,1,12711.0,1412.0,36.0,12747.0
ORD000002793,2,PROD0000072,SELL000081,2,1108.0,58.0,210.0,2426.0
ORD000002793,3,PROD0000310,SELL000060,1,11934.0,0.0,48.0,11982.0
ORD000002794,1,PROD0000496,SELL000015,1,1204.0,0.0,42.0,1246.0
ORD000002795,1,PROD0000221,SELL000074,1,747.0,0.0,67.0,814.0
ORD000002795,2,PROD0000281,SELL000018,1,2597.0,137.0,489.0,3086.0
ORD000002796,1,PROD0000378,SELL000033,1,79.0,0.0,49.0,128.0
ORD000002797,1,PROD0000432,SELL000102,1,2023.0,0.0,75.0,2098.0
ORD000002798,1,PROD0000002,SELL000102,1,4957.0,3305.0,48.0,5005.0
ORD000002798,2,PROD0000029,SELL000002,1,433.0,23.0,44.0,477.0
ORD000002798,3,PROD0000251,SELL000039,1,1506.0,645.0,37.0,1543.0
ORD000002798,4,PROD0000058,SELL000033,2,4575.0,0.0,41.0,9191.0
ORD000002799,1,PROD0000480,SELL000056,3,906.0,48.0,183.0,2901.0
ORD000002800,1,PROD0000367,SELL000087,1,8286.0,1462.0,54.0,8340.0
ORD000002801,1,PROD0000320,SELL000086,3,469.0,312.0,187.0,1594.0
ORD000002801,2,PROD0000304,SELL000014,2,6022.0,1063.0,57.0,12101.0
ORD000002802,1,PROD0000253,SELL000078,3,248.0,106.0,81.0,825.0
ORD000002802,2,PROD0000025,SELL000003,1,13550.0,0.0,44.0,13594.0
ORD000002803,1,PROD0000402,SELL000052,1,948.0,0.0,60.0,1008.0
ORD000002803,2,PROD0000249,SELL000059,1,1051.0,451.0,49.0,1100.0
ORD000002804,1,PROD0000204,SELL000042,1,1305.0,145.0,135.0,1440.0
ORD000002805,1,PROD0000227,SELL000092,3,1073.0,0.0,107.0,3326.0
ORD000002805,2,PROD0000243,SELL000066,2,691.0,0.0,52.0,1434.0
ORD000002806,1,PROD0000490,SELL000102,3,1393.0,246.0,112.0,4291.0
ORD000002807,1,PROD0000101,SELL000045,2,1021.0,0.0,42.0,2084.0
ORD000002808,1,PROD0000092,SELL000042,3,12745.0,671.0,29.0,38264.0
ORD000002809,1,PROD0000064,SELL000062,1,937.0,0.0,128.0,1065.0
ORD000002810,1,PROD0000323,SELL000025,1,3295.0,0.0,198.0,3493.0
ORD000002810,2,PROD0000013,SELL000083,2,1241.0,65.0,220.0,2702.0
ORD000002810,3,PROD0000412,SELL000031,2,1925.0,0.0,39.0,3889.0
ORD000002811,1,PROD0000381,SELL000012,3,13233.0,2335.0,91.0,39790.0
ORD000002812,1,PROD0000369,SELL000049,3,81.0,0.0,112.0,355.0
ORD000002813,1,PROD0000243,SELL000073,1,587.0,104.0,57.0,644.0
ORD000002813,2,PROD0000213,SELL000056,2,6088.0,676.0,367.0,12543.0
ORD000002814,1,PROD0000489,SELL000005,3,592.0,0.0,98.0,1874.0
ORD000002815,1,PROD0000432,SELL000001,1,1821.0,202.0,56.0,1877.0
ORD000002816,1,PROD0000092,SELL000077,1,12745.0,671.0,41.0,12786.0
ORD000002817,1,PROD0000134,SELL000104,2,926.0,0.0,82.0,1934.0
ORD000002818,1,PROD0000127,SELL000021,1,212.0,0.0,51.0,263.0
ORD000002819,1,PROD0000246,SELL000101,2,1279.0,142.0,56.0,2614.0
ORD000002819,2,PROD0000332,SELL000051,1,52020.0,0.0,37.0,52057.0
ORD000002820,1,PROD0000115,SELL000014,1,9353.0,1650.0,29.0,9382.0
ORD000002821,1,PROD0000028,SELL000028,2,271.0,14.0,31.0,573.0
ORD000002821,2,PROD0000200,SELL000101,2,1440.0,0.0,111.0,2991.0
ORD000002821,3,PROD0000262,SELL000033,1,2317.0,0.0,280.0,2597.0
ORD000002822,1,PROD0000350,SELL000088,1,956.0,0.0,39.0,995.0
ORD000002822,2,PROD0000064,SELL000066,2,937.0,0.0,123.0,1997.0
ORD000002823,1,PROD0000359,SELL000084,1,1327.0,70.0,276.0,1603.0
ORD000002824,1,PROD0000084,SELL000045,1,1181.0,0.0,45.0,1226.0
ORD000002824,2,PROD0000152,SELL000012,2,15055.0,1673.0,34.0,30144.0
ORD000002825,1,PROD0000266,SELL000051,1,962.0,0.0,89.0,1051.0
ORD000002825,2,PROD0000054,SELL000099,2,868.0,578.0,41.0,1777.0
ORD000002826,1,PROD0000296,SELL000104,2,418.0,46.0,49.0,885.0
ORD000002826,2,PROD0000020,SELL000043,2,1316.0,329.0,77.0,2709.0
ORD000002826,3,PROD0000110,SELL000012,1,1305.0,69.0,47.0,1352.0
ORD000002826,4,PROD0000294,SELL000022,1,13197.0,0.0,54.0,13251.0
ORD000002826,5,PROD0000141,SELL000040,2,194.0,10.0,120.0,508.0
ORD000002826,6,PROD0000225,SELL000102,1,1608.0,85.0,235.0,1843.0
ORD000002827,1,PROD0000148,SELL000055,3,19984.0,2220.0,43.0,59995.0
ORD000002827,2,PROD0000260,SELL000052,3,18883.0,8093.0,68.0,56717.0
ORD000002828,1,PROD0000073,SELL000085,3,21112.0,0.0,43.0,63379.0
ORD000002829,1,PROD0000081,SELL000018,2,763.0,0.0,48.0,1574.0
ORD000002830,1,PROD0000503,SELL000029,3,8342.0,1472.0,47.0,25073.0
ORD000002830,2,PROD0000173,SELL000078,3,7219.0,0.0,46.0,21703.0
ORD000002831,1,PROD0000360,SELL000041,1,630.0,158.0,44.0,674.0
ORD000002831,2,PROD0000004,SELL000062,2,14232.0,2512.0,40.0,28504.0
ORD000002832,1,PROD0000057,SELL000086,1,27605.0,6901.0,43.0,27648.0
ORD000002833,1,PROD0000410,SELL000077,-1,701.0,0.0,53.0,754.0
ORD000002833,2,PROD0000186,SELL000055,2,327.0,0.0,50.0,704.0
ORD000002833,3,PROD0000156,SELL000007,1,223.0,25.0,37.0,260.0
ORD000002834,1,PROD0000089,SELL000089,3,2862.0,0.0,57.0,8643.0
ORD000002835,1,PROD0000138,SELL000009,2,501.0,125.0,53.0,1055.0
ORD000002835,2,PROD0000122,SELL000006,1,449.0,24.0,89.0,538.0
ORD000002835,3,PROD0000415,SELL000022,1,807.0,42.0,79.0,886.0
ORD000002835,4,PROD0000489,SELL000030,3,592.0,0.0,116.0,1892.0
ORD000002835,5,PROD0000018,SELL000083,2,992.0,110.0,46.0,2030.0
ORD000002836,1,PROD0000071,SELL000058,1,28143.0,0.0,46.0,28189.0
ORD000002837,1,PROD0000326,SELL000096,2,730.0,38.0,56.0,1516.0
ORD000002838,1,PROD0000458,SELL000012,2,22886.0,0.0,76.0,45848.0
ORD000002839,1,PROD0000165,SELL000102,2,428.0,48.0,44.0,900.0
ORD000002839,2,PROD0000438,SELL000050,2,230.0,58.0,105.0,565.0
ORD000002839,3,PROD0000002,SELL000062,1,8262.0,0.0,44.0,8306.0
ORD000002839,4,PROD0000387,SELL000001,1,947.0,0.0,56.0,1003.0
ORD000002840,1,PROD0000491,SELL000076,1,550.0,97.0,37.0,587.0
ORD000002840,2,PROD0000258,SELL000052,1,6695.0,1181.0,47.0,6742.0
ORD000002841,1,PROD0000304,SELL000078,2,7085.0,0.0,31.0,14201.0
ORD000002842,1,PROD0000134,SELL000096,1,926.0,0.0,66.0,992.0
ORD000002842,2,PROD0000409,SELL000022,1,10843.0,1914.0,38.0,10881.0
ORD000002842,3,PROD0000432,SELL000099,2,1821.0,202.0,61.0,3703.0
ORD000002842,4,PROD0000434,SELL000050,2,100.0,5.0,61.0,261.0
ORD000002843,1,PROD0000434,SELL000033,2,105.0,0.0,62.0,272.0
ORD000002844,1,PROD0000040,SELL000074,3,253.0,45.0,200.0,959.0
ORD000002845,1,PROD0000273,SELL000000,1,14618.0,0.0,169.0,14787.0
ORD000002846,1,PROD0000265,SELL000071,2,3049.0,339.0,430.0,6528.0
ORD000002847,1,PROD0000024,SELL000095,2,97.0,17.0,99.0,293.0
ORD000002848,1,PROD0000417,SELL000021,1,16380.0,862.0,125.0,16505.0
ORD000002849,1,PROD0000100,SELL000059,2,15352.0,0.0,131.0,30835.0
ORD000002850,1,PROD0000221,SELL000082,2,747.0,0.0,66.0,1560.0
ORD000002851,1,PROD0000029,SELL000060,1,388.0,68.0,37.0,425.0
ORD000002852,1,PROD0000411,SELL000097,1,274.0,118.0,66.0,340.0
ORD000002853,1,PROD0000093,SELL000085,1,12468.0,8312.0,60.0,12528.0
ORD000002854,1,PROD0000269,SELL000028,1,12092.0,3023.0,82.0,12174.0
ORD000002855,1,PROD0000264,SELL000041,1,2092.0,232.0,64.0,2156.0
ORD000002856,1,PROD0000049,SELL000070,1,9775.0,2444.0,44.0,9819.0
ORD000002856,2,PROD0000445,SELL000044,1,1066.0,56.0,45.0,1111.0
ORD000002857,1,PROD0000003,SELL000041,1,624.0,268.0,269.0,893.0
ORD000002857,2,PROD0000340,SELL000089,3,387.0,20.0,53.0,1214.0
ORD000002858,1,PROD0000089,SELL000011,2,2576.0,286.0,39.0,5191.0
ORD000002859,1,PROD0000313,SELL000051,3,25092.0,0.0,26.0,75302.0
ORD000002860,1,PROD0000117,SELL000039,2,1354.0,71.0,63.0,2771.0
ORD000002860,2,PROD0000389,SELL000077,2,14107.0,0.0,50.0,28264.0
ORD000002860,3,PROD0000293,SELL000103,1,64700.0,3405.0,178.0,64878.0
ORD000002860,4,PROD0000333,SELL000095,1,540.0,60.0,49.0,589.0
ORD000002860,5,PROD0000514,SELL000037,1,1427.0,611.0,411.0,1838.0
ORD000002861,1,PROD0000231,SELL000041,2,12446.0,3112.0,42.0,24934.0
ORD000002861,2,PROD0000395,SELL000012,1,187.0,0.0,172.0,359.0
ORD000002862,1,PROD0000424,SELL000093,1,481.0,85.0,65.0,546.0
ORD000002863,1,PROD0000169,SELL000031,1,888.0,99.0,36.0,924.0
ORD000002863,2,PROD0000161,SELL000034,1,1013.0,0.0,34.0,1047.0
ORD000002863,3,PROD0000367,SELL000039,2,6824.0,2924.0,35.0,13683.0
ORD000002864,1,PROD0000483,SELL000097,3,31775.0,0.0,150.0,95475.0
ORD000002865,1,PROD0000007,SELL000104,3,489.0,122.0,58.0,1525.0
ORD000002866,1,PROD0000060,SELL000032,3,16244.0,0.0,30.0,48762.0
ORD000002866,2,PROD0000088,SELL000067,2,778.0,333.0,143.0,1699.0
ORD000002867,1,PROD0000332,SELL000024,3,44217.0,7803.0,49.0,132700.0
ORD000002868,1,PROD0000219,SELL000048,2,595.0,31.0,49.0,1239.0
ORD000002868,2,PROD0000260,SELL000075,1,26976.0,0.0,74.0,27050.0
ORD000002868,3,PROD0000165,SELL000052,1,476.0,0.0,53.0,529.0
ORD000002869,1,PROD0000221,SELL000096,1,747.0,0.0,78.0,825.0
ORD000002870,1,PROD0000403,SELL000053,2,666.0,117.0,67.0,1399.0
ORD000002871,1,PROD0000223,SELL000080,2,241.0,27.0,117.0,599.0
ORD000002872,1,PROD0000204,SELL000048,3,1450.0,0.0,135.0,4485.0
ORD000002872,2,PROD0000021,SELL000077,1,18648.0,982.0,184.0,18832.0
ORD000002873,1,PROD0000197,SELL000086,2,409.0,0.0,206.0,1024.0
ORD000002874,1,PROD0000391,SELL000102,2,19519.0,3444.0,41.0,39079.0
ORD000002875,1,PROD0000071,SELL000035,1,28143.0,0.0,48.0,28191.0
ORD000002875,2,PROD0000183,SELL000058,1,2768.0,488.0,165.0,2933.0
ORD000002875,3,PROD0000148,SELL000074,2,18874.0,3331.0,54.0,37802.0
ORD000002876,1,PROD0000248,SELL000093,3,20499.0,0.0,57.0,61554.0
ORD000002877,1,PROD0000427,SELL000010,1,13291.0,0.0,39.0,13330.0
ORD000002878,1,PROD0000441,SELL000003,1,17125.0,1903.0,185.0,17310.0
ORD000002879,1,PROD0000199,SELL000008,1,468.0,200.0,55.0,523.0
ORD000002880,1,PROD0000300,SELL000013,1,592.0,0.0,103.0,695.0
ORD000002881,1,PROD0000425,SELL000028,1,16093.0,847.0,52.0,16145.0
ORD000002882,1,PROD0000443,SELL000028,3,19639.0,2182.0,55.0,58972.0
ORD000002883,1,PROD0000313,SELL000010,3,25092.0,0.0,49.0,75325.0
ORD000002884,1,PROD0000071,SELL000099,2,28143.0,0.0,41.0,56327.0
ORD000002884,2,PROD0000196,SELL000085,1,1665.0,88.0,223.0,1888.0
ORD000002885,1,PROD0000146,SELL000020,1,45698.0,0.0,100.0,45798.0
ORD000002886,1,PROD0000354,SELL000041,1,8558.0,951.0,38.0,8596.0
ORD000002887,1,PROD0000118,SELL000040,3,1853.0,794.0,229.0,5788.0
ORD000002888,1,PROD0000017,SELL000088,1,1631.0,699.0,86.0,1717.0
ORD000002888,2,PROD0000461,SELL000003,2,1072.0,56.0,101.0,2245.0
ORD000002888,3,PROD0000057,SELL000090,1,34506.0,0.0,43.0,34549.0
ORD000002888,4,PROD0000407,SELL000008,2,562.0,30.0,41.0,1165.0
ORD000002888,5,PROD0000497,SELL000055,1,1239.0,0.0,144.0,1383.0
ORD000002889,1,PROD0000434,SELL000061,1,94.0,10.0,62.0,156.0
ORD000002889,2,PROD0000254,SELL000022,2,52793.0,0.0,39.0,105625.0
ORD000002890,1,PROD0000296,SELL000010,3,465.0,0.0,30.0,1425.0
ORD000002891,1,PROD0000374,SELL000044,1,352.0,0.0,61.0,413.0
ORD000002891,2,PROD0000115,SELL000094,2,11003.0,0.0,64.0,22070.0
ORD000002892,1,PROD0000220,SELL000059,2,132.0,23.0,55.0,319.0
ORD000002893,1,PROD0000196,SELL000093,2,1052.0,701.0,244.0,2348.0
ORD000002894,1,PROD0000142,SELL000036,1,14952.0,2638.0,105.0,15057.0
ORD000002895,1,PROD0000286,SELL000065,3,1937.0,0.0,121.0,5932.0
ORD000002896,1,PROD0000218,SELL000091,3,918.0,48.0,70.0,2824.0
ORD000002897,1,PROD0000009,SELL000041,1,350.0,39.0,37.0,387.0
ORD000002898,1,PROD0000047,SELL000103,1,246.0,61.0,53.0,299.0
ORD000002898,2,PROD0000333,SELL000093,2,510.0,90.0,49.0,1069.0
ORD000002899,1,PROD0000287,SELL000062,1,798.0,0.0,67.0,865.0
ORD000002899,2,PROD0000445,SELL000051,2,1010.0,112.0,52.0,2072.0
ORD000002899,3,PROD0000038,SELL000017,2,1628.0,0.0,56.0,3312.0
ORD000002899,4,PROD0000169,SELL000020,1,938.0,49.0,37.0,975.0
ORD000002900,1,PROD0000201,SELL000092,2,914.0,610.0,78.0,1906.0
ORD000002900,2,PROD0000354,SELL000036,2,6656.0,2853.0,49.0,13361.0
ORD000002900,3,PROD0000227,SELL000096,1,1073.0,0.0,119.0,1192.0
ORD000002900,4,PROD0000251,SELL000038,2,1828.0,323.0,48.0,3704.0
ORD000002901,1,PROD0000479,SELL000026,1,1109.0,0.0,61.0,1170.0
ORD000002902,1,PROD0000002,SELL000060,2,8262.0,0.0,35.0,16559.0
ORD000002902,2,PROD0000465,SELL000031,1,9365.0,2341.0,174.0,9539.0
ORD000002903,1,PROD0000147,SELL000042,1,432.0,108.0,70.0,502.0
ORD000002904,1,PROD0000021,SELL000048,2,19630.0,0.0,174.0,39434.0
ORD000002905,1,PROD0000275,SELL000085,1,266.0,67.0,37.0,303.0
ORD000002905,2,PROD0000110,SELL000087,3,1374.0,0.0,67.0,4189.0
ORD000002906,1,PROD0000377,SELL000065,1,15325.0,1703.0,65.0,15390.0
ORD000002907,1,PROD0000395,SELL000098,2,112.0,75.0,188.0,412.0
ORD000002907,2,PROD0000209,SELL000026,1,863.0,216.0,153.0,1016.0
ORD000002907,3,PROD0000406,SELL000068,2,474.0,53.0,42.0,990.0
ORD000002907,4,PROD0000097,SELL000042,2,273.0,14.0,174.0,720.0
ORD000002908,1,PROD0000175,SELL000044,2,1013.0,179.0,134.0,2160.0
ORD000002909,1,PROD0000031,SELL000075,2,9295.0,6196.0,37.0,18627.0
ORD000002910,1,PROD0000334,SELL000035,3,478.0,0.0,52.0,1486.0
ORD000002911,1,PROD0000372,SELL000025,2,406.0,0.0,138.0,950.0
ORD000002911,2,PROD0000397,SELL000050,3,3344.0,176.0,154.0,10186.0
ORD000002911,3,PROD0000190,SELL000009,1,1153.0,128.0,172.0,1325.0
ORD000002912,1,PROD0000436,SELL000059,2,1485.0,0.0,61.0,3031.0
ORD000002913,1,PROD0000337,SELL000074,2,903.0,100.0,199.0,2005.0
ORD000002914,1,PROD0000299,SELL000016,1,28050.0,0.0,156.0,28206.0
ORD000002915,1,PROD0000115,SELL000042,3,6602.0,4401.0,47.0,19853.0
ORD000002915,2,PROD0000438,SELL000029,1,288.0,0.0,85.0,373.0
ORD000002916,1,PROD0000393,SELL000013,2,12352.0,3088.0,38.0,24742.0
ORD000002917,1,PROD0000456,SELL000013,1,746.0,497.0,253.0,999.0
ORD000002917,2,PROD0000179,SELL000050,2,712.0,37.0,58.0,1482.0
ORD000002917,3,PROD0000287,SELL000057,2,798.0,0.0,68.0,1664.0
ORD000002917,4,PROD0000027,SELL000058,1,993.0,425.0,67.0,1060.0
ORD000002917,5,PROD0000312,SELL000006,1,20411.0,1074.0,39.0,20450.0
ORD000002917,6,PROD0000265,SELL000002,3,3049.0,339.0,424.0,9571.0
ORD000002918,1,PROD0000426,SELL000012,2,2449.0,0.0,139.0,5037.0
ORD000002919,1,PROD0000381,SELL000083,3,15568.0,0.0,83.0,46787.0
ORD000002920,1,PROD0000516,SELL000067,3,7194.0,799.0,46.0,21628.0
ORD000002921,1,PROD0000485,SELL000051,3,1450.0,256.0,55.0,4405.0
ORD000002922,1,PROD0000087,SELL000003,2,328.0,218.0,136.0,792.0
ORD000002922,2,PROD0000505,SELL000002,2,1356.0,151.0,50.0,2762.0
ORD000002922,3,PROD0000015,SELL000041,3,3540.0,0.0,317.0,10937.0
ORD000002923,1,PROD0000237,SELL000090,1,1454.0,162.0,57.0,1511.0
ORD000002924,1,PROD0000485,SELL000011,2,1706.0,0.0,52.0,3464.0
ORD000002924,2,PROD0000318,SELL000061,1,56021.0,0.0,45.0,56066.0
ORD000002924,3,PROD0000516,SELL000060,1,7593.0,400.0,37.0,7630.0
ORD000002924,4,PROD0000290,SELL000101,1,397.0,0.0,45.0,442.0
ORD000002924,5,PROD0000355,SELL000031,3,212.0,0.0,102.0,738.0
ORD000002925,1,PROD0000277,SELL000029,1,1273.0,0.0,50.0,1323.0
ORD000002926,1,PROD0000483,SELL000063,1,31775.0,0.0,152.0,31927.0
ORD000002926,2,PROD0000059,SELL000043,1,291.0,73.0,49.0,340.0
ORD000002926,3,PROD0000202,SELL000018,1,22889.0,1205.0,121.0,23010.0
ORD000002927,1,PROD0000349,SELL000069,3,689.0,295.0,40.0,2107.0
ORD000002927,2,PROD0000256,SELL000100,2,229.0,98.0,28.0,486.0
ORD000002928,1,PROD0000502,SELL000095,1,373.0,93.0,49.0,422.0
ORD000002928,2,PROD0000303,SELL000010,2,11977.0,0.0,52.0,24006.0
ORD000002928,3,PROD0000066,SELL000083,1,6769.0,0.0,401.0,7170.0
ORD000002928,4,PROD0000319,SELL000073,1,1316.0,69.0,282.0,1598.0
ORD000002929,1,PROD0000162,SELL000067,2,940.0,50.0,60.0,1940.0
ORD000002930,1,PROD0000244,SELL000048,2,1454.0,0.0,199.0,3107.0
ORD000002930,2,PROD0000040,SELL000083,1,298.0,0.0,200.0,498.0
ORD000002931,1,PROD0000452,SELL000059,-1,239.0,27.0,78.0,317.0
ORD000002932,1,PROD0000209,SELL000009,1,917.0,162.0,164.0,1081.0
ORD000002933,1,PROD0000420,SELL000013,1,1958.0,103.0,410.0,2368.0
ORD000002933,2,PROD0000250,SELL000076,2,9852.0,0.0,52.0,19756.0
ORD000002934,1,PROD0000494,SELL000042,2,218.0,24.0,117.0,553.0
ORD000002935,1,PROD0000186,SELL000060,1,278.0,49.0,62.0,340.0
ORD000002935,2,PROD0000055,SELL000084,2,15260.0,2693.0,48.0,30568.0
ORD000002936,1,PROD0000248,SELL000028,1,16399.0,4100.0,56.0,16455.0
ORD000002937,1,PROD0000017,SELL000093,1,2097.0,233.0,83.0,2180.0
ORD000002938,1,PROD0000418,SELL000025,2,257.0,14.0,41.0,555.0
ORD000002938,2,PROD0000478,SELL000047,1,41965.0,0.0,29.0,41994.0
ORD000002939,1,PROD0000111,SELL000030,1,726.0,0.0,224.0,950.0
ORD000002940,1,PROD0000027,SELL000073,1,1347.0,71.0,50.0,1397.0
ORD000002940,2,PROD0000394,SELL000012,1,6564.0,1641.0,39.0,6603.0
ORD000002941,1,PROD0000358,SELL000035,1,8686.0,965.0,177.0,8863.0
ORD000002941,2,PROD0000413,SELL000028,2,2817.0,313.0,232.0,5866.0
ORD000002941,3,PROD0000296,SELL000075,3,465.0,0.0,32.0,1427.0
ORD000002941,4,PROD0000302,SELL000007,3,1046.0,116.0,62.0,3200.0
ORD000002942,1,PROD0000141,SELL000067,2,204.0,0.0,107.0,515.0
ORD000002943,1,PROD0000164,SELL000070,1,498.0,0.0,127.0,625.0
ORD000002944,1,PROD0000328,SELL000076,1,2050.0,228.0,146.0,2196.0
ORD000002945,1,PROD0000487,SELL000053,1,1167.0,0.0,88.0,1255.0
ORD000002946,1,PROD0000161,SELL000067,2,1013.0,0.0,47.0,2073.0
ORD000002946,2,PROD0000189,SELL000013,2,7547.0,0.0,36.0,15130.0
ORD000002947,1,PROD0000306,SELL000058,1,887.0,0.0,77.0,964.0
ORD000002947,2,PROD0000026,SELL000073,2,85.0,4.0,137.0,307.0
ORD000002947,3,PROD0000340,SELL000025,1,346.0,61.0,55.0,401.0
ORD000002947,4,PROD0000070,SELL000018,2,518.0,0.0,32.0,1068.0
ORD000002948,1,PROD0000355,SELL000031,3,212.0,0.0,96.0,732.0
ORD000002949,1,PROD0000464,SELL000051,2,3157.0,166.0,157.0,6471.0
ORD000002950,1,PROD0000477,SELL000005,2,282.0,0.0,112.0,676.0
ORD000002951,1,PROD0000078,SELL000096,3,1434.0,359.0,191.0,4493.0
ORD000002952,1,PROD0000311,SELL000068,1,221.0,55.0,64.0,285.0
ORD000002953,1,PROD0000233,SELL000079,1,1938.0,342.0,86.0,2024.0
ORD000002953,2,PROD0000255,SELL000089,1,12711.0,1412.0,56.0,12767.0
ORD000002953,3,PROD0000360,SELL000061,3,670.0,118.0,58.0,2068.0
ORD000002953,4,PROD0000516,SELL000080,3,7593.0,400.0,48.0,22827.0
ORD000002954,1,PROD0000298,SELL000061,1,765.0,135.0,62.0,827.0
ORD000002955,1,PROD0000288,SELL000080,1,389.0,20.0,56.0,445.0
ORD000002955,2,PROD0000340,SELL000006,2,387.0,20.0,53.0,827.0
ORD000002956,1,PROD0000263,SELL000086,1,750.0,187.0,55.0,805.0
ORD000002957,1,PROD0000181,SELL000044,2,2857.0,714.0,270.0,5984.0
ORD000002957,2,PROD0000428,SELL000050,1,960.0,51.0,83.0,1043.0
ORD000002957,3,PROD0000345,SELL000032,2,21330.0,9141.0,43.0,42703.0
ORD000002958,1,PROD0000294,SELL000042,2,11877.0,1320.0,59.0,23813.0
ORD000002958,2,PROD0000004,SELL000049,1,15907.0,837.0,33.0,15940.0
ORD000002958,3,PROD0000143,SELL000038,2,21687.0,2410.0,51.0,43425.0
ORD000002959,1,PROD0000137,SELL000099,2,12918.0,3230.0,48.0,25884.0
ORD000002959,2,PROD0000338,SELL000053,2,210.0,140.0,58.0,478.0
ORD000002959,3,PROD0000064,SELL000082,1,796.0,141.0,105.0,901.0
ORD000002960,1,PROD0000198,SELL000100,2,1589.0,0.0,42.0,3220.0
ORD000002961,1,PROD0000237,SELL000064,1,1454.0,162.0,62.0,1516.0
ORD000002962,1,PROD0000385,SELL000035,2,4099.0,0.0,474.0,8672.0
ORD000002963,1,PROD0000075,SELL000073,2,542.0,96.0,50.0,1134.0
ORD000002964,1,PROD0000315,SELL000001,1,832.0,555.0,404.0,1236.0
ORD000002965,1,PROD0000285,SELL000076,1,526.0,132.0,93.0,619.0
ORD000002965,2,PROD0000385,SELL000000,1,3894.0,205.0,462.0,4356.0
ORD000002965,3,PROD0000094,SELL000047,1,54864.0,0.0,66.0,54930.0
ORD000002965,4,PROD0000312,SELL000029,3,20411.0,1074.0,40.0,61273.0
ORD000002965,5,PROD0000215,SELL000090,1,843.0,0.0,49.0,892.0
ORD000002966,1,PROD0000135,SELL000067,1,614.0,410.0,50.0,664.0
ORD000002967,1,PROD0000038,SELL000064,2,1628.0,0.0,70.0,3326.0
ORD000002968,1,PROD0000198,SELL000068,1,1271.0,318.0,49.0,1320.0
ORD000002969,1,PROD0000229,SELL000077,1,525.0,28.0,135.0,660.0
ORD000002969,2,PROD0000026,SELL000016,1,76.0,13.0,116.0,192.0
ORD000002970,1,PROD0000420,SELL000001,2,1443.0,618.0,384.0,3270.0
ORD000002971,1,PROD0000360,SELL000097,1,709.0,79.0,41.0,750.0
ORD000002972,1,PROD0000165,SELL000056,3,428.0,48.0,59.0,1343.0
ORD000002973,1,PROD0000024,SELL000070,1,114.0,0.0,82.0,196.0
ORD000002973,2,PROD0000367,SELL000038,1,9748.0,0.0,30.0,9778.0
ORD000002973,3,PROD0000012,SELL000089,2,35494.0,3944.0,116.0,71104.0
ORD000002974,1,PROD0000221,SELL000005,1,710.0,37.0,75.0,785.0
ORD000002975,1,PROD0000107,SELL000046,1,20915.0,2324.0,173.0,21088.0
ORD000002975,2,PROD0000122,SELL000067,3,449.0,24.0,79.0,1426.0
ORD000002975,3,PROD0000393,SELL000048,1,15440.0,0.0,46.0,15486.0
ORD000002975,4,PROD0000158,SELL000097,2,802.0,200.0,51.0,1655.0
ORD000002976,1,PROD0000127,SELL000000,2,170.0,42.0,40.0,380.0
ORD000002977,1,PROD0000157,SELL000076,1,18907.0,12604.0,180.0,19087.0
ORD000002977,2,PROD0000077,SELL000092,1,27232.0,0.0,48.0,27280.0
ORD000002978,1,PROD0000386,SELL000008,1,540.0,0.0,191.0,731.0
ORD000002978,2,PROD0000258,SELL000067,1,7876.0,0.0,48.0,7924.0
ORD000002978,3,PROD0000104,SELL000005,2,768.0,329.0,53.0,1589.0
ORD000002979,1,PROD0000160,SELL000065,2,15926.0,1770.0,44.0,31896.0
ORD000002979,2,PROD0000509,SELL000036,2,5092.0,2182.0,65.0,10249.0
ORD000002979,3,PROD0000301,SELL000087,3,1217.0,521.0,56.0,3707.0
ORD000002980,1,PROD0000358,SELL000025,1,9651.0,0.0,165.0,9816.0
ORD000002981,1,PROD0000446,SELL000039,3,35882.0,1889.0,179.0,107825.0
ORD000002982,1,PROD0000209,SELL000002,3,1025.0,54.0,160.0,3235.0
ORD000002983,1,PROD0000181,SELL000077,1,3392.0,179.0,269.0,3661.0
ORD000002984,1,PROD0000519,SELL000004,1,14917.0,9945.0,56.0,14973.0
ORD000002985,1,PROD0000295,SELL000070,2,24485.0,0.0,50.0,49020.0
ORD000002985,2,PROD0000112,SELL000036,1,12854.0,3213.0,48.0,12902.0
ORD000002986,1,PROD0000447,SELL000098,1,313.0,0.0,68.0,381.0
ORD000002987,1,PROD0000397,SELL000014,1,2992.0,528.0,158.0,3150.0
ORD000002987,2,PROD0000208,SELL000066,2,15696.0,0.0,29.0,31421.0
ORD000002987,3,PROD0000141,SELL000020,2,184.0,20.0,125.0,493.0
ORD000002987,4,PROD0000342,SELL000004,1,1143.0,202.0,149.0,1292.0
ORD000002987,5,PROD0000283,SELL000091,3,1034.0,54.0,212.0,3314.0
ORD000002988,1,PROD0000123,SELL000092,3,21482.0,14322.0,129.0,64575.0
ORD000002988,2,PROD0000028,SELL000104,1,242.0,43.0,36.0,278.0
ORD000002988,3,PROD0000426,SELL000019,2,2449.0,0.0,158.0,5056.0
ORD000002989,1,PROD0000441,SELL000084,2,18077.0,951.0,193.0,36347.0
ORD000002989,2,PROD0000472,SELL000051,1,15119.0,0.0,90.0,15209.0
ORD000002990,1,PROD0000190,SELL000024,1,1281.0,0.0,180.0,1461.0
ORD000002990,2,PROD0000366,SELL000041,1,785.0,0.0,63.0,848.0
ORD000002991,1,PROD0000304,SELL000018,1,7085.0,0.0,49.0,7134.0
ORD000002992,1,PROD0000138,SELL000064,2,438.0,188.0,49.0,925.0
ORD000002993,1,PROD0000483,SELL000060,1,19065.0,12710.0,150.0,19215.0
ORD000002994,1,PROD0000175,SELL000018,2,1192.0,0.0,135.0,2519.0
ORD000002994,2,PROD0000015,SELL000082,2,2832.0,708.0,295.0,5959.0
ORD000002994,3,PROD0000086,SELL000059,2,566.0,0.0,97.0,1229.0
ORD000002994,4,PROD0000504,SELL000069,3,2030.0,226.0,101.0,6191.0
ORD000002995,1,PROD0000035,SELL000014,1,695.0,0.0,65.0,760.0
ORD000002996,1,PROD0000273,SELL000084,1,14618.0,0.0,173.0,14791.0
ORD000002997,1,PROD0000252,SELL000038,1,152.0,8.0,91.0,243.0
ORD000002997,2,PROD0000406,SELL000051,1,448.0,79.0,35.0,483.0
ORD000002998,1,PROD0000427,SELL000016,2,12626.0,665.0,48.0,25300.0
ORD000002999,1,PROD0000246,SELL000103,1,1137.0,284.0,64.0,1201.0
ORD000002999,2,PROD0000329,SELL000054,1,9565.0,0.0,41.0,9606.0
ORD000002999,3,PROD0000425,SELL000082,2,15246.0,1694.0,48.0,30540.0
ORD000002999,4,PROD0000421,SELL000064,1,16980.0,0.0,50.0,17030.0
ORD999000000,2,PROD0000073,SELL000045,1,21112.0,0.0,48.0,21160.0
ORD999000001,3,PROD0000293,SELL000103,1,64700.0,3405.0,178.0,64878.0
ORD999000002,1,PROD0000164,SELL000097,1,473.0,25.0,137.0,610.0
ORD999000003,1,PROD0000469,SELL000050,2,403.0,0.0,50.0,856.0
ORD999000004,1,PROD0000324,SELL000075,1,1869.0,98.0,153.0,2022.0
ORD999000005,1,PROD0000332,SELL000020,3,52020.0,0.0,38.0,156098.0
ORD999000006,2,PROD0000200,SELL000101,2,1440.0,0.0,111.0,2991.0
ORD999000007,1,PROD0000206,SELL000092,1,480.0,85.0,57.0,537.0
ORD999000008,1,PROD0000351,SELL000056,2,10333.0,0.0,47.0,20713.0
ORD999000009,1,PROD0000065,SELL000006,2,539.0,60.0,36.0,1114.0
ORD999000010,4,PROD0000234,SELL000033,2,1208.0,302.0,47.0,2463.0
ORD999000011,1,PROD0000354,SELL000001,1,7607.0,1902.0,41.0,7648.0
ORD999000012,3,PROD0000340,SELL000025,1,346.0,61.0,55.0,401.0
ORD999000013,3,PROD0000254,SELL000010,1,42234.0,10559.0,33.0,42267.0
ORD999000014,1,PROD0000435,SELL000030,1,141.0,35.0,180.0,321.0
