order_id,customer_id,order_status,order_purchase_ts,order_approved_ts,payment_type
ORD000000000,CUST00000003,delivered,2023-10-15 22:37:17,2023-10-15 23:11:17,COD
ORD000000001,CUST00000001,delivered,2023-12-20 02:00:17,2023-12-20 11:44:17,COD
ORD000000002,CUST00000002,delivered,2023-03-07 12:56:37,2023-03-08 00:20:37,UPI
ORD000000003,CUST00000023,delivered,2023-12-30 11:16:26,2023-12-30 17:04:26,UPI
ORD000000004,CUST00000002,returned,2023-01-20 03:37:47,2023-01-20 10:57:47,COD
ORD000000005,CUST00000031,delivered,2024-04-30 06:37:34,2024-04-30 08:20:34,COD
ORD000000006,CUST00000042,delivered,2023-10-28 20:32:26,2023-10-29 05:06:26,COD
ORD000000007,CUST00000004,cancelled,2023-06-11 09:24:02,2023-06-11 16:16:02,Credit Card
ORD000000008,CUST00000003,delivered,2023-01-10 12:53:07,2023-01-10 13:24:07,COD
ORD000000009,CUST00000001,delivered,2024-11-08 18:39:01,2024-11-09 04:49:01,COD
ORD000000010,CUST00000001,cancelled,2024-02-14 10:45:21,2024-02-14 16:02:21,COD
ORD000000011,CUST00000001,delivered,2024-05-03 21:23:21,2024-05-04 09:18:21,UPI
ORD000000012,CUST00000001,delivered,2024-08-27 11:59:35,2024-08-27 22:36:35,UPI
ORD000000013,CUST00000001,delivered,2024-04-15 23:39:29,2024-04-16 04:44:29,UPI
ORD000000014,CUST00000006,shipped,2023-11-04 03:32:12,2023-11-04 03:45:12,UPI
ORD000000015,CUST00000004,processing,2024-04-16 21:18:54,2024-04-16 23:07:54,Debit Card
ORD000000016,CUST00000001,delivered,2023-08-04 02:42:20,2023-08-04 06:14:20,Debit Card
ORD000000017,CUST00000001,delivered,2024-02-18 19:30:56,2024-02-18 23:07:56,COD
ORD000000018,CUST00000001,delivered,2023-06-24 15:52:38,2023-06-24 20:09:38,COD
ORD000000019,CUST00000001,delivered,2024-11-05 13:25:43,2024-11-06 00:52:43,Wallet
ORD000000020,CUST00000002,shipped,2024-01-04 21:07:47,2024-01-05 05:14:47,UPI
ORD000000021,CUST00000003,delivered,2023-07-19 15:22:38,2023-07-19 17:43:38,Net Banking
ORD000000022,CUST00000029,processing,2024-04-27 16:40:01,2024-04-28 01:08:01,COD
ORD000000023,CUST00000002,delivered,2023-03-15 18:06:12,2023-03-15 18:51:12,Wallet
ORD000000024,CUST00000071,delivered,2023-11-18 20:10:43,2023-11-18 21:01:43,COD
ORD000000025,CUST00000001,delivered,2024-10-20 05:34:17,2024-10-20 13:19:17,UPI
ORD000000026,CUST00000001,delivered,2024-08-17 20:16:28,2024-08-17 22:56:28,COD
ORD000000027,CUST00000001,delivered,2024-06-22 14:08:11,2024-06-22 19:25:11,COD
ORD000000028,CUST00000023,delivered,2023-12-20 00:46:08,2023-12-20 10:41:08,COD
ORD000000029,CUST00000335,shipped,2023-11-30 22:02:32,2023-12-01 02:44:32,COD
ORD000000030,CUST00000001,delivered,2023-01-05 18:30:10,2023-01-05 20:52:10,COD
ORD000000031,CUST00000001,delivered,2024-03-23 21:23:53,2024-03-24 09:22:53,Wallet
ORD000000032,CUST00000001,delivered,2024-03-03 18:31:48,2024-03-03 22:00:48,Wallet
ORD000000033,CUST00000019,delivered,2023-01-02 08:17:32,2023-01-02 16:13:32,Debit Card
ORD000000034,CUST00000001,delivered,2023-04-25 08:23:58,2023-04-25 10:24:58,Net Banking
ORD000000035,CUST00000002,delivered,2023-01-06 06:38:07,2023-01-06 08:38:07,Credit Card
ORD000000036,CUST00000005,delivered,2023-08-05 09:50:10,2023-08-05 18:54:10,Wallet
ORD000000037,CUST00000002,delivered,2023-01-02 00:50:04,2023-01-02 11:36:04,COD
ORD000000038,CUST00000001,delivered,2023-11-05 17:53:30,2023-11-05 18:17:30,COD
ORD000000039,CUST00000004,delivered,2023-12-24 18:03:24,2023-12-25 05:45:24,Debit Card
ORD000000040,CUST00000001,processing,2023-11-21 23:40:38,2023-11-22 03:20:38,COD
ORD000000041,CUST00000012,delivered,2023-06-18 13:12:51,2023-06-19 01:02:51,UPI
ORD000000042,CUST00000017,shipped,2024-01-16 23:42:28,2024-01-17 06:07:28,UPI
ORD000000043,CUST00000002,delivered,2024-09-26 05:02:13,2024-09-26 14:14:13,COD
ORD000000044,CUST00000002,delivered,2023-09-07 11:22:20,2023-09-07 11:31:20,COD
ORD000000045,CUST00000001,delivered,2023-09-25 18:46:46,2023-09-25 20:43:46,UPI
ORD000000046,CUST00000002,delivered,2024-02-02 18:56:57,2024-02-03 06:23:57,COD
ORD000000047,CUST00000001,returned,2023-07-19 18:34:06,2023-07-19 20:36:06,COD
ORD000000048,CUST00000019,delivered,2023-10-07 11:11:07,2023-10-07 21:37:07,UPI
ORD000000049,CUST00000048,delivered,2023-12-04 01:45:13,2023-12-04 03:14:13,COD
ORD000000050,CUST00000003,delivered,2023-10-26 20:46:58,2023-10-27 04:33:58,COD
ORD000000051,CUST00000012,delivered,2024-09-30 09:09:16,2024-09-30 13:39:16,UPI
ORD000000052,CUST00000005,shipped,2024-10-10 15:35:36,2024-10-10 20:53:36,COD
ORD000000053,CUST00000014,delivered,2023-10-31 03:11:55,2023-10-31 11:44:55,Wallet
ORD000000054,CUST00000001,delivered,2023-11-30 22:28:45,2023-12-01 00:24:45,COD
ORD000000055,CUST00000016,delivered,2024-12-08 06:09:44,2024-12-08 10:20:44,Wallet
ORD000000056,CUST00000002,cancelled,2024-01-01 23:56:01,2024-01-02 06:36:01,Credit Card
ORD000000057,CUST00000008,delivered,2024-12-29 17:10:11,2024-12-29 21:32:11,Debit Card
ORD000000058,CUST00000001,returned,2024-08-12 07:55:28,2024-08-12 10:51:28,Credit Card
ORD000000059,CUST00000032,delivered,2023-08-14 08:52:11,2023-08-14 09:28:11,UPI
ORD000000060,CUST00000001,returned,2023-07-15 23:30:13,2023-07-16 07:11:13,COD
ORD000000061,CUST00000001,delivered,2023-05-14 14:15:05,2023-05-14 15:04:05,UPI
ORD000000062,CUST00000011,delivered,2024-09-19 16:37:13,2024-09-19 18:26:13,COD
ORD000000063,CUST00000001,shipped,2023-09-21 14:42:08,2023-09-21 17:36:08,COD
ORD000000064,CUST00000002,delivered,2024-05-28 05:42:50,2024-05-28 14:19:50,COD
ORD000000065,CUST00000001,delivered,2024-01-30 03:10:43,2024-01-30 04:42:43,UPI
ORD000000066,CUST00000026,delivered,2024-10-03 00:04:28,2024-10-03 03:59:28,COD
ORD000000067,CUST00000055,processing,2024-08-02 09:43:08,2024-08-02 10:40:08,UPI
ORD000000068,CUST00000001,delivered,2023-02-20 16:24:43,2023-02-20 22:27:43,COD
ORD000000069,CUST00000004,delivered,2023-10-07 07:14:14,2023-10-07 09:28:14,COD
ORD000000070,CUST00000001,shipped,2024-01-13 05:20:13,2024-01-13 07:20:13,COD
ORD000000071,CUST00000002,delivered,2024-09-17 09:19:44,2024-09-17 13:12:44,Debit Card
ORD000000072,CUST00000001,delivered,2024-06-30 05:33:11,2024-06-30 08:41:11,COD
ORD000000073,CUST00000003,delivered,2024-02-08 10:26:21,2024-02-08 11:05:21,Debit Card
ORD000000074,CUST00000001,delivered,2024-09-21 13:15:07,2024-09-21 18:41:07,COD
ORD000000075,CUST00000002,delivered,2023-11-19 06:32:14,2023-11-19 12:36:14,COD
ORD000000076,CUST00000001,delivered,2023-02-13 00:44:31,2023-02-13 06:16:31,COD
ORD000000077,CUST00000001,delivered,2024-10-21 02:26:36,2024-10-21 07:47:36,COD
ORD000000078,CUST00000001,delivered,2024-01-19 09:59:34,2024-01-19 21:58:34,COD
ORD000000079,CUST00000006,processing,2024-09-21 04:15:25,2024-09-21 07:36:25,COD
ORD000000080,CUST00000036,delivered,2023-10-28 19:11:05,2023-10-28 23:15:05,UPI
ORD000000081,CUST00000001,delivered,2024-03-13 03:57:27,2024-03-13 10:07:27,UPI
ORD000000082,CUST00000022,delivered,2023-10-05 00:39:15,2023-10-05 01:44:15,COD
ORD000000083,CUST00000029,delivered,2023-11-03 14:51:51,2023-11-04 02:42:51,Debit Card
ORD000000084,CUST00000001,processing,2023-05-04 14:58:28,2023-05-04 21:17:28,UPI
ORD000000085,CUST00000001,delivered,2024-07-25 16:07:30,2024-07-26 00:29:30,COD
ORD000000086,CUST00000003,delivered,2023-08-28 03:48:04,2023-08-28 07:43:04,COD
ORD000000087,CUST00000034,delivered,2023-09-16 16:20:04,2023-09-17 00:39:04,COD
ORD000000088,CUST00000001,delivered,2023-10-12 20:42:29,2023-10-13 07:14:29,Credit Card
ORD000000089,CUST00000003,delivered,2023-11-17 14:30:52,2023-11-17 21:28:52,COD
ORD000000090,CUST00000003,delivered,2024-03-02 09:22:35,2024-03-02 11:57:35,COD
ORD000000091,CUST00000001,delivered,2024-06-03 11:33:22,2024-06-03 19:47:22,COD
ORD000000092,CUST00000001,delivered,2024-05-28 19:29:27,2024-05-29 05:45:27,COD
ORD000000093,CUST00000001,delivered,2023-11-09 03:26:02,2023-11-09 11:46:02,COD
ORD000000094,CUST00000004,delivered,2023-12-26 17:22:18,2023-12-27 01:21:18,UPI
ORD000000095,CUST00000005,cancelled,2023-04-28 06:28:15,2023-04-28 12:04:15,Wallet
ORD000000096,CUST00000002,delivered,2024-01-14 21:04:04,2024-01-14 23:23:04,COD
ORD000000097,CUST00000001,processing,2024-10-23 03:21:20,2024-10-23 12:00:20,COD
ORD000000098,CUST00000001,delivered,2023-12-11 12:24:16,2023-12-11 17:18:16,COD
ORD000000099,CUST00000001,delivered,2024-11-22 09:36:44,2024-11-22 12:25:44,COD
ORD000000100,CUST00000001,delivered,2023-05-11 11:40:00,2023-05-11 17:37:00,UPI
ORD000000101,CUST00000001,delivered,2024-07-21 09:10:25,2024-07-21 09:30:25,Wallet
ORD000000102,CUST00000001,delivered,2024-06-25 00:53:53,2024-06-25 07:11:53,UPI
ORD000000103,CUST00000007,delivered,2024-06-02 20:35:21,2024-06-03 03:11:21,COD
ORD000000104,CUST00000019,delivered,2024-05-17 12:48:41,2024-05-17 17:36:41,Debit Card
ORD000000105,CUST00000005,delivered,2023-01-15 14:24:26,2023-01-15 22:51:26,Credit Card
ORD000000106,CUST00000009,delivered,2024-07-25 12:31:38,2024-07-25 19:34:38,COD
ORD000000107,CUST00000002,cancelled,2023-12-31 12:41:27,2023-12-31 17:07:27,Wallet
ORD000000108,CUST00000002,delivered,2024-01-16 14:33:12,2024-01-16 23:10:12,UPI
ORD000000109,CUST00000001,delivered,2023-02-09 10:03:57,2023-02-09 11:31:57,Credit Card
ORD000000110,CUST00000001,cancelled,2023-06-09 03:08:40,2023-06-09 09:14:40,COD
ORD000000111,CUST00000001,delivered,2024-11-03 00:42:07,2024-11-03 02:27:07,COD
ORD000000112,CUST00000002,delivered,2023-09-28 12:57:33,2023-09-28 20:12:33,Credit Card
ORD000000113,CUST00000001,delivered,2023-10-29 04:27:57,2023-10-29 04:44:57,COD
ORD000000114,CUST00000001,delivered,2023-06-10 10:53:48,2023-06-10 21:12:48,Wallet
ORD000000115,CUST00000003,delivered,2024-04-20 14:31:29,2024-04-20 14:58:29,COD
ORD000000116,CUST00000021,cancelled,2024-07-24 14:18:12,2024-07-24 20:18:12,COD
ORD000000117,CUST00000001,delivered,2024-11-07 04:02:32,2024-11-07 12:03:32,UPI
ORD000000118,CUST00000013,delivered,2024-02-18 15:51:11,2024-02-18 20:53:11,UPI
ORD000000119,CUST00000014,delivered,2023-08-24 22:34:47,2023-08-25 01:12:47,COD
ORD000000120,CUST00000003,delivered,2023-02-26 08:40:26,2023-02-26 11:42:26,UPI
ORD000000121,CUST00000001,delivered,2023-08-16 02:50:33,2023-08-16 12:57:33,UPI
ORD000000122,CUST00000010,delivered,2024-04-08 12:05:50,2024-04-08 13:43:50,UPI
ORD000000123,CUST00000001,delivered,2024-12-23 14:48:16,2024-12-23 23:21:16,COD
ORD000000124,CUST00000002,delivered,2023-03-05 09:28:56,2023-03-05 13:01:56,UPI
ORD000000125,CUST00000001,delivered,2023-10-27 14:22:59,2023-10-27 14:35:59,COD
ORD000000126,CUST00000001,processing,2024-05-21 18:22:18,2024-05-21 23:17:18,Credit Card
ORD000000127,CUST00000020,delivered,2024-03-01 13:52:22,2024-03-01 15:04:22,UPI
ORD000000128,CUST00000001,delivered,2024-05-07 19:06:51,2024-05-08 04:17:51,COD
ORD000000129,CUST00000005,delivered,2023-12-14 03:30:20,2023-12-14 12:44:20,COD
ORD000000130,CUST00000001,delivered,2023-08-17 07:01:50,2023-08-17 09:41:50,COD
ORD000000131,CUST00000009,delivered,2023-12-26 13:19:43,2023-12-26 22:36:43,COD
ORD000000132,CUST00000003,delivered,2023-10-25 06:13:44,2023-10-25 14:40:44,UPI
ORD000000133,CUST00000001,delivered,2024-06-27 23:51:56,2024-06-28 07:59:56,Credit Card
ORD000000134,CUST00000001,delivered,2023-05-25 16:16:47,2023-05-25 17:17:47,Wallet
ORD000000135,CUST00000002,delivered,2023-12-30 09:53:09,2023-12-30 11:29:09,UPI
ORD000000136,CUST00000001,delivered,2024-12-10 18:34:35,2024-12-10 20:32:35,UPI
ORD000000137,CUST00000001,delivered,2024-01-23 23:35:53,2024-01-24 09:24:53,UPI
ORD000000138,CUST00000003,delivered,2023-07-22 00:15:38,2023-07-22 04:13:38,COD
ORD000000139,CUST00000013,delivered,2024-11-20 13:21:53,2024-11-20 19:44:53,UPI
ORD000000140,CUST00000573,delivered,2023-07-28 10:15:30,2023-07-28 15:55:30,COD
ORD000000141,CUST00000001,delivered,2024-08-02 18:07:14,2024-08-03 06:06:14,COD
ORD000000142,CUST00000001,delivered,2023-04-01 07:23:07,2023-04-01 09:37:07,Debit Card
ORD000000143,CUST00000001,delivered,2024-10-11 07:48:46,2024-10-11 17:09:46,UPI
ORD000000144,CUST00000001,returned,2023-06-02 18:23:47,2023-06-02 19:48:47,COD
ORD000000145,CUST00000102,delivered,2023-10-29 21:22:30,2023-10-30 09:06:30,COD
ORD000000146,CUST00000001,delivered,2024-12-16 03:26:41,2024-12-16 10:15:41,Wallet
ORD000000147,CUST00000001,delivered,2024-03-05 14:45:16,2024-03-05 17:58:16,COD
ORD000000148,CUST00000001,delivered,2023-08-14 18:40:40,2023-08-14 23:39:40,Net Banking
ORD000000149,CUST00000001,delivered,2023-01-01 03:56:53,2023-01-01 12:41:53,Net Banking
ORD000000150,CUST00000010,delivered,2023-01-03 15:52:25,2023-01-03 20:54:25,UPI
ORD000000151,CUST00000001,delivered,2023-08-23 23:30:40,2023-08-24 00:23:40,COD
ORD000000152,CUST00000002,delivered,2024-01-19 20:13:49,2024-01-19 23:58:49,COD
ORD000000153,CUST00000001,delivered,2023-12-27 04:39:57,2023-12-27 15:38:57,COD
ORD000000154,CUST00000001,delivered,2024-11-08 23:45:57,2024-11-09 04:15:57,COD
ORD000000155,CUST00000006,delivered,2024-08-13 08:34:10,2024-08-13 14:29:10,Credit Card
ORD000000156,CUST00000003,delivered,2024-11-10 11:26:14,2024-11-10 13:42:14,Wallet
ORD000000157,CUST00000001,delivered,2024-01-06 06:59:54,2024-01-06 07:23:54,COD
ORD000000158,CUST00000001,delivered,2023-11-29 16:47:09,2023-11-29 20:05:09,COD
ORD000000159,CUST00000001,delivered,2024-02-22 03:01:01,2024-02-22 13:26:01,COD
ORD000000160,CUST00000001,delivered,2023-10-22 17:02:20,2023-10-22 23:34:20,COD
ORD000000161,CUST00000006,delivered,2023-06-29 01:19:35,2023-06-29 05:53:35,COD
ORD000000162,CUST00000009,delivered,2024-10-06 20:16:11,2024-10-07 02:34:11,Wallet
ORD000000163,CUST00000001,shipped,2024-06-01 07:49:25,2024-06-01 17:34:25,COD
ORD000000164,CUST00000015,delivered,2023-10-03 12:26:06,2023-10-03 23:18:06,COD
ORD000000165,CUST00000004,returned,2023-11-29 05:28:20,2023-11-29 09:20:20,UPI
ORD000000166,CUST00000010,delivered,2023-07-11 02:35:00,2023-07-11 12:35:00,COD
ORD000000167,CUST00000028,delivered,2024-02-19 00:33:30,2024-02-19 10:11:30,Wallet
ORD000000168,CUST00000001,delivered,2023-10-14 23:30:16,2023-10-14 23:40:16,Wallet
ORD000000169,CUST00000007,delivered,2024-10-23 03:16:13,2024-10-23 14:00:13,COD
ORD000000170,CUST00000001,delivered,2024-01-20 01:21:50,2024-01-20 04:10:50,UPI
ORD000000171,CUST00000001,cancelled,2023-11-03 12:19:52,2023-11-03 21:31:52,Credit Card
ORD000000172,CUST00000003,delivered,2024-08-01 23:05:49,2024-08-02 09:44:49,COD
ORD000000173,CUST00000001,delivered,2024-11-01 01:59:24,2024-11-01 08:54:24,COD
ORD000000174,CUST00000002,delivered,2024-09-29 06:07:42,2024-09-29 09:57:42,Net Banking
ORD000000175,CUST00000001,delivered,2023-12-30 13:20:26,2023-12-30 23:36:26,COD
ORD000000176,CUST00000001,delivered,2023-10-13 11:49:10,2023-10-13 17:35:10,COD
ORD000000177,CUST00000001,delivered,2024-05-16 03:29:52,2024-05-16 12:43:52,COD
ORD000000178,CUST00000001,delivered,2024-09-29 22:48:57,2024-09-30 06:55:57,COD
ORD000000179,CUST00000015,delivered,2024-12-25 08:35:58,2024-12-25 12:29:58,Debit Card
ORD000000180,CUST00000001,cancelled,2023-12-09 16:14:23,2023-12-09 22:47:23,UPI
ORD000000181,CUST00000098,delivered,2024-05-22 10:59:28,2024-05-22 13:27:28,UPI
ORD000000182,CUST00000012,delivered,2023-09-09 14:03:12,2023-09-09 14:11:12,COD
ORD000000183,CUST00000008,delivered,2023-03-12 21:42:24,2023-03-13 06:00:24,Debit Card
ORD000000184,CUST00000008,delivered,2023-08-05 07:49:17,2023-08-05 10:21:17,COD
ORD000000185,CUST00000046,delivered,2023-01-08 19:32:47,2023-01-09 01:48:47,COD
ORD000000186,CUST00000001,delivered,2024-01-04 07:01:03,2024-01-04 08:17:03,COD
ORD000000187,CUST00000001,delivered,2023-10-22 07:36:23,2023-10-22 15:29:23,COD
ORD000000188,CUST00000001,delivered,2024-05-30 00:47:11,2024-05-30 02:51:11,UPI
ORD000000189,CUST00000015,delivered,2024-04-05 08:19:20,2024-04-05 11:21:20,COD
ORD000000190,CUST00000001,delivered,2023-05-22 14:04:19,2023-05-22 15:54:19,COD
ORD000000191,CUST00000005,delivered,2024-05-26 15:21:25,2024-05-27 02:21:25,COD
ORD000000192,CUST00000002,delivered,2023-06-08 10:19:20,2023-06-08 17:49:20,UPI
ORD000000193,CUST00000002,delivered,2023-01-02 08:33:22,2023-01-02 16:33:22,COD
ORD000000194,CUST00000009,delivered,2024-12-20 05:22:59,2024-12-20 10:17:59,Debit Card
ORD000000195,CUST00000002,delivered,2023-01-19 21:42:02,2023-01-20 08:00:02,COD
ORD000000196,CUST00000008,delivered,2023-10-08 09:13:16,2023-10-08 10:05:16,COD
ORD000000197,CUST00000001,delivered,2024-04-25 07:20:34,2024-04-25 12:20:34,COD
ORD000000198,CUST00000076,delivered,2023-10-21 22:34:57,2023-10-21 23:37:57,COD
ORD000000199,CUST00000001,delivered,2023-10-25 15:16:59,2023-10-25 23:39:59,COD
ORD000000200,CUST00000004,shipped,2024-07-08 20:21:41,2024-07-09 07:45:41,COD
ORD000000201,CUST00000001,delivered,2024-03-25 09:19:45,2024-03-25 18:31:45,COD
ORD000000202,CUST00000001,delivered,2024-01-12 10:19:47,2024-01-12 12:14:47,COD
ORD000000203,CUST00000005,delivered,2024-10-26 17:30:31,2024-10-27 02:58:31,COD
ORD000000204,CUST00000046,delivered,2023-03-31 23:31:07,2023-04-01 02:37:07,UPI
ORD000000205,CUST00000001,delivered,2023-12-20 18:55:43,2023-12-20 23:09:43,COD
ORD000000206,CUST00000003,delivered,2023-07-23 11:05:26,2023-07-23 18:00:26,Wallet
ORD000000207,CUST00000002,delivered,2023-01-27 14:20:55,2023-01-27 19:49:55,COD
ORD000000208,CUST00000002,delivered,2024-12-25 08:22:45,2024-12-25 10:40:45,COD
ORD000000209,CUST00000001,delivered,2024-07-18 10:57:00,2024-07-18 17:20:00,COD
ORD000000210,CUST00000001,delivered,2023-07-03 09:18:36,2023-07-03 11:44:36,Credit Card
ORD000000211,CUST00000001,delivered,2023-10-31 02:23:09,2023-10-31 11:01:09,COD
ORD000000212,CUST00000006,delivered,2023-07-12 20:59:26,2023-07-12 21:55:26,Wallet
ORD000000213,CUST00000021,delivered,2024-06-05 03:17:08,2024-06-05 13:01:08,UPI
ORD000000214,CUST00000015,delivered,2023-10-11 06:25:34,2023-10-11 18:11:34,UPI
ORD000000215,CUST00000001,delivered,2024-11-06 06:04:34,2024-11-06 15:02:34,COD
ORD000000216,CUST00000032,delivered,2023-06-26 05:19:49,2023-06-26 12:37:49,COD
ORD000000217,CUST00000113,delivered,2023-10-10 11:56:32,2023-10-10 17:16:32,COD
ORD000000218,CUST00000009,delivered,2024-11-16 23:03:11,2024-11-17 05:26:11,Debit Card
ORD000000219,CUST00000165,delivered,2024-10-26 07:52:59,2024-10-26 14:03:59,Credit Card
ORD000000220,CUST00000001,delivered,2023-09-09 17:37:20,2023-09-10 04:17:20,COD
ORD000000221,CUST00000001,delivered,2023-12-26 17:35:12,2023-12-26 19:11:12,COD
ORD000000222,CUST00000001,delivered,2024-10-25 18:19:50,2024-10-26 01:29:50,COD
ORD000000223,CUST00000004,delivered,2024-05-24 14:56:22,2024-05-24 21:34:22,Credit Card
ORD000000224,CUST00000002,shipped,2024-04-25 17:46:01,2024-04-25 20:59:01,COD
ORD000000225,CUST00000024,cancelled,2024-05-15 18:16:29,2024-05-15 23:16:29,UPI
ORD000000226,CUST00000001,returned,2024-11-07 16:23:23,2024-11-07 22:05:23,COD
ORD000000227,CUST00000017,delivered,2024-01-10 13:24:13,2024-01-10 13:53:13,Wallet
ORD000000228,CUST00000223,delivered,2023-06-03 02:11:23,2023-06-03 07:57:23,COD
ORD000000229,CUST00000001,cancelled,2023-12-22 12:11:42,2023-12-22 14:18:42,COD
ORD000000230,CUST00000001,delivered,2024-07-14 18:05:17,2024-07-14 22:54:17,Wallet
ORD000000231,CUST00000001,delivered,2023-12-29 08:12:24,2023-12-29 11:35:24,UPI
ORD000000232,CUST00000002,shipped,2023-09-26 05:58:26,2023-09-26 15:01:26,COD
ORD000000233,CUST00000001,delivered,2024-05-20 14:15:39,2024-05-21 01:46:39,Debit Card
ORD000000234,CUST00000001,delivered,2023-12-03 03:10:39,2023-12-03 04:33:39,COD
ORD000000235,CUST00000006,returned,2024-12-13 17:15:26,2024-12-13 20:23:26,COD
ORD000000236,CUST00000003,returned,2023-10-11 23:35:31,2023-10-12 01:33:31,COD
ORD000000237,CUST00000003,delivered,2024-07-04 11:37:15,2024-07-04 17:27:15,COD
ORD000000238,CUST00000001,delivered,2024-02-12 00:40:07,2024-02-12 05:11:07,UPI
ORD000000239,CUST00000001,delivered,2023-03-04 06:30:53,2023-03-04 12:00:53,COD
ORD000000240,CUST00000002,delivered,2023-12-20 00:45:33,2023-12-20 01:40:33,COD
ORD000000241,CUST00000001,delivered,2023-01-21 11:01:22,2023-01-21 21:28:22,Credit Card
ORD000000242,CUST00000007,delivered,2024-09-05 07:26:16,2024-09-05 19:16:16,COD
ORD000000243,CUST00000051,delivered,2024-07-19 18:33:35,2024-07-20 05:29:35,COD
ORD000000244,CUST00000003,delivered,2023-02-08 20:15:39,2023-02-09 02:14:39,COD
ORD000000245,CUST00000072,cancelled,2023-12-31 10:26:23,2023-12-31 18:27:23,Credit Card
ORD000000246,CUST00000001,shipped,2024-12-12 23:28:14,2024-12-13 00:08:14,COD
ORD000000247,CUST00000037,delivered,2023-09-01 10:47:21,2023-09-01 18:08:21,Net Banking
ORD000000248,CUST00000001,delivered,2024-11-01 02:50:40,2024-11-01 10:09:40,Debit Card
ORD000000249,CUST00000012,delivered,2023-05-07 21:47:58,2023-05-08 06:37:58,Credit Card
ORD000000250,CUST00000002,delivered,2023-01-02 09:29:26,2023-01-02 18:52:26,Credit Card
ORD000000251,CUST00000006,delivered,2024-01-22 21:14:59,2024-01-22 21:19:59,UPI
ORD000000252,CUST00000012,delivered,2023-07-23 17:37:23,2023-07-23 22:33:23,Debit Card
ORD000000253,CUST00000017,delivered,2024-10-24 22:33:08,2024-10-25 04:25:08,UPI
ORD000000254,CUST00000034,delivered,2024-05-26 15:29:33,2024-05-26 21:17:33,COD
ORD000000255,CUST00000001,cancelled,2024-06-07 14:13:32,2024-06-07 20:50:32,COD
ORD000000256,CUST00000001,returned,2024-05-26 05:36:03,2024-05-26 14:01:03,Credit Card
ORD000000257,CUST00000003,shipped,2024-05-31 06:42:10,2024-05-31 13:46:10,COD
ORD000000258,CUST00000001,cancelled,2024-07-29 07:54:03,2024-07-29 10:46:03,Credit Card
ORD000000259,CUST00000001,delivered,2024-05-23 07:25:56,2024-05-23 15:24:56,Net Banking
ORD000000260,CUST00000001,cancelled,2024-10-05 14:15:53,2024-10-05 21:27:53,COD
ORD000000261,CUST00000004,cancelled,2024-02-15 20:52:53,2024-02-15 23:19:53,COD
ORD000000262,CUST00000001,delivered,2023-10-11 00:50:59,2023-10-11 08:26:59,COD
ORD000000263,CUST00000001,delivered,2023-12-17 14:50:46,2023-12-17 21:07:46,COD
ORD000000264,CUST00000007,delivered,2023-11-24 18:11:50,2023-11-25 03:51:50,UPI
ORD000000265,CUST00000043,delivered,2023-10-05 10:38:18,2023-10-05 15:23:18,COD
ORD000000266,CUST00000001,delivered,2023-11-04 06:36:34,2023-11-04 17:18:34,COD
ORD000000267,CUST00000008,delivered,2023-10-26 10:22:39,2023-10-26 16:50:39,COD
ORD000000268,CUST00000002,delivered,2023-04-02 19:52:49,2023-04-03 07:09:49,COD
ORD000000269,CUST00000001,delivered,2024-10-04 21:56:50,2024-10-04 23:13:50,COD
ORD000000270,CUST00000001,delivered,2024-08-07 16:24:28,2024-08-07 17:59:28,COD
ORD000000271,CUST00000001,delivered,2023-10-07 11:39:16,2023-10-07 14:20:16,Credit Card
ORD000000272,CUST00001136,delivered,2024-11-28 15:29:23,2024-11-29 01:17:23,COD
ORD000000273,CUST00000001,delivered,2024-12-01 16:14:48,2024-12-01 22:21:48,COD
ORD000000274,CUST00000004,cancelled,2024-10-12 18:25:00,2024-10-13 02:32:00,COD
ORD000000275,CUST00000001,processing,2023-01-21 03:28:17,2023-01-21 03:46:17,UPI
ORD000000276,CUST00000001,delivered,2023-10-22 01:48:11,2023-10-22 06:18:11,Credit Card
ORD000000277,CUST00000002,delivered,2023-12-09 08:17:40,2023-12-09 12:34:40,COD
ORD000000278,CUST00000003,shipped,2024-07-05 06:14:21,2024-07-05 17:18:21,UPI
ORD000000279,CUST00000001,processing,2024-04-22 14:45:17,2024-04-22 16:04:17,UPI
ORD000000280,CUST00000012,delivered,2024-05-31 12:31:18,2024-05-31 22:50:18,Debit Card
ORD000000281,CUST00000003,returned,2024-08-16 22:02:30,2024-08-17 02:30:30,UPI
ORD000000282,CUST00000002,delivered,2024-12-01 18:39:06,2024-12-02 03:57:06,UPI
ORD000000283,CUST00000001,delivered,2024-02-10 03:32:40,2024-02-10 07:05:40,COD
ORD000000284,CUST00000014,delivered,2024-11-01 20:22:38,2024-11-01 21:08:38,COD
ORD000000285,CUST00000003,delivered,2024-09-27 18:29:50,2024-09-28 02:39:50,Debit Card
ORD000000286,CUST00000007,returned,2023-10-07 09:10:13,2023-10-07 11:21:13,COD
ORD000000287,CUST00000004,delivered,2024-09-26 01:23:27,2024-09-26 03:13:27,COD
ORD000000288,CUST00000006,delivered,2023-04-08 19:02:51,2023-04-09 06:03:51,UPI
ORD000000289,CUST00000028,delivered,2023-05-14 04:38:05,2023-05-14 07:25:05,Debit Card
ORD000000290,CUST00000001,processing,2024-12-29 05:17:11,2024-12-29 17:04:11,COD
ORD000000291,CUST00000001,delivered,2023-11-14 11:17:28,2023-11-14 15:31:28,Debit Card
ORD000000292,CUST00000008,delivered,2023-12-12 01:58:42,2023-12-12 05:21:42,COD
ORD000000293,CUST00000002,processing,2024-12-03 09:35:01,2024-12-03 15:04:01,Debit Card
ORD000000294,CUST00000001,delivered,2023-10-17 05:55:04,2023-10-17 09:18:04,Debit Card
ORD000000295,CUST00000001,cancelled,2023-07-22 01:16:19,2023-07-22 12:24:19,Credit Card
ORD000000296,CUST00000003,shipped,2023-03-04 21:40:32,2023-03-05 05:01:32,Wallet
ORD000000297,CUST00000787,delivered,2024-01-15 06:15:27,2024-01-15 15:11:27,Wallet
ORD000000298,CUST00000004,returned,2023-06-19 13:03:24,2023-06-19 14:02:24,Wallet
ORD000000299,CUST00000001,delivered,2023-02-21 19:36:08,2023-02-21 22:31:08,COD
ORD000000300,CUST00000007,returned,2024-09-25 11:33:08,2024-09-25 18:43:08,COD
ORD000000301,CUST00000001,delivered,2023-10-04 07:01:46,2023-10-04 12:54:46,COD
ORD000000302,CUST00000001,delivered,2024-03-05 17:50:24,2024-03-06 05:27:24,COD
ORD000000303,CUST00000003,delivered,2023-03-28 16:36:31,2023-03-29 01:17:31,UPI
ORD000000304,CUST00000003,delivered,2024-01-02 00:14:32,2024-01-02 03:51:32,COD
ORD000000305,CUST00000005,returned,2024-04-20 19:39:34,2024-04-21 01:08:34,Wallet
ORD000000306,CUST00000001,delivered,2023-12-02 02:50:21,2023-12-02 11:46:21,COD
ORD000000307,CUST00000001,delivered,2023-10-07 17:42:04,2023-10-07 22:39:04,COD
ORD000000308,CUST00000006,processing,2023-09-24 02:23:25,2023-09-24 08:43:25,COD
ORD000000309,CUST00000003,delivered,2023-04-01 01:34:19,2023-04-01 11:10:19,COD
ORD000000310,CUST00000001,delivered,2023-04-06 02:55:12,2023-04-06 06:25:12,COD
ORD000000311,CUST00000001,returned,2023-12-30 17:46:34,2023-12-30 19:02:34,UPI
ORD000000312,CUST00000001,delivered,2023-04-27 10:52:58,2023-04-27 15:51:58,COD
ORD000000313,CUST00000003,delivered,2023-07-09 14:26:16,2023-07-09 17:07:16,Credit Card
ORD000000314,CUST00000182,delivered,2023-05-19 06:44:11,2023-05-19 13:23:11,COD
ORD000000315,CUST00000001,delivered,2024-09-16 02:52:46,2024-09-16 13:06:46,UPI
ORD000000316,CUST00000040,delivered,2023-12-02 18:51:26,2023-12-03 04:00:26,UPI
ORD000000317,CUST00000001,delivered,2024-02-10 19:59:05,2024-02-11 04:45:05,COD
ORD000000318,CUST00000001,delivered,2024-03-08 20:08:12,2024-03-09 02:39:12,COD
ORD000000319,CUST00000002,delivered,2023-10-29 01:33:23,2023-10-29 12:12:23,Credit Card
ORD000000320,CUST00000008,delivered,2023-09-13 22:11:54,2023-09-14 09:17:54,UPI
ORD000000321,CUST00000005,cancelled,2023-10-25 13:00:17,2023-10-25 22:06:17,COD
ORD000000322,CUST00000001,delivered,2024-01-26 04:42:19,2024-01-26 06:10:19,UPI
ORD000000323,CUST00000008,delivered,2023-10-14 04:46:13,2023-10-14 08:23:13,COD
ORD000000324,CUST00000002,cancelled,2023-04-24 12:04:06,2023-04-24 23:33:06,COD
ORD000000325,CUST00000001,delivered,2024-11-03 14:29:10,2024-11-03 15:25:10,COD
ORD000000326,CUST00000002,cancelled,2024-07-17 01:10:07,2024-07-17 07:48:07,Credit Card
ORD000000327,CUST00000022,processing,2023-02-22 11:54:22,2023-02-22 19:35:22,COD
ORD000000328,CUST00000004,delivered,2024-11-01 05:45:28,2024-11-01 10:30:28,COD
ORD000000329,CUST00000024,delivered,2023-05-24 22:01:45,2023-05-25 06:29:45,COD
ORD000000330,CUST00000001,delivered,2023-03-22 14:45:42,2023-03-22 15:44:42,COD
ORD000000331,CUST00000001,delivered,2023-05-27 08:55:32,2023-05-27 11:36:32,COD
ORD000000332,CUST00000001,delivered,2024-11-17 10:08:14,2024-11-17 13:44:14,COD
ORD000000333,CUST00000001,delivered,2023-07-08 20:05:35,2023-07-08 22:12:35,Credit Card
ORD000000334,CUST00000017,delivered,2024-09-02 16:34:36,2024-09-02 21:52:36,Credit Card
ORD000000335,CUST00000005,shipped,2024-04-29 09:17:59,2024-04-29 14:56:59,COD
ORD000000336,CUST00000001,delivered,2024-01-11 20:08:29,2024-01-12 07:23:29,COD
ORD000000337,CUST00000015,delivered,2023-10-20 14:55:23,2023-10-20 20:47:23,COD
ORD000000338,CUST00000005,delivered,2023-03-18 01:25:43,2023-03-18 10:30:43,Debit Card
ORD000000339,CUST00000001,delivered,2024-06-28 15:08:06,2024-06-28 16:16:06,COD
ORD000000340,CUST00000001,delivered,2023-10-29 22:31:36,2023-10-29 23:18:36,Credit Card
ORD000000341,CUST00000132,delivered,2024-01-26 20:43:07,2024-01-27 01:30:07,COD
ORD000000342,CUST00000001,delivered,2023-02-09 01:01:03,2023-02-09 05:00:03,UPI
ORD000000343,CUST00000001,delivered,2024-08-24 21:09:55,2024-08-25 08:14:55,UPI
ORD000000344,CUST00000002,delivered,2024-06-12 23:33:36,2024-06-13 05:29:36,UPI
ORD000000345,CUST00000506,cancelled,2024-01-21 03:54:18,2024-01-21 09:47:18,COD
ORD000000346,CUST00000005,delivered,2023-12-30 15:18:11,2023-12-31 01:30:11,COD
ORD000000347,CUST00000001,delivered,2023-10-07 18:07:14,2023-10-08 04:30:14,COD
ORD000000348,CUST00000005,delivered,2023-10-08 01:02:21,2023-10-08 10:22:21,Net Banking
ORD000000349,CUST00000001,delivered,2023-02-24 19:51:51,2023-02-25 01:09:51,COD
ORD000000350,CUST00000529,delivered,2024-06-07 09:26:49,2024-06-07 12:05:49,UPI
ORD000000351,CUST00000002,delivered,2023-02-04 07:11:04,2023-02-04 07:41:04,Wallet
ORD000000352,CUST00000004,delivered,2023-01-01 06:11:49,2023-01-01 06:52:49,UPI
ORD000000353,CUST00000001,delivered,2023-01-22 12:08:06,2023-01-22 21:56:06,COD
ORD000000354,CUST00000003,delivered,2023-06-22 19:09:56,2023-06-22 20:48:56,COD
ORD000000355,CUST00000026,returned,2024-02-26 19:43:01,2024-02-27 00:44:01,Credit Card
ORD000000356,CUST00000132,delivered,2024-06-02 05:24:39,2024-06-02 11:28:39,Debit Card
ORD000000357,CUST00000001,cancelled,2023-11-07 19:50:52,2023-11-08 02:32:52,Net Banking
ORD000000358,CUST00000002,delivered,2023-11-02 19:49:44,2023-11-02 20:58:44,COD
ORD000000359,CUST00000001,delivered,2024-03-03 01:28:22,2024-03-03 07:47:22,Wallet
ORD000000360,CUST00000001,delivered,2024-03-20 07:29:46,2024-03-20 10:32:46,COD
ORD000000361,CUST00000003,delivered,2024-10-09 00:21:39,2024-10-09 04:29:39,UPI
ORD000000362,CUST00000010,delivered,2024-09-30 23:44:22,2024-10-01 09:36:22,COD
ORD000000363,CUST00000001,delivered,2024-10-02 11:20:08,2024-10-02 16:54:08,COD
ORD000000364,CUST00000003,delivered,2024-10-08 06:29:23,2024-10-08 11:21:23,UPI
ORD000000365,CUST00000003,delivered,2024-10-24 21:27:43,2024-10-24 21:43:43,COD
ORD000000366,CUST00000001,delivered,2024-02-13 16:26:20,2024-02-14 04:23:20,Wallet
ORD000000367,CUST00000003,processing,2024-03-19 22:33:53,2024-03-20 05:42:53,COD
ORD000000368,CUST00000002,delivered,2024-07-12 19:12:16,2024-07-13 04:17:16,Debit Card
ORD000000369,CUST00000001,shipped,2023-06-18 22:55:47,2023-06-19 04:10:47,COD
ORD000000370,CUST00000007,delivered,2023-10-16 05:11:42,2023-10-16 08:25:42,COD
ORD000000371,CUST00000001,delivered,2024-11-03 04:53:48,2024-11-03 08:13:48,COD
ORD000000372,CUST00000002,delivered,2024-01-15 01:49:05,2024-01-15 01:59:05,Credit Card
ORD000000373,CUST00000002,delivered,2023-02-09 08:13:42,2023-02-09 18:53:42,Credit Card
ORD000000374,CUST00000001,delivered,2023-11-01 13:13:47,2023-11-01 19:34:47,COD
ORD000000375,CUST00000002,delivered,2023-05-16 13:33:40,2023-05-16 17:50:40,COD
ORD000000376,CUST00000202,returned,2023-10-13 16:14:59,2023-10-14 00:43:59,COD
ORD000000377,CUST00000006,delivered,2024-02-04 17:35:51,2024-02-04 19:12:51,UPI
ORD000000378,CUST00000001,delivered,2024-01-02 19:36:52,2024-01-03 01:16:52,UPI
ORD000000379,CUST00000004,delivered,2023-12-29 12:28:46,2023-12-29 17:45:46,Credit Card
ORD000000380,CUST00000001,delivered,2023-01-11 06:32:46,2023-01-11 17:25:46,COD
ORD000000381,CUST00000003,delivered,2023-11-28 10:32:34,2023-11-28 20:07:34,COD
ORD000000382,CUST00000003,delivered,2023-01-21 20:56:05,2023-01-22 06:10:05,COD
ORD000000383,CUST00001144,delivered,2023-11-01 19:34:58,2023-11-01 22:44:58,Wallet
ORD000000384,CUST00000002,delivered,2024-05-03 21:58:42,2024-05-04 04:14:42,COD
ORD000000385,CUST00000112,delivered,2023-04-15 12:57:52,2023-04-16 00:42:52,COD
ORD000000386,CUST00000002,delivered,2024-11-05 18:42:01,2024-11-05 19:00:01,Credit Card
ORD000000387,CUST00000001,delivered,2024-04-19 09:54:53,2024-04-19 17:44:53,UPI
ORD000000388,CUST00000001,delivered,2023-07-04 00:10:56,2023-07-04 04:16:56,COD
ORD000000389,CUST00000008,delivered,2023-10-29 17:51:04,2023-10-30 02:46:04,COD
ORD000000390,CUST00000018,delivered,2023-03-21 02:05:35,2023-03-21 08:03:35,Credit Card
ORD000000391,CUST00000001,delivered,2023-01-14 15:14:44,2023-01-14 23:39:44,UPI
ORD000000392,CUST00000005,cancelled,2024-11-04 23:56:44,2024-11-05 02:59:44,COD
ORD000000393,CUST00000001,delivered,2024-05-28 00:36:52,2024-05-28 11:11:52,COD
ORD000000394,CUST00000001,delivered,2024-08-27 17:36:53,2024-08-28 03:39:53,COD
ORD000000395,CUST00000002,delivered,2024-04-11 20:50:10,2024-04-12 04:30:10,UPI
ORD000000396,CUST00000001,delivered,2024-11-02 15:02:34,2024-11-02 20:10:34,COD
ORD000000397,CUST00000011,cancelled,2024-10-29 16:33:34,2024-10-29 18:26:34,COD
ORD000000398,CUST00000003,delivered,2023-02-15 21:37:57,2023-02-16 00:07:57,COD
ORD000000399,CUST00000002,delivered,2023-06-10 18:39:10,2023-06-10 23:29:10,Net Banking
ORD000000400,CUST00000008,delivered,2023-10-29 00:57:05,2023-10-29 10:19:05,COD
ORD000000401,CUST00000014,cancelled,2023-10-08 18:34:46,2023-10-09 05:55:46,COD
ORD000000402,CUST00000001,shipped,2024-01-18 18:10:37,2024-01-19 01:29:37,COD
ORD000000403,CUST00000001,delivered,2023-08-16 05:28:32,2023-08-16 16:43:32,UPI
ORD000000404,CUST00000003,delivered,2024-09-12 15:42:44,2024-09-12 18:07:44,Debit Card
ORD000000405,CUST00000002,delivered,2023-01-03 20:12:17,2023-01-04 05:08:17,Net Banking
ORD000000406,CUST00000081,delivered,2024-09-07 20:21:26,2024-09-08 02:46:26,COD
ORD000000407,CUST00000001,delivered,2023-10-28 20:54:06,2023-10-28 22:39:06,COD
ORD000000408,CUST00000002,delivered,2023-01-02 18:40:10,2023-01-03 03:01:10,COD
ORD000000409,CUST00000015,delivered,2024-10-09 02:55:48,2024-10-09 13:46:48,Credit Card
ORD000000410,CUST00000010,delivered,2023-11-30 11:38:18,2023-11-30 17:03:18,UPI
ORD000000411,CUST00000005,delivered,2024-07-10 05:35:37,2024-07-10 08:42:37,COD
ORD000000412,CUST00000002,delivered,2024-10-24 01:42:11,2024-10-24 05:23:11,COD
ORD000000413,CUST00000001,delivered,2023-01-25 06:19:22,2023-01-25 13:33:22,COD
ORD000000414,CUST00000001,delivered,2023-08-12 21:49:32,2023-08-13 06:07:32,UPI
ORD000000415,CUST00000001,shipped,2023-04-09 14:21:08,2023-04-09 17:01:08,COD
ORD000000416,CUST00000001,delivered,2023-03-22 18:19:26,2023-03-23 02:35:26,COD
ORD000000417,CUST00000006,cancelled,2024-11-28 12:04:03,2024-11-28 21:03:03,COD
ORD000000418,CUST00000087,delivered,2024-09-19 08:33:12,2024-09-19 08:50:12,COD
ORD000000419,CUST00000168,delivered,2023-10-20 11:35:17,2023-10-20 16:14:17,COD
ORD000000420,CUST00000002,delivered,2024-06-07 23:36:51,2024-06-08 02:28:51,UPI
ORD000000421,CUST00000002,delivered,2024-11-05 06:53:10,2024-11-05 16:25:10,UPI
ORD000000422,CUST00000001,cancelled,2023-07-07 07:27:59,2023-07-07 15:14:59,COD
ORD000000423,CUST00000001,delivered,2023-01-07 20:19:56,2023-01-08 02:45:56,COD
ORD000000424,CUST00000001,cancelled,2024-10-02 08:53:36,2024-10-02 11:38:36,Debit Card
ORD000000425,CUST00000017,delivered,2024-07-08 21:41:37,2024-07-09 03:30:37,Debit Card
ORD000000426,CUST00000004,delivered,2023-05-15 23:23:31,2023-05-16 10:56:31,UPI
ORD000000427,CUST00000002,delivered,2023-12-28 01:35:05,2023-12-28 13:31:05,UPI
ORD000000428,CUST00000001,delivered,2023-05-15 16:02:04,2023-05-15 18:03:04,Credit Card
ORD000000429,CUST00000157,delivered,2024-03-25 02:15:36,2024-03-25 08:06:36,UPI
ORD000000430,CUST00000016,cancelled,2024-05-04 21:06:02,2024-05-05 06:05:02,COD
ORD000000431,CUST00000001,shipped,2023-08-25 02:45:55,2023-08-25 06:22:55,COD
ORD000000432,CUST00000001,delivered,2024-08-28 21:18:21,2024-08-29 09:16:21,COD
ORD000000433,CUST00000001,delivered,2023-12-23 18:27:51,2023-12-24 00:05:51,Credit Card
ORD000000434,CUST00000002,delivered,2024-06-24 12:52:29,2024-06-24 17:04:29,UPI
ORD000000435,CUST00000005,delivered,2024-04-27 04:59:21,2024-04-27 16:17:21,Net Banking
ORD000000436,CUST00000001,returned,2023-12-03 06:24:25,2023-12-03 13:40:25,COD
ORD000000437,CUST00000001,delivered,2023-09-08 10:20:56,2023-09-08 11:09:56,COD
ORD000000438,CUST00000009,delivered,2023-06-23 20:20:19,2023-06-23 21:40:19,UPI
ORD000000439,CUST00000002,processing,2024-07-28 21:32:39,2024-07-29 09:17:39,Debit Card
ORD000000440,CUST00000001,delivered,2024-04-28 12:02:43,2024-04-28 19:31:43,Debit Card
ORD000000441,CUST00000001,cancelled,2023-08-29 05:35:19,2023-08-29 16:02:19,COD
ORD000000442,CUST00000001,delivered,2024-12-17 13:32:39,2024-12-18 01:23:39,Net Banking
ORD000000443,CUST00000001,delivered,2024-09-23 19:57:33,2024-09-24 04:54:33,Net Banking
ORD000000444,CUST00000004,delivered,2023-04-16 12:59:34,2023-04-17 00:39:34,Wallet
ORD000000445,CUST00000004,delivered,2023-05-17 21:22:20,2023-05-18 08:49:20,UPI
ORD000000446,CUST00000001,delivered,2024-02-03 00:13:48,2024-02-03 05:12:48,Credit Card
ORD000000447,CUST00000010,delivered,2023-03-26 12:02:45,2023-03-26 19:43:45,COD
ORD000000448,CUST00000003,delivered,2024-12-15 01:06:03,2024-12-15 10:57:03,COD
ORD000000449,CUST00000001,delivered,2024-04-25 14:40:54,2024-04-26 02:02:54,COD
ORD000000450,CUST00000001,delivered,2023-02-22 14:47:35,2023-02-23 00:43:35,COD
ORD000000451,CUST00000007,delivered,2023-11-26 07:29:44,2023-11-26 17:11:44,Wallet
ORD000000452,CUST00000003,shipped,2023-07-08 19:03:59,2023-07-08 23:01:59,UPI
ORD000000453,CUST00000001,delivered,2023-12-29 22:49:47,2023-12-30 04:00:47,COD
ORD000000454,CUST00000001,delivered,2023-07-30 10:58:08,2023-07-30 20:51:08,Credit Card
ORD000000455,CUST00000007,delivered,2024-10-05 10:26:21,2024-10-05 12:01:21,UPI
ORD000000456,CUST00000001,delivered,2024-07-07 04:34:11,2024-07-07 06:35:11,COD
ORD000000457,CUST00000008,returned,2024-11-02 00:40:33,2024-11-02 10:08:33,UPI
ORD000000458,CUST00000001,delivered,2023-06-17 09:45:33,2023-06-17 21:29:33,COD
ORD000000459,CUST00000001,delivered,2023-10-26 10:35:44,2023-10-26 15:39:44,UPI
ORD000000460,CUST00000001,delivered,2024-09-19 18:26:23,2024-09-20 04:48:23,Credit Card
ORD000000461,CUST00000002,delivered,2023-10-22 20:41:23,2023-10-23 01:00:23,COD
ORD000000462,CUST00000185,delivered,2023-10-24 02:36:24,2023-10-24 08:46:24,COD
ORD000000463,CUST00000009,delivered,2024-12-27 03:39:39,2024-12-27 15:20:39,UPI
ORD000000464,CUST00000006,delivered,2024-08-19 13:26:41,2024-08-19 18:06:41,Debit Card
ORD000000465,CUST00000001,delivered,2024-10-16 09:00:48,2024-10-16 19:37:48,COD
ORD000000466,CUST00000001,delivered,2023-11-02 16:51:11,2023-11-03 04:12:11,Credit Card
ORD000000467,CUST00000013,delivered,2024-03-10 07:44:17,2024-03-10 16:36:17,UPI
ORD000000468,CUST00000003,delivered,2023-12-03 09:58:47,2023-12-03 10:53:47,COD
ORD000000469,CUST00000002,delivered,2023-12-03 10:39:35,2023-12-03 22:10:35,COD
ORD000000470,CUST00000008,delivered,2023-04-17 14:25:49,2023-04-17 20:26:49,COD
ORD000000471,CUST00000003,delivered,2024-10-08 01:40:22,2024-10-08 05:12:22,COD
ORD000000472,CUST00000001,delivered,2023-10-28 21:12:12,2023-10-29 03:05:12,COD
ORD000000473,CUST00000001,delivered,2024-03-07 08:08:04,2024-03-07 13:27:04,UPI
ORD000000474,CUST00000005,delivered,2024-10-12 05:06:27,2024-10-12 09:43:27,UPI
ORD000000475,CUST00000001,delivered,2024-08-22 15:22:11,2024-08-22 23:31:11,COD
ORD000000476,CUST00000001,delivered,2023-06-18 03:14:31,2023-06-18 04:39:31,COD
ORD000000477,CUST00000001,delivered,2024-04-08 14:09:49,2024-04-08 21:46:49,COD
ORD000000478,CUST00000003,delivered,2023-12-30 01:27:37,2023-12-30 04:31:37,Debit Card
ORD000000479,CUST00000225,delivered,2023-08-11 06:19:49,2023-08-11 15:50:49,Wallet
ORD000000480,CUST00000001,delivered,2023-01-31 17:25:44,2023-02-01 05:12:44,Credit Card
ORD000000481,CUST00000002,delivered,2024-04-18 08:55:23,2024-04-18 14:37:23,COD
ORD000000482,CUST00000008,shipped,2024-08-27 21:36:45,2024-08-28 07:18:45,Debit Card
ORD000000483,CUST00000011,delivered,2024-11-25 08:32:14,2024-11-25 12:26:14,Credit Card
ORD000000484,CUST00000003,delivered,2023-10-12 16:34:10,2023-10-13 02:38:10,COD
ORD000000485,CUST00000004,delivered,2023-10-30 00:43:05,2023-10-30 07:09:05,COD
ORD000000486,CUST00000001,delivered,2023-05-18 23:26:05,2023-05-19 05:35:05,COD
ORD000000487,CUST00000001,shipped,2024-12-27 14:46:47,2024-12-27 16:03:47,UPI
ORD000000488,CUST00000001,delivered,2024-10-10 16:59:40,2024-10-11 00:57:40,COD
ORD000000489,CUST00000002,delivered,2024-12-09 07:48:20,2024-12-09 17:18:20,COD
ORD000000490,CUST00000006,delivered,2023-12-30 06:55:25,2023-12-30 13:01:25,COD
ORD000000491,CUST00000001,delivered,2023-06-28 10:28:48,2023-06-28 12:27:48,COD
ORD000000492,CUST00000001,returned,2024-02-28 06:08:02,2024-02-28 14:17:02,UPI
ORD000000493,CUST00000001,delivered,2023-10-22 00:29:54,2023-10-22 08:01:54,COD
ORD000000494,CUST00000010,delivered,2023-10-10 16:00:00,2023-10-11 02:22:00,COD
ORD000000495,CUST00000001,delivered,2023-03-08 17:11:56,2023-03-09 04:38:56,UPI
ORD000000496,CUST00000005,returned,2023-02-28 16:13:10,2023-02-28 19:11:10,Net Banking
ORD000000497,CUST00000001,delivered,2023-10-24 13:17:34,2023-10-24 16:50:34,COD
ORD000000498,CUST00000001,delivered,2024-11-11 12:34:17,2024-11-11 23:58:17,COD
ORD000000499,CUST00000144,delivered,2024-07-08 23:39:08,2024-07-09 01:08:08,COD
ORD000000500,CUST00000002,delivered,2024-08-10 12:38:43,2024-08-10 23:36:43,COD
ORD000000501,CUST00000007,delivered,2023-07-19 16:56:27,2023-07-19 18:51:27,Debit Card
ORD000000502,CUST00000001,delivered,2024-07-19 09:59:57,2024-07-19 15:03:57,Wallet
ORD000000503,CUST00000004,delivered,2023-11-02 00:47:36,2023-11-02 02:30:36,COD
ORD000000504,CUST00000001,delivered,2023-02-16 08:23:53,2023-02-16 20:06:53,COD
ORD000000505,CUST00000021,returned,2023-10-29 17:18:44,2023-10-29 23:20:44,COD
ORD000000506,CUST00000001,cancelled,2023-04-20 15:13:02,2023-04-21 01:49:02,UPI
ORD000000507,CUST00000001,delivered,2024-10-12 16:38:50,2024-10-12 17:05:50,COD
ORD000000508,CUST00000001,delivered,2024-10-07 17:56:25,2024-10-07 18:29:25,COD
ORD000000509,CUST00000001,cancelled,2023-09-03 05:14:23,2023-09-03 11:39:23,COD
ORD000000510,CUST00000036,delivered,2024-04-02 19:31:18,2024-04-02 20:06:18,UPI
ORD000000511,CUST00000002,cancelled,2023-10-19 17:08:45,2023-10-19 23:41:45,Wallet
ORD000000512,CUST00000001,delivered,2023-05-10 07:23:17,2023-05-10 15:53:17,COD
ORD000000513,CUST00000001,delivered,2024-05-05 12:05:23,2024-05-05 17:59:23,Credit Card
ORD000000514,CUST00000002,delivered,2024-08-10 20:35:08,2024-08-11 06:00:08,Credit Card
ORD000000515,CUST00000030,delivered,2024-08-23 04:00:45,2024-08-23 05:17:45,COD
ORD000000516,CUST00000001,delivered,2023-05-06 07:15:56,2023-05-06 10:17:56,Wallet
ORD000000517,CUST00000003,delivered,2024-01-06 04:36:34,2024-01-06 06:35:34,UPI
ORD000000518,CUST00000001,delivered,2023-01-16 07:19:01,2023-01-16 13:20:01,COD
ORD000000519,CUST00000008,delivered,2023-03-15 04:54:41,2023-03-15 09:42:41,UPI
ORD000000520,CUST00000001,delivered,2023-03-07 19:20:38,2023-03-08 01:50:38,COD
ORD000000521,CUST00000001,delivered,2023-02-14 23:47:18,2023-02-15 01:41:18,COD
ORD000000522,CUST00000001,delivered,2023-10-05 23:15:54,2023-10-06 04:38:54,COD
ORD000000523,CUST00000002,delivered,2023-10-14 08:35:44,2023-10-14 17:47:44,UPI
ORD000000524,CUST00000001,delivered,2024-06-16 22:22:24,2024-06-16 23:16:24,Debit Card
ORD000000525,CUST00000001,delivered,2023-10-04 01:57:43,2023-10-04 11:24:43,COD
ORD000000526,CUST00000005,shipped,2023-04-28 02:39:57,2023-04-28 05:20:57,COD
ORD000000527,CUST00000001,delivered,2024-11-29 07:48:44,2024-11-29 18:13:44,COD
ORD000000528,CUST00000001,delivered,2024-10-23 06:55:24,2024-10-23 16:42:24,Wallet
ORD000000529,CUST00000013,delivered,2023-04-14 22:01:23,2023-04-15 03:25:23,COD
ORD000000530,CUST00000002,delivered,2023-10-18 18:14:15,2023-10-18 19:11:15,Debit Card
ORD000000531,CUST00000001,delivered,2023-05-22 18:04:45,2023-05-22 22:44:45,COD
ORD000000532,CUST00000002,delivered,2024-12-10 19:20:59,2024-12-11 02:49:59,COD
ORD000000533,CUST00000001,delivered,2023-10-12 17:24:20,2023-10-12 21:31:20,COD
ORD000000534,CUST00000140,delivered,2023-03-22 12:06:08,2023-03-22 19:44:08,COD
ORD000000535,CUST00000001,delivered,2024-07-12 01:24:36,2024-07-12 11:17:36,COD
ORD000000536,CUST00000002,delivered,2024-06-29 00:23:11,2024-06-29 11:51:11,Debit Card
ORD000000537,CUST00000003,shipped,2023-07-25 23:24:56,2023-07-26 04:13:56,COD
ORD000000538,CUST00000001,delivered,2023-10-01 12:02:39,2023-10-01 23:53:39,COD
ORD000000539,CUST00000001,delivered,2023-11-04 22:52:25,2023-11-05 01:54:25,UPI
ORD000000540,CUST00000001,delivered,2023-08-17 00:44:51,2023-08-17 12:04:51,COD
ORD000000541,CUST00000004,delivered,2023-09-05 15:15:46,2023-09-05 17:02:46,UPI
ORD000000542,CUST00000153,delivered,2024-09-15 06:45:12,2024-09-15 13:17:12,Credit Card
ORD000000543,CUST00000005,delivered,2024-08-03 08:44:41,2024-08-03 16:50:41,Net Banking
ORD000000544,CUST00000009,delivered,2024-06-12 15:45:52,2024-06-12 16:19:52,UPI
ORD000000545,CUST00000001,returned,2024-06-07 11:53:12,2024-06-07 17:15:12,COD
ORD000000546,CUST00000006,delivered,2024-01-14 03:13:49,2024-01-14 06:36:49,COD
ORD000000547,CUST00000005,cancelled,2023-10-11 23:59:31,2023-10-12 09:47:31,COD
ORD000000548,CUST00000001,delivered,2024-07-06 17:05:59,2024-07-06 22:49:59,COD
ORD000000549,CUST00000002,delivered,2023-04-07 08:39:21,2023-04-07 09:58:21,COD
ORD000000550,CUST00000001,delivered,2023-04-29 14:54:47,2023-04-29 15:26:47,COD
ORD000000551,CUST00000001,returned,2023-04-16 03:38:01,2023-04-16 03:59:01,Net Banking
ORD000000552,CUST00000001,delivered,2024-07-17 10:18:45,2024-07-17 10:49:45,Wallet
ORD000000553,CUST00000976,delivered,2024-03-16 10:11:45,2024-03-16 16:02:45,COD
ORD000000554,CUST00000021,delivered,2023-12-02 08:55:54,2023-12-02 12:51:54,Net Banking
ORD000000555,CUST00000001,processing,2023-12-24 11:36:38,2023-12-24 14:10:38,Credit Card
ORD000000556,CUST00000029,shipped,2024-10-03 21:57:07,2024-10-04 02:38:07,COD
ORD000000557,CUST00000001,delivered,2023-04-11 00:10:04,2023-04-11 05:27:04,Debit Card
ORD000000558,CUST00000003,delivered,2023-10-25 13:16:33,2023-10-25 20:16:33,Wallet
ORD000000559,CUST00000001,delivered,2024-08-10 22:34:33,2024-08-11 04:35:33,UPI
ORD000000560,CUST00000002,cancelled,2024-05-12 21:20:00,2024-05-13 08:31:00,Credit Card
ORD000000561,CUST00000001,delivered,2023-11-19 21:32:28,2023-11-20 02:04:28,COD
ORD000000562,CUST00000005,delivered,2023-07-10 09:53:55,2023-07-10 14:37:55,UPI
ORD000000563,CUST00000001,processing,2024-11-29 13:36:45,2024-11-29 18:35:45,UPI
ORD000000564,CUST00000206,delivered,2023-11-02 14:16:16,2023-11-02 14:55:16,UPI
ORD000000565,CUST00000148,delivered,2024-10-23 20:06:15,2024-10-24 05:06:15,COD
ORD000000566,CUST00000006,delivered,2024-08-25 22:54:38,2024-08-26 05:25:38,UPI
ORD000000567,CUST00000001,delivered,2024-10-16 06:06:57,2024-10-16 10:56:57,Credit Card
ORD000000568,CUST00000001,delivered,2023-01-10 02:58:41,2023-01-10 07:18:41,Credit Card
ORD000000569,CUST00000001,delivered,2023-12-24 06:21:34,2023-12-24 12:36:34,COD
ORD000000570,CUST00000006,processing,2023-08-10 06:18:24,2023-08-10 17:07:24,COD
ORD000000571,CUST00000001,delivered,2023-08-23 07:12:31,2023-08-23 12:01:31,COD
ORD000000572,CUST00000002,shipped,2023-08-19 22:00:02,2023-08-20 03:13:02,UPI
ORD000000573,CUST00000001,delivered,2023-10-27 05:10:10,2023-10-27 06:50:10,COD
ORD000000574,CUST00000002,returned,2023-11-03 10:07:41,2023-11-03 14:02:41,Wallet
ORD000000575,CUST00000001,delivered,2024-04-21 08:35:02,2024-04-21 17:35:02,UPI
ORD000000576,CUST00000002,delivered,2023-09-15 06:31:43,2023-09-15 15:13:43,COD
ORD000000577,CUST00000001,returned,2023-08-22 04:42:51,2023-08-22 14:22:51,UPI
ORD000000578,CUST00000001,delivered,2023-10-16 23:56:10,2023-10-17 05:53:10,COD
ORD000000579,CUST00000001,cancelled,2024-06-07 15:02:03,2024-06-08 01:50:03,COD
ORD000000580,CUST00000002,delivered,2023-01-01 02:27:10,2023-01-01 09:08:10,COD
ORD000000581,CUST00000003,delivered,2024-07-29 15:43:08,2024-07-29 17:21:08,UPI
ORD000000582,CUST00000001,delivered,2023-10-07 14:40:37,2023-10-07 16:33:37,Debit Card
ORD000000583,CUST00000007,processing,2024-03-02 08:37:14,2024-03-02 14:36:14,COD
ORD000000584,CUST00000002,delivered,2024-08-11 18:54:49,2024-08-11 23:27:49,Credit Card
ORD000000585,CUST00000001,delivered,2024-01-05 19:15:24,2024-01-05 20:36:24,COD
ORD000000586,CUST00000001,delivered,2024-05-03 18:52:54,2024-05-03 19:30:54,COD
ORD000000587,CUST00000004,delivered,2024-11-06 15:20:23,2024-11-06 22:47:23,UPI
ORD000000588,CUST00000001,shipped,2023-01-21 10:36:15,2023-01-21 19:40:15,Credit Card
ORD000000589,CUST00000001,cancelled,2023-10-10 04:58:01,2023-10-10 07:40:01,Wallet
ORD000000590,CUST00000009,delivered,2024-11-12 01:03:18,2024-11-12 04:03:18,UPI
ORD000000591,CUST00000001,delivered,2024-10-06 22:02:20,2024-10-07 04:29:20,COD
ORD000000592,CUST00000003,delivered,2024-04-07 20:11:04,2024-04-07 21:42:04,COD
ORD000000593,CUST00000003,delivered,2023-07-15 04:49:48,2023-07-15 14:52:48,COD
ORD000000594,CUST00000001,shipped,2023-10-04 19:15:56,2023-10-05 02:21:56,Wallet
ORD000000595,CUST00000005,delivered,2024-10-13 01:08:50,2024-10-13 05:31:50,UPI
ORD000000596,CUST00000431,delivered,2024-06-17 05:41:49,2024-06-17 12:40:49,COD
ORD000000597,CUST00000001,delivered,2023-09-02 03:36:19,2023-09-02 05:37:19,COD
ORD000000598,CUST00000001,delivered,2023-04-21 08:10:21,2023-04-21 12:00:21,COD
ORD000000599,CUST00000007,delivered,2024-08-28 07:40:19,2024-08-28 14:05:19,Credit Card
ORD000000600,CUST00000010,cancelled,2024-03-02 12:18:07,2024-03-02 23:51:07,COD
ORD000000601,CUST00000001,delivered,2024-12-14 11:00:35,2024-12-14 21:08:35,Wallet
ORD000000602,CUST00000037,delivered,2023-11-02 02:44:22,2023-11-02 10:23:22,COD
ORD000000603,CUST00000001,cancelled,2023-10-10 03:35:59,2023-10-10 07:39:59,Credit Card
ORD000000604,CUST00000002,delivered,2023-09-07 19:41:36,2023-09-08 06:48:36,COD
ORD000000605,CUST00000002,returned,2023-12-26 13:09:20,2023-12-26 14:45:20,COD
ORD000000606,CUST00000002,delivered,2023-10-02 22:07:49,2023-10-03 01:46:49,COD
ORD000000607,CUST00000001,cancelled,2023-02-28 03:08:07,2023-02-28 08:20:07,COD
ORD000000608,CUST00000001,delivered,2023-09-25 07:23:47,2023-09-25 14:02:47,Net Banking
ORD000000609,CUST00001433,delivered,2023-07-06 03:47:15,2023-07-06 11:53:15,Credit Card
ORD000000610,CUST00000026,processing,2024-09-28 22:10:36,2024-09-29 03:10:36,COD
ORD000000611,CUST00000002,shipped,2023-07-20 03:48:48,2023-07-20 15:07:48,COD
ORD000000612,CUST00000001,processing,2023-12-10 19:13:15,2023-12-11 00:13:15,COD
ORD000000613,CUST00000005,delivered,2024-05-26 04:37:01,2024-05-26 12:12:01,UPI
ORD000000614,CUST00000001,delivered,2023-05-06 17:28:04,2023-05-06 18:07:04,COD
ORD000000615,CUST00000002,delivered,2024-01-23 10:55:36,2024-01-23 12:52:36,COD
ORD000000616,CUST00000003,delivered,2024-10-09 23:15:34,2024-10-10 01:57:34,COD
ORD000000617,CUST00000043,delivered,2024-03-09 01:40:40,2024-03-09 01:45:40,Debit Card
ORD000000618,CUST00000016,delivered,2023-12-26 07:47:29,2023-12-26 18:13:29,COD
ORD000000619,CUST00000003,delivered,2024-10-07 17:21:16,2024-10-08 00:52:16,UPI
ORD000000620,CUST00000001,delivered,2024-11-30 21:58:31,2024-12-01 08:10:31,Wallet
ORD000000621,CUST00000011,shipped,2024-10-01 12:56:15,2024-10-01 16:58:15,COD
ORD000000622,CUST00000001,returned,2023-11-02 02:21:42,2023-11-02 03:41:42,COD
ORD000000623,CUST00000003,delivered,2024-04-02 15:06:12,2024-04-02 19:05:12,COD
ORD000000624,CUST00000002,shipped,2024-01-19 11:28:20,2024-01-19 11:45:20,UPI
ORD000000625,CUST00000002,processing,2023-09-17 18:35:50,2023-09-17 22:17:50,COD
ORD000000626,CUST00000004,delivered,2023-11-19 13:14:53,2023-11-19 14:31:53,COD
ORD000000627,CUST00000007,delivered,2024-10-04 21:32:58,2024-10-05 00:10:58,COD
ORD000000628,CUST00000001,cancelled,2023-09-15 02:56:50,2023-09-15 10:37:50,UPI
ORD000000629,CUST00000001,delivered,2024-10-27 14:58:26,2024-10-28 02:30:26,UPI
ORD000000630,CUST00000010,delivered,2024-12-29 17:41:47,2024-12-29 20:37:47,COD
ORD000000631,CUST00000001,delivered,2023-09-21 09:44:31,2023-09-21 21:31:31,Credit Card
ORD000000632,CUST00000003,delivered,2023-04-12 11:24:15,2023-04-12 20:34:15,COD
ORD000000633,CUST00000001,delivered,2024-12-08 16:41:16,2024-12-08 18:12:16,COD
ORD000000634,CUST00000001,delivered,2023-05-25 10:55:58,2023-05-25 11:04:58,COD
ORD000000635,CUST00000001,delivered,2024-08-20 09:25:20,2024-08-20 10:50:20,UPI
ORD000000636,CUST00000002,shipped,2023-01-29 13:57:16,2023-01-29 22:33:16,UPI
ORD000000637,CUST00000001,delivered,2023-07-20 19:17:16,2023-07-21 03:21:16,COD
ORD000000638,CUST00000001,cancelled,2023-08-11 03:13:59,2023-08-11 13:51:59,COD
ORD000000639,CUST00000001,delivered,2023-09-12 20:58:33,2023-09-13 03:18:33,COD
ORD000000640,CUST00000037,shipped,2024-11-05 04:48:02,2024-11-05 05:25:02,COD
ORD000000641,CUST00000001,delivered,2023-05-28 02:20:44,2023-05-28 14:19:44,COD
ORD000000642,CUST00000001,shipped,2023-05-27 04:20:11,2023-05-27 14:45:11,COD
ORD000000643,CUST00000001,processing,2024-06-11 01:50:19,2024-06-11 10:27:19,COD
ORD000000644,CUST00000002,delivered,2024-12-04 22:50:46,2024-12-05 09:51:46,COD
ORD000000645,CUST00000002,delivered,2023-10-27 07:00:16,2023-10-27 10:24:16,COD
ORD000000646,CUST00000001,cancelled,2024-08-21 18:33:23,2024-08-22 01:01:23,COD
ORD000000647,CUST00000018,delivered,2023-01-22 04:22:41,2023-01-22 10:47:41,UPI
ORD000000648,CUST00000009,delivered,2024-10-02 12:42:02,2024-10-02 16:10:02,COD
ORD000000649,CUST00000004,delivered,2024-07-09 10:13:23,2024-07-09 22:10:23,UPI
ORD000000650,CUST00000003,cancelled,2024-10-29 15:49:36,2024-10-29 22:36:36,COD
ORD000000651,CUST00000002,delivered,2024-04-25 23:43:20,2024-04-26 10:45:20,COD
ORD000000652,CUST00000003,delivered,2024-11-24 15:35:58,2024-11-24 19:22:58,COD
ORD000000653,CUST00000001,delivered,2023-10-28 16:50:51,2023-10-28 22:49:51,COD
ORD000000654,CUST00001210,delivered,2024-07-17 06:17:46,2024-07-17 17:29:46,Credit Card
ORD000000655,CUST00000021,shipped,2024-07-11 02:55:37,2024-07-11 05:08:37,COD
ORD000000656,CUST00000001,shipped,2023-08-18 02:04:42,2023-08-18 08:37:42,COD
ORD000000657,CUST00000001,delivered,2024-11-06 07:12:15,2024-11-06 16:46:15,COD
ORD000000658,CUST00000003,delivered,2024-08-27 13:19:06,2024-08-27 22:55:06,COD
ORD000000659,CUST00000001,delivered,2024-10-20 01:27:01,2024-10-20 10:29:01,Debit Card
ORD000000660,CUST00000001,delivered,2023-10-18 06:18:46,2023-10-18 13:39:46,Net Banking
ORD000000661,CUST00000001,cancelled,2024-10-07 15:09:02,2024-10-07 15:18:02,COD
ORD000000662,CUST00000004,delivered,2023-09-28 20:57:47,2023-09-29 00:28:47,COD
ORD000000663,CUST00000003,delivered,2024-12-15 23:44:57,2024-12-16 09:17:57,COD
ORD000000664,CUST00000024,delivered,2023-01-16 05:39:54,2023-01-16 11:41:54,COD
ORD000000665,CUST00000016,delivered,2024-04-09 02:27:01,2024-04-09 06:48:01,COD
ORD000000666,CUST00000002,delivered,2023-04-03 13:44:55,2023-04-04 00:18:55,COD
ORD000000667,CUST00000001,delivered,2024-07-05 22:30:56,2024-07-06 02:40:56,COD
ORD000000668,CUST00000001,delivered,2023-10-19 10:04:56,2023-10-19 14:42:56,COD
ORD000000669,CUST00000004,cancelled,2024-10-21 21:42:01,2024-10-22 02:36:01,COD
ORD000000670,CUST00000001,delivered,2024-10-22 17:49:46,2024-10-22 21:58:46,UPI
ORD000000671,CUST00000002,shipped,2023-10-21 21:34:13,2023-10-22 03:40:13,Debit Card
ORD000000672,CUST00001056,delivered,2024-09-22 22:49:04,2024-09-23 10:17:04,COD
ORD000000673,CUST00000079,delivered,2024-06-02 02:34:36,2024-06-02 14:32:36,Credit Card
ORD000000674,CUST00000001,cancelled,2023-11-12 09:52:39,2023-11-12 13:55:39,COD
ORD000000675,CUST00000001,shipped,2023-10-08 01:11:54,2023-10-08 05:40:54,COD
ORD000000676,CUST00000001,delivered,2023-06-28 01:03:52,2023-06-28 11:22:52,UPI
ORD000000677,CUST00000021,delivered,2023-02-19 11:24:15,2023-02-19 18:20:15,COD
ORD000000678,CUST00000001,delivered,2024-01-11 15:52:27,2024-01-11 18:04:27,Debit Card
ORD000000679,CUST00000001,delivered,2024-01-30 21:15:53,2024-01-31 03:52:53,Wallet
ORD000000680,CUST00000010,delivered,2023-11-27 03:06:01,2023-11-27 12:37:01,COD
ORD000000681,CUST00000001,delivered,2024-12-02 00:47:53,2024-12-02 05:40:53,COD
ORD000000682,CUST00000001,delivered,2023-01-07 02:30:28,2023-01-07 09:54:28,COD
ORD000000683,CUST00000047,delivered,2024-10-10 22:14:32,2024-10-11 07:32:32,Debit Card
ORD000000684,CUST00000007,delivered,2024-09-15 15:52:38,2024-09-15 17:22:38,COD
ORD000000685,CUST00000052,delivered,2024-08-09 11:33:05,2024-08-09 23:14:05,Credit Card
ORD000000686,CUST00000001,delivered,2024-01-17 02:28:02,2024-01-17 03:18:02,COD
ORD000000687,CUST00000002,processing,2023-06-11 08:53:59,2023-06-11 10:19:59,UPI
ORD000000688,CUST00000001,cancelled,2024-10-18 03:05:26,2024-10-18 06:43:26,COD
ORD000000689,CUST00000752,delivered,2024-07-27 00:43:20,2024-07-27 01:02:20,Credit Card
ORD000000690,CUST00000014,delivered,2024-10-05 10:32:16,2024-10-05 18:27:16,UPI
ORD000000691,CUST00000001,shipped,2023-07-20 12:03:48,2023-07-20 18:23:48,COD
ORD000000692,CUST00000003,delivered,2024-02-12 10:51:20,2024-02-12 15:13:20,COD
ORD000000693,CUST00000001,delivered,2023-11-05 20:54:58,2023-11-06 08:45:58,COD
ORD000000694,CUST00000001,delivered,2024-04-27 21:55:44,2024-04-28 01:13:44,COD
ORD000000695,CUST00000001,delivered,2024-08-03 02:55:09,2024-08-03 13:28:09,Credit Card
ORD000000696,CUST00000005,delivered,2023-05-27 06:37:37,2023-05-27 13:38:37,COD
ORD000000697,CUST00000215,delivered,2023-05-27 12:01:25,2023-05-27 20:21:25,Wallet
ORD000000698,CUST00000001,delivered,2023-02-02 09:37:20,2023-02-02 21:03:20,COD
ORD000000699,CUST00000002,delivered,2023-05-13 10:27:38,2023-05-13 13:33:38,Debit Card
ORD000000700,CUST00000001,delivered,2023-07-24 16:58:49,2023-07-24 18:30:49,Debit Card
ORD000000701,CUST00000007,delivered,2023-02-27 04:19:08,2023-02-27 13:50:08,UPI
ORD000000702,CUST00000001,returned,2023-10-12 19:50:54,2023-10-13 03:35:54,Wallet
ORD000000703,CUST00000001,delivered,2024-05-28 06:21:17,2024-05-28 08:47:17,COD
ORD000000704,CUST00000001,delivered,2024-09-08 08:22:43,2024-09-08 19:19:43,UPI
ORD000000705,CUST00000001,delivered,2023-10-09 05:19:15,2023-10-09 13:57:15,COD
ORD000000706,CUST00000001,delivered,2023-03-09 15:08:45,2023-03-09 21:39:45,COD
ORD000000707,CUST00000003,processing,2024-08-09 16:41:39,2024-08-09 18:20:39,UPI
ORD000000708,CUST00000001,shipped,2023-10-28 14:58:49,2023-10-29 02:32:49,Debit Card
ORD000000709,CUST00000002,delivered,2023-08-03 11:50:45,2023-08-03 18:10:45,Wallet
ORD000000710,CUST00000003,delivered,2023-12-20 07:16:37,2023-12-20 14:28:37,UPI
ORD000000711,CUST00000005,delivered,2024-12-20 16:30:18,2024-12-20 16:54:18,Debit Card
ORD000000712,CUST00000007,delivered,2023-10-22 02:50:48,2023-10-22 10:55:48,Credit Card
ORD000000713,CUST00000001,delivered,2024-12-10 07:29:08,2024-12-10 17:31:08,Credit Card
ORD000000714,CUST00000016,delivered,2023-08-05 16:22:49,2023-08-06 01:52:49,COD
ORD000000715,CUST00000001,delivered,2023-03-28 16:36:46,2023-03-28 21:10:46,COD
ORD000000716,CUST00000002,delivered,2023-05-13 06:26:01,2023-05-13 08:53:01,COD
ORD000000717,CUST00000005,delivered,2024-08-22 08:11:22,2024-08-22 13:32:22,Credit Card
ORD000000718,CUST00000001,delivered,2024-01-28 07:38:19,2024-01-28 14:23:19,UPI
ORD000000719,CUST00000001,delivered,2024-03-07 21:16:59,2024-03-08 00:33:59,Credit Card
ORD000000720,CUST00000006,delivered,2024-12-18 13:44:11,2024-12-18 21:08:11,Wallet
ORD000000721,CUST00000003,delivered,2024-01-02 02:50:49,2024-01-02 13:56:49,UPI
ORD000000722,CUST00000001,delivered,2023-04-08 03:51:33,2023-04-08 05:21:33,Credit Card
ORD000000723,CUST00000016,delivered,2024-07-05 01:39:36,2024-07-05 04:40:36,UPI
ORD000000724,CUST00000037,delivered,2023-06-26 05:47:45,2023-06-26 11:17:45,UPI
ORD000000725,CUST00000001,delivered,2024-03-07 05:20:09,2024-03-07 07:29:09,COD
ORD000000726,CUST00000002,delivered,2024-10-12 10:42:21,2024-10-12 19:58:21,Wallet
ORD000000727,CUST00000171,delivered,2023-12-24 17:56:08,2023-12-24 18:44:08,Credit Card
ORD000000728,CUST00000001,delivered,2023-09-27 21:05:00,2023-09-27 21:39:00,Credit Card
ORD000000729,CUST00000004,delivered,2024-03-02 13:24:17,2024-03-02 17:41:17,COD
ORD000000730,CUST00000029,delivered,2023-04-16 18:32:02,2023-04-16 23:32:02,COD
ORD000000731,CUST00000001,delivered,2023-09-21 15:43:11,2023-09-22 00:12:11,Debit Card
ORD000000732,CUST00000002,delivered,2024-01-02 07:37:20,2024-01-02 09:26:20,Wallet
ORD000000733,CUST00000001,returned,2023-08-05 14:41:15,2023-08-06 00:06:15,Net Banking
ORD000000734,CUST00000002,processing,2023-01-29 07:14:58,2023-01-29 09:24:58,UPI
ORD000000735,CUST00000001,returned,2024-03-10 07:24:40,2024-03-10 18:47:40,UPI
ORD000000736,CUST00000005,cancelled,2023-10-31 23:41:46,2023-11-01 05:52:46,COD
ORD000000737,CUST00000001,delivered,2023-10-28 21:51:22,2023-10-29 07:04:22,Credit Card
ORD000000738,CUST00000002,delivered,2024-12-30 15:40:52,2024-12-30 16:06:52,COD
ORD000000739,CUST00000001,delivered,2023-04-03 14:13:59,2023-04-03 22:50:59,Debit Card
ORD000000740,CUST00000003,delivered,2023-05-10 16:27:10,2023-05-10 21:35:10,COD
ORD000000741,CUST00000005,shipped,2024-10-23 18:04:17,2024-10-24 00:08:17,Wallet
ORD000000742,CUST00000001,cancelled,2023-04-19 01:19:22,2023-04-19 01:42:22,COD
ORD000000743,CUST00000002,delivered,2024-11-05 08:36:13,2024-11-05 16:04:13,COD
ORD000000744,CUST00000015,cancelled,2024-05-25 02:31:09,2024-05-25 13:37:09,UPI
ORD000000745,CUST00000060,delivered,2024-01-20 12:42:00,2024-01-21 00:38:00,UPI
ORD000000746,CUST00000001,delivered,2023-08-27 07:04:00,2023-08-27 17:40:00,Credit Card
ORD000000747,CUST00000005,delivered,2023-10-15 07:55:22,2023-10-15 16:33:22,UPI
ORD000000748,CUST00000001,cancelled,2024-10-03 20:12:29,2024-10-03 22:48:29,UPI
ORD000000749,CUST00000001,delivered,2023-02-14 04:53:51,2023-02-14 09:21:51,COD
ORD000000750,CUST00000005,delivered,2024-08-17 21:51:21,2024-08-17 22:43:21,Debit Card
ORD000000751,CUST00000001,delivered,2024-10-03 10:06:02,2024-10-03 12:51:02,Net Banking
ORD000000752,CUST00000002,delivered,2024-06-23 04:35:04,2024-06-23 07:39:04,Credit Card
ORD000000753,CUST00000004,shipped,2023-02-12 03:26:19,2023-02-12 11:27:19,COD
ORD000000754,CUST00000001,delivered,2024-07-26 17:08:26,2024-07-26 17:33:26,Credit Card
ORD000000755,CUST00000001,returned,2024-07-09 21:39:46,2024-07-10 08:48:46,COD
ORD000000756,CUST00000001,delivered,2023-01-07 20:58:45,2023-01-08 05:48:45,Wallet
ORD000000757,CUST00000002,cancelled,2024-10-28 04:05:12,2024-10-28 12:10:12,COD
ORD000000758,CUST00000856,delivered,2023-04-21 21:05:37,2023-04-22 04:00:37,COD
ORD000000759,CUST00000006,delivered,2024-12-12 05:24:44,2024-12-12 08:30:44,COD
ORD000000760,CUST00000003,cancelled,2023-02-26 11:00:40,2023-02-26 17:33:40,Credit Card
ORD000000761,CUST00000001,shipped,2023-07-22 00:07:59,2023-07-22 07:47:59,UPI
ORD000000762,CUST00000003,delivered,2024-06-10 06:12:38,2024-06-10 16:26:38,UPI
ORD000000763,CUST00000002,processing,2023-04-25 07:40:40,2023-04-25 15:53:40,COD
ORD000000764,CUST00000009,delivered,2023-06-06 22:57:02,2023-06-07 08:40:02,Debit Card
ORD000000765,CUST00000005,delivered,2023-01-05 06:40:46,2023-01-05 12:11:46,COD
ORD000000766,CUST00000002,delivered,2024-10-03 06:38:16,2024-10-03 11:35:16,COD
ORD000000767,CUST00000007,delivered,2023-01-28 06:33:39,2023-01-28 15:56:39,Credit Card
ORD000000768,CUST00000003,delivered,2024-04-20 06:03:52,2024-04-20 13:24:52,COD
ORD000000769,CUST00000002,delivered,2024-03-07 12:57:32,2024-03-07 17:43:32,UPI
ORD000000770,CUST00000002,delivered,2024-01-05 04:56:11,2024-01-05 10:16:11,COD
ORD000000771,CUST00000001,delivered,2023-10-23 06:58:21,2023-10-23 13:40:21,UPI
ORD000000772,CUST00000001,delivered,2023-09-14 12:46:51,2023-09-14 20:17:51,COD
ORD000000773,CUST00000005,delivered,2024-12-08 18:09:13,2024-12-08 22:31:13,COD
ORD000000774,CUST00000006,delivered,2024-09-01 02:34:20,2024-09-01 04:27:20,COD
ORD000000775,CUST00000022,delivered,2024-11-08 08:21:54,2024-11-08 19:08:54,UPI
ORD000000776,CUST00000032,delivered,2024-07-18 13:41:47,2024-07-18 17:20:47,COD
ORD000000777,CUST00000001,delivered,2024-10-04 22:00:08,2024-10-05 00:00:08,COD
ORD000000778,CUST00000001,delivered,2024-12-14 22:38:54,2024-12-15 01:43:54,COD
ORD000000779,CUST00000007,processing,2023-12-05 20:55:57,2023-12-06 07:21:57,COD
ORD000000780,CUST00000001,cancelled,2024-11-02 12:07:09,2024-11-02 14:11:09,COD
ORD000000781,CUST00000001,delivered,2023-02-02 02:21:21,2023-02-02 10:44:21,UPI
ORD000000782,CUST00000028,delivered,2023-03-31 23:10:06,2023-04-01 04:10:06,COD
ORD000000783,CUST00000003,delivered,2023-12-29 14:55:06,2023-12-29 22:14:06,COD
ORD000000784,CUST00000001,delivered,2023-12-06 21:44:12,2023-12-07 06:28:12,UPI
ORD000000785,CUST00000001,delivered,2023-11-22 22:05:44,2023-11-23 00:48:44,COD
ORD000000786,CUST00000016,delivered,2024-01-28 19:00:54,2024-01-28 23:48:54,UPI
ORD000000787,CUST00000001,delivered,2024-01-29 10:05:07,2024-01-29 19:35:07,UPI
ORD000000788,CUST00000001,delivered,2024-10-21 14:35:36,2024-10-22 02:22:36,Credit Card
ORD000000789,CUST00000012,cancelled,2023-10-09 16:35:09,2023-10-10 02:49:09,COD
ORD000000790,CUST00000001,delivered,2023-09-29 21:08:10,2023-09-30 00:48:10,COD
ORD000000791,CUST00000014,delivered,2024-06-20 05:25:41,2024-06-20 08:19:41,COD
ORD000000792,CUST00000001,cancelled,2024-05-04 13:19:10,2024-05-05 00:41:10,COD
ORD000000793,CUST00000001,delivered,2024-10-04 14:18:03,2024-10-04 22:34:03,Debit Card
ORD000000794,CUST00000001,delivered,2023-09-23 04:58:22,2023-09-23 07:21:22,COD
ORD000000795,CUST00000031,delivered,2023-01-02 09:38:44,2023-01-02 17:25:44,COD
ORD000000796,CUST00000002,delivered,2024-11-27 22:12:15,2024-11-28 02:06:15,UPI
ORD000000797,CUST00000001,delivered,2023-02-03 00:23:09,2023-02-03 02:19:09,UPI
ORD000000798,CUST00000006,delivered,2024-06-01 12:03:09,2024-06-01 14:05:09,Debit Card
ORD000000799,CUST00000006,delivered,2023-10-01 14:37:24,2023-10-01 19:12:24,COD
ORD000000800,CUST00000001,delivered,2023-11-09 21:47:09,2023-11-10 00:42:09,Debit Card
ORD000000801,CUST00000001,delivered,2024-10-06 06:48:06,2024-10-06 16:14:06,UPI
ORD000000802,CUST00000004,delivered,2023-11-06 09:26:07,2023-11-06 11:23:07,Credit Card
ORD000000803,CUST00000003,delivered,2023-05-01 01:55:47,2023-05-01 04:13:47,COD
ORD000000804,CUST00000001,delivered,2024-08-05 08:03:26,2024-08-05 15:34:26,COD
ORD000000805,CUST00000001,delivered,2023-01-13 23:56:06,2023-01-14 05:11:06,COD
ORD000000806,CUST00000002,delivered,2023-08-23 18:23:01,2023-08-23 20:51:01,Credit Card
ORD000000807,CUST00000001,delivered,2024-01-28 10:16:52,2024-01-28 11:10:52,COD
ORD000000808,CUST00000094,delivered,2023-11-22 15:13:36,2023-11-22 16:18:36,COD
ORD000000809,CUST00000001,delivered,2024-04-10 23:08:56,2024-04-11 02:41:56,COD
ORD000000810,CUST00000001,delivered,2023-10-25 10:33:12,2023-10-25 13:48:12,Debit Card
ORD000000811,CUST00000002,delivered,2023-10-28 07:04:17,2023-10-28 14:04:17,COD
ORD000000812,CUST00000002,delivered,2023-10-10 21:05:10,2023-10-11 05:15:10,COD
ORD000000813,CUST00000002,delivered,2024-10-26 20:24:42,2024-10-26 22:27:42,UPI
ORD000000814,CUST00000010,delivered,2023-01-10 12:23:52,2023-01-10 17:34:52,Debit Card
ORD000000815,CUST00000001,processing,2024-11-23 00:16:59,2024-11-23 05:54:59,Credit Card
ORD000000816,CUST00000001,delivered,2023-10-14 00:18:25,2023-10-14 02:14:25,COD
ORD000000817,CUST00000001,delivered,2023-10-20 02:49:18,2023-10-20 08:43:18,COD
ORD000000818,CUST00000239,cancelled,2024-07-11 16:38:12,2024-07-11 17:28:12,COD
ORD000000819,CUST00000001,delivered,2023-10-27 04:12:46,2023-10-27 07:59:46,COD
ORD000000820,CUST00000043,delivered,2024-04-06 01:30:56,2024-04-06 10:16:56,COD
ORD000000821,CUST00000001,delivered,2024-11-01 16:21:51,2024-11-01 19:20:51,COD
ORD000000822,CUST00000004,delivered,2024-10-09 11:32:47,2024-10-09 20:00:47,COD
ORD000000823,CUST00000013,delivered,2024-01-09 12:43:58,2024-01-09 14:04:58,COD
ORD000000824,CUST00000023,shipped,2024-07-03 04:36:35,2024-07-03 10:10:35,UPI
ORD000000825,CUST00000001,delivered,2023-10-28 05:09:12,2023-10-28 15:59:12,COD
ORD000000826,CUST00000057,delivered,2024-08-24 05:48:27,2024-08-24 12:10:27,Net Banking
ORD000000827,CUST00000001,delivered,2023-05-24 15:27:25,2023-05-25 01:15:25,Credit Card
ORD000000828,CUST00000005,shipped,2023-02-04 23:30:56,2023-02-05 02:26:56,COD
ORD000000829,CUST00000001,delivered,2024-01-31 21:58:44,2024-02-01 00:15:44,COD
ORD000000830,CUST00000011,delivered,2023-07-02 02:43:24,2023-07-02 08:35:24,Wallet
ORD000000831,CUST00000001,delivered,2024-07-14 16:18:37,2024-07-14 19:20:37,Wallet
ORD000000832,CUST00000002,delivered,2023-03-25 18:11:05,2023-03-26 02:56:05,COD
ORD000000833,CUST00000001,delivered,2023-01-03 00:58:26,2023-01-03 05:14:26,COD
ORD000000834,CUST00000040,delivered,2024-05-28 15:17:55,2024-05-29 00:33:55,Net Banking
ORD000000835,CUST00000709,processing,2024-01-01 10:40:03,2024-01-01 11:10:03,UPI
ORD000000836,CUST00000001,delivered,2024-12-04 04:40:51,2024-12-04 08:48:51,UPI
ORD000000837,CUST00000018,delivered,2023-07-30 18:57:05,2023-07-30 21:55:05,COD
ORD000000838,CUST00000001,delivered,2023-04-13 22:26:53,2023-04-14 06:36:53,Credit Card
ORD000000839,CUST00000004,delivered,2023-01-15 14:21:31,2023-01-15 16:53:31,UPI
ORD000000840,CUST00000001,delivered,2023-11-27 04:50:02,2023-11-27 10:42:02,COD
ORD000000841,CUST00000002,delivered,2023-03-24 10:17:37,2023-03-24 14:39:37,UPI
ORD000000842,CUST00000001,delivered,2024-08-24 12:22:26,2024-08-24 21:15:26,COD
ORD000000843,CUST00000001,delivered,2023-02-27 21:39:17,2023-02-28 02:08:17,COD
ORD000000844,CUST00000004,delivered,2024-11-06 18:58:21,2024-11-07 03:16:21,UPI
ORD000000845,CUST00000001,delivered,2024-01-31 16:05:47,2024-01-31 17:13:47,UPI
ORD000000846,CUST00000003,delivered,2024-06-15 18:19:32,2024-06-16 03:20:32,Net Banking
ORD000000847,CUST00000014,delivered,2023-04-20 16:39:30,2023-04-21 00:20:30,UPI
ORD000000848,CUST00000005,delivered,2023-03-14 07:40:22,2023-03-14 09:42:22,COD
ORD000000849,CUST00000001,delivered,2023-10-12 03:12:10,2023-10-12 04:34:10,COD
ORD000000850,CUST00000019,delivered,2024-01-13 20:08:33,2024-01-14 00:03:33,COD
ORD000000851,CUST00000011,delivered,2024-03-02 13:17:33,2024-03-03 01:08:33,COD
ORD000000852,CUST00000006,shipped,2023-10-04 23:05:25,2023-10-05 02:19:25,UPI
ORD000000853,CUST00000005,delivered,2023-08-22 16:20:40,2023-08-22 22:04:40,COD
ORD000000854,CUST00000001,delivered,2024-12-26 11:22:35,2024-12-26 16:46:35,COD
ORD000000855,CUST00000001,delivered,2023-08-22 15:31:20,2023-08-22 19:06:20,COD
ORD000000856,CUST00000057,delivered,2023-04-26 15:39:20,2023-04-26 21:16:20,COD
ORD000000857,CUST00000009,cancelled,2023-10-15 23:33:23,2023-10-16 01:43:23,COD
ORD000000858,CUST00000003,delivered,2023-09-18 08:44:54,2023-09-18 16:46:54,UPI
ORD000000859,CUST00000002,delivered,2023-11-08 09:07:34,2023-11-08 11:06:34,COD
ORD000000860,CUST00000254,delivered,2024-04-13 08:29:52,2024-04-13 15:21:52,Debit Card
ORD000000861,CUST00000001,delivered,2024-03-26 02:35:21,2024-03-26 06:27:21,COD
ORD000000862,CUST00000001,delivered,2024-06-17 11:16:23,2024-06-17 18:15:23,Credit Card
ORD000000863,CUST00000001,delivered,2023-05-12 10:41:17,2023-05-12 17:17:17,Debit Card
ORD000000864,CUST00000002,shipped,2023-02-04 04:43:52,2023-02-04 12:20:52,Debit Card
ORD000000865,CUST00000003,delivered,2024-09-06 19:33:52,2024-09-07 02:50:52,Debit Card
ORD000000866,CUST00000007,delivered,2023-07-04 16:32:44,2023-07-04 19:52:44,COD
ORD000000867,CUST00000002,delivered,2023-09-28 05:47:47,2023-09-28 12:52:47,COD
ORD000000868,CUST00000002,delivered,2023-12-07 03:58:25,2023-12-07 06:44:25,UPI
ORD000000869,CUST00000862,delivered,2024-07-03 14:49:59,2024-07-03 19:31:59,COD
ORD000000870,CUST00000015,delivered,2023-05-18 00:07:27,2023-05-18 02:45:27,UPI
ORD000000871,CUST00000034,delivered,2024-10-31 03:37:30,2024-10-31 10:04:30,UPI
ORD000000872,CUST00000001,delivered,2023-10-01 10:32:50,2023-10-01 19:54:50,COD
ORD000000873,CUST00000001,cancelled,2024-12-26 23:46:27,2024-12-27 07:03:27,COD
ORD000000874,CUST00000513,delivered,2023-09-02 01:50:02,2023-09-02 03:04:02,UPI
ORD000000875,CUST00000001,delivered,2024-07-11 12:41:18,2024-07-11 13:40:18,UPI
ORD000000876,CUST00000002,delivered,2023-10-23 13:29:54,2023-10-23 17:20:54,Credit Card
ORD000000877,CUST00000001,delivered,2024-10-06 06:02:38,2024-10-06 13:07:38,UPI
ORD000000878,CUST00000018,delivered,2023-12-13 12:29:19,2023-12-13 15:54:19,COD
ORD000000879,CUST00000014,delivered,2024-10-21 15:13:15,2024-10-22 03:09:15,COD
ORD000000880,CUST00000040,delivered,2024-08-04 03:17:39,2024-08-04 10:25:39,COD
ORD000000881,CUST00000003,delivered,2024-03-10 22:54:00,2024-03-11 09:38:00,COD
ORD000000882,CUST00000003,delivered,2023-08-02 05:54:14,2023-08-02 16:59:14,Credit Card
ORD000000883,CUST00000001,delivered,2023-08-11 08:50:58,2023-08-11 10:03:58,UPI
ORD000000884,CUST00000008,cancelled,2024-12-29 00:35:12,2024-12-29 11:08:12,Debit Card
ORD000000885,CUST00000001,delivered,2024-11-10 14:14:39,2024-11-10 14:55:39,COD
ORD000000886,CUST00000001,delivered,2023-04-26 14:15:17,2023-04-26 15:35:17,COD
ORD000000887,CUST00000001,delivered,2023-06-23 02:47:15,2023-06-23 09:18:15,COD
ORD000000888,CUST00000031,delivered,2023-03-30 07:01:43,2023-03-30 13:32:43,COD
ORD000000889,CUST00000002,delivered,2023-06-20 18:24:04,2023-06-21 02:12:04,COD
ORD000000890,CUST00000001,delivered,2023-09-06 17:06:41,2023-09-06 17:37:41,COD
ORD000000891,CUST00000001,cancelled,2024-10-06 07:22:30,2024-10-06 08:44:30,COD
ORD000000892,CUST00000002,delivered,2023-03-19 15:06:56,2023-03-20 00:37:56,COD
ORD000000893,CUST00000002,delivered,2024-10-25 17:55:43,2024-10-26 01:02:43,UPI
ORD000000894,CUST00000001,delivered,2024-12-21 08:57:57,2024-12-21 13:29:57,UPI
ORD000000895,CUST00000001,cancelled,2023-08-30 04:13:04,2023-08-30 06:28:04,COD
ORD000000896,CUST00000002,delivered,2023-12-08 00:31:16,2023-12-08 03:09:16,UPI
ORD000000897,CUST00000098,returned,2024-01-21 22:54:50,2024-01-22 02:38:50,COD
ORD000000898,CUST00000124,delivered,2023-06-24 07:41:02,2023-06-24 13:32:02,COD
ORD000000899,CUST00000001,delivered,2024-07-16 19:20:51,2024-07-17 05:07:51,UPI
ORD000000900,CUST00000005,shipped,2024-03-05 07:47:48,2024-03-05 13:03:48,COD
ORD000000901,CUST00000004,delivered,2023-04-03 17:05:36,2023-04-03 22:22:36,UPI
ORD000000902,CUST00000031,delivered,2024-10-29 07:59:05,2024-10-29 19:18:05,COD
ORD000000903,CUST00000003,delivered,2023-09-16 14:34:36,2023-09-16 15:45:36,COD
ORD000000904,CUST00000019,delivered,2023-05-12 22:52:57,2023-05-12 23:20:57,COD
ORD000000905,CUST00000001,cancelled,2024-12-26 18:05:22,2024-12-27 05:59:22,COD
ORD000000906,CUST00000031,shipped,2023-03-26 03:56:57,2023-03-26 15:20:57,COD
ORD000000907,CUST00000005,delivered,2023-02-16 12:34:06,2023-02-16 17:27:06,COD
ORD000000908,CUST00001764,delivered,2023-07-22 06:28:53,2023-07-22 09:20:53,COD
ORD000000909,CUST00000002,delivered,2023-10-01 05:15:52,2023-10-01 06:47:52,COD
ORD000000910,CUST00000001,delivered,2023-11-18 19:58:39,2023-11-18 21:46:39,UPI
ORD000000911,CUST00000008,delivered,2024-06-05 23:34:56,2024-06-06 10:16:56,Credit Card
ORD000000912,CUST00000002,delivered,2023-10-20 22:12:13,2023-10-21 07:07:13,Debit Card
ORD000000913,CUST00000002,processing,2024-02-16 20:08:14,2024-02-17 06:16:14,UPI
ORD000000914,CUST00000027,delivered,2023-01-02 11:14:19,2023-01-02 17:32:19,Debit Card
ORD000000915,CUST00000008,delivered,2023-10-26 12:37:41,2023-10-26 20:32:41,UPI
ORD000000916,CUST00000020,returned,2024-11-28 12:57:40,2024-11-28 23:42:40,UPI
ORD000000917,CUST00000003,processing,2024-08-23 17:40:09,2024-08-23 22:00:09,Credit Card
ORD000000918,CUST00000001,delivered,2024-07-24 01:16:06,2024-07-24 07:48:06,Credit Card
ORD000000919,CUST00000001,delivered,2023-09-18 19:50:36,2023-09-18 23:21:36,Credit Card
ORD000000920,CUST00000005,delivered,2023-12-28 19:23:34,2023-12-29 01:29:34,Debit Card
ORD000000921,CUST00000001,delivered,2024-10-09 23:53:00,2024-10-10 02:29:00,COD
ORD000000922,CUST00000001,delivered,2024-10-24 14:16:10,2024-10-24 16:48:10,Wallet
ORD000000923,CUST00000004,delivered,2024-06-28 10:58:29,2024-06-28 15:18:29,COD
ORD000000924,CUST00000037,delivered,2023-12-08 11:29:46,2023-12-08 22:53:46,COD
ORD000000925,CUST00000005,delivered,2023-02-28 14:53:04,2023-02-28 18:12:04,COD
ORD000000926,CUST00000001,cancelled,2023-04-09 07:15:42,2023-04-09 15:15:42,UPI
ORD000000927,CUST00000042,processing,2023-01-01 18:38:44,2023-01-02 01:31:44,COD
ORD000000928,CUST00000001,delivered,2023-10-15 10:39:01,2023-10-15 17:54:01,COD
ORD000000929,CUST00000001,delivered,2023-01-15 06:45:44,2023-01-15 08:23:44,COD
ORD000000930,CUST00000001,delivered,2023-11-19 17:38:50,2023-11-20 03:07:50,UPI
ORD000000931,CUST00000011,delivered,2024-03-21 08:04:59,2024-03-21 17:30:59,COD
ORD000000932,CUST00000001,shipped,2024-03-19 01:56:18,2024-03-19 03:13:18,UPI
ORD000000933,CUST00000008,delivered,2024-02-13 12:31:47,2024-02-13 17:17:47,UPI
ORD000000934,CUST00000002,delivered,2023-07-12 12:09:48,2023-07-12 22:33:48,Credit Card
ORD000000935,CUST00000001,delivered,2024-01-12 06:59:42,2024-01-12 09:53:42,UPI
ORD000000936,CUST00000003,delivered,2024-12-25 00:49:52,2024-12-25 06:51:52,COD
ORD000000937,CUST00000007,delivered,2023-11-28 11:25:02,2023-11-28 21:21:02,Net Banking
ORD000000938,CUST00000001,delivered,2024-10-22 18:32:02,2024-10-23 04:10:02,Debit Card
ORD000000939,CUST00000001,delivered,2023-10-25 19:14:08,2023-10-25 23:55:08,COD
ORD000000940,CUST00000001,delivered,2024-04-12 05:03:51,2024-04-12 13:37:51,COD
ORD000000941,CUST00000017,processing,2023-12-26 10:19:42,2023-12-26 21:29:42,COD
ORD000000942,CUST00000001,delivered,2024-06-08 21:40:52,2024-06-09 03:07:52,Debit Card
ORD000000943,CUST00000230,delivered,2024-10-30 08:16:07,2024-10-30 19:57:07,Credit Card
ORD000000944,CUST00000007,delivered,2023-11-25 11:25:34,2023-11-25 20:40:34,Debit Card
ORD000000945,CUST00000003,cancelled,2024-08-08 16:18:36,2024-08-09 00:06:36,Wallet
ORD000000946,CUST00000002,delivered,2024-10-25 10:58:27,2024-10-25 19:38:27,UPI
ORD000000947,CUST00000005,delivered,2024-09-05 20:11:31,2024-09-05 22:30:31,COD
ORD000000948,CUST00000001,delivered,2023-01-16 08:38:54,2023-01-16 08:45:54,COD
ORD000000949,CUST00000009,delivered,2023-01-01 11:48:43,2023-01-01 21:44:43,COD
ORD000000950,CUST00000001,cancelled,2024-10-25 12:23:33,2024-10-25 20:55:33,COD
ORD000000951,CUST00000001,delivered,2024-07-14 17:51:50,2024-07-15 05:06:50,COD
ORD000000952,CUST00000002,delivered,2024-12-09 08:06:45,2024-12-09 14:14:45,COD
ORD000000953,CUST00000001,processing,2023-09-08 06:36:29,2023-09-08 11:16:29,Credit Card
ORD000000954,CUST00000133,delivered,2024-09-03 08:38:17,2024-09-03 18:43:17,COD
ORD000000955,CUST00000001,delivered,2024-09-15 05:34:45,2024-09-15 16:52:45,Credit Card
ORD000000956,CUST00000001,delivered,2024-10-13 04:41:40,2024-10-13 14:24:40,Wallet
ORD000000957,CUST00000483,delivered,2024-06-11 19:39:42,2024-06-12 05:35:42,COD
ORD000000958,CUST00000046,cancelled,2023-04-26 08:17:06,2023-04-26 10:24:06,COD
ORD000000959,CUST00000003,delivered,2024-06-02 06:28:49,2024-06-02 16:53:49,COD
ORD000000960,CUST00000002,delivered,2024-03-27 19:28:52,2024-03-27 19:48:52,Debit Card
ORD000000961,CUST00000005,cancelled,2023-10-05 18:55:25,2023-10-06 04:00:25,UPI
ORD000000962,CUST00001777,delivered,2023-06-26 05:53:47,2023-06-26 08:18:47,COD
ORD000000963,CUST00000001,delivered,2024-10-26 07:18:59,2024-10-26 07:52:59,UPI
ORD000000964,CUST00000002,delivered,2023-04-29 19:42:37,2023-04-30 04:36:37,Credit Card
ORD000000965,CUST00000001,delivered,2023-11-08 06:40:10,2023-11-08 10:47:10,COD
ORD000000966,CUST00000001,delivered,2024-04-12 20:40:17,2024-04-13 07:08:17,UPI
ORD000000967,CUST00000003,delivered,2024-12-21 14:49:27,2024-12-21 18:16:27,COD
ORD000000968,CUST00000001,delivered,2024-05-24 15:59:31,2024-05-25 00:24:31,COD
ORD000000969,CUST00000007,delivered,2023-09-19 12:48:54,2023-09-19 20:33:54,Debit Card
ORD000000970,CUST00000001,delivered,2023-02-17 00:44:11,2023-02-17 10:35:11,COD
ORD000000971,CUST00000008,delivered,2023-09-30 19:47:19,2023-10-01 06:07:19,Credit Card
ORD000000972,CUST00000001,delivered,2023-09-08 13:27:53,2023-09-08 20:31:53,UPI
ORD000000973,CUST00000614,delivered,2024-09-30 04:08:54,2024-09-30 08:20:54,COD
ORD000000974,CUST00000001,delivered,2023-10-23 19:59:44,2023-10-24 02:06:44,UPI
ORD000000975,CUST00000022,delivered,2023-03-22 07:02:36,2023-03-22 14:17:36,COD
ORD000000976,CUST00000001,cancelled,2024-10-21 08:46:43,2024-10-21 20:24:43,COD
ORD000000977,CUST00000002,processing,2023-01-11 15:20:20,2023-01-11 17:28:20,COD
ORD000000978,CUST00000001,delivered,2023-01-01 06:47:15,2023-01-01 07:49:15,Debit Card
ORD000000979,CUST00000001,processing,2023-12-24 00:09:18,2023-12-24 05:46:18,Debit Card
ORD000000980,CUST00000005,delivered,2023-02-25 07:42:46,2023-02-25 12:48:46,COD
ORD000000981,CUST00000004,returned,2023-05-30 16:23:44,2023-05-31 03:12:44,COD
ORD000000982,CUST00000001,returned,2024-12-27 10:09:13,2024-12-27 13:32:13,Net Banking
ORD000000983,CUST00000001,delivered,2024-10-08 17:05:50,2024-10-08 18:56:50,UPI
ORD000000984,CUST00000005,delivered,2024-08-13 01:41:02,2024-08-13 03:13:02,COD
ORD000000985,CUST00000001,delivered,2024-05-24 06:10:47,2024-05-24 16:54:47,COD
ORD000000986,CUST00000001,delivered,2023-02-06 05:42:15,2023-02-06 12:59:15,COD
ORD000000987,CUST00000003,delivered,2024-10-06 01:32:16,2024-10-06 13:14:16,COD
ORD000000988,CUST00000004,delivered,2023-12-21 15:31:35,2023-12-21 18:44:35,COD
ORD000000989,CUST00000129,delivered,2023-03-22 05:02:48,2023-03-22 06:05:48,UPI
ORD000000990,CUST00000001,shipped,2023-09-15 11:20:22,2023-09-15 16:56:22,UPI
ORD000000991,CUST00000011,returned,2024-01-01 23:46:16,2024-01-02 01:54:16,COD
ORD000000992,CUST00000048,delivered,2023-01-07 05:56:10,2023-01-07 07:38:10,UPI
ORD000000993,CUST00000004,delivered,2023-08-04 04:40:24,2023-08-04 15:16:24,COD
ORD000000994,CUST00000002,shipped,2023-10-06 22:20:27,2023-10-07 03:03:27,Credit Card
ORD000000995,CUST00000010,delivered,2023-12-15 08:34:39,2023-12-15 09:29:39,COD
ORD000000996,CUST00000002,cancelled,2023-01-01 07:05:34,2023-01-01 09:33:34,COD
ORD000000997,CUST00000009,delivered,2024-02-22 17:16:15,2024-02-22 21:43:15,COD
ORD000000998,CUST00000046,delivered,2023-06-17 03:06:13,2023-06-17 13:52:13,COD
ORD000000999,CUST00000001,delivered,2024-03-20 09:04:37,2024-03-20 16:45:37,UPI
ORD000001000,CUST00000003,delivered,2023-07-23 04:47:03,2023-07-23 11:05:03,UPI
ORD000001001,CUST00000004,delivered,2023-10-31 21:24:09,2023-11-01 04:25:09,COD
ORD000001002,CUST00000001,delivered,2024-04-13 07:07:04,2024-04-13 16:43:04,COD
ORD000001003,CUST00000014,delivered,2024-05-11 13:36:15,2024-05-11 15:59:15,UPI
ORD000001004,CUST00000003,delivered,2023-01-22 12:32:29,2023-01-22 18:24:29,UPI
ORD000001005,CUST00000001,delivered,2024-01-26 11:49:31,2024-01-26 16:30:31,Credit Card
ORD000001006,CUST00000001,delivered,2024-09-28 01:35:30,2024-09-28 02:10:30,Debit Card
ORD000001007,CUST00000001,delivered,2023-06-25 06:18:16,2023-06-25 12:56:16,UPI
ORD000001008,CUST00000005,delivered,2024-01-23 20:31:06,2024-01-24 04:52:06,COD
ORD000001009,CUST00000001,delivered,2023-11-30 13:09:19,2023-11-30 21:10:19,Credit Card
ORD000001010,CUST00000001,shipped,2024-10-10 21:03:33,2024-10-10 21:42:33,COD
ORD000001011,CUST00000003,cancelled,2023-11-23 13:25:37,2023-11-23 18:12:37,UPI
ORD000001012,CUST00000001,delivered,2024-11-27 07:38:25,2024-11-27 12:25:25,Net Banking
ORD000001013,CUST00000002,delivered,2024-05-08 08:17:21,2024-05-08 10:13:21,COD
ORD000001014,CUST00000004,cancelled,2024-02-18 18:36:26,2024-02-19 01:12:26,COD
ORD000001015,CUST00000001,delivered,2023-09-08 05:42:21,2023-09-08 12:06:21,COD
ORD000001016,CUST00000001,delivered,2024-03-20 14:23:33,2024-03-20 23:45:33,Net Banking
ORD000001017,CUST00000001,delivered,2023-04-20 22:27:21,2023-04-21 07:37:21,COD
ORD000001018,CUST00000003,delivered,2023-11-05 20:17:26,2023-11-06 07:04:26,Credit Card
ORD000001019,CUST00000001,delivered,2023-09-01 09:17:47,2023-09-01 14:25:47,COD
ORD000001020,CUST00000001,delivered,2024-05-23 06:38:49,2024-05-23 09:09:49,COD
ORD000001021,CUST00000014,delivered,2024-08-13 14:55:08,2024-08-13 21:27:08,COD
ORD000001022,CUST00000002,delivered,2024-11-13 14:38:44,2024-11-13 22:37:44,Credit Card
ORD000001023,CUST00000004,delivered,2023-07-08 17:20:23,2023-07-08 21:23:23,COD
ORD000001024,CUST00000001,delivered,2024-10-26 01:44:40,2024-10-26 07:25:40,Wallet
ORD000001025,CUST00000139,delivered,2024-10-09 12:57:28,2024-10-09 23:58:28,UPI
ORD000001026,CUST00000001,delivered,2024-10-17 00:13:36,2024-10-17 09:26:36,Debit Card
ORD000001027,CUST00000009,delivered,2024-07-24 23:47:01,2024-07-25 07:07:01,COD
ORD000001028,CUST00000006,delivered,2023-08-17 20:59:33,2023-08-18 08:15:33,COD
ORD000001029,CUST00000015,delivered,2024-10-23 17:45:18,2024-10-23 18:00:18,COD
ORD000001030,CUST00000183,delivered,2024-03-23 07:04:08,2024-03-23 13:30:08,COD
ORD000001031,CUST00000005,delivered,2024-07-24 17:54:46,2024-07-24 21:09:46,UPI
ORD000001032,CUST00000001,shipped,2023-06-24 10:41:23,2023-06-24 14:11:23,COD
ORD000001033,CUST00000012,delivered,2023-05-13 15:34:28,2023-05-14 00:59:28,Net Banking
ORD000001034,CUST00000241,delivered,2023-08-25 05:33:45,2023-08-25 15:08:45,COD
ORD000001035,CUST00000005,delivered,2024-01-05 11:23:30,2024-01-05 17:15:30,COD
ORD000001036,CUST00000002,delivered,2023-11-05 21:02:36,2023-11-06 03:23:36,UPI
ORD000001037,CUST00000003,shipped,2024-10-27 04:33:19,2024-10-27 11:46:19,COD
ORD000001038,CUST00000002,delivered,2023-01-07 09:13:43,2023-01-07 19:48:43,COD
ORD000001039,CUST00000001,delivered,2023-03-06 06:59:53,2023-03-06 07:19:53,Net Banking
ORD000001040,CUST00000078,delivered,2023-10-03 04:17:55,2023-10-03 11:06:55,COD
ORD000001041,CUST00000003,delivered,2023-05-22 09:31:58,2023-05-22 10:24:58,UPI
ORD000001042,CUST00000012,delivered,2023-11-02 14:35:30,2023-11-03 01:50:30,COD
ORD000001043,CUST00000003,delivered,2024-07-04 01:18:52,2024-07-04 04:13:52,COD
ORD000001044,CUST00000001,delivered,2024-12-29 04:55:52,2024-12-29 05:12:52,COD
ORD000001045,CUST00000001,delivered,2023-06-21 19:36:43,2023-06-22 05:19:43,Credit Card
ORD000001046,CUST00000002,cancelled,2023-08-16 06:15:23,2023-08-16 15:08:23,COD
ORD000001047,CUST00000005,shipped,2024-08-18 08:03:28,2024-08-18 18:52:28,COD
ORD000001048,CUST00000013,delivered,2023-08-21 16:08:49,2023-08-21 20:20:49,COD
ORD000001049,CUST00000017,delivered,2024-06-22 17:54:50,2024-06-22 21:16:50,Wallet
ORD000001050,CUST00000004,delivered,2024-03-09 23:01:16,2024-03-10 07:04:16,COD
ORD000001051,CUST00000004,shipped,2024-10-12 03:48:42,2024-10-12 15:09:42,UPI
ORD000001052,CUST00000004,delivered,2023-01-24 18:06:55,2023-01-25 05:24:55,COD
ORD000001053,CUST00000002,delivered,2024-12-25 17:22:12,2024-12-25 22:12:12,COD
ORD000001054,CUST00000005,delivered,2024-12-15 02:58:45,2024-12-15 10:50:45,COD
ORD000001055,CUST00000028,delivered,2023-01-15 21:02:17,2023-01-16 06:58:17,COD
ORD000001056,CUST00000002,delivered,2023-12-31 07:30:04,2023-12-31 16:27:04,COD
ORD000001057,CUST00000001,delivered,2023-10-31 10:09:14,2023-10-31 17:23:14,COD
ORD000001058,CUST00000001,delivered,2023-08-05 19:06:45,2023-08-05 21:04:45,Credit Card
ORD000001059,CUST00000008,delivered,2024-12-25 12:34:32,2024-12-25 20:10:32,COD
ORD000001060,CUST00000133,delivered,2023-05-28 06:36:12,2023-05-28 08:42:12,COD
ORD000001061,CUST00000001,delivered,2023-08-14 07:43:35,2023-08-14 13:10:35,COD
ORD000001062,CUST00000005,delivered,2023-01-03 17:45:42,2023-01-04 00:39:42,COD
ORD000001063,CUST00000001,delivered,2024-03-06 04:23:54,2024-03-06 04:46:54,COD
ORD000001064,CUST00000003,returned,2024-10-16 11:19:22,2024-10-16 16:31:22,COD
ORD000001065,CUST00000002,delivered,2024-04-11 17:56:19,2024-04-11 21:45:19,COD
ORD000001066,CUST00000002,delivered,2024-05-07 21:13:32,2024-05-07 22:37:32,COD
ORD000001067,CUST00000001,processing,2023-02-22 19:49:31,2023-02-23 03:36:31,COD
ORD000001068,CUST00000001,delivered,2024-07-01 08:37:10,2024-07-01 17:22:10,COD
ORD000001069,CUST00000001,cancelled,2023-11-02 04:46:06,2023-11-02 15:29:06,COD
ORD000001070,CUST00000004,delivered,2023-12-23 22:25:46,2023-12-24 06:49:46,COD
ORD000001071,CUST00000001,delivered,2024-03-10 14:20:16,2024-03-10 16:35:16,COD
ORD000001072,CUST00000001,delivered,2024-12-24 09:46:42,2024-12-24 10:56:42,COD
ORD000001073,CUST00000002,delivered,2024-07-30 21:38:49,2024-07-31 07:30:49,COD
ORD000001074,CUST00000004,cancelled,2024-06-04 17:25:46,2024-06-04 18:04:46,Net Banking
ORD000001075,CUST00000023,cancelled,2023-11-17 11:26:09,2023-11-17 16:02:09,COD
ORD000001076,CUST00000004,delivered,2023-01-25 04:41:04,2023-01-25 09:16:04,COD
ORD000001077,CUST00000001,delivered,2024-01-29 01:57:35,2024-01-29 04:11:35,Credit Card
ORD000001078,CUST00000002,delivered,2024-05-15 12:44:20,2024-05-15 20:21:20,COD
ORD000001079,CUST00000001,delivered,2024-06-22 02:44:44,2024-06-22 11:59:44,COD
ORD000001080,CUST00000025,delivered,2024-03-30 07:26:35,2024-03-30 18:09:35,Debit Card
ORD000001081,CUST00000004,delivered,2023-09-15 16:21:09,2023-09-15 22:01:09,COD
ORD000001082,CUST00000008,delivered,2023-07-08 00:18:19,2023-07-08 05:33:19,UPI
ORD000001083,CUST00000001,delivered,2023-03-15 23:44:44,2023-03-16 02:14:44,COD
ORD000001084,CUST00000056,delivered,2024-06-21 10:29:40,2024-06-21 11:34:40,COD
ORD000001085,CUST00000001,delivered,2024-12-20 20:53:02,2024-12-21 06:59:02,COD
ORD000001086,CUST00000001,delivered,2024-01-17 04:08:23,2024-01-17 14:13:23,Credit Card
ORD000001087,CUST00000003,delivered,2024-05-26 11:03:27,2024-05-26 22:49:27,COD
ORD000001088,CUST00000001,delivered,2024-06-12 23:00:21,2024-06-13 00:34:21,UPI
ORD000001089,CUST00000001,delivered,2023-05-16 15:10:33,2023-05-16 20:16:33,Wallet
ORD000001090,CUST00000021,delivered,2023-06-12 19:24:22,2023-06-13 03:04:22,Net Banking
ORD000001091,CUST00000007,processing,2023-06-26 16:26:28,2023-06-27 03:00:28,COD
ORD000001092,CUST00000001,delivered,2024-11-17 17:44:54,2024-11-17 22:44:54,UPI
ORD000001093,CUST00000001,delivered,2023-01-09 08:44:41,2023-01-09 10:27:41,UPI
ORD000001094,CUST00000002,delivered,2024-01-31 10:52:47,2024-01-31 21:47:47,Credit Card
ORD000001095,CUST00000065,returned,2023-10-23 01:11:15,2023-10-23 02:15:15,Wallet
ORD000001096,CUST00000108,delivered,2024-05-14 06:13:06,2024-05-14 14:42:06,UPI
ORD000001097,CUST00000001,delivered,2023-07-07 01:32:53,2023-07-07 05:58:53,UPI
ORD000001098,CUST00000001,delivered,2024-12-12 07:47:04,2024-12-12 07:52:04,COD
ORD000001099,CUST00000001,delivered,2023-10-05 17:25:13,2023-10-05 23:45:13,COD
ORD000001100,CUST00000001,delivered,2024-11-11 04:54:17,2024-11-11 09:25:17,UPI
ORD000001101,CUST00000003,delivered,2024-03-13 11:29:04,2024-03-13 16:45:04,UPI
ORD000001102,CUST00000001,shipped,2023-11-04 13:14:43,2023-11-04 15:27:43,UPI
ORD000001103,CUST00000001,delivered,2024-07-18 03:55:52,2024-07-18 12:01:52,COD
ORD000001104,CUST00000001,delivered,2024-02-11 19:28:14,2024-02-11 22:55:14,COD
ORD000001105,CUST00000004,delivered,2023-04-26 18:30:32,2023-04-26 20:23:32,Wallet
ORD000001106,CUST00000001,processing,2024-06-22 04:29:52,2024-06-22 09:19:52,COD
ORD000001107,CUST00000002,delivered,2024-03-05 00:52:06,2024-03-05 03:11:06,Credit Card
ORD000001108,CUST00000001,delivered,2024-02-22 00:06:32,2024-02-22 06:38:32,UPI
ORD000001109,CUST00000001,returned,2024-07-22 07:01:49,2024-07-22 13:26:49,COD
ORD000001110,CUST00000002,returned,2024-05-09 03:00:52,2024-05-09 12:35:52,COD
ORD000001111,CUST00000003,delivered,2023-10-20 00:25:06,2023-10-20 12:10:06,COD
ORD000001112,CUST00000004,delivered,2023-10-01 11:03:44,2023-10-01 12:09:44,Credit Card
ORD000001113,CUST00000002,delivered,2023-08-03 12:36:00,2023-08-03 13:07:00,COD
ORD000001114,CUST00000007,delivered,2024-03-01 00:26:46,2024-03-01 05:46:46,Debit Card
ORD000001115,CUST00000023,delivered,2023-09-15 14:22:03,2023-09-15 15:15:03,Credit Card
ORD000001116,CUST00000005,delivered,2023-04-10 09:40:42,2023-04-10 19:53:42,COD
ORD000001117,CUST00000081,delivered,2024-08-30 04:48:29,2024-08-30 14:30:29,COD
ORD000001118,CUST00000004,cancelled,2023-06-27 02:40:04,2023-06-27 07:54:04,COD
ORD000001119,CUST00000001,returned,2023-05-19 18:13:11,2023-05-20 05:45:11,COD
ORD000001120,CUST00000014,returned,2024-10-10 02:35:11,2024-10-10 08:51:11,COD
ORD000001121,CUST00000001,delivered,2024-06-20 04:48:42,2024-06-20 11:23:42,COD
ORD000001122,CUST00000597,delivered,2024-08-15 17:06:09,2024-08-16 02:27:09,Wallet
ORD000001123,CUST00000008,delivered,2023-10-11 15:06:41,2023-10-11 21:45:41,UPI
ORD000001124,CUST00000001,delivered,2024-04-07 23:59:16,2024-04-08 08:33:16,Credit Card
ORD000001125,CUST00000017,delivered,2024-11-16 00:58:13,2024-11-16 03:54:13,UPI
ORD000001126,CUST00000003,delivered,2023-08-30 04:40:03,2023-08-30 10:49:03,UPI
ORD000001127,CUST00000165,delivered,2023-02-25 15:52:43,2023-02-26 01:36:43,Debit Card
ORD000001128,CUST00000521,cancelled,2023-05-25 05:30:36,2023-05-25 17:06:36,COD
ORD000001129,CUST00000003,delivered,2024-10-30 09:08:35,2024-10-30 11:30:35,UPI
ORD000001130,CUST00000001,delivered,2023-08-29 07:06:50,2023-08-29 07:36:50,Debit Card
ORD000001131,CUST00000007,delivered,2023-12-29 19:24:02,2023-12-30 02:33:02,Wallet
ORD000001132,CUST00000007,delivered,2024-01-26 18:50:33,2024-01-26 19:33:33,COD
ORD000001133,CUST00000001,delivered,2024-12-11 19:20:20,2024-12-12 03:32:20,Debit Card
ORD000001134,CUST00000001,delivered,2023-09-16 12:08:29,2023-09-16 17:18:29,COD
ORD000001135,CUST00000596,delivered,2024-01-14 11:42:20,2024-01-14 21:19:20,COD
ORD000001136,CUST00000002,delivered,2024-12-09 13:41:46,2024-12-09 15:38:46,COD
ORD000001137,CUST00000012,delivered,2023-06-20 01:36:55,2023-06-20 02:13:55,COD
ORD000001138,CUST00000001,cancelled,2024-03-21 13:06:58,2024-03-21 15:45:58,COD
ORD000001139,CUST00000002,delivered,2023-02-20 06:38:18,2023-02-20 07:28:18,COD
ORD000001140,CUST00000001,delivered,2023-08-13 22:29:48,2023-08-14 00:21:48,COD
ORD000001141,CUST00000001,delivered,2023-02-25 04:25:13,2023-02-25 13:31:13,Credit Card
ORD000001142,CUST00000002,delivered,2023-10-04 00:50:11,2023-10-04 09:10:11,Debit Card
ORD000001143,CUST00000003,returned,2023-06-25 23:07:19,2023-06-26 06:36:19,Debit Card
ORD000001144,CUST00000002,delivered,2024-09-13 03:47:23,2024-09-13 08:53:23,UPI
ORD000001145,CUST00000130,shipped,2023-12-14 12:25:11,2023-12-14 15:09:11,Wallet
ORD000001146,CUST00000002,shipped,2023-11-01 09:10:14,2023-11-01 19:11:14,COD
ORD000001147,CUST00000001,delivered,2024-06-12 06:27:48,2024-06-12 16:58:48,COD
ORD000001148,CUST00000005,delivered,2024-11-30 11:42:45,2024-11-30 14:46:45,COD
ORD000001149,CUST00000090,returned,2023-09-16 17:34:41,2023-09-17 04:19:41,COD
ORD000001150,CUST00000001,cancelled,2023-02-22 02:44:04,2023-02-22 10:14:04,UPI
ORD000001151,CUST00000002,delivered,2023-04-01 15:52:37,2023-04-01 20:04:37,COD
ORD000001152,CUST00000001,delivered,2024-10-13 21:26:09,2024-10-14 00:03:09,Net Banking
ORD000001153,CUST00000053,delivered,2024-10-09 06:57:57,2024-10-09 14:04:57,COD
ORD000001154,CUST00000005,delivered,2023-12-24 16:16:07,2023-12-24 16:31:07,COD
ORD000001155,CUST00000014,delivered,2023-05-04 22:05:16,2023-05-05 01:56:16,COD
ORD000001156,CUST00000004,delivered,2024-01-19 22:22:25,2024-01-20 06:39:25,COD
ORD000001157,CUST00000001,delivered,2024-05-22 15:33:00,2024-05-22 21:33:00,Net Banking
ORD000001158,CUST00000001,delivered,2023-10-05 22:34:45,2023-10-06 00:23:45,UPI
ORD000001159,CUST00000001,delivered,2023-03-08 18:39:15,2023-03-08 20:37:15,COD
ORD000001160,CUST00000003,cancelled,2023-10-02 12:18:02,2023-10-02 20:39:02,UPI
ORD000001161,CUST00000002,delivered,2024-06-10 03:01:11,2024-06-10 13:04:11,COD
ORD000001162,CUST00000019,delivered,2024-12-25 20:28:19,2024-12-26 04:46:19,COD
ORD000001163,CUST00000031,shipped,2023-06-10 06:52:42,2023-06-10 08:49:42,COD
ORD000001164,CUST00000001,delivered,2024-11-04 17:40:55,2024-11-05 01:42:55,COD
ORD000001165,CUST00000006,delivered,2023-12-08 15:28:37,2023-12-08 18:50:37,UPI
ORD000001166,CUST00000106,returned,2024-05-17 08:39:07,2024-05-17 15:47:07,Credit Card
ORD000001167,CUST00000001,cancelled,2024-10-18 18:35:32,2024-10-19 01:42:32,COD
ORD000001168,CUST00000002,shipped,2024-02-15 15:46:34,2024-02-16 02:23:34,UPI
ORD000001169,CUST00000001,delivered,2023-02-18 17:53:29,2023-02-19 03:48:29,UPI
ORD000001170,CUST00000001,delivered,2023-08-16 22:51:57,2023-08-16 23:50:57,COD
ORD000001171,CUST00000001,delivered,2024-09-16 06:35:45,2024-09-16 06:40:45,COD
ORD000001172,CUST00000002,delivered,2024-02-11 18:20:10,2024-02-12 05:31:10,COD
ORD000001173,CUST00000019,returned,2023-10-04 00:57:11,2023-10-04 04:40:11,COD
ORD000001174,CUST00000005,delivered,2024-03-08 17:01:33,2024-03-08 17:53:33,COD
ORD000001175,CUST00000002,delivered,2023-08-18 03:43:54,2023-08-18 06:04:54,COD
ORD000001176,CUST00000006,delivered,2023-07-25 05:19:29,2023-07-25 11:18:29,COD
ORD000001177,CUST00000001,delivered,2024-10-04 04:41:39,2024-10-04 15:21:39,Credit Card
ORD000001178,CUST00000003,delivered,2023-10-30 19:56:49,2023-10-31 07:01:49,COD
ORD000001179,CUST00000006,delivered,2023-08-23 08:58:21,2023-08-23 16:52:21,Wallet
ORD000001180,CUST00000003,delivered,2023-11-03 09:21:07,2023-11-03 12:38:07,COD
ORD000001181,CUST00000001,cancelled,2024-11-06 08:40:21,2024-11-06 17:14:21,COD
ORD000001182,CUST00000001,delivered,2023-06-02 14:58:40,2023-06-03 01:02:40,UPI
ORD000001183,CUST00000013,delivered,2023-06-06 21:59:01,2023-06-07 02:57:01,COD
ORD000001184,CUST00000010,delivered,2023-10-12 16:15:55,2023-10-12 23:24:55,Wallet
ORD000001185,CUST00000067,delivered,2023-02-17 02:25:46,2023-02-17 08:19:46,COD
ORD000001186,CUST00000001,delivered,2023-03-02 12:21:56,2023-03-02 22:41:56,COD
ORD000001187,CUST00000002,delivered,2023-01-05 02:34:54,2023-01-05 09:56:54,UPI
ORD000001188,CUST00000001,delivered,2023-05-03 03:58:26,2023-05-03 04:37:26,UPI
ORD000001189,CUST00000010,processing,2024-04-27 04:43:13,2024-04-27 15:11:13,Credit Card
ORD000001190,CUST00000001,returned,2023-06-16 16:44:20,2023-06-16 23:26:20,Credit Card
ORD000001191,CUST00000001,returned,2023-10-24 21:00:43,2023-10-25 02:13:43,COD
ORD000001192,CUST00000001,delivered,2024-06-23 05:56:01,2024-06-23 08:15:01,Credit Card
ORD000001193,CUST00000001,delivered,2023-01-23 22:36:47,2023-01-24 07:00:47,UPI
ORD000001194,CUST00000001,delivered,2023-06-27 06:22:07,2023-06-27 06:39:07,UPI
ORD000001195,CUST00000001,delivered,2024-12-30 07:22:18,2024-12-30 09:31:18,COD
ORD000001196,CUST00000001,delivered,2024-03-20 03:02:34,2024-03-20 11:19:34,Debit Card
ORD000001197,CUST00000002,delivered,2024-05-14 01:07:16,2024-05-14 04:26:16,UPI
ORD000001198,CUST00000003,delivered,2024-01-09 14:52:43,2024-01-09 23:53:43,COD
ORD000001199,CUST00000002,delivered,2024-12-16 09:46:45,2024-12-16 12:58:45,COD
ORD000001200,CUST00000023,delivered,2023-05-01 02:49:03,2023-05-01 11:40:03,UPI
ORD000001201,CUST00000001,returned,2023-02-23 13:33:09,2023-02-23 21:43:09,Debit Card
ORD000001202,CUST00000244,delivered,2024-09-28 08:17:06,2024-09-28 17:01:06,COD
ORD000001203,CUST00000001,delivered,2023-01-02 09:25:41,2023-01-02 18:14:41,Debit Card
ORD000001204,CUST00000146,delivered,2024-02-18 21:20:54,2024-02-19 06:56:54,COD
ORD000001205,CUST00000011,delivered,2023-01-01 09:41:01,2023-01-01 14:09:01,COD
ORD000001206,CUST00000003,delivered,2023-10-10 10:52:24,2023-10-10 16:32:24,UPI
ORD000001207,CUST00000316,processing,2024-05-06 16:29:41,2024-05-06 17:24:41,COD
ORD000001208,CUST00000011,delivered,2024-02-06 21:28:05,2024-02-07 01:41:05,COD
ORD000001209,CUST00000005,delivered,2024-02-17 17:43:00,2024-02-17 23:16:00,UPI
ORD000001210,CUST00000001,cancelled,2023-05-13 11:49:30,2023-05-13 21:05:30,COD
ORD000001211,CUST00000002,delivered,2023-09-10 07:20:07,2023-09-10 18:10:07,COD
ORD000001212,CUST00000003,delivered,2024-06-27 04:17:31,2024-06-27 12:18:31,COD
ORD000001213,CUST00000004,delivered,2023-01-15 02:58:01,2023-01-15 04:34:01,COD
ORD000001214,CUST00000001,delivered,2024-03-19 18:12:50,2024-03-19 20:40:50,COD
ORD000001215,CUST00000079,delivered,2024-01-10 17:41:09,2024-01-11 00:07:09,COD
ORD000001216,CUST00000234,delivered,2023-10-08 08:28:57,2023-10-08 13:44:57,Wallet
ORD000001217,CUST00000002,delivered,2023-10-06 22:31:46,2023-10-07 09:41:46,UPI
ORD000001218,CUST00000001,cancelled,2024-09-13 23:11:37,2024-09-14 01:26:37,UPI
ORD000001219,CUST00000001,delivered,2023-10-25 14:53:53,2023-10-25 21:46:53,COD
ORD000001220,CUST00000001,delivered,2023-03-06 06:17:27,2023-03-06 15:38:27,COD
ORD000001221,CUST00000002,shipped,2024-12-13 12:09:26,2024-12-13 17:26:26,Debit Card
ORD000001222,CUST00000003,delivered,2023-04-19 19:43:53,2023-04-19 22:44:53,UPI
ORD000001223,CUST00000001,delivered,2024-09-12 12:09:58,2024-09-12 13:46:58,Credit Card
ORD000001224,CUST00000002,delivered,2023-01-07 11:51:09,2023-01-07 19:21:09,COD
ORD000001225,CUST00000001,delivered,2023-10-20 12:47:01,2023-10-20 20:23:01,UPI
ORD000001226,CUST00000001,cancelled,2024-01-09 20:12:40,2024-01-10 05:02:40,COD
ORD000001227,CUST00000523,delivered,2023-01-21 09:51:23,2023-01-21 19:54:23,COD
ORD000001228,CUST00000002,delivered,2024-07-18 04:23:34,2024-07-18 16:16:34,Credit Card
ORD000001229,CUST00000061,delivered,2023-08-11 12:19:49,2023-08-11 14:38:49,COD
ORD000001230,CUST00000001,delivered,2024-01-31 15:12:28,2024-01-31 20:26:28,COD
ORD000001231,CUST00000001,delivered,2024-09-07 22:25:58,2024-09-08 02:21:58,COD
ORD000001232,CUST00000031,delivered,2024-03-15 02:42:59,2024-03-15 13:10:59,UPI
ORD000001233,CUST00000746,delivered,2023-12-07 22:37:25,2023-12-08 00:06:25,Credit Card
ORD000001234,CUST00000005,delivered,2023-10-06 19:19:56,2023-10-07 03:19:56,COD
ORD000001235,CUST00000001,delivered,2023-02-04 17:03:04,2023-02-04 20:53:04,Net Banking
ORD000001236,CUST00000001,delivered,2024-11-03 05:39:20,2024-11-03 05:50:20,COD
ORD000001237,CUST00000006,delivered,2024-03-16 04:57:10,2024-03-16 12:09:10,Debit Card
ORD000001238,CUST00000001,returned,2024-04-20 10:15:42,2024-04-20 14:59:42,UPI
ORD000001239,CUST00000005,cancelled,2023-11-24 04:22:52,2023-11-24 12:40:52,Wallet
ORD000001240,CUST00000026,returned,2023-10-22 15:44:36,2023-10-22 20:30:36,UPI
ORD000001241,CUST00000001,delivered,2023-02-05 18:03:17,2023-02-05 20:23:17,COD
ORD000001242,CUST00001631,delivered,2023-05-23 11:28:37,2023-05-23 12:58:37,COD
ORD000001243,CUST00000056,delivered,2023-11-11 16:36:06,2023-11-11 18:50:06,Credit Card
ORD000001244,CUST00000001,cancelled,2023-07-26 18:41:36,2023-07-26 23:58:36,Credit Card
ORD000001245,CUST00000002,cancelled,2023-02-03 21:54:31,2023-02-04 01:11:31,UPI
ORD000001246,CUST00000001,delivered,2024-02-04 16:30:57,2024-02-04 17:58:57,UPI
ORD000001247,CUST00000065,delivered,2023-12-15 05:36:33,2023-12-15 09:27:33,COD
ORD000001248,CUST00000005,delivered,2023-11-07 03:07:47,2023-11-07 13:09:47,COD
ORD000001249,CUST00000001,delivered,2024-08-31 22:34:07,2024-09-01 08:39:07,COD
ORD000001250,CUST00000004,delivered,2024-03-23 18:33:47,2024-03-23 22:56:47,UPI
ORD000001251,CUST00000003,delivered,2023-01-01 20:23:05,2023-01-02 02:41:05,UPI
ORD000001252,CUST00000001,delivered,2024-08-11 10:09:48,2024-08-11 12:24:48,UPI
ORD000001253,CUST00000001,delivered,2023-12-26 03:46:48,2023-12-26 08:45:48,UPI
ORD000001254,CUST00000002,delivered,2024-01-10 14:20:46,2024-01-10 21:35:46,COD
ORD000001255,CUST00000003,delivered,2024-10-27 15:21:11,2024-10-27 15:39:11,COD
ORD000001256,CUST00000029,delivered,2023-04-01 05:11:51,2023-04-01 15:29:51,COD
ORD000001257,CUST00000001,delivered,2024-03-23 11:16:39,2024-03-23 22:07:39,COD
ORD000001258,CUST00000004,delivered,2023-08-30 10:09:15,2023-08-30 21:22:15,UPI
ORD000001259,CUST00000045,delivered,2023-01-27 06:13:50,2023-01-27 08:49:50,Credit Card
ORD000001260,CUST00000001,delivered,2023-11-21 19:36:42,2023-11-22 06:20:42,Debit Card
ORD000001261,CUST00000005,delivered,2023-08-31 11:39:27,2023-08-31 13:05:27,COD
ORD000001262,CUST00000082,delivered,2023-01-01 22:13:48,2023-01-02 08:48:48,Credit Card
ORD000001263,CUST00000415,delivered,2023-12-30 00:01:57,2023-12-30 01:43:57,UPI
ORD000001264,CUST00000001,delivered,2023-09-24 22:31:43,2023-09-25 02:44:43,COD
ORD000001265,CUST00000001,delivered,2023-11-18 15:52:47,2023-11-19 03:15:47,UPI
ORD000001266,CUST00000009,delivered,2023-01-05 16:48:07,2023-01-05 22:54:07,Net Banking
ORD000001267,CUST00000028,delivered,2023-10-31 06:54:25,2023-10-31 09:33:25,COD
ORD000001268,CUST00000001,delivered,2023-12-20 01:53:37,2023-12-20 06:23:37,UPI
ORD000001269,CUST00000076,delivered,2023-12-16 05:33:15,2023-12-16 09:34:15,COD
ORD000001270,CUST00000002,delivered,2024-07-03 10:37:23,2024-07-03 21:41:23,COD
ORD000001271,CUST00000002,processing,2024-12-29 08:06:38,2024-12-29 13:05:38,COD
ORD000001272,CUST00000001,delivered,2023-01-20 04:38:01,2023-01-20 05:49:01,COD
ORD000001273,CUST00000206,delivered,2023-10-29 00:18:14,2023-10-29 02:21:14,UPI
ORD000001274,CUST00000001,delivered,2024-10-12 16:44:33,2024-10-12 23:25:33,COD
ORD000001275,CUST00000002,delivered,2024-04-14 16:00:23,2024-04-14 16:14:23,UPI
ORD000001276,CUST00000002,processing,2024-12-27 03:52:22,2024-12-27 06:53:22,Debit Card
ORD000001277,CUST00000002,delivered,2024-06-30 18:47:45,2024-07-01 02:03:45,Credit Card
ORD000001278,CUST00000001,delivered,2024-07-10 23:27:42,2024-07-11 09:40:42,COD
ORD000001279,CUST00000012,processing,2023-03-03 23:59:44,2023-03-04 01:12:44,COD
ORD000001280,CUST00000002,delivered,2023-08-24 04:40:07,2023-08-24 08:47:07,COD
ORD000001281,CUST00000001,delivered,2024-03-09 10:15:09,2024-03-09 14:59:09,COD
ORD000001282,CUST00000001,delivered,2024-01-15 01:15:54,2024-01-15 11:37:54,COD
ORD000001283,CUST00000001,delivered,2024-08-12 00:17:44,2024-08-12 09:44:44,UPI
ORD000001284,CUST00000006,delivered,2024-12-29 20:14:42,2024-12-30 07:22:42,UPI
ORD000001285,CUST00000001,delivered,2023-06-25 23:13:59,2023-06-26 06:41:59,COD
ORD000001286,CUST00000001,delivered,2023-11-13 04:51:16,2023-11-13 06:58:16,COD
ORD000001287,CUST00000002,delivered,2024-10-20 11:07:45,2024-10-20 22:23:45,Debit Card
ORD000001288,CUST00000007,delivered,2024-10-06 00:34:34,2024-10-06 09:38:34,Wallet
ORD000001289,CUST00000003,delivered,2024-09-29 19:34:40,2024-09-30 03:31:40,UPI
ORD000001290,CUST00000003,delivered,2024-04-10 13:09:13,2024-04-10 17:24:13,UPI
ORD000001291,CUST00000001,delivered,2024-12-29 07:00:41,2024-12-29 16:33:41,UPI
ORD000001292,CUST00000655,delivered,2023-10-14 23:15:41,2023-10-15 04:08:41,COD
ORD000001293,CUST00000003,processing,2023-04-07 03:15:50,2023-04-07 07:11:50,Debit Card
ORD000001294,CUST00000001,delivered,2023-04-21 06:25:11,2023-04-21 09:46:11,COD
ORD000001295,CUST00000279,delivered,2023-11-20 17:56:43,2023-11-21 01:52:43,UPI
ORD000001296,CUST00000001,delivered,2024-09-18 09:48:33,2024-09-18 17:13:33,COD
ORD000001297,CUST00000002,delivered,2023-12-05 16:48:46,2023-12-05 19:35:46,UPI
ORD000001298,CUST00000005,delivered,2024-04-02 05:41:31,2024-04-02 09:51:31,Credit Card
ORD000001299,CUST00000192,delivered,2023-10-14 15:48:02,2023-10-14 18:35:02,UPI
ORD000001300,CUST00000013,delivered,2024-07-01 13:23:29,2024-07-01 22:17:29,COD
ORD000001301,CUST00000008,delivered,2023-05-09 01:07:43,2023-05-09 05:17:43,UPI
ORD000001302,CUST00000001,cancelled,2024-01-13 07:44:48,2024-01-13 17:05:48,UPI
ORD000001303,CUST00000003,delivered,2023-06-06 07:08:19,2023-06-06 09:58:19,UPI
ORD000001304,CUST00000385,delivered,2023-12-19 14:11:33,2023-12-19 18:58:33,COD
ORD000001305,CUST00000001,delivered,2023-11-15 10:31:08,2023-11-15 10:54:08,COD
ORD000001306,CUST00000002,delivered,2024-03-27 11:28:21,2024-03-27 11:36:21,UPI
ORD000001307,CUST00000001,delivered,2024-01-04 04:04:06,2024-01-04 04:29:06,COD
ORD000001308,CUST00000002,delivered,2024-12-24 22:17:38,2024-12-24 23:09:38,UPI
ORD000001309,CUST00000005,cancelled,2024-10-31 17:59:35,2024-11-01 05:07:35,COD
ORD000001310,CUST00000002,delivered,2023-09-09 16:04:49,2023-09-09 19:24:49,UPI
ORD000001311,CUST00000088,delivered,2023-04-11 06:36:56,2023-04-11 13:01:56,COD
ORD000001312,CUST00000001,delivered,2023-02-21 16:22:56,2023-02-22 03:49:56,Credit Card
ORD000001313,CUST00000001,delivered,2023-06-17 05:38:16,2023-06-17 11:31:16,COD
ORD000001314,CUST00000001,delivered,2023-07-08 11:40:30,2023-07-08 16:26:30,COD
ORD000001315,CUST00000020,delivered,2024-10-27 06:26:16,2024-10-27 15:12:16,COD
ORD000001316,CUST00000018,shipped,2024-11-10 07:16:31,2024-11-10 16:13:31,Debit Card
ORD000001317,CUST00000001,delivered,2023-07-16 15:35:07,2023-07-16 16:52:07,COD
ORD000001318,CUST00000001,delivered,2024-08-09 07:32:06,2024-08-09 18:46:06,COD
ORD000001319,CUST00000001,cancelled,2024-10-06 17:31:23,2024-10-06 19:03:23,COD
ORD000001320,CUST00000001,returned,2023-10-23 12:05:44,2023-10-23 16:14:44,Credit Card
ORD000001321,CUST00000001,delivered,2024-10-21 23:32:45,2024-10-22 10:58:45,COD
ORD000001322,CUST00000006,delivered,2024-12-28 04:36:21,2024-12-28 11:22:21,UPI
ORD000001323,CUST00000002,delivered,2024-12-18 22:40:35,2024-12-19 05:31:35,COD
ORD000001324,CUST00000001,delivered,2024-07-25 03:10:41,2024-07-25 13:24:41,COD
ORD000001325,CUST00000001,delivered,2023-10-22 13:11:32,2023-10-22 18:36:32,COD
ORD000001326,CUST00000001,delivered,2023-07-13 08:56:12,2023-07-13 16:20:12,UPI
ORD000001327,CUST00000001,delivered,2024-12-29 18:03:18,2024-12-30 00:38:18,COD
ORD000001328,CUST00000005,delivered,2023-08-25 03:07:53,2023-08-25 04:32:53,Net Banking
ORD000001329,CUST00000002,delivered,2023-11-22 06:06:51,2023-11-22 09:48:51,COD
ORD000001330,CUST00000002,delivered,2023-08-14 05:32:17,2023-08-14 14:47:17,UPI
ORD000001331,CUST00000002,delivered,2023-12-30 22:05:52,2023-12-31 02:04:52,COD
ORD000001332,CUST00000001,processing,2023-04-02 12:50:26,2023-04-02 23:41:26,COD
ORD000001333,CUST00000007,delivered,2024-09-22 03:56:29,2024-09-22 15:26:29,Credit Card
ORD000001334,CUST00000076,delivered,2024-01-02 18:57:44,2024-01-03 04:11:44,Credit Card
ORD000001335,CUST00000001,delivered,2023-11-05 06:51:13,2023-11-05 06:56:13,UPI
ORD000001336,CUST00000003,delivered,2023-10-18 05:23:40,2023-10-18 14:26:40,Credit Card
ORD000001337,CUST00000029,delivered,2024-03-05 11:51:50,2024-03-05 23:37:50,COD
ORD000001338,CUST00000003,delivered,2024-08-27 18:59:59,2024-08-28 04:04:59,Wallet
ORD000001339,CUST00000001,cancelled,2024-10-31 20:08:56,2024-11-01 03:48:56,COD
ORD000001340,CUST00000004,delivered,2024-10-08 00:22:22,2024-10-08 07:44:22,Debit Card
ORD000001341,CUST00000002,delivered,2023-11-28 21:33:13,2023-11-29 03:32:13,UPI
ORD000001342,CUST00000002,delivered,2024-10-05 23:55:42,2024-10-06 02:57:42,COD
ORD000001343,CUST00000001,delivered,2024-01-20 07:42:05,2024-01-20 13:28:05,UPI
ORD000001344,CUST00000001,delivered,2024-04-25 12:24:23,2024-04-25 23:20:23,Wallet
ORD000001345,CUST00000001,returned,2024-05-27 09:02:00,2024-05-27 10:08:00,COD
ORD000001346,CUST00000001,delivered,2023-10-30 11:25:16,2023-10-30 13:02:16,COD
ORD000001347,CUST00000001,delivered,2023-12-27 15:39:21,2023-12-28 02:09:21,UPI
ORD000001348,CUST00000001,returned,2024-06-12 15:36:48,2024-06-13 01:32:48,COD
ORD000001349,CUST00000001,delivered,2023-09-22 11:23:32,2023-09-22 17:33:32,COD
ORD000001350,CUST00000112,returned,2024-07-29 11:24:15,2024-07-29 15:45:15,UPI
ORD000001351,CUST00000012,delivered,2023-10-12 11:43:32,2023-10-12 13:07:32,Debit Card
ORD000001352,CUST00000001,delivered,2024-03-10 09:47:33,2024-03-10 17:53:33,COD
ORD000001353,CUST00000003,delivered,2024-10-06 02:57:25,2024-10-06 09:27:25,Wallet
ORD000001354,CUST00000052,shipped,2023-01-15 08:54:12,2023-01-15 18:34:12,COD
ORD000001355,CUST00000001,cancelled,2023-07-24 17:10:21,2023-07-24 21:34:21,COD
ORD000001356,CUST00000016,delivered,2024-02-18 23:28:04,2024-02-19 09:03:04,COD
ORD000001357,CUST00000008,delivered,2023-03-29 19:30:15,2023-03-30 06:57:15,COD
ORD000001358,CUST00000001,delivered,2023-06-24 20:40:33,2023-06-24 22:40:33,UPI
ORD000001359,CUST00000004,delivered,2024-07-31 18:47:39,2024-08-01 03:58:39,COD
ORD000001360,CUST00000002,delivered,2023-01-18 12:03:28,2023-01-18 19:24:28,COD
ORD000001361,CUST00000001,delivered,2024-03-31 16:22:06,2024-03-31 21:18:06,UPI
ORD000001362,CUST00000004,delivered,2023-01-25 20:04:29,2023-01-25 22:42:29,UPI
ORD000001363,CUST00000001,delivered,2023-04-07 05:20:58,2023-04-07 07:15:58,UPI
ORD000001364,CUST00000001,delivered,2023-10-28 03:34:41,2023-10-28 04:59:41,UPI
ORD000001365,CUST00000002,delivered,2024-12-15 06:23:33,2024-12-15 09:38:33,Net Banking
ORD000001366,CUST00000017,delivered,2024-02-04 12:42:24,2024-02-04 18:54:24,UPI
ORD000001367,CUST00000002,delivered,2023-09-25 18:52:07,2023-09-26 01:21:07,Debit Card
ORD000001368,CUST00000002,shipped,2023-11-03 10:48:14,2023-11-03 22:39:14,Wallet
ORD000001369,CUST00000001,delivered,2024-02-25 23:35:20,2024-02-26 08:30:20,Debit Card
ORD000001370,CUST00000001,cancelled,2024-04-09 07:47:49,2024-04-09 19:33:49,COD
ORD000001371,CUST00000001,delivered,2023-08-18 11:05:13,2023-08-18 20:08:13,COD
ORD000001372,CUST00000001,delivered,2023-06-17 22:02:33,2023-06-18 04:56:33,COD
ORD000001373,CUST00000015,delivered,2023-12-30 04:05:49,2023-12-30 13:53:49,COD
ORD000001374,CUST00000002,delivered,2024-05-01 19:58:47,2024-05-02 05:15:47,UPI
ORD000001375,CUST00000001,delivered,2024-09-28 03:37:27,2024-09-28 13:19:27,COD
ORD000001376,CUST00000009,delivered,2024-03-17 21:46:12,2024-03-18 00:49:12,UPI
ORD000001377,CUST00000001,delivered,2024-06-12 07:45:26,2024-06-12 16:27:26,Credit Card
ORD000001378,CUST00000002,delivered,2023-12-27 15:14:42,2023-12-27 17:59:42,COD
ORD000001379,CUST00000004,delivered,2024-02-23 17:04:51,2024-02-23 20:56:51,Wallet
ORD000001380,CUST00000001,delivered,2024-04-23 09:01:45,2024-04-23 17:31:45,Credit Card
ORD000001381,CUST00000001,delivered,2023-07-21 13:12:25,2023-07-21 19:18:25,Credit Card
ORD000001382,CUST00000001,delivered,2024-11-18 18:09:48,2024-11-19 03:35:48,COD
ORD000001383,CUST00000004,delivered,2023-10-09 21:01:15,2023-10-10 05:41:15,Wallet
ORD000001384,CUST00000001,returned,2024-03-27 02:36:20,2024-03-27 11:31:20,COD
ORD000001385,CUST00000001,delivered,2024-02-18 11:53:27,2024-02-18 13:43:27,Credit Card
ORD000001386,CUST00000219,delivered,2024-10-11 20:28:26,2024-10-11 21:47:26,COD
ORD000001387,CUST00000001,delivered,2023-04-04 13:20:28,2023-04-04 16:22:28,COD
ORD000001388,CUST00000006,cancelled,2024-10-26 00:41:26,2024-10-26 05:00:26,COD
ORD000001389,CUST00000260,delivered,2023-04-25 03:00:43,2023-04-25 12:51:43,UPI
ORD000001390,CUST00000001,delivered,2023-05-01 19:38:13,2023-05-01 20:14:13,Debit Card
ORD000001391,CUST00000006,delivered,2024-10-17 10:09:37,2024-10-17 16:40:37,UPI
ORD000001392,CUST00000001,delivered,2023-08-08 16:53:40,2023-08-09 02:20:40,UPI
ORD000001393,CUST00000001,delivered,2024-04-02 21:25:22,2024-04-03 01:49:22,COD
ORD000001394,CUST00000004,delivered,2023-12-14 02:07:22,2023-12-14 05:54:22,Net Banking
ORD000001395,CUST00000152,delivered,2024-11-18 10:55:21,2024-11-18 13:26:21,COD
ORD000001396,CUST00000001,delivered,2024-08-29 03:31:40,2024-08-29 08:43:40,Debit Card
ORD000001397,CUST00000001,delivered,2023-10-06 20:12:46,2023-10-07 03:37:46,Credit Card
ORD000001398,CUST00000002,delivered,2024-09-26 10:51:26,2024-09-26 17:49:26,COD
ORD000001399,CUST00000049,delivered,2023-07-12 21:02:22,2023-07-13 07:14:22,COD
ORD000001400,CUST00000009,delivered,2024-04-06 07:11:49,2024-04-06 07:16:49,UPI
ORD000001401,CUST00000001,shipped,2024-08-03 03:29:16,2024-08-03 07:03:16,Wallet
ORD000001402,CUST00000001,delivered,2024-06-21 20:48:54,2024-06-22 01:06:54,UPI
ORD000001403,CUST00000002,delivered,2024-05-11 14:43:00,2024-05-11 19:27:00,Debit Card
ORD000001404,CUST00000001,delivered,2024-10-04 04:37:40,2024-10-04 13:22:40,Wallet
ORD000001405,CUST00001050,delivered,2024-02-14 16:39:45,2024-02-14 17:56:45,COD
ORD000001406,CUST00000001,delivered,2024-11-13 10:00:35,2024-11-13 13:29:35,COD
ORD000001407,CUST00000001,delivered,2023-05-02 01:07:08,2023-05-02 01:51:08,UPI
ORD000001408,CUST00000013,delivered,2023-10-12 06:15:04,2023-10-12 13:07:04,COD
ORD000001409,CUST00000063,delivered,2024-08-30 18:00:07,2024-08-31 05:34:07,Credit Card
ORD000001410,CUST00000006,delivered,2023-09-22 03:03:08,2023-09-22 14:46:08,COD
ORD000001411,CUST00000006,delivered,2023-11-26 08:06:13,2023-11-26 08:45:13,UPI
ORD000001412,CUST00000003,delivered,2024-08-21 06:14:01,2024-08-21 07:43:01,COD
ORD000001413,CUST00000005,delivered,2024-01-29 17:35:25,2024-01-30 00:28:25,Credit Card
ORD000001414,CUST00000003,delivered,2023-06-08 20:38:22,2023-06-08 23:54:22,COD
ORD000001415,CUST00000001,delivered,2023-05-28 18:54:07,2023-05-28 21:44:07,UPI
ORD000001416,CUST00000001,delivered,2023-09-16 17:10:19,2023-09-17 01:24:19,COD
ORD000001417,CUST00000119,delivered,2023-09-17 02:08:57,2023-09-17 05:52:57,Credit Card
ORD000001418,CUST00000001,delivered,2023-04-25 21:56:30,2023-04-26 05:08:30,COD
ORD000001419,CUST00000018,delivered,2024-10-05 03:53:01,2024-10-05 04:25:01,UPI
ORD000001420,CUST00000003,returned,2023-08-30 09:43:36,2023-08-30 21:27:36,Credit Card
ORD000001421,CUST00000002,delivered,2024-09-16 19:52:00,2024-09-16 20:57:00,COD
ORD000001422,CUST00000001,delivered,2024-12-22 05:46:11,2024-12-22 06:15:11,COD
ORD000001423,CUST00000009,delivered,2023-10-05 05:12:12,2023-10-05 10:15:12,COD
ORD000001424,CUST00000018,delivered,2024-12-20 00:37:53,2024-12-20 11:09:53,UPI
ORD000001425,CUST00000001,delivered,2023-06-11 08:35:49,2023-06-11 16:16:49,COD
ORD000001426,CUST00000001,delivered,2024-05-04 11:53:01,2024-05-04 17:47:01,COD
ORD000001427,CUST00000012,delivered,2024-12-29 11:13:03,2024-12-29 14:35:03,COD
ORD000001428,CUST00000001,returned,2024-09-21 00:57:12,2024-09-21 03:44:12,COD
ORD000001429,CUST00000025,shipped,2023-07-15 04:55:09,2023-07-15 12:46:09,COD
ORD000001430,CUST00000002,cancelled,2023-08-08 00:06:09,2023-08-08 06:10:09,COD
ORD000001431,CUST00000023,delivered,2023-08-13 05:23:57,2023-08-13 12:46:57,UPI
ORD000001432,CUST00000005,returned,2024-11-26 14:30:46,2024-11-26 19:29:46,UPI
ORD000001433,CUST00000095,delivered,2023-07-29 00:12:33,2023-07-29 03:51:33,COD
ORD000001434,CUST00000008,delivered,2024-01-04 03:57:20,2024-01-04 06:10:20,Debit Card
ORD000001435,CUST00000005,delivered,2023-10-10 13:03:22,2023-10-10 16:36:22,COD
ORD000001436,CUST00000002,delivered,2023-10-17 13:26:04,2023-10-17 16:07:04,Credit Card
ORD000001437,CUST00000014,delivered,2023-11-02 21:30:33,2023-11-03 03:23:33,UPI
ORD000001438,CUST00000031,delivered,2023-10-09 13:45:52,2023-10-09 17:16:52,COD
ORD000001439,CUST00000003,delivered,2024-03-23 22:13:15,2024-03-24 07:46:15,UPI
ORD000001440,CUST00000001,delivered,2023-11-11 17:22:19,2023-11-12 00:01:19,COD
ORD000001441,CUST00000001,delivered,2023-11-25 13:12:41,2023-11-25 16:55:41,Wallet
ORD000001442,CUST00000001,processing,2024-01-02 09:11:42,2024-01-02 10:15:42,UPI
ORD000001443,CUST00000001,delivered,2023-10-12 02:40:16,2023-10-12 04:12:16,COD
ORD000001444,CUST00000054,delivered,2024-08-05 16:55:25,2024-08-05 18:03:25,COD
ORD000001445,CUST00000007,delivered,2024-01-02 22:30:49,2024-01-03 02:25:49,UPI
ORD000001446,CUST00000010,processing,2024-01-03 08:46:59,2024-01-03 12:48:59,COD
ORD000001447,CUST00000004,delivered,2023-06-28 08:31:55,2023-06-28 09:11:55,COD
ORD000001448,CUST00001364,delivered,2023-01-22 02:20:48,2023-01-22 10:50:48,Wallet
ORD000001449,CUST00000002,returned,2024-09-22 14:20:38,2024-09-22 20:43:38,COD
ORD000001450,CUST00000005,delivered,2024-10-12 07:26:23,2024-10-12 19:10:23,COD
ORD000001451,CUST00000002,delivered,2023-07-25 00:14:37,2023-07-25 10:53:37,COD
ORD000001452,CUST00000072,delivered,2023-10-16 00:10:53,2023-10-16 00:23:53,UPI
ORD000001453,CUST00000003,delivered,2023-10-14 08:03:14,2023-10-14 16:28:14,UPI
ORD000001454,CUST00000001,cancelled,2024-06-05 11:05:56,2024-06-05 22:45:56,UPI
ORD000001455,CUST00000005,cancelled,2023-06-08 10:58:20,2023-06-08 20:35:20,Wallet
ORD000001456,CUST00000001,delivered,2024-12-25 17:46:02,2024-12-26 02:01:02,COD
ORD000001457,CUST00000001,delivered,2023-02-18 12:40:24,2023-02-18 14:24:24,COD
ORD000001458,CUST00000001,shipped,2024-12-23 18:50:02,2024-12-24 05:39:02,COD
ORD000001459,CUST00000006,delivered,2023-02-24 07:07:42,2023-02-24 16:59:42,COD
ORD000001460,CUST00000009,delivered,2023-09-30 05:34:13,2023-09-30 12:02:13,COD
ORD000001461,CUST00000001,returned,2023-08-02 12:56:57,2023-08-02 23:59:57,COD
ORD000001462,CUST00000001,delivered,2023-08-10 02:32:07,2023-08-10 08:08:07,Credit Card
ORD000001463,CUST00000006,delivered,2024-12-30 18:20:54,2024-12-31 00:46:54,COD
ORD000001464,CUST00000001,delivered,2023-12-10 04:27:01,2023-12-10 13:53:01,Debit Card
ORD000001465,CUST00000005,delivered,2023-04-09 21:57:44,2023-04-10 06:36:44,Debit Card
ORD000001466,CUST00000001,delivered,2024-12-26 23:36:32,2024-12-27 06:15:32,COD
ORD000001467,CUST00000002,delivered,2023-07-26 12:53:59,2023-07-26 22:17:59,Debit Card
ORD000001468,CUST00000001,delivered,2023-02-27 07:29:25,2023-02-27 18:15:25,UPI
ORD000001469,CUST00000004,delivered,2023-01-16 08:07:41,2023-01-16 15:55:41,COD
ORD000001470,CUST00000005,cancelled,2023-12-14 10:18:10,2023-12-14 21:01:10,UPI
ORD000001471,CUST00000016,shipped,2024-11-05 11:30:09,2024-11-05 16:28:09,COD
ORD000001472,CUST00000010,delivered,2023-01-10 01:48:54,2023-01-10 08:12:54,COD
ORD000001473,CUST00000002,delivered,2024-07-10 04:44:27,2024-07-10 12:32:27,Credit Card
ORD000001474,CUST00000004,delivered,2023-08-11 18:56:38,2023-08-12 01:51:38,UPI
ORD000001475,CUST00000005,delivered,2023-07-06 01:15:53,2023-07-06 03:27:53,COD
ORD000001476,CUST00000055,delivered,2024-06-22 10:45:49,2024-06-22 16:16:49,UPI
ORD000001477,CUST00000001,delivered,2024-07-30 21:00:02,2024-07-30 22:41:02,Net Banking
ORD000001478,CUST00000001,cancelled,2024-02-16 02:05:51,2024-02-16 10:22:51,COD
ORD000001479,CUST00000002,processing,2023-06-21 22:12:46,2023-06-22 07:48:46,COD
ORD000001480,CUST00000001,delivered,2023-01-02 11:21:02,2023-01-02 19:33:02,COD
ORD000001481,CUST00000001,shipped,2024-07-21 10:09:41,2024-07-21 20:32:41,Wallet
ORD000001482,CUST00000001,delivered,2024-03-23 17:07:06,2024-03-24 00:57:06,COD
ORD000001483,CUST00000002,delivered,2023-11-08 18:39:10,2023-11-08 23:15:10,COD
ORD000001484,CUST00000001,delivered,2023-07-01 11:21:10,2023-07-01 12:10:10,UPI
ORD000001485,CUST00000001,processing,2024-08-11 01:59:41,2024-08-11 02:27:41,COD
ORD000001486,CUST00000001,delivered,2023-02-26 23:14:49,2023-02-27 10:47:49,COD
ORD000001487,CUST00000070,delivered,2024-04-29 00:12:43,2024-04-29 09:34:43,Debit Card
ORD000001488,CUST00000001,delivered,2024-06-08 20:55:11,2024-06-09 00:59:11,UPI
ORD000001489,CUST00000003,delivered,2023-07-09 10:25:01,2023-07-09 21:53:01,COD
ORD000001490,CUST00000003,delivered,2023-12-26 12:21:19,2023-12-26 15:22:19,Wallet
ORD000001491,CUST00000001,delivered,2024-01-13 18:21:38,2024-01-14 03:38:38,COD
ORD000001492,CUST00000001,cancelled,2024-03-15 22:34:19,2024-03-16 01:09:19,COD
ORD000001493,CUST00000001,delivered,2024-10-31 03:36:36,2024-10-31 12:08:36,COD
ORD000001494,CUST00000002,delivered,2024-02-05 19:28:23,2024-02-05 20:22:23,COD
ORD000001495,CUST00000002,delivered,2023-02-23 15:52:02,2023-02-24 00:05:02,UPI
ORD000001496,CUST00000001,delivered,2023-10-09 08:50:18,2023-10-09 14:21:18,COD
ORD000001497,CUST00000001,delivered,2024-04-17 10:13:03,2024-04-17 17:14:03,COD
ORD000001498,CUST00000007,delivered,2023-10-05 18:30:49,2023-10-05 19:04:49,Net Banking
ORD000001499,CUST00000001,delivered,2024-08-17 03:21:38,2024-08-17 07:50:38,COD
ORD000001500,CUST00000007,delivered,2023-06-10 12:08:25,2023-06-10 14:08:25,COD
ORD000001501,CUST00000004,processing,2023-04-30 17:19:56,2023-05-01 00:44:56,COD
ORD000001502,CUST00000001,delivered,2023-07-16 12:56:19,2023-07-16 13:04:19,Credit Card
ORD000001503,CUST00000001,delivered,2024-10-23 10:44:54,2024-10-23 21:36:54,COD
ORD000001504,CUST00000019,delivered,2024-06-02 12:29:41,2024-06-02 14:38:41,COD
ORD000001505,CUST00000017,delivered,2024-01-13 12:16:35,2024-01-13 18:33:35,Debit Card
ORD000001506,CUST00000002,delivered,2023-09-15 19:17:17,2023-09-16 07:13:17,COD
ORD000001507,CUST00000004,delivered,2024-11-05 19:42:09,2024-11-06 00:40:09,Debit Card
ORD000001508,CUST00000003,delivered,2024-10-27 22:02:44,2024-10-28 04:34:44,UPI
ORD000001509,CUST00000002,delivered,2023-10-30 01:43:51,2023-10-30 13:14:51,Credit Card
ORD000001510,CUST00000001,delivered,2024-08-04 07:40:06,2024-08-04 08:33:06,COD
ORD000001511,CUST00000004,delivered,2024-11-03 21:02:33,2024-11-04 03:49:33,Wallet
ORD000001512,CUST00000001,delivered,2023-09-26 15:24:21,2023-09-26 22:12:21,COD
ORD000001513,CUST00000229,delivered,2023-10-04 09:02:36,2023-10-04 17:44:36,COD
ORD000001514,CUST00000005,delivered,2024-02-04 15:04:54,2024-02-04 22:18:54,Credit Card
ORD000001515,CUST00000001,delivered,2023-11-02 11:06:56,2023-11-02 16:54:56,COD
ORD000001516,CUST00000049,delivered,2024-08-11 21:17:59,2024-08-12 03:53:59,COD
ORD000001517,CUST00000001,delivered,2024-01-28 13:23:40,2024-01-28 16:51:40,UPI
ORD000001518,CUST00000003,delivered,2023-06-30 10:43:59,2023-06-30 14:48:59,COD
ORD000001519,CUST00000001,delivered,2023-10-13 14:57:56,2023-10-14 02:21:56,COD
ORD000001520,CUST00000006,delivered,2024-05-24 04:33:49,2024-05-24 12:27:49,COD
ORD000001521,CUST00000001,shipped,2023-02-11 18:29:52,2023-02-12 02:41:52,COD
ORD000001522,CUST00000002,delivered,2023-10-08 04:52:26,2023-10-08 06:38:26,UPI
ORD000001523,CUST00000003,delivered,2023-01-09 00:34:09,2023-01-09 05:15:09,UPI
ORD000001524,CUST00000126,delivered,2024-10-01 01:13:50,2024-10-01 03:54:50,COD
ORD000001525,CUST00000001,delivered,2023-04-08 01:35:13,2023-04-08 12:58:13,COD
ORD000001526,CUST00000003,cancelled,2023-03-04 02:25:02,2023-03-04 14:21:02,COD
ORD000001527,CUST00000003,processing,2024-09-02 01:12:58,2024-09-02 05:16:58,COD
ORD000001528,CUST00000001,delivered,2023-03-14 07:13:45,2023-03-14 12:15:45,COD
ORD000001529,CUST00000003,delivered,2024-06-05 23:03:32,2024-06-06 07:17:32,UPI
ORD000001530,CUST00000001,processing,2023-10-24 02:27:41,2023-10-24 04:17:41,COD
ORD000001531,CUST00000001,delivered,2024-10-01 16:13:35,2024-10-01 22:59:35,UPI
ORD000001532,CUST00000007,cancelled,2023-06-04 20:54:22,2023-06-04 23:34:22,COD
ORD000001533,CUST00000003,delivered,2023-03-10 19:25:16,2023-03-11 01:47:16,COD
ORD000001534,CUST00000044,delivered,2023-07-14 08:41:18,2023-07-14 17:23:18,COD
ORD000001535,CUST00000072,delivered,2024-11-16 01:15:58,2024-11-16 10:08:58,COD
ORD000001536,CUST00000001,delivered,2024-10-04 08:50:35,2024-10-04 10:18:35,UPI
ORD000001537,CUST00000001,delivered,2023-09-02 14:26:16,2023-09-02 17:58:16,UPI
ORD000001538,CUST00000011,delivered,2023-06-24 18:10:48,2023-06-24 22:28:48,Net Banking
ORD000001539,CUST00000002,cancelled,2023-05-12 03:24:12,2023-05-12 12:07:12,COD
ORD000001540,CUST00000001,delivered,2023-07-08 07:13:55,2023-07-08 11:12:55,COD
ORD000001541,CUST00000001,delivered,2023-06-24 14:26:08,2023-06-24 20:02:08,Debit Card
ORD000001542,CUST00000067,delivered,2024-10-27 17:09:51,2024-10-27 19:57:51,UPI
ORD000001543,CUST00000001,delivered,2023-01-13 07:27:43,2023-01-13 11:38:43,COD
ORD000001544,CUST00000003,delivered,2024-10-24 19:44:17,2024-10-25 01:29:17,COD
ORD000001545,CUST00000001,delivered,2023-01-31 19:14:36,2023-01-31 21:49:36,COD
ORD000001546,CUST00000003,delivered,2024-10-03 08:38:39,2024-10-03 10:01:39,COD
ORD000001547,CUST00000009,processing,2023-11-11 12:51:57,2023-11-11 14:37:57,UPI
ORD000001548,CUST00000002,cancelled,2023-03-04 11:28:02,2023-03-04 16:59:02,COD
ORD000001549,CUST00000001,delivered,2024-09-13 16:03:05,2024-09-13 18:05:05,Wallet
ORD000001550,CUST00000002,delivered,2023-08-07 07:44:00,2023-08-07 08:12:00,COD
ORD000001551,CUST00000001,delivered,2024-10-24 07:54:35,2024-10-24 17:55:35,Credit Card
ORD000001552,CUST00000004,delivered,2024-08-03 10:09:21,2024-08-03 21:47:21,COD
ORD000001553,CUST00000001,delivered,2024-12-26 05:10:48,2024-12-26 11:20:48,UPI
ORD000001554,CUST00000001,shipped,2024-10-05 13:56:16,2024-10-05 21:13:16,Debit Card
ORD000001555,CUST00000001,returned,2023-07-25 22:59:36,2023-07-26 01:03:36,COD
ORD000001556,CUST00000001,delivered,2023-11-03 08:23:28,2023-11-03 09:21:28,COD
ORD000001557,CUST00000007,delivered,2024-06-15 20:39:48,2024-06-15 21:40:48,COD
ORD000001558,CUST00000001,delivered,2023-09-29 11:08:21,2023-09-29 13:29:21,COD
ORD000001559,CUST00000001,delivered,2024-02-05 03:58:43,2024-02-05 05:22:43,Credit Card
ORD000001560,CUST00000095,delivered,2023-07-22 11:54:33,2023-07-22 20:45:33,UPI
ORD000001561,CUST00000001,delivered,2024-05-17 11:59:09,2024-05-17 21:14:09,Credit Card
ORD000001562,CUST00000001,processing,2023-10-08 00:35:17,2023-10-08 09:23:17,COD
ORD000001563,CUST00000002,delivered,2023-02-12 11:30:15,2023-02-12 15:00:15,Credit Card
ORD000001564,CUST00000016,delivered,2024-12-18 03:55:39,2024-12-18 08:20:39,UPI
ORD000001565,CUST00000021,delivered,2024-10-08 19:03:58,2024-10-08 23:24:58,COD
ORD000001566,CUST00000049,delivered,2023-09-18 12:59:34,2023-09-18 14:50:34,Debit Card
ORD000001567,CUST00000008,delivered,2023-04-18 07:18:00,2023-04-18 13:01:00,COD
ORD000001568,CUST00000001,processing,2024-07-19 00:03:49,2024-07-19 06:31:49,COD
ORD000001569,CUST00000021,delivered,2023-07-07 13:42:14,2023-07-07 16:13:14,Credit Card
ORD000001570,CUST00000001,cancelled,2024-03-28 16:54:02,2024-03-28 20:16:02,COD
ORD000001571,CUST00000004,delivered,2024-08-26 10:10:40,2024-08-26 15:51:40,COD
ORD000001572,CUST00000006,cancelled,2023-08-21 21:43:52,2023-08-21 22:57:52,COD
ORD000001573,CUST00000015,delivered,2023-09-01 04:42:36,2023-09-01 11:48:36,Debit Card
ORD000001574,CUST00000001,delivered,2023-02-18 18:06:34,2023-02-18 22:18:34,COD
ORD000001575,CUST00000001,delivered,2023-10-01 11:53:46,2023-10-01 20:25:46,COD
ORD000001576,CUST00000001,delivered,2024-03-21 07:32:22,2024-03-21 16:33:22,COD
ORD000001577,CUST00000006,delivered,2023-05-11 06:54:59,2023-05-11 11:24:59,COD
ORD000001578,CUST00000002,delivered,2024-12-05 10:47:46,2024-12-05 15:05:46,COD
ORD000001579,CUST00000001,delivered,2024-07-08 01:56:01,2024-07-08 08:18:01,Debit Card
ORD000001580,CUST00000166,delivered,2023-06-23 15:37:01,2023-06-23 16:11:01,Credit Card
ORD000001581,CUST00000001,delivered,2024-01-22 09:48:41,2024-01-22 12:10:41,Debit Card
ORD000001582,CUST00000013,delivered,2023-10-28 16:19:49,2023-10-28 17:50:49,UPI
ORD000001583,CUST00000001,delivered,2023-10-25 12:21:56,2023-10-25 15:49:56,COD
ORD000001584,CUST00000007,delivered,2024-02-17 23:27:35,2024-02-18 06:38:35,COD
ORD000001585,CUST00000012,processing,2023-03-31 01:58:59,2023-03-31 04:57:59,COD
ORD000001586,CUST00000001,delivered,2023-07-02 11:49:53,2023-07-02 18:07:53,COD
ORD000001587,CUST00000001,cancelled,2023-05-06 12:52:14,2023-05-06 21:11:14,UPI
ORD000001588,CUST00000002,returned,2023-05-27 05:59:19,2023-05-27 14:06:19,COD
ORD000001589,CUST00000008,delivered,2024-05-10 16:08:12,2024-05-10 22:32:12,UPI
ORD000001590,CUST00000001,delivered,2024-12-30 08:41:33,2024-12-30 15:34:33,COD
ORD000001591,CUST00000001,delivered,2024-05-06 18:19:28,2024-05-06 23:40:28,COD
ORD000001592,CUST00000003,processing,2024-12-27 22:08:19,2024-12-28 04:08:19,Net Banking
ORD000001593,CUST00000001,delivered,2024-03-03 20:29:14,2024-03-04 06:02:14,COD
ORD000001594,CUST00000002,delivered,2023-08-31 15:11:06,2023-08-31 20:55:06,COD
ORD000001595,CUST00000002,delivered,2024-10-22 17:13:50,2024-10-22 21:29:50,COD
ORD000001596,CUST00000004,delivered,2023-02-23 20:44:31,2023-02-24 08:16:31,COD
ORD000001597,CUST00000001,delivered,2023-03-26 23:32:07,2023-03-27 10:32:07,COD
ORD000001598,CUST00000013,delivered,2024-11-30 17:22:40,2024-12-01 03:43:40,Net Banking
ORD000001599,CUST00000047,processing,2024-05-06 21:54:41,2024-05-07 07:45:41,Debit Card
ORD000001600,CUST00000007,delivered,2024-11-14 23:10:13,2024-11-15 03:48:13,UPI
ORD000001601,CUST00000001,delivered,2023-04-21 04:13:17,2023-04-21 15:44:17,UPI
ORD000001602,CUST00000001,delivered,2024-08-17 12:01:46,2024-08-17 19:53:46,COD
ORD000001603,CUST00000001,delivered,2023-07-20 08:34:39,2023-07-20 19:15:39,Wallet
ORD000001604,CUST00000001,delivered,2023-10-08 22:47:51,2023-10-08 23:06:51,COD
ORD000001605,CUST00000010,delivered,2024-10-30 17:51:24,2024-10-30 19:12:24,COD
ORD000001606,CUST00000002,returned,2023-11-03 21:15:40,2023-11-03 21:34:40,Wallet
ORD000001607,CUST00000001,delivered,2024-05-24 08:23:24,2024-05-24 20:20:24,COD
ORD000001608,CUST00000081,delivered,2024-10-26 20:14:03,2024-10-27 00:06:03,COD
ORD000001609,CUST00000051,shipped,2024-10-21 01:56:56,2024-10-21 02:28:56,UPI
ORD000001610,CUST00000001,delivered,2023-01-03 22:32:17,2023-01-04 07:36:17,COD
ORD000001611,CUST00000010,delivered,2023-05-13 05:31:04,2023-05-13 15:01:04,COD
ORD000001612,CUST00000001,delivered,2024-11-05 12:36:46,2024-11-05 23:42:46,COD
ORD000001613,CUST00000001,delivered,2024-02-19 17:11:31,2024-02-20 00:09:31,UPI
ORD000001614,CUST00000002,delivered,2023-12-25 17:49:40,2023-12-26 02:02:40,COD
ORD000001615,CUST00000001,delivered,2023-02-21 05:05:35,2023-02-21 12:31:35,COD
ORD000001616,CUST00000006,delivered,2023-01-17 13:19:41,2023-01-17 21:49:41,COD
ORD000001617,CUST00000040,delivered,2024-12-05 12:43:56,2024-12-05 18:57:56,COD
ORD000001618,CUST00000074,shipped,2023-12-23 18:37:48,2023-12-23 19:04:48,COD
ORD000001619,CUST00000002,delivered,2024-09-02 07:42:03,2024-09-02 09:46:03,COD
ORD000001620,CUST00000006,delivered,2023-07-07 18:19:48,2023-07-08 05:29:48,COD
ORD000001621,CUST00000001,delivered,2023-07-22 14:47:26,2023-07-22 15:26:26,COD
ORD000001622,CUST00000011,delivered,2024-02-17 18:12:06,2024-02-17 19:19:06,COD
ORD000001623,CUST00000010,delivered,2024-10-23 21:00:18,2024-10-24 06:37:18,COD
ORD000001624,CUST00000003,delivered,2023-09-04 10:16:58,2023-09-04 21:38:58,Credit Card
ORD000001625,CUST00000002,delivered,2023-10-04 10:22:21,2023-10-04 15:46:21,COD
ORD000001626,CUST00000001,delivered,2024-02-09 19:06:39,2024-02-09 20:52:39,COD
ORD000001627,CUST00000004,delivered,2023-01-30 18:45:53,2023-01-31 01:50:53,COD
ORD000001628,CUST00000001,delivered,2023-10-24 21:02:08,2023-10-24 21:30:08,UPI
ORD000001629,CUST00000001,delivered,2024-02-14 13:12:36,2024-02-14 17:34:36,COD
ORD000001630,CUST00000002,delivered,2023-01-02 15:16:12,2023-01-02 22:03:12,UPI
ORD000001631,CUST00000001,delivered,2024-04-25 01:25:07,2024-04-25 11:59:07,UPI
ORD000001632,CUST00000016,delivered,2023-02-09 10:54:42,2023-02-09 12:20:42,COD
ORD000001633,CUST00000001,delivered,2024-07-06 05:54:38,2024-07-06 13:12:38,COD
ORD000001634,CUST00000003,delivered,2024-09-15 20:28:40,2024-09-15 20:53:40,Wallet
ORD000001635,CUST00000003,returned,2024-10-07 02:56:18,2024-10-07 08:33:18,COD
ORD000001636,CUST00000002,delivered,2024-05-26 18:40:58,2024-05-27 02:42:58,COD
ORD000001637,CUST00000005,delivered,2024-02-18 20:05:02,2024-02-18 20:35:02,COD
ORD000001638,CUST00000001,delivered,2023-09-21 11:16:13,2023-09-21 20:08:13,COD
ORD000001639,CUST00000117,delivered,2023-11-10 16:02:11,2023-11-11 03:51:11,Credit Card
ORD000001640,CUST00000001,delivered,2023-03-12 13:55:00,2023-03-12 17:29:00,COD
ORD000001641,CUST00000001,delivered,2024-06-24 16:32:22,2024-06-25 01:38:22,COD
ORD000001642,CUST00000004,delivered,2023-01-17 16:27:35,2023-01-17 22:53:35,UPI
ORD000001643,CUST00000001,delivered,2023-11-04 06:04:24,2023-11-04 17:05:24,Debit Card
ORD000001644,CUST00000004,delivered,2024-01-02 16:31:10,2024-01-02 23:35:10,COD
ORD000001645,CUST00000001,delivered,2024-05-06 21:38:32,2024-05-07 07:17:32,UPI
ORD000001646,CUST00000025,delivered,2023-10-08 07:27:53,2023-10-08 09:27:53,COD
ORD000001647,CUST00000006,delivered,2023-11-26 07:21:25,2023-11-26 10:28:25,UPI
ORD000001648,CUST00000019,delivered,2024-03-12 07:01:28,2024-03-12 12:20:28,COD
ORD000001649,CUST00000001,delivered,2024-11-09 21:52:54,2024-11-10 08:43:54,COD
ORD000001650,CUST00000001,processing,2024-05-25 21:17:46,2024-05-26 04:57:46,Wallet
ORD000001651,CUST00000001,delivered,2023-08-06 08:20:48,2023-08-06 10:56:48,UPI
ORD000001652,CUST00000003,delivered,2024-10-09 22:29:17,2024-10-10 09:07:17,COD
ORD000001653,CUST00000008,delivered,2023-02-12 18:16:30,2023-02-13 01:43:30,Net Banking
ORD000001654,CUST00000001,delivered,2023-08-21 09:38:58,2023-08-21 14:42:58,COD
ORD000001655,CUST00000004,delivered,2023-03-31 19:48:12,2023-04-01 00:27:12,UPI
ORD000001656,CUST00000001,delivered,2023-11-30 21:55:15,2023-12-01 06:20:15,UPI
ORD000001657,CUST00000002,delivered,2024-04-24 20:50:39,2024-04-25 07:25:39,Credit Card
ORD000001658,CUST00000001,cancelled,2024-01-22 11:17:47,2024-01-22 17:20:47,COD
ORD000001659,CUST00000004,delivered,2024-09-24 05:12:00,2024-09-24 15:20:00,UPI
ORD000001660,CUST00000001,shipped,2024-02-24 04:00:46,2024-02-24 12:30:46,UPI
ORD000001661,CUST00000002,delivered,2023-07-18 19:51:24,2023-07-18 20:48:24,COD
ORD000001662,CUST00000038,delivered,2024-01-27 17:35:20,2024-01-28 03:04:20,Debit Card
ORD000001663,CUST00000001,delivered,2024-07-20 17:00:43,2024-07-20 23:45:43,COD
ORD000001664,CUST00000002,delivered,2024-01-01 01:06:04,2024-01-01 07:30:04,COD
ORD000001665,CUST00000001,delivered,2023-11-25 23:10:05,2023-11-26 06:33:05,UPI
ORD000001666,CUST00000004,shipped,2024-01-21 02:44:02,2024-01-21 03:32:02,COD
ORD000001667,CUST00000008,delivered,2024-02-06 13:55:55,2024-02-07 00:48:55,Credit Card
ORD000001668,CUST00000021,shipped,2023-09-24 22:35:02,2023-09-25 09:05:02,COD
ORD000001669,CUST00000004,delivered,2024-10-12 05:48:37,2024-10-12 17:46:37,COD
ORD000001670,CUST00000001,delivered,2023-06-26 12:25:22,2023-06-26 19:39:22,UPI
ORD000001671,CUST00000022,delivered,2023-01-24 20:09:52,2023-01-24 23:05:52,Debit Card
ORD000001672,CUST00000001,delivered,2024-07-25 06:23:34,2024-07-25 13:37:34,UPI
ORD000001673,CUST00000001,delivered,2024-10-08 02:26:27,2024-10-08 05:52:27,COD
ORD000001674,CUST00000002,delivered,2024-04-29 11:31:47,2024-04-29 17:40:47,COD
ORD000001675,CUST00000001,shipped,2023-12-19 19:04:50,2023-12-20 04:41:50,Credit Card
ORD000001676,CUST00000001,delivered,2024-12-24 13:52:34,2024-12-24 16:01:34,Debit Card
ORD000001677,CUST00000005,delivered,2023-10-21 10:37:23,2023-10-21 16:07:23,UPI
ORD000001678,CUST00000001,delivered,2023-11-01 15:20:02,2023-11-01 21:12:02,UPI
ORD000001679,CUST00000006,delivered,2024-03-15 01:14:35,2024-03-15 12:23:35,COD
ORD000001680,CUST00000019,delivered,2023-11-15 08:21:26,2023-11-15 14:49:26,COD
ORD000001681,CUST00000001,delivered,2024-02-13 21:04:17,2024-02-14 01:12:17,COD
ORD000001682,CUST00000005,delivered,2024-12-16 09:17:51,2024-12-16 13:56:51,COD
ORD000001683,CUST00000001,cancelled,2023-07-22 23:09:49,2023-07-23 02:50:49,COD
ORD000001684,CUST00000006,cancelled,2023-05-05 13:11:39,2023-05-05 15:02:39,UPI
ORD000001685,CUST00000006,delivered,2023-11-09 22:24:48,2023-11-10 06:56:48,COD
ORD000001686,CUST00000001,delivered,2024-01-02 15:02:23,2024-01-03 00:11:23,COD
ORD000001687,CUST00000955,delivered,2024-06-30 10:03:10,2024-06-30 12:30:10,Debit Card
ORD000001688,CUST00000001,delivered,2024-12-07 22:06:45,2024-12-08 03:37:45,COD
ORD000001689,CUST00000001,delivered,2024-06-08 06:28:46,2024-06-08 15:31:46,UPI
ORD000001690,CUST00000001,delivered,2024-12-28 09:24:52,2024-12-28 17:49:52,Credit Card
ORD000001691,CUST00000009,delivered,2023-07-30 17:20:20,2023-07-30 18:22:20,Credit Card
ORD000001692,CUST00000001,delivered,2023-06-27 20:59:32,2023-06-27 21:37:32,Credit Card
ORD000001693,CUST00000001,delivered,2023-09-20 04:38:20,2023-09-20 05:33:20,Credit Card
ORD000001694,CUST00000001,delivered,2024-09-03 23:50:14,2024-09-04 05:55:14,COD
ORD000001695,CUST00000002,delivered,2023-06-07 10:20:04,2023-06-07 21:18:04,UPI
ORD000001696,CUST00000001,delivered,2023-06-16 08:08:09,2023-06-16 09:05:09,Debit Card
ORD000001697,CUST00000001,delivered,2023-11-03 03:05:06,2023-11-03 11:31:06,COD
ORD000001698,CUST00000001,delivered,2023-09-30 00:39:17,2023-09-30 09:28:17,UPI
ORD000001699,CUST00000007,delivered,2024-05-03 13:22:38,2024-05-04 00:56:38,COD
ORD000001700,CUST00000021,delivered,2024-10-27 14:30:17,2024-10-27 21:30:17,UPI
ORD000001701,CUST00000022,delivered,2023-04-26 02:15:09,2023-04-26 13:42:09,COD
ORD000001702,CUST00000001,shipped,2024-02-05 21:41:15,2024-02-06 03:08:15,UPI
ORD000001703,CUST00000045,shipped,2023-03-13 13:03:12,2023-03-13 16:17:12,COD
ORD000001704,CUST00000007,delivered,2023-07-08 01:16:52,2023-07-08 12:56:52,COD
ORD000001705,CUST00000010,shipped,2023-09-23 20:11:34,2023-09-24 02:28:34,COD
ORD000001706,CUST00000004,delivered,2024-03-04 04:43:53,2024-03-04 08:41:53,UPI
ORD000001707,CUST00000001,delivered,2024-02-12 16:08:58,2024-02-12 23:52:58,Debit Card
ORD000001708,CUST00000005,delivered,2024-04-29 16:13:39,2024-04-29 21:20:39,COD
ORD000001709,CUST00000101,delivered,2024-09-30 19:26:57,2024-10-01 04:25:57,COD
ORD000001710,CUST00000109,delivered,2023-06-08 19:25:54,2023-06-09 04:17:54,UPI
ORD000001711,CUST00000001,returned,2024-07-26 23:39:18,2024-07-26 23:57:18,UPI
ORD000001712,CUST00000009,delivered,2024-05-20 02:04:45,2024-05-20 08:24:45,COD
ORD000001713,CUST00000009,delivered,2023-03-06 08:45:27,2023-03-06 19:01:27,UPI
ORD000001714,CUST00000001,delivered,2023-10-09 08:43:46,2023-10-09 16:38:46,Debit Card
ORD000001715,CUST00000002,processing,2023-01-19 09:01:46,2023-01-19 17:40:46,COD
ORD000001716,CUST00000001,delivered,2023-03-15 05:43:47,2023-03-15 17:26:47,COD
ORD000001717,CUST00000001,cancelled,2023-08-31 05:36:46,2023-08-31 09:46:46,COD
ORD000001718,CUST00000010,delivered,2023-07-27 23:09:25,2023-07-28 07:31:25,Wallet
ORD000001719,CUST00000615,delivered,2024-10-30 21:34:22,2024-10-30 22:00:22,Credit Card
ORD000001720,CUST00000599,delivered,2024-10-28 16:22:45,2024-10-28 18:14:45,COD
ORD000001721,CUST00000001,delivered,2024-03-03 13:19:09,2024-03-03 21:42:09,Net Banking
ORD000001722,CUST00000002,delivered,2024-07-19 11:24:55,2024-07-19 13:58:55,COD
ORD000001723,CUST00000001,delivered,2024-12-31 16:22:13,2025-01-01 01:49:13,UPI
ORD000001724,CUST00000001,delivered,2023-11-03 20:41:47,2023-11-04 07:07:47,Credit Card
ORD000001725,CUST00000009,delivered,2024-01-15 10:13:49,2024-01-15 20:57:49,Credit Card
ORD000001726,CUST00000172,delivered,2024-05-07 12:54:14,2024-05-07 13:33:14,UPI
ORD000001727,CUST00000006,delivered,2024-11-06 21:53:27,2024-11-07 01:50:27,COD
ORD000001728,CUST00000002,delivered,2024-09-11 21:52:19,2024-09-12 04:01:19,COD
ORD000001729,CUST00000004,delivered,2023-02-20 05:31:03,2023-02-20 05:47:03,COD
ORD000001730,CUST00000001,delivered,2024-06-30 05:43:53,2024-06-30 16:35:53,Debit Card
ORD000001731,CUST00000008,returned,2023-08-04 04:54:10,2023-08-04 16:29:10,COD
ORD000001732,CUST00000002,delivered,2023-08-06 00:39:22,2023-08-06 09:59:22,COD
ORD000001733,CUST00000004,delivered,2024-02-06 16:40:00,2024-02-06 20:03:00,COD
ORD000001734,CUST00000001,returned,2024-06-15 10:17:23,2024-06-15 11:44:23,COD
ORD000001735,CUST00000001,cancelled,2023-05-14 00:45:39,2023-05-14 10:41:39,COD
ORD000001736,CUST00000082,cancelled,2023-09-27 04:54:09,2023-09-27 13:48:09,COD
ORD000001737,CUST00000003,delivered,2024-07-02 12:46:18,2024-07-03 00:07:18,COD
ORD000001738,CUST00000005,delivered,2023-05-08 20:03:27,2023-05-09 00:41:27,COD
ORD000001739,CUST00000001,cancelled,2024-10-10 15:54:36,2024-10-10 17:59:36,COD
ORD000001740,CUST00000161,delivered,2023-12-08 12:47:24,2023-12-08 23:36:24,Wallet
ORD000001741,CUST00000004,delivered,2024-03-10 04:28:29,2024-03-10 05:50:29,UPI
ORD000001742,CUST00000001,returned,2023-03-06 06:55:40,2023-03-06 13:49:40,UPI
ORD000001743,CUST00000009,shipped,2024-12-06 18:45:56,2024-12-07 00:27:56,Debit Card
ORD000001744,CUST00000001,delivered,2024-11-02 18:33:56,2024-11-03 01:10:56,UPI
ORD000001745,CUST00000001,delivered,2023-06-10 20:50:10,2023-06-11 01:42:10,UPI
ORD000001746,CUST00000003,processing,2024-05-17 12:38:42,2024-05-17 12:49:42,COD
ORD000001747,CUST00000002,delivered,2024-09-08 06:33:12,2024-09-08 14:02:12,COD
ORD000001748,CUST00000010,delivered,2023-04-12 12:04:01,2023-04-12 15:07:01,COD
ORD000001749,CUST00000001,delivered,2024-03-03 21:30:33,2024-03-03 22:58:33,Debit Card
ORD000001750,CUST00000007,delivered,2024-10-10 04:20:20,2024-10-10 09:20:20,COD
ORD000001751,CUST00000001,delivered,2024-01-03 20:19:35,2024-01-03 23:51:35,COD
ORD000001752,CUST00000001,returned,2024-11-09 23:53:06,2024-11-10 08:35:06,Credit Card
ORD000001753,CUST00000004,delivered,2023-02-06 19:40:35,2023-02-07 00:03:35,COD
ORD000001754,CUST00000001,delivered,2024-11-05 15:48:59,2024-11-05 22:04:59,UPI
ORD000001755,CUST00000001,delivered,2024-12-24 09:49:14,2024-12-24 15:40:14,UPI
ORD000001756,CUST00000679,delivered,2023-05-12 20:30:56,2023-05-13 06:44:56,COD
ORD000001757,CUST00000001,cancelled,2023-11-16 03:51:33,2023-11-16 05:09:33,COD
ORD000001758,CUST00000001,delivered,2024-04-10 18:14:00,2024-04-10 18:43:00,COD
ORD000001759,CUST00000002,cancelled,2024-10-28 09:38:25,2024-10-28 20:02:25,Credit Card
ORD000001760,CUST00000003,processing,2023-05-14 12:04:13,2023-05-14 15:59:13,Debit Card
ORD000001761,CUST00000004,delivered,2023-10-06 11:07:00,2023-10-06 19:45:00,Credit Card
ORD000001762,CUST00000001,delivered,2024-09-12 00:14:00,2024-09-12 07:26:00,COD
ORD000001763,CUST00000004,returned,2023-11-03 23:40:47,2023-11-04 08:50:47,COD
ORD000001764,CUST00000250,delivered,2024-03-27 16:00:00,2024-03-27 23:56:00,UPI
ORD000001765,CUST00000058,processing,2024-02-17 14:24:02,2024-02-17 17:23:02,UPI
ORD000001766,CUST00000001,delivered,2024-12-22 02:25:04,2024-12-22 08:29:04,COD
ORD000001767,CUST00000008,delivered,2023-04-29 18:41:28,2023-04-29 22:24:28,COD
ORD000001768,CUST00000012,delivered,2024-12-01 23:04:30,2024-12-02 03:54:30,COD
ORD000001769,CUST00000005,delivered,2024-02-20 19:33:05,2024-02-21 02:07:05,COD
ORD000001770,CUST00000005,delivered,2024-11-01 05:58:56,2024-11-01 06:54:56,UPI
ORD000001771,CUST00000012,delivered,2023-04-08 04:21:14,2023-04-08 04:48:14,Wallet
ORD000001772,CUST00000001,delivered,2024-04-28 08:48:57,2024-04-28 17:10:57,COD
ORD000001773,CUST00000008,delivered,2024-10-07 00:32:32,2024-10-07 01:40:32,COD
ORD000001774,CUST00000881,delivered,2024-09-02 13:14:14,2024-09-03 00:05:14,COD
ORD000001775,CUST00000001,cancelled,2023-01-04 10:59:51,2023-01-04 18:43:51,COD
ORD000001776,CUST00000012,cancelled,2023-12-04 12:03:45,2023-12-04 21:46:45,COD
ORD000001777,CUST00000004,delivered,2023-04-06 23:45:35,2023-04-07 05:27:35,COD
ORD000001778,CUST00000001,returned,2023-05-09 15:43:24,2023-05-10 00:09:24,COD
ORD000001779,CUST00000001,delivered,2024-06-24 10:00:16,2024-06-24 12:17:16,UPI
ORD000001780,CUST00000002,delivered,2024-12-08 18:48:09,2024-12-09 02:26:09,UPI
ORD000001781,CUST00000001,delivered,2024-04-22 08:52:25,2024-04-22 12:39:25,UPI
ORD000001782,CUST00000002,shipped,2023-03-26 18:11:00,2023-03-27 03:28:00,COD
ORD000001783,CUST00000001,delivered,2023-07-28 22:23:09,2023-07-29 02:50:09,COD
ORD000001784,CUST00000006,processing,2023-10-24 21:47:38,2023-10-25 07:07:38,COD
ORD000001785,CUST00000001,delivered,2023-04-15 12:27:11,2023-04-15 23:11:11,COD
ORD000001786,CUST00000001,delivered,2024-10-10 11:16:40,2024-10-10 11:25:40,COD
ORD000001787,CUST00000002,delivered,2023-06-14 09:32:30,2023-06-14 10:21:30,COD
ORD000001788,CUST00000002,delivered,2023-04-18 12:49:12,2023-04-18 17:09:12,Net Banking
ORD000001789,CUST00000002,delivered,2024-07-11 22:28:07,2024-07-12 05:03:07,Net Banking
ORD000001790,CUST00000024,shipped,2023-04-16 20:58:40,2023-04-17 07:23:40,Credit Card
ORD000001791,CUST00000011,delivered,2023-11-03 14:33:19,2023-11-03 19:52:19,UPI
ORD000001792,CUST00000018,delivered,2024-01-09 06:46:33,2024-01-09 16:59:33,UPI
ORD000001793,CUST00000015,delivered,2023-03-06 09:02:12,2023-03-06 17:48:12,UPI
ORD000001794,CUST00000002,delivered,2024-02-13 05:54:07,2024-02-13 14:26:07,UPI
ORD000001795,CUST00000001,shipped,2023-12-25 04:28:34,2023-12-25 15:23:34,COD
ORD000001796,CUST00000002,delivered,2024-05-22 00:13:08,2024-05-22 03:58:08,Net Banking
ORD000001797,CUST00000001,delivered,2023-07-06 18:34:23,2023-07-07 02:37:23,Credit Card
ORD000001798,CUST00000003,delivered,2023-10-13 17:43:24,2023-10-14 03:18:24,COD
ORD000001799,CUST00000001,delivered,2024-05-14 04:17:53,2024-05-14 15:54:53,COD
ORD000001800,CUST00000004,delivered,2023-01-26 16:30:07,2023-01-26 19:20:07,Credit Card
ORD000001801,CUST00000005,delivered,2023-04-06 03:58:09,2023-04-06 13:25:09,Debit Card
ORD000001802,CUST00000001,delivered,2023-08-31 06:38:28,2023-08-31 09:23:28,COD
ORD000001803,CUST00000001,delivered,2023-03-29 06:12:18,2023-03-29 17:44:18,COD
ORD000001804,CUST00000001,delivered,2023-01-29 03:07:04,2023-01-29 09:35:04,COD
ORD000001805,CUST00000001,delivered,2024-12-28 17:29:48,2024-12-29 03:59:48,COD
ORD000001806,CUST00000001,delivered,2023-12-07 01:01:14,2023-12-07 07:54:14,COD
ORD000001807,CUST00000016,delivered,2024-01-25 09:43:43,2024-01-25 10:41:43,COD
ORD000001808,CUST00000008,delivered,2023-08-06 11:42:31,2023-08-06 15:58:31,COD
ORD000001809,CUST00000007,delivered,2023-01-03 13:51:04,2023-01-03 21:11:04,COD
ORD000001810,CUST00000001,delivered,2024-08-02 04:38:36,2024-08-02 11:54:36,Credit Card
ORD000001811,CUST00000002,delivered,2024-07-09 11:18:49,2024-07-09 17:56:49,COD
ORD000001812,CUST00000001,processing,2024-12-22 19:02:29,2024-12-23 03:34:29,COD
ORD000001813,CUST00000001,delivered,2023-01-14 08:58:59,2023-01-14 15:55:59,COD
ORD000001814,CUST00000006,delivered,2023-04-25 22:48:02,2023-04-26 01:01:02,Credit Card
ORD000001815,CUST00000002,delivered,2024-06-29 10:18:54,2024-06-29 11:18:54,COD
ORD000001816,CUST00000002,delivered,2023-10-04 18:38:40,2023-10-04 22:09:40,UPI
ORD000001817,CUST00000001,delivered,2023-02-20 02:44:22,2023-02-20 04:27:22,COD
ORD000001818,CUST00000007,delivered,2023-09-16 20:26:17,2023-09-17 04:51:17,COD
ORD000001819,CUST00000001,delivered,2023-03-13 11:30:49,2023-03-13 23:13:49,Wallet
ORD000001820,CUST00000013,delivered,2024-10-06 23:46:44,2024-10-07 10:53:44,COD
ORD000001821,CUST00000001,delivered,2024-10-23 16:48:53,2024-10-23 23:37:53,COD
ORD000001822,CUST00000001,delivered,2024-04-24 17:46:46,2024-04-25 04:23:46,COD
ORD000001823,CUST00000001,delivered,2023-10-26 03:33:47,2023-10-26 11:28:47,COD
ORD000001824,CUST00000263,delivered,2024-08-18 13:36:56,2024-08-18 15:13:56,UPI
ORD000001825,CUST00000001,delivered,2024-04-20 17:42:48,2024-04-21 00:46:48,UPI
ORD000001826,CUST00000001,delivered,2024-09-07 19:26:24,2024-09-08 02:18:24,Debit Card
ORD000001827,CUST00000062,delivered,2024-01-05 09:01:56,2024-01-05 15:39:56,COD
ORD000001828,CUST00000085,delivered,2024-12-09 13:31:56,2024-12-09 23:08:56,COD
ORD000001829,CUST00000006,delivered,2023-09-06 04:09:40,2023-09-06 15:59:40,Wallet
ORD000001830,CUST00000001,shipped,2024-03-26 10:22:49,2024-03-26 13:16:49,COD
ORD000001831,CUST00000001,delivered,2024-09-21 11:25:18,2024-09-21 11:42:18,Credit Card
ORD000001832,CUST00000001,delivered,2024-10-28 00:46:48,2024-10-28 08:30:48,UPI
ORD000001833,CUST00000001,delivered,2024-11-29 21:59:54,2024-11-29 23:23:54,COD
ORD000001834,CUST00000610,delivered,2023-10-29 15:25:53,2023-10-29 20:35:53,Wallet
ORD000001835,CUST00000001,delivered,2024-06-18 04:23:32,2024-06-18 15:34:32,COD
ORD000001836,CUST00000001,delivered,2023-09-06 21:32:25,2023-09-07 05:30:25,UPI
ORD000001837,CUST00000001,delivered,2024-05-05 16:35:38,2024-05-06 03:50:38,COD
ORD000001838,CUST00000001,delivered,2023-06-05 16:38:08,2023-06-05 17:05:08,UPI
ORD000001839,CUST00000012,delivered,2023-11-07 22:23:25,2023-11-08 06:53:25,COD
ORD000001840,CUST00000001,delivered,2024-11-06 09:41:58,2024-11-06 13:29:58,COD
ORD000001841,CUST00000001,delivered,2024-09-23 08:31:23,2024-09-23 09:29:23,Net Banking
ORD000001842,CUST00000009,delivered,2023-12-30 14:48:20,2023-12-30 18:32:20,COD
ORD000001843,CUST00000001,processing,2023-05-04 21:19:28,2023-05-05 08:31:28,COD
ORD000001844,CUST00000004,delivered,2023-10-30 19:30:39,2023-10-31 00:34:39,COD
ORD000001845,CUST00000004,delivered,2023-04-26 18:52:46,2023-04-27 05:53:46,UPI
ORD000001846,CUST00000009,cancelled,2023-02-24 18:20:30,2023-02-24 19:46:30,COD
ORD000001847,CUST00000004,delivered,2024-11-02 00:50:23,2024-11-02 08:44:23,UPI
ORD000001848,CUST00000001,delivered,2023-12-29 11:47:17,2023-12-29 17:04:17,UPI
ORD000001849,CUST00000001,delivered,2023-03-14 08:32:12,2023-03-14 12:11:12,Credit Card
ORD000001850,CUST00000015,delivered,2024-07-03 08:40:48,2024-07-03 15:12:48,Wallet
ORD000001851,CUST00000001,delivered,2023-03-01 20:32:37,2023-03-02 03:56:37,Debit Card
ORD000001852,CUST00000001,delivered,2023-10-29 09:31:29,2023-10-29 09:55:29,COD
ORD000001853,CUST00000001,delivered,2023-07-16 20:05:00,2023-07-17 03:57:00,UPI
ORD000001854,CUST00000988,delivered,2023-05-19 21:47:23,2023-05-20 01:27:23,COD
ORD000001855,CUST00000028,delivered,2024-01-25 10:55:23,2024-01-25 20:34:23,COD
ORD000001856,CUST00000001,delivered,2024-07-06 04:04:35,2024-07-06 06:15:35,COD
ORD000001857,CUST00000001,delivered,2023-12-28 16:45:44,2023-12-28 20:14:44,COD
ORD000001858,CUST00000001,delivered,2024-10-01 20:42:41,2024-10-02 08:22:41,COD
ORD000001859,CUST00000001,delivered,2024-11-05 09:44:45,2024-11-05 12:45:45,COD
ORD000001860,CUST00000001,shipped,2024-09-20 04:41:12,2024-09-20 06:19:12,UPI
ORD000001861,CUST00000001,delivered,2024-12-08 12:29:36,2024-12-08 19:07:36,Wallet
ORD000001862,CUST00000001,delivered,2024-11-14 23:32:28,2024-11-15 07:05:28,COD
ORD000001863,CUST00000001,delivered,2024-10-05 12:24:35,2024-10-05 19:14:35,COD
ORD000001864,CUST00000002,delivered,2023-09-08 10:45:36,2023-09-08 15:37:36,COD
ORD000001865,CUST00000004,delivered,2023-05-28 10:33:32,2023-05-28 11:54:32,COD
ORD000001866,CUST00000589,delivered,2024-07-12 17:36:08,2024-07-12 21:06:08,Net Banking
ORD000001867,CUST00000001,delivered,2024-10-09 08:10:59,2024-10-09 08:55:59,COD
ORD000001868,CUST00000001,processing,2024-10-02 17:30:17,2024-10-03 03:45:17,COD
ORD000001869,CUST00000001,delivered,2024-04-30 23:40:36,2024-05-01 02:50:36,COD
ORD000001870,CUST00000003,delivered,2024-10-04 18:32:26,2024-10-05 02:31:26,COD
ORD000001871,CUST00000001,delivered,2024-06-25 22:17:15,2024-06-26 01:28:15,COD
ORD000001872,CUST00000035,delivered,2024-05-19 18:56:43,2024-05-20 02:24:43,Net Banking
ORD000001873,CUST00000001,delivered,2023-02-05 20:14:51,2023-02-05 21:24:51,UPI
ORD000001874,CUST00000017,delivered,2023-12-11 00:56:16,2023-12-11 02:07:16,COD
ORD000001875,CUST00000001,shipped,2023-01-25 08:28:16,2023-01-25 12:19:16,UPI
ORD000001876,CUST00000001,delivered,2023-03-17 06:33:36,2023-03-17 09:43:36,Debit Card
ORD000001877,CUST00000002,cancelled,2024-01-31 20:43:00,2024-02-01 00:38:00,COD
ORD000001878,CUST00000002,delivered,2023-02-05 05:30:46,2023-02-05 08:52:46,UPI
ORD000001879,CUST00000001,delivered,2024-11-03 23:13:36,2024-11-04 07:34:36,UPI
ORD000001880,CUST00000001,processing,2023-12-03 16:45:58,2023-12-03 22:00:58,UPI
ORD000001881,CUST00000001,delivered,2024-06-18 02:58:29,2024-06-18 04:53:29,COD
ORD000001882,CUST00000032,delivered,2023-05-04 16:23:58,2023-05-05 03:26:58,UPI
ORD000001883,CUST00000002,cancelled,2024-10-10 08:13:21,2024-10-10 15:52:21,Credit Card
ORD000001884,CUST00000002,delivered,2023-12-25 07:07:43,2023-12-25 12:00:43,UPI
ORD000001885,CUST00000003,delivered,2024-02-16 23:51:26,2024-02-17 06:00:26,COD
ORD000001886,CUST00000007,delivered,2024-05-04 19:02:42,2024-05-04 23:01:42,COD
ORD000001887,CUST00000002,delivered,2024-01-30 18:19:14,2024-01-30 23:04:14,UPI
ORD000001888,CUST00000002,processing,2024-02-20 07:28:44,2024-02-20 08:23:44,UPI
ORD000001889,CUST00000001,delivered,2024-07-27 15:54:04,2024-07-28 01:53:04,Net Banking
ORD000001890,CUST00000099,delivered,2024-09-20 08:13:49,2024-09-20 12:53:49,COD
ORD000001891,CUST00000008,delivered,2023-09-20 14:28:18,2023-09-20 22:50:18,COD
ORD000001892,CUST00000001,delivered,2024-11-08 09:34:20,2024-11-08 10:16:20,Credit Card
ORD000001893,CUST00000047,delivered,2023-10-12 14:37:43,2023-10-12 15:47:43,UPI
ORD000001894,CUST00000008,delivered,2023-08-21 17:52:12,2023-08-21 22:18:12,COD
ORD000001895,CUST00000004,delivered,2023-09-24 07:33:48,2023-09-24 08:05:48,UPI
ORD000001896,CUST00000005,delivered,2023-10-14 00:16:57,2023-10-14 11:52:57,COD
ORD000001897,CUST00000001,delivered,2023-09-30 02:19:23,2023-09-30 02:52:23,COD
ORD000001898,CUST00000004,delivered,2024-10-08 21:45:18,2024-10-09 04:27:18,COD
ORD000001899,CUST00000002,delivered,2024-02-18 23:01:31,2024-02-19 03:16:31,COD
ORD000001900,CUST00000002,delivered,2024-12-17 16:36:33,2024-12-17 19:10:33,UPI
ORD000001901,CUST00000001,shipped,2023-03-10 02:34:08,2023-03-10 04:19:08,COD
ORD000001902,CUST00000007,delivered,2024-04-04 14:04:42,2024-04-04 17:42:42,Debit Card
ORD000001903,CUST00000011,delivered,2023-03-20 10:22:43,2023-03-20 11:03:43,COD
ORD000001904,CUST00000006,delivered,2023-12-10 05:41:45,2023-12-10 12:34:45,UPI
ORD000001905,CUST00000001,delivered,2023-10-25 09:06:09,2023-10-25 11:58:09,COD
ORD000001906,CUST00000001,delivered,2024-06-02 18:51:08,2024-06-02 19:09:08,COD
ORD000001907,CUST00000005,delivered,2024-07-28 23:54:46,2024-07-29 01:21:46,UPI
ORD000001908,CUST00000002,delivered,2023-07-22 20:56:48,2023-07-23 07:44:48,Wallet
ORD000001909,CUST00000001,processing,2023-06-14 04:53:29,2023-06-14 07:49:29,Wallet
ORD000001910,CUST00000002,delivered,2023-11-05 12:02:13,2023-11-05 19:00:13,COD
ORD000001911,CUST00000004,shipped,2023-07-26 12:40:35,2023-07-26 17:37:35,COD
ORD000001912,CUST00000001,delivered,2024-05-29 07:01:08,2024-05-29 12:57:08,COD
ORD000001913,CUST00000229,shipped,2024-01-11 10:26:29,2024-01-11 20:41:29,COD
ORD000001914,CUST00000001,delivered,2024-10-03 09:07:59,2024-10-03 17:44:59,COD
ORD000001915,CUST00000001,delivered,2024-12-26 01:40:11,2024-12-26 08:19:11,Wallet
ORD000001916,CUST00000006,cancelled,2023-10-24 09:59:24,2023-10-24 12:27:24,UPI
ORD000001917,CUST00000001,processing,2024-11-03 08:44:23,2024-11-03 18:56:23,COD
ORD000001918,CUST00000004,processing,2024-08-25 07:20:31,2024-08-25 07:40:31,Net Banking
ORD000001919,CUST00000001,returned,2023-05-06 14:43:49,2023-05-06 21:26:49,UPI
ORD000001920,CUST00000005,delivered,2024-10-06 17:05:33,2024-10-07 00:29:33,COD
ORD000001921,CUST00000001,delivered,2023-12-26 01:07:35,2023-12-26 12:28:35,Credit Card
ORD000001922,CUST00000001,delivered,2024-06-26 08:12:43,2024-06-26 10:11:43,UPI
ORD000001923,CUST00000001,delivered,2024-06-21 00:44:26,2024-06-21 04:15:26,COD
ORD000001924,CUST00000005,delivered,2024-10-26 19:42:33,2024-10-26 19:55:33,COD
ORD000001925,CUST00000001,shipped,2024-08-11 22:15:10,2024-08-12 01:16:10,COD
ORD000001926,CUST00000001,delivered,2024-10-02 11:07:42,2024-10-02 22:16:42,COD
ORD000001927,CUST00000001,delivered,2023-10-01 22:40:49,2023-10-01 22:51:49,Credit Card
ORD000001928,CUST00000002,delivered,2024-12-22 15:05:42,2024-12-23 00:33:42,COD
ORD000001929,CUST00000001,cancelled,2024-05-16 20:51:24,2024-05-17 08:04:24,COD
ORD000001930,CUST00000007,delivered,2024-08-22 22:45:03,2024-08-23 00:11:03,Wallet
ORD000001931,CUST00000011,delivered,2024-10-14 14:05:19,2024-10-14 18:27:19,Net Banking
ORD000001932,CUST00000002,delivered,2023-04-13 10:42:19,2023-04-13 21:27:19,Credit Card
ORD000001933,CUST00000012,shipped,2023-10-06 17:48:24,2023-10-07 02:27:24,Credit Card
ORD000001934,CUST00000001,delivered,2024-10-06 04:05:17,2024-10-06 04:58:17,Wallet
ORD000001935,CUST00000003,delivered,2024-11-08 07:07:11,2024-11-08 17:30:11,Credit Card
ORD000001936,CUST00000001,delivered,2024-08-06 13:11:53,2024-08-06 22:50:53,COD
ORD000001937,CUST00000001,delivered,2023-12-26 04:49:56,2023-12-26 08:36:56,COD
ORD000001938,CUST00000001,cancelled,2023-08-03 11:55:12,2023-08-03 16:56:12,COD
ORD000001939,CUST00000001,delivered,2024-01-17 20:32:27,2024-01-18 00:14:27,COD
ORD000001940,CUST00000001,delivered,2023-10-30 18:46:55,2023-10-31 01:01:55,COD
ORD000001941,CUST00000009,delivered,2024-10-26 21:23:27,2024-10-27 06:45:27,COD
ORD000001942,CUST00000001,delivered,2024-02-23 20:38:41,2024-02-24 04:40:41,COD
ORD000001943,CUST00000097,delivered,2023-10-28 07:58:36,2023-10-28 19:35:36,UPI
ORD000001944,CUST00000023,delivered,2023-12-31 17:06:10,2023-12-31 18:21:10,COD
ORD000001945,CUST00000007,delivered,2024-11-18 08:55:42,2024-11-18 20:00:42,COD
ORD000001946,CUST00000004,delivered,2024-04-03 23:18:53,2024-04-04 10:12:53,UPI
ORD000001947,CUST00000003,delivered,2023-07-15 04:14:31,2023-07-15 08:52:31,COD
ORD000001948,CUST00000001,processing,2023-12-31 06:27:38,2023-12-31 08:14:38,COD
ORD000001949,CUST00000001,delivered,2023-12-16 22:35:52,2023-12-17 01:21:52,COD
ORD000001950,CUST00000001,delivered,2023-09-24 05:44:26,2023-09-24 17:02:26,UPI
ORD000001951,CUST00000005,delivered,2024-07-20 14:51:59,2024-07-20 15:02:59,Debit Card
ORD000001952,CUST00000007,returned,2023-08-18 06:59:27,2023-08-18 08:09:27,COD
ORD000001953,CUST00000001,delivered,2023-12-29 06:49:39,2023-12-29 07:45:39,Credit Card
ORD000001954,CUST00000073,delivered,2023-11-25 16:06:06,2023-11-25 18:13:06,Debit Card
ORD000001955,CUST00000001,delivered,2023-12-17 19:04:36,2023-12-18 04:33:36,Wallet
ORD000001956,CUST00000001,delivered,2024-02-23 05:34:51,2024-02-23 06:20:51,Credit Card
ORD000001957,CUST00000607,cancelled,2024-06-04 23:35:20,2024-06-05 11:09:20,UPI
ORD000001958,CUST00000005,delivered,2023-04-30 02:07:19,2023-04-30 06:56:19,COD
ORD000001959,CUST00000091,delivered,2023-09-04 02:24:04,2023-09-04 08:49:04,COD
ORD000001960,CUST00000003,shipped,2024-08-21 23:27:55,2024-08-22 06:34:55,COD
ORD000001961,CUST00000001,delivered,2024-11-02 01:19:48,2024-11-02 11:03:48,COD
ORD000001962,CUST00000547,delivered,2023-02-03 07:33:02,2023-02-03 15:04:02,Wallet
ORD000001963,CUST00000176,delivered,2023-02-28 02:54:27,2023-02-28 03:42:27,COD
ORD000001964,CUST00000001,delivered,2024-11-18 05:20:14,2024-11-18 15:17:14,COD
ORD000001965,CUST00000048,returned,2023-05-05 01:46:33,2023-05-05 02:54:33,Net Banking
ORD000001966,CUST00000001,shipped,2024-12-25 08:36:35,2024-12-25 14:58:35,COD
ORD000001967,CUST00000025,delivered,2024-10-04 07:05:45,2024-10-04 17:29:45,COD
ORD000001968,CUST00000027,cancelled,2023-04-11 03:48:07,2023-04-11 09:57:07,COD
ORD000001969,CUST00000068,delivered,2023-03-26 17:14:53,2023-03-26 22:18:53,COD
ORD000001970,CUST00000002,delivered,2024-12-24 00:51:30,2024-12-24 04:49:30,COD
ORD000001971,CUST00000012,delivered,2023-08-06 11:22:58,2023-08-06 20:48:58,COD
ORD000001972,CUST00000001,processing,2024-01-29 07:19:45,2024-01-29 15:09:45,UPI
ORD000001973,CUST00000001,delivered,2023-07-21 15:36:22,2023-07-22 01:20:22,COD
ORD000001974,CUST00000001,delivered,2024-03-23 08:06:31,2024-03-23 19:00:31,UPI
ORD000001975,CUST00000001,delivered,2024-10-07 11:20:39,2024-10-07 18:28:39,COD
ORD000001976,CUST00000001,delivered,2024-05-12 19:27:51,2024-05-12 23:46:51,COD
ORD000001977,CUST00000001,delivered,2023-02-05 03:27:56,2023-02-05 10:36:56,COD
ORD000001978,CUST00000001,delivered,2024-03-19 10:27:19,2024-03-19 14:46:19,Credit Card
ORD000001979,CUST00000019,shipped,2024-05-15 13:29:30,2024-05-15 16:00:30,UPI
ORD000001980,CUST00000006,cancelled,2023-06-20 17:40:55,2023-06-20 21:50:55,COD
ORD000001981,CUST00000001,delivered,2024-08-12 12:52:40,2024-08-12 18:39:40,UPI
ORD000001982,CUST00000001,cancelled,2024-04-15 17:39:25,2024-04-15 20:26:25,COD
ORD000001983,CUST00000151,shipped,2023-01-03 19:06:02,2023-01-03 22:56:02,Credit Card
ORD000001984,CUST00000004,processing,2024-12-02 18:56:08,2024-12-03 01:46:08,Net Banking
ORD000001985,CUST00000215,delivered,2023-11-28 14:46:14,2023-11-28 16:27:14,COD
ORD000001986,CUST00000001,shipped,2023-07-17 22:02:39,2023-07-17 23:22:39,COD
ORD000001987,CUST00000001,delivered,2023-03-11 00:32:40,2023-03-11 09:50:40,COD
ORD000001988,CUST00000001,delivered,2023-10-22 11:58:01,2023-10-22 21:59:01,UPI
ORD000001989,CUST00000001,delivered,2023-09-21 19:14:57,2023-09-21 23:03:57,COD
ORD000001990,CUST00000001,delivered,2023-09-13 02:29:41,2023-09-13 04:12:41,COD
ORD000001991,CUST00000001,delivered,2024-09-08 19:38:12,2024-09-09 01:12:12,Debit Card
ORD000001992,CUST00000001,delivered,2024-05-02 00:55:40,2024-05-02 03:04:40,COD
ORD000001993,CUST00000004,delivered,2023-04-22 18:52:35,2023-04-23 05:24:35,Credit Card
ORD000001994,CUST00000870,delivered,2024-06-25 04:29:08,2024-06-25 05:23:08,COD
ORD000001995,CUST00000001,processing,2024-07-09 16:01:13,2024-07-09 22:06:13,Debit Card
ORD000001996,CUST00000002,delivered,2024-01-08 19:54:03,2024-01-09 00:31:03,Credit Card
ORD000001997,CUST00000002,shipped,2024-12-30 19:32:26,2024-12-31 01:10:26,COD
ORD000001998,CUST00000001,delivered,2023-08-31 13:47:03,2023-08-31 22:53:03,COD
ORD000001999,CUST00000001,delivered,2023-02-15 21:48:06,2023-02-16 01:00:06,COD
ORD000002000,CUST00000006,delivered,2023-01-20 03:21:46,2023-01-20 14:16:46,UPI
ORD000002001,CUST00000001,returned,2023-10-01 05:40:32,2023-10-01 17:24:32,COD
ORD000002002,CUST00000018,cancelled,2023-12-31 03:10:59,2023-12-31 08:25:59,Wallet
ORD000002003,CUST00000001,delivered,2023-03-04 17:15:55,2023-03-04 21:55:55,Credit Card
ORD000002004,CUST00000001,delivered,2024-02-22 21:23:45,2024-02-23 00:16:45,Wallet
ORD000002005,CUST00000007,delivered,2024-10-31 22:19:48,2024-11-01 08:05:48,COD
ORD000002006,CUST00000001,delivered,2024-09-11 12:28:50,2024-09-11 21:11:50,COD
ORD000002007,CUST00000006,delivered,2024-05-25 03:10:08,2024-05-25 08:36:08,COD
ORD000002008,CUST00000006,delivered,2024-05-16 04:07:31,2024-05-16 12:24:31,COD
ORD000002009,CUST00000001,delivered,2024-07-15 15:01:54,2024-07-15 19:29:54,COD
ORD000002010,CUST00000007,returned,2023-12-30 21:31:18,2023-12-31 05:43:18,COD
ORD000002011,CUST00000007,delivered,2023-10-31 23:42:42,2023-11-01 09:33:42,UPI
ORD000002012,CUST00000001,delivered,2023-09-20 17:17:50,2023-09-20 22:39:50,COD
ORD000002013,CUST00000006,delivered,2023-03-23 21:08:23,2023-03-24 05:09:23,COD
ORD000002014,CUST00000005,delivered,2024-02-19 11:27:59,2024-02-19 18:16:59,COD
ORD000002015,CUST00000004,delivered,2023-12-22 04:42:22,2023-12-22 05:38:22,UPI
ORD000002016,CUST00000003,cancelled,2023-04-09 11:09:41,2023-04-09 11:58:41,Credit Card
ORD000002017,CUST00000006,delivered,2023-08-18 02:23:10,2023-08-18 05:36:10,UPI
ORD000002018,CUST00000006,delivered,2024-09-03 16:08:37,2024-09-03 19:11:37,COD
ORD000002019,CUST00000001,delivered,2023-08-07 07:54:25,2023-08-07 10:14:25,UPI
ORD000002020,CUST00000004,delivered,2023-11-11 08:07:09,2023-11-11 19:14:09,UPI
ORD000002021,CUST00000005,delivered,2023-05-16 00:04:20,2023-05-16 07:22:20,COD
ORD000002022,CUST00000013,returned,2023-05-24 23:59:52,2023-05-25 00:33:52,COD
ORD000002023,CUST00000002,delivered,2024-08-07 10:15:26,2024-08-07 21:05:26,Wallet
ORD000002024,CUST00000001,processing,2023-02-22 18:49:45,2023-02-22 22:29:45,COD
ORD000002025,CUST00000002,delivered,2023-09-02 12:28:11,2023-09-03 00:19:11,COD
ORD000002026,CUST00000008,processing,2024-12-26 15:22:58,2024-12-26 18:09:58,COD
ORD000002027,CUST00000001,processing,2023-12-24 11:13:48,2023-12-24 12:18:48,Debit Card
ORD000002028,CUST00000024,delivered,2024-03-28 16:29:55,2024-03-28 18:07:55,COD
ORD000002029,CUST00000002,delivered,2024-04-28 04:47:44,2024-04-28 09:28:44,Wallet
ORD000002030,CUST00000007,processing,2023-06-16 23:54:21,2023-06-17 10:59:21,Credit Card
ORD000002031,CUST00000001,cancelled,2023-10-21 10:16:06,2023-10-21 16:55:06,Credit Card
ORD000002032,CUST00000010,delivered,2023-10-31 00:15:31,2023-10-31 01:50:31,COD
ORD000002033,CUST00000008,cancelled,2023-07-16 22:51:37,2023-07-17 02:43:37,COD
ORD000002034,CUST00000002,processing,2023-07-19 00:32:52,2023-07-19 06:26:52,Credit Card
ORD000002035,CUST00000001,delivered,2024-03-30 11:20:06,2024-03-30 17:54:06,Net Banking
ORD000002036,CUST00000033,delivered,2023-03-31 18:50:26,2023-04-01 04:55:26,Debit Card
ORD000002037,CUST00000199,delivered,2023-04-18 08:53:28,2023-04-18 09:30:28,Wallet
ORD000002038,CUST00000002,delivered,2024-02-29 05:01:31,2024-02-29 05:08:31,UPI
ORD000002039,CUST00000020,processing,2023-12-02 05:46:19,2023-12-02 14:26:19,COD
ORD000002040,CUST00000001,processing,2024-04-02 16:26:38,2024-04-02 17:48:38,COD
ORD000002041,CUST00000001,delivered,2023-01-19 13:46:14,2023-01-19 21:59:14,COD
ORD000002042,CUST00000017,delivered,2024-06-23 12:04:48,2024-06-23 16:13:48,COD
ORD000002043,CUST00000022,delivered,2024-10-10 12:20:32,2024-10-10 17:02:32,COD
ORD000002044,CUST00000017,delivered,2024-01-16 07:38:53,2024-01-16 09:28:53,COD
ORD000002045,CUST00000001,delivered,2024-10-07 22:26:30,2024-10-08 07:44:30,COD
ORD000002046,CUST00000002,delivered,2023-10-30 05:33:07,2023-10-30 07:48:07,COD
ORD000002047,CUST00000002,delivered,2023-03-05 20:06:03,2023-03-05 20:16:03,UPI
ORD000002048,CUST00000002,delivered,2023-10-23 18:38:30,2023-10-24 01:45:30,UPI
ORD000002049,CUST00000001,processing,2023-11-29 00:09:40,2023-11-29 02:02:40,UPI
ORD000002050,CUST00000002,delivered,2024-10-20 04:06:12,2024-10-20 06:13:12,UPI
ORD000002051,CUST00000001,delivered,2023-10-06 13:15:16,2023-10-06 15:56:16,COD
ORD000002052,CUST00000001,returned,2023-09-28 03:48:33,2023-09-28 11:29:33,COD
ORD000002053,CUST00000001,processing,2024-10-27 20:27:37,2024-10-28 05:29:37,COD
ORD000002054,CUST00000006,delivered,2023-08-03 10:36:22,2023-08-03 21:35:22,COD
ORD000002055,CUST00001082,delivered,2024-04-29 20:05:02,2024-04-30 07:52:02,UPI
ORD000002056,CUST00000336,delivered,2023-10-03 02:51:45,2023-10-03 05:40:45,Credit Card
ORD000002057,CUST00000002,delivered,2024-12-03 00:34:34,2024-12-03 03:12:34,COD
ORD000002058,CUST00000003,delivered,2023-06-10 15:23:46,2023-06-10 17:59:46,Debit Card
ORD000002059,CUST00000001,delivered,2024-07-09 19:14:58,2024-07-09 21:32:58,COD
ORD000002060,CUST00000022,delivered,2024-02-08 23:48:26,2024-02-09 00:01:26,COD
ORD000002061,CUST00000001,delivered,2024-12-25 18:54:06,2024-12-26 01:59:06,Debit Card
ORD000002062,CUST00000001,cancelled,2024-12-30 17:56:59,2024-12-30 18:11:59,UPI
ORD000002063,CUST00000001,delivered,2024-09-08 01:23:27,2024-09-08 01:55:27,UPI
ORD000002064,CUST00000006,delivered,2023-03-26 14:28:39,2023-03-26 19:16:39,UPI
ORD000002065,CUST00000002,delivered,2023-12-19 17:07:35,2023-12-20 02:51:35,COD
ORD000002066,CUST00000006,delivered,2024-10-12 09:28:16,2024-10-12 15:22:16,UPI
ORD000002067,CUST00000053,delivered,2024-04-26 23:58:49,2024-04-27 04:47:49,UPI
ORD000002068,CUST00000002,delivered,2024-10-24 23:42:42,2024-10-25 01:57:42,COD
ORD000002069,CUST00000006,cancelled,2024-09-13 20:32:43,2024-09-14 04:43:43,COD
ORD000002070,CUST00000002,cancelled,2023-09-26 21:07:07,2023-09-27 01:02:07,Net Banking
ORD000002071,CUST00000002,cancelled,2023-06-15 13:37:57,2023-06-16 01:34:57,COD
ORD000002072,CUST00000025,delivered,2023-10-02 19:41:39,2023-10-02 21:26:39,Debit Card
ORD000002073,CUST00000001,shipped,2024-06-15 01:42:35,2024-06-15 11:08:35,COD
ORD000002074,CUST00000001,delivered,2023-12-26 05:31:12,2023-12-26 13:43:12,COD
ORD000002075,CUST00000002,delivered,2023-02-03 15:56:05,2023-02-03 20:22:05,UPI
ORD000002076,CUST00000019,delivered,2024-07-26 02:57:57,2024-07-26 07:42:57,UPI
ORD000002077,CUST00000010,delivered,2023-02-03 19:30:39,2023-02-04 07:02:39,COD
ORD000002078,CUST00000001,delivered,2023-11-03 04:16:14,2023-11-03 13:06:14,COD
ORD000002079,CUST00000004,cancelled,2023-12-13 08:22:51,2023-12-13 08:57:51,COD
ORD000002080,CUST00000001,delivered,2024-01-01 06:12:30,2024-01-01 12:50:30,UPI
ORD000002081,CUST00000001,returned,2023-04-27 12:59:22,2023-04-27 21:53:22,COD
ORD000002082,CUST00000005,delivered,2024-07-30 01:57:38,2024-07-30 06:31:38,COD
ORD000002083,CUST00000001,delivered,2024-10-10 19:29:33,2024-10-11 03:47:33,COD
ORD000002084,CUST00000002,delivered,2024-06-16 21:19:19,2024-06-17 04:51:19,COD
ORD000002085,CUST00000001,delivered,2024-12-03 17:55:45,2024-12-03 21:54:45,COD
ORD000002086,CUST00000001,cancelled,2023-08-08 04:26:41,2023-08-08 04:36:41,COD
ORD000002087,CUST00000002,delivered,2023-05-16 06:58:24,2023-05-16 07:28:24,Credit Card
ORD000002088,CUST00000002,delivered,2023-02-23 05:26:19,2023-02-23 13:44:19,Net Banking
ORD000002089,CUST00000001,delivered,2024-07-07 14:27:00,2024-07-07 23:46:00,COD
ORD000002090,CUST00000003,shipped,2023-05-17 21:18:56,2023-05-18 01:48:56,COD
ORD000002091,CUST00000006,delivered,2024-11-22 21:06:04,2024-11-23 02:51:04,Wallet
ORD000002092,CUST00000001,delivered,2024-03-22 22:59:43,2024-03-23 05:11:43,COD
ORD000002093,CUST00000001,delivered,2024-09-17 16:32:55,2024-09-18 03:08:55,COD
ORD000002094,CUST00000001,delivered,2023-11-19 05:19:21,2023-11-19 11:38:21,UPI
ORD000002095,CUST00000001,delivered,2024-07-19 09:33:21,2024-07-19 16:26:21,COD
ORD000002096,CUST00000006,delivered,2023-11-27 07:03:37,2023-11-27 13:47:37,COD
ORD000002097,CUST00000001,delivered,2024-01-29 01:31:35,2024-01-29 03:09:35,Debit Card
ORD000002098,CUST00000006,delivered,2024-08-22 19:12:08,2024-08-23 03:39:08,UPI
ORD000002099,CUST00000003,delivered,2023-07-22 13:52:26,2023-07-23 00:46:26,UPI
ORD000002100,CUST00000002,delivered,2024-10-26 23:17:10,2024-10-27 00:41:10,COD
ORD000002101,CUST00000001,delivered,2024-07-03 20:11:23,2024-07-03 21:06:23,COD
ORD000002102,CUST00000001,delivered,2024-07-29 15:35:32,2024-07-29 21:29:32,Debit Card
ORD000002103,CUST00000001,delivered,2023-07-22 01:02:57,2023-07-22 10:13:57,Debit Card
ORD000002104,CUST00000010,delivered,2023-03-15 10:37:19,2023-03-15 11:41:19,Credit Card
ORD000002105,CUST00000001,delivered,2023-02-28 11:23:50,2023-02-28 20:19:50,COD
ORD000002106,CUST00000001,processing,2024-05-03 16:11:23,2024-05-03 19:03:23,Credit Card
ORD000002107,CUST00000001,processing,2023-05-06 13:36:29,2023-05-06 15:52:29,COD
ORD000002108,CUST00000005,delivered,2024-12-31 18:43:36,2024-12-31 21:03:36,UPI
ORD000002109,CUST00000001,delivered,2024-12-12 00:31:45,2024-12-12 06:52:45,UPI
ORD000002110,CUST00000027,delivered,2023-01-21 02:42:13,2023-01-21 09:55:13,COD
ORD000002111,CUST00000015,delivered,2024-07-10 22:51:52,2024-07-11 04:26:52,COD
ORD000002112,CUST00000001,delivered,2023-08-11 10:26:49,2023-08-11 17:44:49,UPI
ORD000002113,CUST00000008,returned,2023-10-08 19:44:40,2023-10-09 05:24:40,Debit Card
ORD000002114,CUST00000001,delivered,2023-07-24 20:34:30,2023-07-25 06:33:30,COD
ORD000002115,CUST00000001,delivered,2024-10-04 02:53:39,2024-10-04 11:39:39,COD
ORD000002116,CUST00000001,delivered,2024-10-28 16:55:48,2024-10-28 23:13:48,UPI
ORD000002117,CUST00000001,delivered,2023-01-30 04:10:23,2023-01-30 06:51:23,COD
ORD000002118,CUST00000010,cancelled,2023-08-19 03:41:26,2023-08-19 12:38:26,COD
ORD000002119,CUST00000001,delivered,2023-12-01 05:51:46,2023-12-01 13:57:46,COD
ORD000002120,CUST00000013,delivered,2024-01-14 18:07:30,2024-01-15 04:47:30,COD
ORD000002121,CUST00000001,delivered,2023-03-13 02:14:08,2023-03-13 10:48:08,COD
ORD000002122,CUST00000001,delivered,2024-10-04 16:01:06,2024-10-04 17:41:06,Wallet
ORD000002123,CUST00000001,delivered,2024-11-18 09:09:03,2024-11-18 16:01:03,Credit Card
ORD000002124,CUST00000001,delivered,2023-10-31 06:21:05,2023-10-31 15:01:05,COD
ORD000002125,CUST00000012,delivered,2024-10-13 05:45:25,2024-10-13 17:43:25,COD
ORD000002126,CUST00000001,delivered,2024-05-29 08:15:21,2024-05-29 12:14:21,UPI
ORD000002127,CUST00000001,shipped,2024-03-16 08:22:42,2024-03-16 18:41:42,COD
ORD000002128,CUST00000001,processing,2024-09-30 07:32:44,2024-09-30 10:55:44,Credit Card
ORD000002129,CUST00000007,delivered,2023-12-23 12:26:14,2023-12-23 17:00:14,COD
ORD000002130,CUST00000005,shipped,2024-02-06 23:50:16,2024-02-07 11:23:16,UPI
ORD000002131,CUST00000013,cancelled,2023-08-23 10:50:11,2023-08-23 12:52:11,COD
ORD000002132,CUST00000002,delivered,2024-06-29 04:24:33,2024-06-29 06:56:33,Credit Card
ORD000002133,CUST00000001,returned,2023-05-14 14:40:45,2023-05-15 00:42:45,Credit Card
ORD000002134,CUST00000001,delivered,2023-07-27 19:54:21,2023-07-28 06:52:21,COD
ORD000002135,CUST00001614,shipped,2023-12-25 14:23:32,2023-12-25 15:42:32,Wallet
ORD000002136,CUST00000008,delivered,2023-10-26 12:44:06,2023-10-26 22:37:06,COD
ORD000002137,CUST00000001,cancelled,2023-07-24 16:03:23,2023-07-24 23:09:23,COD
ORD000002138,CUST00000056,delivered,2023-06-12 21:07:57,2023-06-13 07:40:57,Credit Card
ORD000002139,CUST00000001,delivered,2024-10-16 01:50:14,2024-10-16 07:50:14,UPI
ORD000002140,CUST00000002,shipped,2024-03-15 23:33:52,2024-03-16 06:36:52,COD
ORD000002141,CUST00000097,delivered,2023-10-23 21:26:12,2023-10-24 00:16:12,COD
ORD000002142,CUST00000003,delivered,2024-10-09 23:03:57,2024-10-10 06:06:57,COD
ORD000002143,CUST00000001,delivered,2024-10-03 11:57:30,2024-10-03 17:01:30,COD
ORD000002144,CUST00000012,delivered,2023-04-02 20:30:07,2023-04-03 01:22:07,COD
ORD000002145,CUST00000001,delivered,2024-02-23 01:57:48,2024-02-23 05:22:48,COD
ORD000002146,CUST00000001,delivered,2023-09-19 09:55:32,2023-09-19 14:46:32,COD
ORD000002147,CUST00000002,delivered,2024-01-31 21:06:34,2024-01-31 23:11:34,UPI
ORD000002148,CUST00000001,delivered,2024-07-04 06:30:37,2024-07-04 16:43:37,UPI
ORD000002149,CUST00000003,shipped,2023-01-03 18:19:31,2023-01-03 23:13:31,Wallet
ORD000002150,CUST00000004,delivered,2024-01-07 07:40:04,2024-01-07 12:22:04,COD
ORD000002151,CUST00000039,delivered,2023-09-07 14:08:22,2023-09-08 01:53:22,COD
ORD000002152,CUST00000001,delivered,2024-01-25 15:40:31,2024-01-25 21:32:31,COD
ORD000002153,CUST00000021,processing,2023-04-01 21:04:11,2023-04-02 05:31:11,COD
ORD000002154,CUST00000002,delivered,2024-09-29 08:12:16,2024-09-29 20:09:16,COD
ORD000002155,CUST00000001,delivered,2024-02-03 18:53:59,2024-02-04 05:14:59,COD
ORD000002156,CUST00000001,shipped,2023-06-29 10:26:14,2023-06-29 14:44:14,UPI
ORD000002157,CUST00000001,delivered,2024-08-18 09:26:26,2024-08-18 15:51:26,Wallet
ORD000002158,CUST00000001,delivered,2023-01-28 01:54:49,2023-01-28 11:47:49,COD
ORD000002159,CUST00000051,delivered,2024-03-17 01:49:54,2024-03-17 07:51:54,COD
ORD000002160,CUST00000001,delivered,2024-01-01 18:30:15,2024-01-01 21:53:15,Credit Card
ORD000002161,CUST00000001,delivered,2023-01-30 02:30:38,2023-01-30 08:52:38,Credit Card
ORD000002162,CUST00000279,delivered,2023-08-02 02:40:30,2023-08-02 03:02:30,COD
ORD000002163,CUST00000005,delivered,2023-03-04 04:26:56,2023-03-04 15:00:56,UPI
ORD000002164,CUST00000001,delivered,2024-07-17 08:05:19,2024-07-17 15:14:19,COD
ORD000002165,CUST00000006,shipped,2024-06-23 03:54:21,2024-06-23 07:02:21,UPI
ORD000002166,CUST00000003,delivered,2023-03-14 14:10:13,2023-03-14 19:57:13,UPI
ORD000002167,CUST00000001,delivered,2023-04-01 19:43:47,2023-04-01 20:10:47,COD
ORD000002168,CUST00000179,delivered,2024-10-24 12:44:53,2024-10-24 22:11:53,COD
ORD000002169,CUST00000002,delivered,2023-06-20 15:57:44,2023-06-20 22:21:44,UPI
ORD000002170,CUST00000001,cancelled,2023-09-18 21:26:06,2023-09-18 21:33:06,UPI
ORD000002171,CUST00000001,delivered,2024-06-05 21:28:06,2024-06-06 03:01:06,Debit Card
ORD000002172,CUST00000001,delivered,2023-02-17 15:48:30,2023-02-17 16:43:30,COD
ORD000002173,CUST00000001,delivered,2024-11-30 01:38:11,2024-11-30 06:19:11,Credit Card
ORD000002174,CUST00000001,processing,2023-01-15 18:56:13,2023-01-16 05:15:13,UPI
ORD000002175,CUST00000001,delivered,2024-10-10 18:10:57,2024-10-11 02:02:57,UPI
ORD000002176,CUST00000006,delivered,2023-10-16 07:16:57,2023-10-16 13:04:57,COD
ORD000002177,CUST00000001,delivered,2023-05-06 03:53:41,2023-05-06 10:03:41,COD
ORD000002178,CUST00000001,delivered,2023-10-23 03:10:27,2023-10-23 09:17:27,UPI
ORD000002179,CUST00000001,returned,2024-12-22 06:37:53,2024-12-22 07:51:53,COD
ORD000002180,CUST00000004,shipped,2024-01-21 17:50:23,2024-01-21 20:35:23,COD
ORD000002181,CUST00000012,processing,2023-02-16 22:42:12,2023-02-17 08:30:12,COD
ORD000002182,CUST00000004,processing,2024-11-24 03:41:09,2024-11-24 14:48:09,Wallet
ORD000002183,CUST00000001,cancelled,2023-05-01 09:57:23,2023-05-01 11:46:23,UPI
ORD000002184,CUST00000002,delivered,2023-02-12 20:01:11,2023-02-13 06:59:11,Credit Card
ORD000002185,CUST00000002,cancelled,2023-02-04 02:03:39,2023-02-04 02:29:39,Wallet
ORD000002186,CUST00000002,delivered,2024-10-03 22:37:56,2024-10-04 04:51:56,UPI
ORD000002187,CUST00000001,delivered,2023-05-09 00:26:13,2023-05-09 10:22:13,COD
ORD000002188,CUST00000001,delivered,2023-06-01 06:47:24,2023-06-01 09:27:24,COD
ORD000002189,CUST00000022,delivered,2024-11-27 00:46:45,2024-11-27 12:09:45,UPI
ORD000002190,CUST00000016,delivered,2024-04-02 18:15:50,2024-04-03 06:02:50,Debit Card
ORD000002191,CUST00000001,delivered,2023-09-02 10:14:53,2023-09-02 15:22:53,Credit Card
ORD000002192,CUST00000001,delivered,2024-03-11 10:29:46,2024-03-11 21:12:46,COD
ORD000002193,CUST00000012,delivered,2023-07-27 13:07:05,2023-07-27 14:08:05,Credit Card
ORD000002194,CUST00000008,delivered,2023-12-30 07:10:33,2023-12-30 13:27:33,COD
ORD000002195,CUST00000001,delivered,2023-10-06 18:10:06,2023-10-06 21:44:06,COD
ORD000002196,CUST00000008,delivered,2024-04-12 10:20:50,2024-04-12 17:52:50,COD
ORD000002197,CUST00000168,delivered,2024-08-09 19:06:10,2024-08-09 22:10:10,COD
ORD000002198,CUST00000001,delivered,2023-10-10 15:31:20,2023-10-10 20:50:20,COD
ORD000002199,CUST00000003,delivered,2023-05-01 16:11:55,2023-05-02 00:59:55,UPI
ORD000002200,CUST00000002,delivered,2023-10-12 23:42:49,2023-10-13 02:14:49,COD
ORD000002201,CUST00000001,delivered,2024-08-08 12:09:26,2024-08-08 22:16:26,Debit Card
ORD000002202,CUST00000472,delivered,2024-09-02 07:12:03,2024-09-02 15:24:03,COD
ORD000002203,CUST00000004,delivered,2024-09-01 17:28:12,2024-09-01 20:32:12,COD
ORD000002204,CUST00000001,cancelled,2024-12-23 16:56:33,2024-12-24 00:59:33,COD
ORD000002205,CUST00000001,delivered,2024-10-02 11:36:10,2024-10-02 15:28:10,COD
ORD000002206,CUST00000001,returned,2024-12-18 08:02:12,2024-12-18 14:38:12,COD
ORD000002207,CUST00000367,delivered,2024-04-15 22:19:37,2024-04-16 05:40:37,COD
ORD000002208,CUST00000001,delivered,2023-07-15 06:02:00,2023-07-15 15:49:00,COD
ORD000002209,CUST00000001,delivered,2024-03-30 01:53:33,2024-03-30 06:07:33,COD
ORD000002210,CUST00000021,cancelled,2023-06-17 15:09:51,2023-06-17 20:37:51,UPI
ORD000002211,CUST00000001,shipped,2023-03-11 01:57:04,2023-03-11 07:18:04,COD
ORD000002212,CUST00000005,delivered,2023-09-16 18:16:15,2023-09-17 04:36:15,COD
ORD000002213,CUST00000027,delivered,2023-10-18 20:12:45,2023-10-19 06:18:45,COD
ORD000002214,CUST00000001,delivered,2024-06-26 17:13:02,2024-06-26 19:53:02,COD
ORD000002215,CUST00000080,delivered,2023-10-18 05:40:02,2023-10-18 07:00:02,Credit Card
ORD000002216,CUST00000002,delivered,2023-01-01 22:37:19,2023-01-02 10:09:19,COD
ORD000002217,CUST00000022,returned,2024-11-05 02:07:32,2024-11-05 04:11:32,UPI
ORD000002218,CUST00000004,delivered,2024-03-14 02:34:36,2024-03-14 05:05:36,Debit Card
ORD000002219,CUST00000002,delivered,2023-06-29 07:17:53,2023-06-29 08:46:53,COD
ORD000002220,CUST00000002,delivered,2023-08-04 12:58:33,2023-08-04 14:57:33,Debit Card
ORD000002221,CUST00000003,delivered,2023-04-14 17:02:50,2023-04-14 17:52:50,UPI
ORD000002222,CUST00000003,shipped,2024-11-02 06:58:48,2024-11-02 14:14:48,UPI
ORD000002223,CUST00000001,delivered,2023-07-15 21:58:20,2023-07-16 04:07:20,Debit Card
ORD000002224,CUST00000001,delivered,2024-11-24 19:36:25,2024-11-24 20:47:25,COD
ORD000002225,CUST00000004,delivered,2023-08-14 05:32:20,2023-08-14 13:23:20,COD
ORD000002226,CUST00000001,returned,2024-09-13 01:29:19,2024-09-13 03:34:19,COD
ORD000002227,CUST00000003,delivered,2023-01-04 16:50:38,2023-01-04 23:19:38,UPI
ORD000002228,CUST00000001,delivered,2023-12-26 04:13:09,2023-12-26 12:59:09,COD
ORD000002229,CUST00000001,delivered,2023-10-21 06:45:49,2023-10-21 11:54:49,COD
ORD000002230,CUST00000006,shipped,2023-10-06 18:31:43,2023-10-06 22:16:43,Net Banking
ORD000002231,CUST00000019,delivered,2024-12-29 04:32:20,2024-12-29 15:17:20,COD
ORD000002232,CUST00000004,processing,2024-07-07 08:30:41,2024-07-07 18:07:41,COD
ORD000002233,CUST00000003,cancelled,2023-08-07 22:15:27,2023-08-08 08:23:27,COD
ORD000002234,CUST00000002,delivered,2024-08-03 16:21:47,2024-08-03 18:17:47,UPI
ORD000002235,CUST00000002,delivered,2023-04-18 14:52:49,2023-04-18 18:12:49,COD
ORD000002236,CUST00000001,returned,2024-11-11 23:57:50,2024-11-12 04:37:50,COD
ORD000002237,CUST00000001,delivered,2023-11-12 18:29:33,2023-11-12 20:34:33,Wallet
ORD000002238,CUST00000001,shipped,2023-06-11 11:02:10,2023-06-11 15:43:10,COD
ORD000002239,CUST00000001,shipped,2023-08-22 15:56:54,2023-08-22 18:58:54,COD
ORD000002240,CUST00000007,delivered,2023-05-11 12:47:29,2023-05-11 18:35:29,UPI
ORD000002241,CUST00000001,delivered,2024-11-15 08:43:27,2024-11-15 17:13:27,COD
ORD000002242,CUST00000001,delivered,2023-09-20 23:24:28,2023-09-21 04:22:28,COD
ORD000002243,CUST00000002,delivered,2023-04-30 14:14:23,2023-04-30 22:55:23,UPI
ORD000002244,CUST00000002,delivered,2024-09-25 17:54:48,2024-09-25 22:35:48,UPI
ORD000002245,CUST00000066,delivered,2023-07-01 09:50:23,2023-07-01 15:48:23,COD
ORD000002246,CUST00000012,delivered,2023-03-18 04:43:19,2023-03-18 08:42:19,Credit Card
ORD000002247,CUST00000001,shipped,2024-05-22 02:56:21,2024-05-22 04:01:21,Credit Card
ORD000002248,CUST00000003,delivered,2023-01-03 19:18:11,2023-01-03 19:33:11,UPI
ORD000002249,CUST00000002,delivered,2024-10-05 12:30:23,2024-10-05 14:46:23,UPI
ORD000002250,CUST00000001,delivered,2024-02-19 12:22:50,2024-02-19 19:47:50,Credit Card
ORD000002251,CUST00000001,delivered,2023-07-30 02:54:24,2023-07-30 04:10:24,COD
ORD000002252,CUST00000001,delivered,2023-12-23 18:53:48,2023-12-24 00:36:48,COD
ORD000002253,CUST00000032,cancelled,2023-08-13 06:19:36,2023-08-13 07:58:36,COD
ORD000002254,CUST00000002,delivered,2024-01-24 14:21:54,2024-01-24 18:52:54,COD
ORD000002255,CUST00000003,delivered,2024-02-27 08:24:27,2024-02-27 11:42:27,Wallet
ORD000002256,CUST00000001,delivered,2024-08-20 05:27:21,2024-08-20 08:03:21,COD
ORD000002257,CUST00000001,delivered,2023-12-16 03:55:02,2023-12-16 10:08:02,COD
ORD000002258,CUST00000001,delivered,2024-09-02 19:32:47,2024-09-03 06:14:47,COD
ORD000002259,CUST00000001,delivered,2023-02-25 02:16:47,2023-02-25 10:07:47,UPI
ORD000002260,CUST00000001,delivered,2024-11-07 00:02:55,2024-11-07 02:57:55,Credit Card
ORD000002261,CUST00000001,delivered,2023-06-06 07:21:33,2023-06-06 17:33:33,COD
ORD000002262,CUST00000005,delivered,2024-10-06 21:18:45,2024-10-07 08:21:45,Credit Card
ORD000002263,CUST00000013,delivered,2023-12-30 16:50:58,2023-12-31 01:56:58,COD
ORD000002264,CUST00000003,delivered,2023-03-28 19:38:47,2023-03-28 22:18:47,Debit Card
ORD000002265,CUST00000001,cancelled,2023-10-15 04:54:37,2023-10-15 06:58:37,Credit Card
ORD000002266,CUST00000003,delivered,2024-11-05 23:17:00,2024-11-06 10:56:00,COD
ORD000002267,CUST00000012,delivered,2024-10-05 02:49:25,2024-10-05 13:29:25,Debit Card
ORD000002268,CUST00000001,cancelled,2024-07-08 00:51:10,2024-07-08 05:56:10,COD
ORD000002269,CUST00000001,delivered,2023-10-24 11:27:00,2023-10-24 16:58:00,COD
ORD000002270,CUST00000002,delivered,2024-03-13 10:30:11,2024-03-13 16:55:11,COD
ORD000002271,CUST00000001,processing,2023-07-17 06:59:12,2023-07-17 17:39:12,COD
ORD000002272,CUST00000007,delivered,2024-05-04 04:03:32,2024-05-04 07:41:32,Net Banking
ORD000002273,CUST00001243,delivered,2023-08-12 07:42:31,2023-08-12 15:52:31,Credit Card
ORD000002274,CUST00000003,delivered,2024-10-04 08:58:32,2024-10-04 20:14:32,UPI
ORD000002275,CUST00000004,cancelled,2024-06-22 14:25:59,2024-06-22 18:04:59,Wallet
ORD000002276,CUST00000001,delivered,2023-10-26 08:38:05,2023-10-26 12:05:05,COD
ORD000002277,CUST00000212,delivered,2024-05-14 05:51:49,2024-05-14 07:32:49,COD
ORD000002278,CUST00000005,delivered,2023-10-03 14:20:29,2023-10-03 23:07:29,Credit Card
ORD000002279,CUST00000099,delivered,2023-05-11 13:58:55,2023-05-11 17:17:55,COD
ORD000002280,CUST00000001,delivered,2023-07-20 10:29:53,2023-07-20 10:48:53,Credit Card
ORD000002281,CUST00000006,delivered,2023-08-21 02:38:27,2023-08-21 08:42:27,COD
ORD000002282,CUST00000002,delivered,2023-07-12 23:10:25,2023-07-13 05:54:25,COD
ORD000002283,CUST00000003,delivered,2024-05-31 12:28:19,2024-05-31 12:45:19,COD
ORD000002284,CUST00000006,delivered,2024-07-23 06:39:59,2024-07-23 15:34:59,COD
ORD000002285,CUST00000029,delivered,2023-12-09 17:25:08,2023-12-10 00:09:08,COD
ORD000002286,CUST00000002,delivered,2024-12-28 10:03:00,2024-12-28 15:44:00,COD
ORD000002287,CUST00000012,delivered,2024-10-27 03:56:25,2024-10-27 08:06:25,COD
ORD000002288,CUST00000002,delivered,2023-03-12 16:48:56,2023-03-13 00:32:56,Credit Card
ORD000002289,CUST00001458,delivered,2023-12-11 02:13:29,2023-12-11 11:14:29,COD
ORD000002290,CUST00000001,cancelled,2024-11-02 06:38:13,2024-11-02 15:52:13,COD
ORD000002291,CUST00000001,delivered,2023-07-07 15:54:17,2023-07-07 20:36:17,COD
ORD000002292,CUST00000003,delivered,2023-10-24 17:22:17,2023-10-24 23:24:17,COD
ORD000002293,CUST00000002,cancelled,2024-11-30 23:47:21,2024-12-01 02:53:21,COD
ORD000002294,CUST00001174,delivered,2024-08-24 17:00:32,2024-08-24 19:40:32,COD
ORD000002295,CUST00000014,delivered,2024-10-05 05:33:41,2024-10-05 15:54:41,COD
ORD000002296,CUST00000001,delivered,2024-10-24 17:05:37,2024-10-24 21:53:37,Net Banking
ORD000002297,CUST00000006,processing,2023-05-25 18:02:13,2023-05-25 21:22:13,COD
ORD000002298,CUST00000011,delivered,2024-06-18 16:12:06,2024-06-19 00:59:06,COD
ORD000002299,CUST00000001,delivered,2024-09-16 17:54:24,2024-09-17 02:17:24,UPI
ORD000002300,CUST00000001,delivered,2023-07-12 19:37:08,2023-07-12 22:55:08,COD
ORD000002301,CUST00000001,delivered,2023-02-02 13:38:12,2023-02-02 15:47:12,COD
ORD000002302,CUST00000001,delivered,2023-05-31 23:52:42,2023-06-01 07:28:42,COD
ORD000002303,CUST00000004,returned,2024-07-25 15:27:56,2024-07-26 02:28:56,UPI
ORD000002304,CUST00000045,returned,2024-06-13 01:19:41,2024-06-13 03:10:41,Credit Card
ORD000002305,CUST00000001,delivered,2024-10-28 04:08:26,2024-10-28 07:04:26,COD
ORD000002306,CUST00000001,processing,2023-09-30 11:55:53,2023-09-30 23:05:53,Debit Card
ORD000002307,CUST00000001,shipped,2024-04-11 10:26:55,2024-04-11 19:14:55,COD
ORD000002308,CUST00000001,cancelled,2023-01-19 19:30:50,2023-01-20 02:46:50,UPI
ORD000002309,CUST00000019,processing,2024-11-19 16:08:28,2024-11-19 20:13:28,COD
ORD000002310,CUST00000001,cancelled,2024-02-12 00:00:04,2024-02-12 05:39:04,Debit Card
ORD000002311,CUST00000001,delivered,2024-07-31 10:56:10,2024-07-31 13:16:10,COD
ORD000002312,CUST00000002,delivered,2023-09-01 13:05:01,2023-09-01 22:50:01,COD
ORD000002313,CUST00000006,delivered,2023-03-08 23:32:19,2023-03-09 05:35:19,COD
ORD000002314,CUST00001505,delivered,2023-02-19 15:50:06,2023-02-20 01:24:06,Wallet
ORD000002315,CUST00000004,cancelled,2024-09-27 04:19:44,2024-09-27 14:51:44,COD
ORD000002316,CUST00000001,returned,2023-05-08 04:36:06,2023-05-08 05:50:06,COD
ORD000002317,CUST00000615,processing,2024-10-02 07:35:00,2024-10-02 17:56:00,Wallet
ORD000002318,CUST00000006,shipped,2023-08-15 09:37:10,2023-08-15 13:21:10,Credit Card
ORD000002319,CUST00000001,delivered,2024-01-31 02:36:27,2024-01-31 06:35:27,UPI
ORD000002320,CUST00000007,delivered,2023-08-12 18:56:48,2023-08-13 00:28:48,COD
ORD000002321,CUST00000003,delivered,2023-02-08 01:37:34,2023-02-08 05:14:34,COD
ORD000002322,CUST00000001,delivered,2024-02-01 01:36:01,2024-02-01 05:44:01,Wallet
ORD000002323,CUST00000001,delivered,2023-10-20 03:03:13,2023-10-20 11:23:13,COD
ORD000002324,CUST00000001,delivered,2023-11-19 03:14:12,2023-11-19 07:05:12,Credit Card
ORD000002325,CUST00000001,delivered,2024-03-24 13:32:12,2024-03-24 20:51:12,UPI
ORD000002326,CUST00000003,delivered,2023-09-26 19:38:01,2023-09-26 23:54:01,Wallet
ORD000002327,CUST00000007,delivered,2024-02-20 22:37:14,2024-02-21 02:34:14,UPI
ORD000002328,CUST00000003,delivered,2024-05-12 19:25:15,2024-05-12 21:11:15,COD
ORD000002329,CUST00000002,shipped,2023-03-14 16:27:28,2023-03-15 02:49:28,Credit Card
ORD000002330,CUST00000001,delivered,2023-10-10 14:10:10,2023-10-10 15:40:10,Net Banking
ORD000002331,CUST00000001,shipped,2023-03-15 07:25:34,2023-03-15 14:05:34,Debit Card
ORD000002332,CUST00000014,delivered,2023-01-03 09:59:18,2023-01-03 13:10:18,COD
ORD000002333,CUST00000002,delivered,2023-02-09 20:56:20,2023-02-10 08:47:20,COD
ORD000002334,CUST00000001,delivered,2024-03-16 02:32:08,2024-03-16 03:27:08,Credit Card
ORD000002335,CUST00000002,shipped,2023-03-10 19:48:34,2023-03-11 00:57:34,UPI
ORD000002336,CUST00000006,cancelled,2024-10-20 19:28:28,2024-10-21 01:37:28,COD
ORD000002337,CUST00000001,delivered,2024-08-10 01:22:50,2024-08-10 13:12:50,COD
ORD000002338,CUST00000006,delivered,2023-01-03 05:48:06,2023-01-03 07:42:06,COD
ORD000002339,CUST00000001,processing,2024-02-28 07:26:24,2024-02-28 17:26:24,COD
ORD000002340,CUST00000001,cancelled,2023-01-04 21:54:59,2023-01-04 22:47:59,COD
ORD000002341,CUST00000001,delivered,2023-04-01 10:31:55,2023-04-01 14:03:55,Wallet
ORD000002342,CUST00000001,delivered,2024-12-28 18:37:12,2024-12-29 04:40:12,UPI
ORD000002343,CUST00000001,delivered,2023-12-09 14:24:59,2023-12-09 18:58:59,COD
ORD000002344,CUST00000001,cancelled,2023-01-19 01:56:32,2023-01-19 09:01:32,UPI
ORD000002345,CUST00000001,delivered,2024-10-10 16:00:19,2024-10-10 20:44:19,COD
ORD000002346,CUST00000001,delivered,2024-11-05 15:15:06,2024-11-06 02:02:06,Credit Card
ORD000002347,CUST00000003,returned,2024-02-07 20:54:00,2024-02-07 22:04:00,Debit Card
ORD000002348,CUST00000003,delivered,2024-06-23 22:05:42,2024-06-24 09:53:42,COD
ORD000002349,CUST00000008,delivered,2024-08-27 14:05:51,2024-08-27 16:57:51,Net Banking
ORD000002350,CUST00000002,returned,2024-07-19 21:06:00,2024-07-20 04:15:00,COD
ORD000002351,CUST00000014,delivered,2023-12-30 03:20:42,2023-12-30 06:31:42,UPI
ORD000002352,CUST00000006,delivered,2024-10-05 14:43:13,2024-10-06 00:17:13,Debit Card
ORD000002353,CUST00000002,delivered,2024-01-19 13:51:37,2024-01-19 22:19:37,Credit Card
ORD000002354,CUST00000002,delivered,2023-08-10 04:07:37,2023-08-10 06:06:37,COD
ORD000002355,CUST00000004,delivered,2023-01-02 12:55:53,2023-01-02 15:56:53,COD
ORD000002356,CUST00000001,delivered,2023-10-14 16:19:32,2023-10-15 00:43:32,COD
ORD000002357,CUST00000003,delivered,2023-03-08 09:57:53,2023-03-08 16:01:53,COD
ORD000002358,CUST00000003,delivered,2023-02-19 15:59:14,2023-02-19 22:36:14,COD
ORD000002359,CUST00000005,shipped,2023-12-19 17:53:03,2023-12-19 22:20:03,COD
ORD000002360,CUST00000003,delivered,2024-11-26 14:07:46,2024-11-26 22:15:46,UPI
ORD000002361,CUST00000001,delivered,2023-03-28 09:33:19,2023-03-28 20:42:19,COD
ORD000002362,CUST00000001,cancelled,2023-08-23 06:22:40,2023-08-23 07:41:40,COD
ORD000002363,CUST00000001,delivered,2024-10-04 15:51:31,2024-10-05 00:11:31,UPI
ORD000002364,CUST00000001,delivered,2023-10-31 21:36:25,2023-11-01 08:50:25,COD
ORD000002365,CUST00000002,delivered,2024-08-09 11:05:02,2024-08-09 13:48:02,UPI
ORD000002366,CUST00000021,delivered,2024-02-01 12:03:42,2024-02-01 17:06:42,Credit Card
ORD000002367,CUST00000001,delivered,2024-03-26 21:53:27,2024-03-27 04:43:27,COD
ORD000002368,CUST00000004,delivered,2023-05-16 07:07:50,2023-05-16 16:26:50,COD
ORD000002369,CUST00000004,cancelled,2023-10-11 19:22:57,2023-10-12 03:38:57,UPI
ORD000002370,CUST00000002,delivered,2024-04-11 06:07:31,2024-04-11 18:00:31,COD
ORD000002371,CUST00000002,delivered,2023-01-18 06:11:26,2023-01-18 12:54:26,COD
ORD000002372,CUST00000002,shipped,2023-06-09 06:44:39,2023-06-09 17:13:39,Credit Card
ORD000002373,CUST00000001,returned,2023-10-26 01:15:47,2023-10-26 07:31:47,Credit Card
ORD000002374,CUST00000004,delivered,2024-05-27 11:03:58,2024-05-27 14:50:58,COD
ORD000002375,CUST00000015,delivered,2024-01-04 08:29:21,2024-01-04 16:36:21,COD
ORD000002376,CUST00000032,delivered,2024-07-05 05:32:25,2024-07-05 10:24:25,Credit Card
ORD000002377,CUST00000001,delivered,2024-07-12 18:09:29,2024-07-13 02:04:29,COD
ORD000002378,CUST00000180,delivered,2023-01-22 12:25:04,2023-01-22 20:13:04,UPI
ORD000002379,CUST00000001,delivered,2024-10-31 04:41:57,2024-10-31 05:38:57,COD
ORD000002380,CUST00000001,shipped,2024-10-02 04:36:30,2024-10-02 11:05:30,COD
ORD000002381,CUST00000003,delivered,2023-08-20 19:25:43,2023-08-20 19:39:43,COD
ORD000002382,CUST00000003,returned,2023-12-27 06:30:10,2023-12-27 11:28:10,Credit Card
ORD000002383,CUST00000008,delivered,2023-09-22 09:28:30,2023-09-22 17:22:30,COD
ORD000002384,CUST00000004,delivered,2024-11-02 02:52:19,2024-11-02 10:44:19,Wallet
ORD000002385,CUST00000001,shipped,2023-10-25 19:18:04,2023-10-25 20:36:04,Credit Card
ORD000002386,CUST00000133,delivered,2023-10-29 08:34:38,2023-10-29 19:29:38,Credit Card
ORD000002387,CUST00000003,delivered,2024-11-03 16:55:03,2024-11-04 01:47:03,Credit Card
ORD000002388,CUST00000001,delivered,2024-03-23 09:44:35,2024-03-23 13:30:35,COD
ORD000002389,CUST00000028,delivered,2023-04-26 19:14:20,2023-04-27 00:40:20,COD
ORD000002390,CUST00000002,delivered,2024-04-14 09:41:21,2024-04-14 11:17:21,COD
ORD000002391,CUST00000010,delivered,2024-09-09 21:29:42,2024-09-10 01:53:42,COD
ORD000002392,CUST00000003,delivered,2023-10-07 17:23:50,2023-10-08 01:31:50,COD
ORD000002393,CUST00000001,returned,2024-01-19 11:32:27,2024-01-19 22:07:27,Credit Card
ORD000002394,CUST00000001,delivered,2024-04-15 11:36:02,2024-04-15 18:42:02,Credit Card
ORD000002395,CUST00000002,shipped,2024-01-05 14:53:16,2024-01-05 18:20:16,COD
ORD000002396,CUST00000018,processing,2024-12-31 16:37:55,2025-01-01 03:29:55,COD
ORD000002397,CUST00000002,delivered,2024-01-03 16:57:27,2024-01-03 23:31:27,UPI
ORD000002398,CUST00000009,delivered,2024-04-30 00:47:43,2024-04-30 09:43:43,UPI
ORD000002399,CUST00000001,cancelled,2024-09-08 06:21:28,2024-09-08 14:52:28,Wallet
ORD000002400,CUST00000029,delivered,2023-04-24 10:28:41,2023-04-24 15:16:41,COD
ORD000002401,CUST00000036,delivered,2023-02-03 12:53:15,2023-02-03 13:12:15,COD
ORD000002402,CUST00000001,delivered,2024-12-22 02:09:18,2024-12-22 09:46:18,Debit Card
ORD000002403,CUST00000001,delivered,2024-07-17 04:47:31,2024-07-17 15:29:31,COD
ORD000002404,CUST00000003,delivered,2023-10-28 11:05:25,2023-10-28 21:26:25,Credit Card
ORD000002405,CUST00000010,returned,2023-01-10 10:43:43,2023-01-10 21:02:43,COD
ORD000002406,CUST00000001,delivered,2023-05-21 14:45:53,2023-05-21 18:58:53,COD
ORD000002407,CUST00000005,delivered,2023-01-04 01:40:16,2023-01-04 12:32:16,UPI
ORD000002408,CUST00000001,delivered,2023-10-29 19:07:18,2023-10-29 19:21:18,Credit Card
ORD000002409,CUST00000003,delivered,2024-02-12 07:13:42,2024-02-12 11:04:42,COD
ORD000002410,CUST00000032,delivered,2023-05-15 13:12:18,2023-05-15 20:44:18,Credit Card
ORD000002411,CUST00000002,delivered,2024-04-27 22:44:09,2024-04-28 02:31:09,Debit Card
ORD000002412,CUST00000001,delivered,2024-12-06 09:06:28,2024-12-06 09:29:28,Credit Card
ORD000002413,CUST00000003,delivered,2024-12-29 07:31:30,2024-12-29 09:40:30,Wallet
ORD000002414,CUST00000001,delivered,2024-10-05 06:20:49,2024-10-05 17:35:49,Debit Card
ORD000002415,CUST00000026,delivered,2023-11-27 15:39:27,2023-11-27 20:50:27,Credit Card
ORD000002416,CUST00000008,delivered,2024-02-06 22:58:43,2024-02-07 01:03:43,UPI
ORD000002417,CUST00000085,delivered,2024-01-02 13:26:06,2024-01-02 20:53:06,Credit Card
ORD000002418,CUST00000003,delivered,2023-05-11 04:45:31,2023-05-11 09:17:31,Net Banking
ORD000002419,CUST00000002,delivered,2024-10-12 22:42:23,2024-10-13 03:28:23,UPI
ORD000002420,CUST00000001,delivered,2024-05-28 01:01:04,2024-05-28 12:22:04,COD
ORD000002421,CUST00000001,delivered,2024-04-25 09:50:53,2024-04-25 16:23:53,COD
ORD000002422,CUST00000039,delivered,2023-07-07 03:01:15,2023-07-07 04:03:15,Credit Card
ORD000002423,CUST00000001,delivered,2023-05-09 00:47:49,2023-05-09 12:05:49,Net Banking
ORD000002424,CUST00000002,delivered,2024-10-22 23:56:24,2024-10-23 00:04:24,COD
ORD000002425,CUST00000010,delivered,2023-06-01 02:02:24,2023-06-01 10:18:24,Net Banking
ORD000002426,CUST00000002,delivered,2023-03-01 21:44:48,2023-03-01 23:03:48,COD
ORD000002427,CUST00000001,processing,2024-04-14 13:04:46,2024-04-14 16:23:46,COD
ORD000002428,CUST00000005,delivered,2024-06-22 07:41:10,2024-06-22 19:31:10,Debit Card
ORD000002429,CUST00000003,delivered,2023-04-10 20:42:31,2023-04-10 22:47:31,Wallet
ORD000002430,CUST00001093,delivered,2023-06-25 00:05:32,2023-06-25 11:44:32,UPI
ORD000002431,CUST00000004,cancelled,2024-09-04 16:34:05,2024-09-04 20:08:05,Wallet
ORD000002432,CUST00000160,delivered,2024-11-14 18:24:46,2024-11-14 23:03:46,Credit Card
ORD000002433,CUST00000001,delivered,2023-12-24 08:44:06,2023-12-24 19:59:06,Debit Card
ORD000002434,CUST00000001,processing,2024-09-07 07:12:46,2024-09-07 16:08:46,Debit Card
ORD000002435,CUST00000008,delivered,2023-10-01 00:13:10,2023-10-01 03:48:10,COD
ORD000002436,CUST00000282,delivered,2024-06-21 00:31:53,2024-06-21 09:22:53,COD
ORD000002437,CUST00000003,delivered,2024-02-14 01:03:18,2024-02-14 06:49:18,COD
ORD000002438,CUST00000001,shipped,2024-10-08 10:57:30,2024-10-08 12:13:30,COD
ORD000002439,CUST00000002,delivered,2024-08-24 12:44:20,2024-08-24 15:49:20,COD
ORD000002440,CUST00000003,cancelled,2023-09-01 10:10:47,2023-09-01 13:03:47,COD
ORD000002441,CUST00000002,delivered,2023-05-06 16:51:36,2023-05-06 22:34:36,COD
ORD000002442,CUST00000001,processing,2024-09-21 08:40:55,2024-09-21 19:20:55,UPI
ORD000002443,CUST00000001,delivered,2023-01-24 18:58:08,2023-01-25 01:49:08,COD
ORD000002444,CUST00000003,delivered,2024-05-31 15:40:50,2024-05-31 17:43:50,COD
ORD000002445,CUST00000010,delivered,2023-12-24 22:29:17,2023-12-25 05:48:17,COD
ORD000002446,CUST00000002,cancelled,2023-03-02 17:25:27,2023-03-02 23:42:27,COD
ORD000002447,CUST00000017,delivered,2024-06-08 03:04:18,2024-06-08 07:46:18,UPI
ORD000002448,CUST00000001,delivered,2023-12-26 13:25:13,2023-12-26 16:24:13,Debit Card
ORD000002449,CUST00000010,delivered,2024-10-15 15:46:31,2024-10-16 00:20:31,UPI
ORD000002450,CUST00000001,delivered,2023-06-27 00:20:08,2023-06-27 07:03:08,UPI
ORD000002451,CUST00000001,delivered,2023-01-01 01:03:22,2023-01-01 06:15:22,Net Banking
ORD000002452,CUST00000060,delivered,2023-04-19 00:32:16,2023-04-19 02:57:16,UPI
ORD000002453,CUST00000014,delivered,2023-08-19 04:06:50,2023-08-19 05:37:50,COD
ORD000002454,CUST00000001,shipped,2024-05-08 21:09:42,2024-05-08 23:48:42,COD
ORD000002455,CUST00000004,delivered,2023-10-18 05:45:50,2023-10-18 13:13:50,UPI
ORD000002456,CUST00000026,returned,2023-04-09 04:28:28,2023-04-09 05:06:28,UPI
ORD000002457,CUST00000003,delivered,2024-12-26 10:42:24,2024-12-26 11:38:24,Credit Card
ORD000002458,CUST00000001,delivered,2023-03-31 09:33:12,2023-03-31 21:25:12,COD
ORD000002459,CUST00000868,delivered,2023-10-12 23:50:24,2023-10-13 03:06:24,Net Banking
ORD000002460,CUST00000001,delivered,2024-10-23 02:29:04,2024-10-23 03:54:04,COD
ORD000002461,CUST00000002,delivered,2024-05-08 20:10:47,2024-05-09 07:44:47,Wallet
ORD000002462,CUST00000001,processing,2023-10-01 05:30:11,2023-10-01 10:32:11,COD
ORD000002463,CUST00000001,delivered,2024-12-20 07:26:20,2024-12-20 07:31:20,COD
ORD000002464,CUST00000010,delivered,2024-01-01 11:38:54,2024-01-01 16:41:54,COD
ORD000002465,CUST00000001,delivered,2023-01-03 23:24:35,2023-01-03 23:43:35,COD
ORD000002466,CUST00000001,shipped,2023-01-02 05:39:11,2023-01-02 09:21:11,COD
ORD000002467,CUST00000001,delivered,2024-11-24 08:15:16,2024-11-24 19:35:16,Debit Card
ORD000002468,CUST00000001,processing,2023-08-29 15:49:04,2023-08-30 01:21:04,COD
ORD000002469,CUST00000004,delivered,2024-09-24 16:04:52,2024-09-24 21:07:52,COD
ORD000002470,CUST00000011,delivered,2023-02-02 08:48:55,2023-02-02 12:54:55,COD
ORD000002471,CUST00000003,cancelled,2023-05-04 03:09:01,2023-05-04 10:11:01,UPI
ORD000002472,CUST00000002,delivered,2024-10-12 18:55:23,2024-10-13 02:27:23,COD
ORD000002473,CUST00000001,delivered,2024-12-30 21:36:39,2024-12-31 06:43:39,COD
ORD000002474,CUST00000001,cancelled,2023-02-10 14:26:48,2023-02-10 20:59:48,Debit Card
ORD000002475,CUST00000001,delivered,2023-05-22 20:56:50,2023-05-22 21:56:50,COD
ORD000002476,CUST00000004,delivered,2024-07-08 06:05:42,2024-07-08 16:27:42,Wallet
ORD000002477,CUST00000001,cancelled,2024-01-21 20:44:12,2024-01-22 00:49:12,COD
ORD000002478,CUST00000013,delivered,2023-11-01 19:24:04,2023-11-02 05:14:04,UPI
ORD000002479,CUST00000087,returned,2023-06-14 21:39:24,2023-06-15 07:23:24,UPI
ORD000002480,CUST00000001,processing,2024-11-28 22:22:12,2024-11-29 01:02:12,COD
ORD000002481,CUST00000007,delivered,2023-05-26 08:17:21,2023-05-26 14:30:21,UPI
ORD000002482,CUST00000007,delivered,2023-08-15 02:52:51,2023-08-15 11:53:51,COD
ORD000002483,CUST00000001,delivered,2023-10-02 17:58:34,2023-10-02 22:18:34,COD
ORD000002484,CUST00000001,delivered,2023-04-26 16:04:18,2023-04-27 01:35:18,Debit Card
ORD000002485,CUST00000010,delivered,2024-01-27 15:32:37,2024-01-27 21:51:37,Wallet
ORD000002486,CUST00000001,shipped,2023-10-08 15:08:20,2023-10-09 02:10:20,COD
ORD000002487,CUST00000001,returned,2024-03-30 00:58:47,2024-03-30 11:44:47,UPI
ORD000002488,CUST00000017,returned,2023-10-21 16:04:23,2023-10-22 03:37:23,COD
ORD000002489,CUST00000003,returned,2023-04-07 11:37:11,2023-04-07 14:19:11,COD
ORD000002490,CUST00000001,delivered,2024-10-22 00:44:54,2024-10-22 09:35:54,COD
ORD000002491,CUST00000001,delivered,2024-01-04 20:31:57,2024-01-05 05:33:57,UPI
ORD000002492,CUST00000001,delivered,2023-10-01 00:40:30,2023-10-01 06:06:30,UPI
ORD000002493,CUST00000002,delivered,2023-01-09 05:36:15,2023-01-09 07:41:15,COD
ORD000002494,CUST00000002,cancelled,2024-03-21 07:04:31,2024-03-21 10:38:31,Wallet
ORD000002495,CUST00000001,processing,2024-08-30 18:47:18,2024-08-31 01:00:18,Credit Card
ORD000002496,CUST00000001,processing,2024-05-05 01:55:32,2024-05-05 12:18:32,COD
ORD000002497,CUST00000567,delivered,2024-09-03 09:13:31,2024-09-03 20:12:31,COD
ORD000002498,CUST00000001,delivered,2023-05-11 08:47:09,2023-05-11 19:46:09,UPI
ORD000002499,CUST00000001,delivered,2024-12-21 09:57:15,2024-12-21 21:18:15,COD
ORD000002500,CUST00000022,delivered,2023-06-29 20:56:17,2023-06-29 22:10:17,COD
ORD000002501,CUST00000003,delivered,2023-08-17 07:48:28,2023-08-17 19:44:28,COD
ORD000002502,CUST00000001,shipped,2024-01-06 08:30:23,2024-01-06 15:11:23,COD
ORD000002503,CUST00000001,delivered,2023-01-02 09:48:44,2023-01-02 11:04:44,COD
ORD000002504,CUST00000003,delivered,2023-11-26 09:25:41,2023-11-26 11:02:41,UPI
ORD000002505,CUST00000001,processing,2023-06-15 22:53:54,2023-06-16 02:00:54,Credit Card
ORD000002506,CUST00000003,delivered,2024-07-31 06:25:13,2024-07-31 09:29:13,Wallet
ORD000002507,CUST00000014,delivered,2024-08-08 02:43:26,2024-08-08 04:07:26,Credit Card
ORD000002508,CUST00000109,shipped,2024-04-06 10:07:06,2024-04-06 14:45:06,COD
ORD000002509,CUST00000001,cancelled,2023-11-08 02:00:21,2023-11-08 08:35:21,COD
ORD000002510,CUST00000021,delivered,2023-09-24 19:08:25,2023-09-24 22:55:25,COD
ORD000002511,CUST00000001,delivered,2024-10-03 21:24:46,2024-10-04 05:26:46,Wallet
ORD000002512,CUST00000003,delivered,2024-01-03 19:56:29,2024-01-04 04:32:29,COD
ORD000002513,CUST00000234,delivered,2023-12-30 19:19:01,2023-12-31 00:09:01,COD
ORD000002514,CUST00000012,delivered,2023-04-04 10:06:19,2023-04-04 11:07:19,UPI
ORD000002515,CUST00000009,delivered,2023-07-05 16:45:40,2023-07-05 20:32:40,COD
ORD000002516,CUST00000001,delivered,2023-10-16 09:31:28,2023-10-16 16:54:28,Net Banking
ORD000002517,CUST00000033,delivered,2024-06-17 20:30:31,2024-06-18 01:15:31,COD
ORD000002518,CUST00000001,delivered,2024-10-09 04:40:53,2024-10-09 11:40:53,COD
ORD000002519,CUST00000002,delivered,2024-12-29 03:22:34,2024-12-29 13:29:34,Wallet
ORD000002520,CUST00000008,delivered,2023-11-12 23:24:51,2023-11-13 08:51:51,COD
ORD000002521,CUST00000001,delivered,2023-12-05 08:39:07,2023-12-05 16:09:07,COD
ORD000002522,CUST00000004,delivered,2024-08-15 07:27:49,2024-08-15 08:41:49,UPI
ORD000002523,CUST00000019,delivered,2023-10-01 16:02:33,2023-10-02 01:00:33,UPI
ORD000002524,CUST00000207,delivered,2024-01-31 08:13:24,2024-01-31 12:15:24,COD
ORD000002525,CUST00000027,delivered,2024-05-29 17:56:14,2024-05-29 22:57:14,COD
ORD000002526,CUST00000001,shipped,2023-07-21 10:18:59,2023-07-21 18:41:59,COD
ORD000002527,CUST00000012,delivered,2023-08-28 18:48:56,2023-08-29 04:48:56,COD
ORD000002528,CUST00000005,delivered,2023-10-12 01:55:49,2023-10-12 10:28:49,COD
ORD000002529,CUST00000003,delivered,2024-03-03 17:27:42,2024-03-03 21:07:42,COD
ORD000002530,CUST00000009,shipped,2023-08-20 07:53:05,2023-08-20 13:19:05,UPI
ORD000002531,CUST00000003,delivered,2023-06-26 10:09:01,2023-06-26 14:33:01,UPI
ORD000002532,CUST00000017,delivered,2023-05-06 22:20:02,2023-05-07 03:55:02,COD
ORD000002533,CUST00000023,delivered,2024-09-22 11:34:25,2024-09-22 20:39:25,COD
ORD000002534,CUST00000033,delivered,2024-10-26 01:47:10,2024-10-26 13:21:10,COD
ORD000002535,CUST00000021,delivered,2024-11-01 11:00:05,2024-11-01 15:44:05,COD
ORD000002536,CUST00000002,delivered,2024-10-01 05:46:17,2024-10-01 09:44:17,Wallet
ORD000002537,CUST00000001,delivered,2023-04-25 11:23:37,2023-04-25 21:59:37,COD
ORD000002538,CUST00000004,delivered,2023-03-22 05:13:33,2023-03-22 07:05:33,Debit Card
ORD000002539,CUST00000001,delivered,2023-12-31 15:25:59,2023-12-31 20:09:59,UPI
ORD000002540,CUST00000001,delivered,2024-01-14 05:38:30,2024-01-14 17:04:30,Credit Card
ORD000002541,CUST00000001,shipped,2024-07-17 11:10:06,2024-07-17 21:45:06,Debit Card
ORD000002542,CUST00000001,delivered,2023-07-09 22:54:38,2023-07-10 08:37:38,Credit Card
ORD000002543,CUST00000003,delivered,2024-11-16 15:18:28,2024-11-17 01:58:28,UPI
ORD000002544,CUST00000015,delivered,2023-09-23 17:00:19,2023-09-23 19:54:19,COD
ORD000002545,CUST00000002,delivered,2024-03-03 18:32:10,2024-03-03 19:18:10,UPI
ORD000002546,CUST00001593,delivered,2024-10-19 22:04:30,2024-10-20 08:21:30,COD
ORD000002547,CUST00000008,delivered,2024-01-16 21:16:01,2024-01-17 03:12:01,COD
ORD000002548,CUST00000001,delivered,2024-08-04 20:34:57,2024-08-04 23:39:57,Debit Card
ORD000002549,CUST00000002,delivered,2024-07-31 08:11:06,2024-07-31 13:57:06,UPI
ORD000002550,CUST00000020,delivered,2024-09-05 14:59:38,2024-09-06 00:55:38,COD
ORD000002551,CUST00000001,delivered,2024-09-23 19:38:03,2024-09-24 01:34:03,Debit Card
ORD000002552,CUST00000001,delivered,2023-10-28 13:26:07,2023-10-28 21:00:07,COD
ORD000002553,CUST00000002,delivered,2023-10-19 03:03:08,2023-10-19 09:15:08,Debit Card
ORD000002554,CUST00000001,delivered,2024-09-17 12:13:06,2024-09-17 18:03:06,Credit Card
ORD000002555,CUST00000032,delivered,2024-03-05 05:11:17,2024-03-05 16:37:17,COD
ORD000002556,CUST00000004,delivered,2024-03-30 16:32:55,2024-03-31 03:40:55,COD
ORD000002557,CUST00000003,returned,2023-11-03 20:37:52,2023-11-04 01:45:52,Wallet
ORD000002558,CUST00000001,delivered,2023-06-20 16:50:37,2023-06-21 02:33:37,COD
ORD000002559,CUST00000002,delivered,2023-12-09 13:13:19,2023-12-09 21:54:19,Net Banking
ORD000002560,CUST00000011,delivered,2024-12-19 14:23:13,2024-12-19 16:00:13,COD
ORD000002561,CUST00000001,delivered,2023-09-07 12:55:28,2023-09-07 23:05:28,COD
ORD000002562,CUST00000001,delivered,2023-08-21 10:46:28,2023-08-21 19:15:28,UPI
ORD000002563,CUST00000001,processing,2023-04-20 05:26:50,2023-04-20 15:43:50,COD
ORD000002564,CUST00000205,returned,2023-12-26 16:12:31,2023-12-27 01:41:31,COD
ORD000002565,CUST00000001,delivered,2023-09-04 08:23:16,2023-09-04 19:36:16,UPI
ORD000002566,CUST00000003,cancelled,2024-06-07 03:45:37,2024-06-07 10:16:37,COD
ORD000002567,CUST00000001,delivered,2023-04-23 19:12:16,2023-04-23 20:00:16,COD
ORD000002568,CUST00000001,delivered,2023-07-30 13:14:12,2023-07-30 16:36:12,Credit Card
ORD000002569,CUST00000001,delivered,2023-02-18 12:29:19,2023-02-18 14:18:19,COD
ORD000002570,CUST00000001,delivered,2023-01-31 12:27:47,2023-01-31 15:19:47,UPI
ORD000002571,CUST00000012,shipped,2024-09-26 01:52:01,2024-09-26 08:46:01,UPI
ORD000002572,CUST00000001,delivered,2024-11-01 12:49:55,2024-11-02 00:30:55,UPI
ORD000002573,CUST00000004,delivered,2024-08-13 13:02:47,2024-08-13 22:12:47,COD
ORD000002574,CUST00000007,delivered,2024-10-19 12:15:34,2024-10-19 17:32:34,Wallet
ORD000002575,CUST00000001,delivered,2023-03-12 00:10:04,2023-03-12 06:05:04,COD
ORD000002576,CUST00000001,delivered,2024-10-30 18:00:22,2024-10-31 00:15:22,Wallet
ORD000002577,CUST00000028,delivered,2023-12-16 14:44:14,2023-12-16 19:42:14,Credit Card
ORD000002578,CUST00000002,processing,2024-08-17 18:10:47,2024-08-18 01:22:47,UPI
ORD000002579,CUST00000065,delivered,2024-04-06 12:05:32,2024-04-06 23:23:32,COD
ORD000002580,CUST00000004,delivered,2023-10-10 07:54:35,2023-10-10 09:10:35,COD
ORD000002581,CUST00000009,cancelled,2023-08-15 19:59:47,2023-08-16 00:18:47,COD
ORD000002582,CUST00001396,delivered,2023-04-08 08:25:05,2023-04-08 09:28:05,UPI
ORD000002583,CUST00000001,delivered,2023-11-04 10:52:42,2023-11-04 21:05:42,COD
ORD000002584,CUST00000004,processing,2023-12-30 00:23:44,2023-12-30 02:49:44,COD
ORD000002585,CUST00000008,delivered,2024-12-26 03:54:27,2024-12-26 11:46:27,COD
ORD000002586,CUST00000001,delivered,2023-01-28 02:43:08,2023-01-28 03:34:08,COD
ORD000002587,CUST00000001,delivered,2024-03-14 10:09:51,2024-03-14 15:54:51,COD
ORD000002588,CUST00000001,delivered,2024-01-17 06:17:44,2024-01-17 17:04:44,COD
ORD000002589,CUST00000004,delivered,2023-01-15 07:58:43,2023-01-15 19:23:43,COD
ORD000002590,CUST00000008,delivered,2023-10-04 18:22:37,2023-10-04 20:12:37,COD
ORD000002591,CUST00000001,delivered,2023-11-09 16:23:30,2023-11-10 00:20:30,COD
ORD000002592,CUST00000002,delivered,2023-12-30 19:08:57,2023-12-30 21:54:57,UPI
ORD000002593,CUST00000002,delivered,2023-07-18 19:34:50,2023-07-19 04:20:50,Wallet
ORD000002594,CUST00000232,delivered,2023-01-25 05:57:08,2023-01-25 12:26:08,COD
ORD000002595,CUST00000034,delivered,2023-09-09 14:46:28,2023-09-10 00:21:28,UPI
ORD000002596,CUST00000003,delivered,2024-10-06 20:52:26,2024-10-07 07:37:26,COD
ORD000002597,CUST00000001,delivered,2024-09-21 07:18:52,2024-09-21 11:36:52,UPI
ORD000002598,CUST00000011,delivered,2023-06-02 09:01:00,2023-06-02 09:41:00,COD
ORD000002599,CUST00000979,shipped,2024-05-02 12:45:17,2024-05-02 16:36:17,Credit Card
ORD000002600,CUST00000005,delivered,2024-11-09 19:09:11,2024-11-09 21:48:11,UPI
ORD000002601,CUST00000002,delivered,2023-05-26 03:32:03,2023-05-26 05:06:03,UPI
ORD000002602,CUST00000001,delivered,2023-04-18 11:12:16,2023-04-18 19:49:16,COD
ORD000002603,CUST00000001,delivered,2023-01-14 05:49:00,2023-01-14 16:39:00,Credit Card
ORD000002604,CUST00000008,delivered,2023-05-26 17:06:08,2023-05-26 23:22:08,COD
ORD000002605,CUST00000001,delivered,2024-09-26 05:48:21,2024-09-26 12:13:21,COD
ORD000002606,CUST00000001,delivered,2024-09-26 08:33:05,2024-09-26 15:43:05,Credit Card
ORD000002607,CUST00000130,delivered,2024-01-31 08:18:47,2024-01-31 19:05:47,UPI
ORD000002608,CUST00000002,delivered,2023-10-05 01:41:40,2023-10-05 01:58:40,Credit Card
ORD000002609,CUST00000001,delivered,2024-09-20 16:02:04,2024-09-20 22:23:04,UPI
ORD000002610,CUST00000337,delivered,2023-06-15 06:05:50,2023-06-15 16:29:50,Credit Card
ORD000002611,CUST00000001,delivered,2023-04-28 11:46:47,2023-04-28 13:46:47,COD
ORD000002612,CUST00000001,shipped,2023-03-14 16:43:48,2023-03-14 23:41:48,COD
ORD000002613,CUST00000006,delivered,2024-10-11 18:53:05,2024-10-11 19:03:05,COD
ORD000002614,CUST00000001,delivered,2024-07-01 22:01:51,2024-07-02 08:02:51,UPI
ORD000002615,CUST00000001,delivered,2024-04-13 03:01:34,2024-04-13 10:54:34,UPI
ORD000002616,CUST00000009,delivered,2024-07-13 15:04:44,2024-07-14 02:38:44,UPI
ORD000002617,CUST00000004,delivered,2023-04-30 07:52:46,2023-04-30 11:31:46,UPI
ORD000002618,CUST00000011,cancelled,2023-10-26 18:27:17,2023-10-27 03:15:17,COD
ORD000002619,CUST00000010,delivered,2024-09-26 09:19:47,2024-09-26 18:34:47,COD
ORD000002620,CUST00000002,delivered,2024-11-05 00:20:20,2024-11-05 00:47:20,Debit Card
ORD000002621,CUST00000005,processing,2024-01-07 20:32:39,2024-01-08 05:39:39,COD
ORD000002622,CUST00001349,delivered,2023-04-12 18:14:29,2023-04-13 02:47:29,COD
ORD000002623,CUST00000001,returned,2024-12-25 07:55:48,2024-12-25 15:19:48,UPI
ORD000002624,CUST00000003,delivered,2023-10-29 20:03:10,2023-10-30 02:50:10,COD
ORD000002625,CUST00000027,delivered,2023-10-01 09:51:01,2023-10-01 19:28:01,COD
ORD000002626,CUST00000002,delivered,2023-04-10 09:54:13,2023-04-10 11:13:13,UPI
ORD000002627,CUST00000001,delivered,2023-01-06 07:11:52,2023-01-06 11:56:52,COD
ORD000002628,CUST00000002,delivered,2024-03-26 11:51:12,2024-03-26 15:09:12,Debit Card
ORD000002629,CUST00000005,delivered,2024-04-03 23:52:03,2024-04-04 10:01:03,Debit Card
ORD000002630,CUST00000002,delivered,2023-07-19 01:15:25,2023-07-19 03:20:25,COD
ORD000002631,CUST00000028,delivered,2023-05-17 14:14:25,2023-05-17 15:02:25,Wallet
ORD000002632,CUST00000002,delivered,2024-01-20 04:11:28,2024-01-20 15:17:28,COD
ORD000002633,CUST00000001,cancelled,2023-11-19 02:58:17,2023-11-19 07:46:17,COD
ORD000002634,CUST00000003,delivered,2023-09-18 01:21:19,2023-09-18 10:54:19,UPI
ORD000002635,CUST00000002,delivered,2023-07-05 06:33:28,2023-07-05 09:24:28,UPI
ORD000002636,CUST00000001,delivered,2024-10-14 17:33:10,2024-10-15 01:59:10,COD
ORD000002637,CUST00000005,delivered,2024-12-27 17:40:08,2024-12-28 04:46:08,COD
ORD000002638,CUST00000012,delivered,2023-10-12 19:11:48,2023-10-13 04:21:48,COD
ORD000002639,CUST00000001,delivered,2024-06-17 03:29:18,2024-06-17 07:04:18,COD
ORD000002640,CUST00000069,delivered,2024-10-20 02:36:28,2024-10-20 09:50:28,COD
ORD000002641,CUST00000003,delivered,2023-01-19 23:34:10,2023-01-20 09:33:10,Wallet
ORD000002642,CUST00000001,delivered,2024-11-02 22:07:05,2024-11-03 08:23:05,Credit Card
ORD000002643,CUST00000012,delivered,2023-12-31 16:48:03,2023-12-31 20:27:03,COD
ORD000002644,CUST00000001,delivered,2024-02-14 20:08:55,2024-02-14 22:56:55,COD
ORD000002645,CUST00000001,cancelled,2024-01-30 19:18:19,2024-01-31 00:32:19,COD
ORD000002646,CUST00000037,delivered,2023-07-27 13:49:51,2023-07-27 16:53:51,COD
ORD000002647,CUST00000011,delivered,2024-08-29 11:24:58,2024-08-29 20:03:58,UPI
ORD000002648,CUST00000004,cancelled,2024-07-17 23:28:44,2024-07-18 06:36:44,Credit Card
ORD000002649,CUST00000001,delivered,2023-03-20 16:13:50,2023-03-20 22:00:50,COD
ORD000002650,CUST00000022,delivered,2024-02-19 21:10:45,2024-02-20 06:54:45,Debit Card
ORD000002651,CUST00000013,delivered,2024-12-08 04:58:18,2024-12-08 07:35:18,Credit Card
ORD000002652,CUST00000001,delivered,2024-10-21 05:20:36,2024-10-21 15:22:36,COD
ORD000002653,CUST00000001,delivered,2024-04-14 15:06:49,2024-04-14 21:54:49,Debit Card
ORD000002654,CUST00000001,delivered,2023-06-18 22:53:48,2023-06-19 10:36:48,COD
ORD000002655,CUST00000004,cancelled,2023-10-09 14:53:37,2023-10-09 22:06:37,Wallet
ORD000002656,CUST00000001,delivered,2023-05-07 10:37:51,2023-05-07 19:47:51,UPI
ORD000002657,CUST00000001,delivered,2024-10-01 00:35:46,2024-10-01 02:55:46,COD
ORD000002658,CUST00000002,returned,2024-08-26 03:43:00,2024-08-26 06:34:00,COD
ORD000002659,CUST00000001,delivered,2024-11-03 05:32:24,2024-11-03 12:14:24,UPI
ORD000002660,CUST00000001,cancelled,2023-02-19 04:48:07,2023-02-19 07:37:07,Credit Card
ORD000002661,CUST00000015,cancelled,2024-12-15 16:51:21,2024-12-15 17:27:21,Credit Card
ORD000002662,CUST00000001,cancelled,2024-12-16 16:25:14,2024-12-16 21:48:14,COD
ORD000002663,CUST00000001,delivered,2024-05-27 09:06:40,2024-05-27 12:19:40,Credit Card
ORD000002664,CUST00000001,delivered,2024-10-25 23:42:05,2024-10-26 07:31:05,COD
ORD000002665,CUST00000109,shipped,2023-11-22 09:26:50,2023-11-22 16:23:50,COD
ORD000002666,CUST00000001,delivered,2023-09-26 10:41:11,2023-09-26 16:52:11,COD
ORD000002667,CUST00000001,delivered,2023-05-10 12:37:45,2023-05-10 22:36:45,Credit Card
ORD000002668,CUST00000004,delivered,2023-01-23 13:45:18,2023-01-23 14:38:18,UPI
ORD000002669,CUST00000001,delivered,2023-02-01 04:35:14,2023-02-01 14:00:14,COD
ORD000002670,CUST00000003,processing,2024-06-11 07:12:20,2024-06-11 13:01:20,UPI
ORD000002671,CUST00000001,returned,2023-10-06 16:30:51,2023-10-07 00:53:51,Debit Card
ORD000002672,CUST00000001,delivered,2023-02-11 20:17:27,2023-02-12 06:06:27,COD
ORD000002673,CUST00000004,delivered,2023-04-03 10:09:48,2023-04-03 13:49:48,COD
ORD000002674,CUST00000011,delivered,2024-05-19 02:45:49,2024-05-19 05:41:49,COD
ORD000002675,CUST00000001,delivered,2024-11-22 20:26:13,2024-11-23 05:29:13,COD
ORD000002676,CUST00000002,delivered,2023-11-02 13:58:26,2023-11-02 21:37:26,COD
ORD000002677,CUST00000044,delivered,2024-08-25 10:28:12,2024-08-25 12:46:12,Credit Card
ORD000002678,CUST00000001,delivered,2024-12-23 14:04:09,2024-12-23 17:21:09,COD
ORD000002679,CUST00000001,delivered,2024-06-26 19:44:52,2024-06-27 05:59:52,Credit Card
ORD000002680,CUST00000006,delivered,2024-07-08 00:01:38,2024-07-08 06:43:38,Wallet
ORD000002681,CUST00000036,delivered,2024-04-06 08:38:35,2024-04-06 19:34:35,COD
ORD000002682,CUST00000001,shipped,2024-12-25 22:34:24,2024-12-26 07:00:24,COD
ORD000002683,CUST00000001,delivered,2023-09-14 07:13:07,2023-09-14 09:45:07,COD
ORD000002684,CUST00000002,delivered,2024-08-30 23:23:03,2024-08-31 01:56:03,UPI
ORD000002685,CUST00000001,delivered,2023-11-04 06:45:16,2023-11-04 18:20:16,COD
ORD000002686,CUST00000005,delivered,2023-05-11 11:13:09,2023-05-11 20:06:09,UPI
ORD000002687,CUST00000139,delivered,2024-07-23 01:40:46,2024-07-23 08:50:46,Credit Card
ORD000002688,CUST00000041,shipped,2024-10-04 17:24:55,2024-10-05 01:32:55,Credit Card
ORD000002689,CUST00000045,delivered,2024-10-18 05:44:48,2024-10-18 10:45:48,COD
ORD000002690,CUST00000001,delivered,2024-11-08 20:22:08,2024-11-09 00:10:08,Debit Card
ORD000002691,CUST00000001,delivered,2024-07-28 03:06:53,2024-07-28 12:59:53,Wallet
ORD000002692,CUST00000011,delivered,2024-01-20 02:48:03,2024-01-20 13:32:03,UPI
ORD000002693,CUST00000002,delivered,2024-11-22 11:15:44,2024-11-22 22:08:44,COD
ORD000002694,CUST00001244,processing,2023-06-27 02:01:51,2023-06-27 11:24:51,Credit Card
ORD000002695,CUST00000002,delivered,2023-03-04 07:54:02,2023-03-04 18:22:02,Debit Card
ORD000002696,CUST00000002,delivered,2023-11-16 16:32:36,2023-11-16 22:49:36,UPI
ORD000002697,CUST00000001,shipped,2024-03-07 12:06:53,2024-03-07 15:53:53,UPI
ORD000002698,CUST00000009,delivered,2024-06-01 13:25:40,2024-06-01 14:29:40,COD
ORD000002699,CUST00000003,delivered,2024-09-28 02:10:38,2024-09-28 05:55:38,COD
ORD000002700,CUST00000001,delivered,2023-01-18 16:18:19,2023-01-18 21:38:19,Credit Card
ORD000002701,CUST00000003,delivered,2024-09-15 02:11:19,2024-09-15 03:15:19,Debit Card
ORD000002702,CUST00000002,delivered,2024-03-23 13:43:40,2024-03-23 17:43:40,COD
ORD000002703,CUST00000001,delivered,2024-12-05 18:58:42,2024-12-06 06:06:42,COD
ORD000002704,CUST00000012,delivered,2023-10-10 17:26:00,2023-10-10 20:38:00,COD
ORD000002705,CUST00000001,delivered,2024-04-07 08:28:10,2024-04-07 13:14:10,COD
ORD000002706,CUST00000001,delivered,2024-08-16 03:43:04,2024-08-16 11:28:04,Credit Card
ORD000002707,CUST00000003,returned,2024-01-10 19:56:07,2024-01-11 06:33:07,COD
ORD000002708,CUST00000014,delivered,2023-05-12 05:10:29,2023-05-12 16:14:29,Credit Card
ORD000002709,CUST00000001,delivered,2023-02-08 11:53:47,2023-02-08 21:38:47,COD
ORD000002710,CUST00000001,delivered,2023-04-02 05:41:18,2023-04-02 07:30:18,UPI
ORD000002711,CUST00000001,delivered,2023-12-30 00:42:53,2023-12-30 02:06:53,COD
ORD000002712,CUST00000001,delivered,2024-04-27 09:59:47,2024-04-27 18:54:47,Credit Card
ORD000002713,CUST00000001,delivered,2024-02-26 13:12:27,2024-02-26 23:50:27,COD
ORD000002714,CUST00000001,delivered,2024-06-30 18:13:46,2024-07-01 01:42:46,COD
ORD000002715,CUST00000008,delivered,2023-01-29 17:25:08,2023-01-30 04:23:08,UPI
ORD000002716,CUST00000001,delivered,2023-04-24 19:57:12,2023-04-25 03:58:12,COD
ORD000002717,CUST00000006,delivered,2024-08-11 19:32:03,2024-08-11 23:47:03,COD
ORD000002718,CUST00000002,delivered,2024-08-28 09:37:52,2024-08-28 19:46:52,Debit Card
ORD000002719,CUST00000003,delivered,2024-06-20 08:11:15,2024-06-20 17:17:15,UPI
ORD000002720,CUST00000001,delivered,2024-07-28 14:26:57,2024-07-28 18:59:57,COD
ORD000002721,CUST00000001,delivered,2024-12-14 11:30:40,2024-12-14 18:36:40,UPI
ORD000002722,CUST00000001,delivered,2024-11-27 07:05:03,2024-11-27 14:04:03,COD
ORD000002723,CUST00000001,delivered,2024-05-01 00:45:47,2024-05-01 02:00:47,COD
ORD000002724,CUST00000064,returned,2023-10-01 11:25:07,2023-10-01 14:47:07,COD
ORD000002725,CUST00000002,delivered,2023-01-07 11:15:48,2023-01-07 14:02:48,COD
ORD000002726,CUST00000007,delivered,2024-04-20 22:34:54,2024-04-21 02:02:54,COD
ORD000002727,CUST00000001,shipped,2023-11-16 19:30:01,2023-11-17 01:50:01,UPI
ORD000002728,CUST00000001,delivered,2023-05-04 06:27:46,2023-05-04 12:38:46,COD
ORD000002729,CUST00000006,delivered,2023-07-02 02:38:54,2023-07-02 12:56:54,COD
ORD000002730,CUST00000009,delivered,2024-11-20 18:54:38,2024-11-20 19:04:38,COD
ORD000002731,CUST00000002,shipped,2023-02-22 11:41:36,2023-02-22 21:35:36,COD
ORD000002732,CUST00000001,delivered,2024-09-03 01:00:45,2024-09-03 04:02:45,UPI
ORD000002733,CUST00000003,delivered,2024-10-31 18:05:29,2024-10-31 22:21:29,COD
ORD000002734,CUST00000001,shipped,2024-06-08 08:17:08,2024-06-08 10:10:08,COD
ORD000002735,CUST00000001,shipped,2023-02-18 04:06:26,2023-02-18 04:20:26,COD
ORD000002736,CUST00000001,delivered,2024-10-09 15:48:38,2024-10-09 17:18:38,COD
ORD000002737,CUST00000001,delivered,2024-05-09 18:50:41,2024-05-09 21:35:41,UPI
ORD000002738,CUST00000005,delivered,2023-08-26 18:37:26,2023-08-26 23:17:26,UPI
ORD000002739,CUST00000005,processing,2024-04-18 06:34:56,2024-04-18 10:21:56,UPI
ORD000002740,CUST00000001,delivered,2023-04-24 14:12:44,2023-04-24 15:31:44,COD
ORD000002741,CUST00000003,shipped,2024-06-25 11:10:48,2024-06-25 15:16:48,COD
ORD000002742,CUST00000001,delivered,2024-10-31 20:51:40,2024-10-31 22:46:40,UPI
ORD000002743,CUST00000001,cancelled,2024-01-14 04:33:13,2024-01-14 12:46:13,Wallet
ORD000002744,CUST00000003,delivered,2024-12-04 19:41:55,2024-12-05 03:44:55,COD
ORD000002745,CUST00000002,delivered,2023-11-22 08:18:42,2023-11-22 09:07:42,UPI
ORD000002746,CUST00000003,shipped,2024-10-13 14:49:12,2024-10-13 22:39:12,COD
ORD000002747,CUST00000002,delivered,2024-08-22 12:03:07,2024-08-22 22:57:07,Wallet
ORD000002748,CUST00000010,delivered,2023-03-13 08:21:17,2023-03-13 19:41:17,COD
ORD000002749,CUST00000001,delivered,2024-11-03 05:33:17,2024-11-03 06:18:17,COD
ORD000002750,CUST00000001,processing,2024-11-03 08:43:44,2024-11-03 19:45:44,COD
ORD000002751,CUST00000001,delivered,2023-10-11 14:34:40,2023-10-11 19:29:40,UPI
ORD000002752,CUST00000004,delivered,2024-09-08 14:45:44,2024-09-09 01:14:44,UPI
ORD000002753,CUST00000002,delivered,2023-07-11 14:57:30,2023-07-11 17:27:30,UPI
ORD000002754,CUST00000001,shipped,2023-01-22 15:45:26,2023-01-23 00:04:26,UPI
ORD000002755,CUST00000724,cancelled,2023-06-26 01:13:38,2023-06-26 10:51:38,COD
ORD000002756,CUST00000001,delivered,2023-12-27 09:28:12,2023-12-27 12:43:12,COD
ORD000002757,CUST00000108,delivered,2023-02-15 07:33:35,2023-02-15 16:25:35,Debit Card
ORD000002758,CUST00000001,delivered,2023-05-15 09:32:25,2023-05-15 11:44:25,COD
ORD000002759,CUST00000004,delivered,2024-12-02 09:10:27,2024-12-02 17:42:27,COD
ORD000002760,CUST00000001,delivered,2023-12-30 04:14:33,2023-12-30 15:37:33,COD
ORD000002761,CUST00000001,delivered,2024-10-02 23:09:25,2024-10-03 02:47:25,COD
ORD000002762,CUST00000001,delivered,2023-06-25 00:00:24,2023-06-25 11:31:24,COD
ORD000002763,CUST00000004,delivered,2023-03-13 14:17:38,2023-03-13 22:19:38,UPI
ORD000002764,CUST00000005,delivered,2024-08-28 11:04:32,2024-08-28 17:09:32,UPI
ORD000002765,CUST00000002,processing,2023-10-10 16:52:56,2023-10-10 20:50:56,COD
ORD000002766,CUST00000002,delivered,2023-12-11 19:56:24,2023-12-12 02:33:24,COD
ORD000002767,CUST00000001,shipped,2024-12-29 15:34:22,2024-12-30 03:22:22,Debit Card
ORD000002768,CUST00000001,processing,2023-09-29 18:23:49,2023-09-29 18:31:49,Credit Card
ORD000002769,CUST00000001,delivered,2023-12-23 06:34:21,2023-12-23 16:58:21,Debit Card
ORD000002770,CUST00000002,delivered,2024-04-22 23:51:16,2024-04-23 01:42:16,COD
ORD000002771,CUST00000001,delivered,2023-03-14 02:05:40,2023-03-14 12:36:40,Debit Card
ORD000002772,CUST00000001,delivered,2024-07-03 16:03:56,2024-07-03 22:38:56,Debit Card
ORD000002773,CUST00000003,delivered,2023-12-04 03:31:03,2023-12-04 14:18:03,COD
ORD000002774,CUST00000001,delivered,2023-05-28 05:36:50,2023-05-28 07:50:50,UPI
ORD000002775,CUST00000006,delivered,2023-11-15 19:48:22,2023-11-15 20:27:22,COD
ORD000002776,CUST00000338,cancelled,2023-12-12 16:15:22,2023-12-12 22:02:22,UPI
ORD000002777,CUST00000001,delivered,2024-04-28 15:12:12,2024-04-29 00:33:12,Credit Card
ORD000002778,CUST00000003,delivered,2024-11-21 19:53:00,2024-11-22 05:26:00,COD
ORD000002779,CUST00000003,delivered,2024-08-14 06:40:57,2024-08-14 15:51:57,COD
ORD000002780,CUST00000001,processing,2023-10-25 15:23:02,2023-10-26 01:00:02,COD
ORD000002781,CUST00000006,returned,2024-12-19 04:50:46,2024-12-19 14:09:46,UPI
ORD000002782,CUST00000002,delivered,2024-09-06 11:33:40,2024-09-06 21:54:40,UPI
ORD000002783,CUST00000005,delivered,2023-01-20 09:42:59,2023-01-20 11:48:59,COD
ORD000002784,CUST00000001,delivered,2023-04-07 14:50:39,2023-04-07 17:43:39,Net Banking
ORD000002785,CUST00000001,delivered,2023-07-05 01:33:32,2023-07-05 01:40:32,COD
ORD000002786,CUST00000013,cancelled,2023-03-09 00:37:09,2023-03-09 05:50:09,COD
ORD000002787,CUST00000001,delivered,2023-12-27 00:45:32,2023-12-27 03:57:32,COD
ORD000002788,CUST00000005,delivered,2023-10-08 06:21:45,2023-10-08 13:54:45,Credit Card
ORD000002789,CUST00000002,delivered,2024-12-22 13:49:33,2024-12-22 20:29:33,Credit Card
ORD000002790,CUST00000012,delivered,2023-12-22 03:47:08,2023-12-22 10:47:08,Credit Card
ORD000002791,CUST00000012,delivered,2023-06-30 23:47:23,2023-07-01 07:42:23,Debit Card
ORD000002792,CUST00000029,delivered,2024-12-20 09:55:19,2024-12-20 21:54:19,COD
ORD000002793,CUST00000002,delivered,2024-01-07 07:16:36,2024-01-07 08:37:36,COD
ORD000002794,CUST00000002,delivered,2023-02-28 21:25:58,2023-03-01 00:47:58,UPI
ORD000002795,CUST00000001,delivered,2023-03-07 04:12:18,2023-03-07 09:15:18,COD
ORD000002796,CUST00000023,delivered,2024-05-28 04:30:38,2024-05-28 05:26:38,COD
ORD000002797,CUST00000001,cancelled,2023-12-30 09:08:20,2023-12-30 18:58:20,COD
ORD000002798,CUST00000016,delivered,2024-04-13 01:42:13,2024-04-13 06:24:13,COD
ORD000002799,CUST00000002,delivered,2024-10-10 16:21:13,2024-10-10 18:25:13,COD
ORD000002800,CUST00000073,delivered,2024-06-02 18:38:46,2024-06-03 00:53:46,COD
ORD000002801,CUST00000001,processing,2024-10-17 08:29:09,2024-10-17 10:51:09,Net Banking
ORD000002802,CUST00000002,delivered,2024-07-26 20:49:46,2024-07-27 01:30:46,COD
ORD000002803,CUST00000009,returned,2024-05-27 00:10:33,2024-05-27 07:55:33,Debit Card
ORD000002804,CUST00000001,delivered,2023-04-23 12:45:12,2023-04-23 16:38:12,COD
ORD000002805,CUST00000002,delivered,2023-12-26 17:31:13,2023-12-27 03:31:13,Debit Card
ORD000002806,CUST00000008,delivered,2023-11-18 09:02:15,2023-11-18 12:10:15,COD
ORD000002807,CUST00000008,delivered,2024-01-31 22:43:08,2024-02-01 00:10:08,COD
ORD000002808,CUST00000019,delivered,2023-10-28 10:19:58,2023-10-28 15:29:58,COD
ORD000002809,CUST00000002,delivered,2024-04-10 22:01:59,2024-04-11 00:22:59,COD
ORD000002810,CUST00000001,delivered,2023-10-28 15:48:56,2023-10-29 00:05:56,Credit Card
ORD000002811,CUST00000001,delivered,2024-02-15 05:32:22,2024-02-15 11:51:22,COD
ORD000002812,CUST00000017,delivered,2023-10-29 19:57:00,2023-10-29 21:48:00,COD
ORD000002813,CUST00000013,delivered,2024-10-31 00:44:17,2024-10-31 04:49:17,UPI
ORD000002814,CUST00000001,delivered,2023-10-22 04:32:47,2023-10-22 14:55:47,UPI
ORD000002815,CUST00000081,delivered,2024-07-15 18:42:57,2024-07-16 04:32:57,COD
ORD000002816,CUST00000021,delivered,2024-04-04 21:39:15,2024-04-05 05:22:15,COD
ORD000002817,CUST00000001,delivered,2023-10-26 09:18:47,2023-10-26 20:08:47,UPI
ORD000002818,CUST00000003,cancelled,2024-09-21 15:46:38,2024-09-21 17:07:38,COD
ORD000002819,CUST00000002,delivered,2024-11-12 16:44:20,2024-11-13 01:32:20,UPI
ORD000002820,CUST00000001,delivered,2024-08-10 17:43:08,2024-08-10 18:04:08,COD
ORD000002821,CUST00000006,delivered,2024-12-01 21:44:10,2024-12-02 04:57:10,Net Banking
ORD000002822,CUST00000018,delivered,2023-11-20 02:05:09,2023-11-20 02:46:09,UPI
ORD000002823,CUST00000027,delivered,2024-11-04 04:37:18,2024-11-04 08:46:18,UPI
ORD000002824,CUST00000002,delivered,2024-10-23 22:02:24,2024-10-23 23:11:24,Credit Card
ORD000002825,CUST00000001,delivered,2024-08-12 13:04:11,2024-08-12 16:10:11,Net Banking
ORD000002826,CUST00000057,delivered,2024-10-06 12:40:36,2024-10-06 20:25:36,Credit Card
ORD000002827,CUST00000002,delivered,2024-07-15 09:40:13,2024-07-15 19:04:13,UPI
ORD000002828,CUST00000001,delivered,2024-01-06 08:41:26,2024-01-06 19:58:26,Debit Card
ORD000002829,CUST00000497,delivered,2024-02-10 05:52:31,2024-02-10 17:43:31,COD
ORD000002830,CUST00000010,delivered,2023-11-05 09:34:28,2023-11-05 11:14:28,Credit Card
ORD000002831,CUST00000098,delivered,2024-05-18 01:45:38,2024-05-18 12:47:38,UPI
ORD000002832,CUST00000056,delivered,2023-10-02 07:01:58,2023-10-02 10:29:58,UPI
ORD000002833,CUST00000015,delivered,2024-07-23 23:50:44,2024-07-24 10:27:44,Debit Card
ORD000002834,CUST00000001,delivered,2024-01-02 03:54:40,2024-01-02 14:18:40,UPI
ORD000002835,CUST00000001,cancelled,2023-10-11 17:34:23,2023-10-12 04:36:23,UPI
ORD000002836,CUST00000001,shipped,2023-05-04 00:49:54,2023-05-04 06:55:54,Debit Card
ORD000002837,CUST00000001,delivered,2023-08-06 17:36:42,2023-08-07 02:37:42,UPI
ORD000002838,CUST00000001,delivered,2024-04-27 06:20:44,2024-04-27 11:30:44,COD
ORD000002839,CUST00000001,delivered,2023-10-21 16:51:24,2023-10-21 17:51:24,COD
ORD000002840,CUST00000001,delivered,2023-01-24 11:55:07,2023-01-24 17:38:07,COD
ORD000002841,CUST00001055,shipped,2023-10-04 18:36:54,2023-10-04 21:04:54,COD
ORD000002842,CUST00000051,delivered,2023-10-20 16:00:08,2023-10-20 17:17:08,UPI
ORD000002843,CUST00000001,delivered,2023-07-19 13:23:36,2023-07-19 15:03:36,Credit Card
ORD000002844,CUST00000015,shipped,2023-09-03 17:36:01,2023-09-03 20:18:01,COD
ORD000002845,CUST00000001,delivered,2024-06-23 23:10:52,2024-06-24 08:44:52,Debit Card
ORD000002846,CUST00000192,delivered,2024-07-29 14:17:40,2024-07-30 01:49:40,UPI
ORD000002847,CUST00000009,delivered,2024-12-10 04:10:22,2024-12-10 14:23:22,Net Banking
ORD000002848,CUST00000059,delivered,2023-04-08 02:47:07,2023-04-08 10:32:07,COD
ORD000002849,CUST00000001,delivered,2023-09-25 13:08:33,2023-09-25 23:43:33,COD
ORD000002850,CUST00000001,processing,2023-03-04 10:21:25,2023-03-04 13:50:25,UPI
ORD000002851,CUST00000006,delivered,2024-04-04 14:36:19,2024-04-05 01:30:19,Credit Card
ORD000002852,CUST00000001,delivered,2023-01-09 16:01:03,2023-01-10 03:23:03,Debit Card
ORD000002853,CUST00000001,delivered,2023-06-24 04:29:13,2023-06-24 06:20:13,Debit Card
ORD000002854,CUST00000005,cancelled,2024-03-11 17:50:10,2024-03-11 22:39:10,COD
ORD000002855,CUST00000001,delivered,2023-10-15 23:47:31,2023-10-16 03:12:31,COD
ORD000002856,CUST00000001,delivered,2024-02-03 07:47:17,2024-02-03 09:32:17,UPI
ORD000002857,CUST00000001,delivered,2024-04-27 22:17:22,2024-04-28 00:25:22,COD
ORD000002858,CUST00000002,shipped,2024-10-07 22:16:57,2024-10-08 09:51:57,Wallet
ORD000002859,CUST00000001,delivered,2023-10-28 10:02:42,2023-10-28 12:16:42,UPI
ORD000002860,CUST00000001,delivered,2023-08-27 19:05:20,2023-08-28 03:06:20,Credit Card
ORD000002861,CUST00000001,returned,2024-01-29 22:22:37,2024-01-30 08:50:37,Debit Card
ORD000002862,CUST00000001,delivered,2023-02-25 20:26:29,2023-02-26 05:29:29,COD
ORD000002863,CUST00000012,delivered,2023-02-01 09:19:36,2023-02-01 14:48:36,COD
ORD000002864,CUST00000001,delivered,2023-12-04 15:59:49,2023-12-04 16:20:49,UPI
ORD000002865,CUST00000001,shipped,2023-07-05 14:13:17,2023-07-05 19:17:17,Credit Card
ORD000002866,CUST00000001,cancelled,2023-01-03 09:55:48,2023-01-03 13:22:48,UPI
ORD000002867,CUST00000001,delivered,2024-05-31 15:20:53,2024-06-01 01:43:53,COD
ORD000002868,CUST00000001,delivered,2024-09-28 22:25:12,2024-09-29 09:45:12,UPI
ORD000002869,CUST00000001,delivered,2023-05-05 00:37:27,2023-05-05 03:28:27,COD
ORD000002870,CUST00000010,delivered,2024-02-20 21:38:04,2024-02-20 23:34:04,COD
ORD000002871,CUST00000004,cancelled,2024-12-27 08:49:59,2024-12-27 18:40:59,Net Banking
ORD000002872,CUST00000006,delivered,2023-08-18 19:53:00,2023-08-19 06:22:00,COD
ORD000002873,CUST00000003,delivered,2024-07-15 02:35:17,2024-07-15 14:22:17,COD
ORD000002874,CUST00000002,delivered,2023-05-17 21:23:13,2023-05-18 06:38:13,COD
ORD000002875,CUST00000001,delivered,2024-11-16 10:45:10,2024-11-16 16:21:10,Debit Card
ORD000002876,CUST00000016,delivered,2023-01-01 21:59:55,2023-01-02 02:34:55,COD
ORD000002877,CUST00000001,delivered,2023-09-10 10:15:58,2023-09-10 11:02:58,COD
ORD000002878,CUST00000005,delivered,2024-12-24 17:54:45,2024-12-25 04:33:45,COD
ORD000002879,CUST00000001,delivered,2024-05-24 14:18:24,2024-05-25 02:13:24,UPI
ORD000002880,CUST00000009,delivered,2023-06-30 04:48:29,2023-06-30 15:52:29,COD
ORD000002881,CUST00000003,delivered,2024-09-06 05:59:04,2024-09-06 12:54:04,Credit Card
ORD000002882,CUST00000001,delivered,2024-10-30 12:55:30,2024-10-30 23:19:30,Credit Card
ORD000002883,CUST00000001,delivered,2023-12-28 11:40:56,2023-12-28 11:46:56,COD
ORD000002884,CUST00000001,delivered,2023-05-12 14:47:01,2023-05-12 19:43:01,COD
ORD000002885,CUST00000001,shipped,2023-08-09 19:21:50,2023-08-09 20:42:50,COD
ORD000002886,CUST00000003,delivered,2024-11-26 18:33:39,2024-11-27 01:37:39,COD
ORD000002887,CUST00000002,delivered,2023-05-16 01:24:23,2023-05-16 01:30:23,COD
ORD000002888,CUST00000010,delivered,2023-09-25 11:53:00,2023-09-25 15:36:00,Credit Card
ORD000002889,CUST00000001,delivered,2023-05-02 03:33:28,2023-05-02 08:37:28,COD
ORD000002890,CUST00000001,delivered,2023-03-28 12:18:32,2023-03-28 13:55:32,COD
ORD000002891,CUST00000001,delivered,2024-01-14 12:51:45,2024-01-14 13:57:45,COD
ORD000002892,CUST00000001,delivered,2023-10-29 23:53:36,2023-10-30 10:43:36,COD
ORD000002893,CUST00000001,delivered,2023-02-04 09:19:15,2023-02-04 12:38:15,COD
ORD000002894,CUST00000020,delivered,2023-05-02 10:51:10,2023-05-02 22:37:10,COD
ORD000002895,CUST00000001,delivered,2023-01-28 12:16:33,2023-01-28 16:46:33,Credit Card
ORD000002896,CUST00000013,delivered,2023-01-16 03:07:12,2023-01-16 03:53:12,COD
ORD000002897,CUST00000001,delivered,2023-05-31 01:26:16,2023-05-31 02:44:16,COD
ORD000002898,CUST00000002,delivered,2024-07-27 17:01:56,2024-07-28 01:17:56,Wallet
ORD000002899,CUST00000001,delivered,2023-01-08 07:12:53,2023-01-08 07:26:53,UPI
ORD000002900,CUST00000016,returned,2023-09-18 08:42:03,2023-09-18 20:05:03,Credit Card
ORD000002901,CUST00000011,delivered,2024-02-21 23:48:47,2024-02-22 02:55:47,COD
ORD000002902,CUST00000006,delivered,2024-07-27 05:57:53,2024-07-27 13:16:53,COD
ORD000002903,CUST00000006,returned,2024-05-30 21:41:58,2024-05-31 03:03:58,COD
ORD000002904,CUST00000003,delivered,2024-12-28 15:04:59,2024-12-28 15:42:59,Credit Card
ORD000002905,CUST00000003,delivered,2023-08-24 06:21:47,2023-08-24 14:48:47,Debit Card
ORD000002906,CUST00000002,cancelled,2023-01-01 22:54:17,2023-01-01 23:09:17,COD
ORD000002907,CUST00000001,delivered,2023-01-28 14:56:02,2023-01-29 00:30:02,COD
ORD000002908,CUST00000001,delivered,2023-03-21 07:30:26,2023-03-21 13:35:26,COD
ORD000002909,CUST00000001,delivered,2024-12-24 10:49:57,2024-12-24 14:30:57,COD
ORD000002910,CUST00000001,returned,2024-02-25 08:56:04,2024-02-25 20:13:04,COD
ORD000002911,CUST00000001,delivered,2024-09-13 20:17:28,2024-09-13 22:47:28,Net Banking
ORD000002912,CUST00000001,delivered,2024-12-27 11:10:18,2024-12-27 14:34:18,COD
ORD000002913,CUST00000030,delivered,2024-10-08 00:53:02,2024-10-08 08:39:02,COD
ORD000002914,CUST00000006,returned,2023-11-02 16:30:42,2023-11-02 20:45:42,UPI
ORD000002915,CUST00000006,delivered,2024-10-23 18:09:59,2024-10-24 00:02:59,COD
ORD000002916,CUST00000001,delivered,2023-11-18 09:30:09,2023-11-18 19:04:09,Net Banking
ORD000002917,CUST00000007,delivered,2023-04-05 22:07:28,2023-04-06 09:05:28,COD
ORD000002918,CUST00000002,delivered,2024-02-06 10:12:07,2024-02-06 19:50:07,Debit Card
ORD000002919,CUST00000001,delivered,2024-11-04 06:20:20,2024-11-04 07:22:20,COD
ORD000002920,CUST00000002,delivered,2024-08-31 16:49:18,2024-09-01 04:08:18,COD
ORD000002921,CUST00000001,shipped,2023-10-31 03:03:51,2023-10-31 08:08:51,COD
ORD000002922,CUST00000002,delivered,2024-10-12 23:38:35,2024-10-13 09:42:35,Debit Card
ORD000002923,CUST00000002,delivered,2023-12-15 16:24:02,2023-12-15 19:53:02,COD
ORD000002924,CUST00000002,shipped,2024-06-05 07:35:45,2024-06-05 14:44:45,COD
ORD000002925,CUST00000162,delivered,2023-10-05 01:57:41,2023-10-05 13:31:41,COD
ORD000002926,CUST00000003,delivered,2023-06-14 14:02:52,2023-06-15 01:18:52,COD
ORD000002927,CUST00000001,delivered,2023-09-26 14:04:36,2023-09-26 21:56:36,Credit Card
ORD000002928,CUST00000001,delivered,2024-10-23 19:03:56,2024-10-24 02:27:56,Debit Card
ORD000002929,CUST00000003,delivered,2024-12-28 06:48:21,2024-12-28 07:13:21,UPI
ORD000002930,CUST00000009,delivered,2023-08-14 05:05:27,2023-08-14 12:20:27,COD
ORD000002931,CUST00000004,delivered,2023-05-20 09:54:21,2023-05-20 14:59:21,UPI
ORD000002932,CUST00000002,delivered,2023-02-26 19:38:22,2023-02-26 19:54:22,UPI
ORD000002933,CUST00000006,delivered,2024-08-04 21:47:36,2024-08-05 09:07:36,COD
ORD000002934,CUST00000002,delivered,2024-01-20 08:31:06,2024-01-20 14:01:06,COD
ORD000002935,CUST00000001,returned,2024-02-13 01:08:35,2024-02-13 10:23:35,UPI
ORD000002936,CUST00000001,delivered,2023-02-04 02:39:52,2023-02-04 03:14:52,Credit Card
ORD000002937,CUST00000030,returned,2023-03-07 13:03:58,2023-03-07 16:03:58,COD
ORD000002938,CUST00000001,delivered,2024-11-04 00:35:51,2024-11-04 11:22:51,Credit Card
ORD000002939,CUST00000004,delivered,2024-03-02 17:22:21,2024-03-03 04:36:21,Credit Card
ORD000002940,CUST00000001,delivered,2023-07-06 00:47:38,2023-07-06 00:59:38,Wallet
ORD000002941,CUST00000002,processing,2023-06-25 10:10:02,2023-06-25 20:53:02,Net Banking
ORD000002942,CUST00000001,cancelled,2023-07-25 19:08:36,2023-07-25 22:52:36,COD
ORD000002943,CUST00000001,delivered,2023-02-20 11:13:45,2023-02-20 13:52:45,COD
ORD000002944,CUST00000001,delivered,2023-02-08 16:11:54,2023-02-09 04:07:54,Credit Card
ORD000002945,CUST00000002,delivered,2024-07-06 08:00:42,2024-07-06 14:27:42,Credit Card
ORD000002946,CUST00000001,delivered,2023-08-14 19:02:37,2023-08-15 04:35:37,COD
ORD000002947,CUST00000001,returned,2023-10-26 10:14:26,2023-10-26 11:57:26,UPI
ORD000002948,CUST00000001,delivered,2024-01-28 18:04:14,2024-01-29 03:10:14,Debit Card
ORD000002949,CUST00000001,delivered,2023-10-01 22:51:06,2023-10-02 03:17:06,COD
ORD000002950,CUST00000001,delivered,2023-12-25 09:08:36,2023-12-25 17:42:36,COD
ORD000002951,CUST00000001,delivered,2024-10-19 05:34:02,2024-10-19 13:27:02,COD
ORD000002952,CUST00000001,delivered,2023-07-28 22:23:32,2023-07-28 23:04:32,COD
ORD000002953,CUST00000005,delivered,2024-09-06 16:20:28,2024-09-07 02:50:28,UPI
ORD000002954,CUST00000001,delivered,2023-08-14 21:04:14,2023-08-15 00:35:14,COD
ORD000002955,CUST00000015,delivered,2023-06-08 09:04:52,2023-06-08 13:29:52,Credit Card
ORD000002956,CUST00000001,delivered,2023-02-28 08:21:37,2023-02-28 17:56:37,COD
ORD000002957,CUST00000001,returned,2024-06-05 02:58:38,2024-06-05 13:30:38,Credit Card
ORD000002958,CUST00000002,delivered,2023-11-03 18:33:02,2023-11-04 05:18:02,COD
ORD000002959,CUST00000007,returned,2024-08-19 20:15:36,2024-08-20 01:45:36,Credit Card
ORD000002960,CUST00000005,delivered,2023-04-21 19:40:18,2023-04-21 23:55:18,COD
ORD000002961,CUST00000002,processing,2024-03-26 06:59:17,2024-03-26 16:49:17,UPI
ORD000002962,CUST00000046,delivered,2023-01-07 11:43:23,2023-01-07 14:53:23,COD
ORD000002963,CUST00000005,shipped,2023-07-19 11:50:08,2023-07-19 19:34:08,COD
ORD000002964,CUST00000001,delivered,2024-03-31 02:53:24,2024-03-31 05:46:24,COD
ORD000002965,CUST00000007,delivered,2023-02-13 00:00:14,2023-02-13 02:35:14,COD
ORD000002966,CUST00000011,delivered,2023-10-23 08:01:02,2023-10-23 14:37:02,UPI
ORD000002967,CUST00000002,delivered,2024-02-18 12:14:51,2024-02-18 22:37:51,COD
ORD000002968,CUST00000004,cancelled,2024-07-13 23:43:53,2024-07-14 03:16:53,Wallet
ORD000002969,CUST00000003,delivered,2024-06-23 20:58:15,2024-06-24 05:42:15,COD
ORD000002970,CUST00000001,delivered,2023-05-05 17:10:56,2023-05-05 17:30:56,COD
ORD000002971,CUST00000002,delivered,2023-03-02 23:06:22,2023-03-03 07:30:22,Wallet
ORD000002972,CUST00000003,delivered,2023-10-23 18:35:35,2023-10-23 23:19:35,COD
ORD000002973,CUST00000005,processing,2023-07-25 12:37:47,2023-07-25 13:35:47,Credit Card
ORD000002974,CUST00000001,delivered,2023-09-20 21:53:10,2023-09-21 04:33:10,COD
ORD000002975,CUST00000001,delivered,2023-10-08 22:04:38,2023-10-09 01:00:38,UPI
ORD000002976,CUST00000005,delivered,2023-10-30 04:51:58,2023-10-30 12:29:58,Credit Card
ORD000002977,CUST00000011,delivered,2024-01-12 06:47:00,2024-01-12 07:22:00,COD
ORD000002978,CUST00000008,delivered,2023-01-03 23:14:30,2023-01-04 03:24:30,UPI
ORD000002979,CUST00000001,shipped,2023-09-13 00:08:13,2023-09-13 03:01:13,COD
ORD000002980,CUST00000010,delivered,2023-08-14 12:26:07,2023-08-14 16:15:07,UPI
ORD000002981,CUST00000015,delivered,2023-07-21 09:11:15,2023-07-21 09:21:15,COD
ORD000002982,CUST00000007,delivered,2024-09-04 17:52:20,2024-09-04 21:19:20,COD
ORD000002983,CUST00000001,delivered,2023-08-03 22:59:54,2023-08-04 00:07:54,COD
ORD000002984,CUST00000004,delivered,2023-05-07 07:38:13,2023-05-07 15:08:13,UPI
ORD000002985,CUST00000001,delivered,2024-10-11 05:17:25,2024-10-11 10:50:25,Net Banking
ORD000002986,CUST00000001,delivered,2023-10-25 07:54:20,2023-10-25 11:21:20,Net Banking
ORD000002987,CUST00000010,cancelled,2023-06-05 17:10:30,2023-06-06 00:35:30,UPI
ORD000002988,CUST00000001,delivered,2024-08-02 08:37:49,2024-08-02 19:37:49,Credit Card
ORD000002989,CUST00000010,processing,2024-05-12 15:25:02,2024-05-12 21:57:02,Debit Card
ORD000002990,CUST00000002,delivered,2024-11-28 08:21:12,2024-11-28 11:47:12,COD
ORD000002991,CUST00000004,delivered,2024-10-23 17:46:13,2024-10-23 22:39:13,COD
ORD000002992,CUST00000002,delivered,2024-06-13 01:30:00,2024-06-13 11:00:00,UPI
ORD000002993,CUST00000184,delivered,2023-05-16 08:13:21,2023-05-16 09:29:21,COD
ORD000002994,CUST00000003,delivered,2023-12-26 07:25:47,2023-12-26 11:18:47,Credit Card
ORD000002995,CUST00000001,delivered,2023-04-09 14:20:59,2023-04-09 20:00:59,COD
ORD000002996,CUST00000001,delivered,2024-02-08 15:32:13,2024-02-08 23:10:13,COD
ORD000002997,CUST00000001,delivered,2024-11-05 17:27:04,2024-11-06 00:24:04,Credit Card
ORD000002998,CUST00000001,delivered,2023-01-02 21:38:50,2023-01-03 06:02:50,COD
ORD000002999,CUST00000018,delivered,2024-10-23 19:06:38,2024-10-24 06:23:38,Net Banking
ORD000000445,CUST00000004,delivered,2023-05-17 21:22:20,2023-05-18 08:49:20,UPI
ORD000000263,CUST00000001,delivered,2023-12-17 14:50:46,2023-12-17 21:07:46,COD
ORD000000684,CUST00000007,delivered,2024-09-15 15:52:38,2024-09-15 17:22:38,COD
ORD000000305,CUST00000005,returned,2024-04-20 19:39:34,2024-04-21 01:08:34,Wallet
ORD000001867,CUST00000001,delivered,2024-10-09 08:10:59,2024-10-09 08:55:59,COD
ORD000000792,CUST00000001,cancelled,2024-05-04 13:19:10,2024-05-05 00:41:10,COD
ORD000001002,CUST00000001,delivered,2024-04-13 07:07:04,2024-04-13 16:43:04,COD
ORD000001181,CUST00000001,cancelled,2024-11-06 08:40:21,2024-11-06 17:14:21,COD
ORD000002098,CUST00000006,delivered,2024-08-22 19:12:08,2024-08-23 03:39:08,UPI
ORD000000706,CUST00000001,delivered,2023-03-09 15:08:45,2023-03-09 21:39:45,COD
ORD000000646,CUST00000001,cancelled,2024-08-21 18:33:23,2024-08-22 01:01:23,COD
ORD000001291,CUST00000001,delivered,2024-12-29 07:00:41,2024-12-29 16:33:41,UPI
ORD000001836,CUST00000001,delivered,2023-09-06 21:32:25,2023-09-07 05:30:25,UPI
ORD000000207,CUST00000002,delivered,2023-01-27 14:20:55,2023-01-27 19:49:55,COD
ORD000002414,CUST00000001,delivered,2024-10-05 06:20:49,2024-10-05 17:35:49,Debit Card
