order_id,payment_sequential,payment_type,payment_installments,payment_value_inr,payment_status
ORD000000000,1,COD,1,5197.0,paid
ORD000000001,1,COD,1,28535.0,paid
ORD000000002,1,UPI,1,1267.0,paid
ORD000000003,1,UPI,1,10929.0,paid
ORD000000004,1,COD,1,,refunded
ORD000000005,1,COD,1,2447.0,paid
ORD000000006,1,COD,1,924.0,paid
ORD000000007,1,Credit Card,1,1769.0,Failed
ORD000000008,1,COD,1,18811.0,paid
ORD000000009,1,COD,1,1704.0,paid
ORD000000010,1,COD,1,256.0,failed
ORD000000011,1,UPI,1,1648.0,paid
ORD000000012,1,UPI,1,53262.0,paid
ORD000000013,1,UPI,1,37696.0,paid
ORD000000014,1,UPI,1,13839.0,paid
ORD000000015,1,Debit Card,1,4578.0,paid
ORD000000016,1,Debit Card,1,3544.0,paid
ORD000000017,1,COD,1,4823.0,paid
ORD000000018,1,COD,1,1845.0,paid
ORD000000019,1,Wallet,1,18764.0,paid
ORD000000020,1,UPI,1,218.0,paid
ORD000000021,1,Net Banking,1,431.0,paid
ORD000000022,1,COD,1,13213.0,paid
ORD000000023,1,Wallet,1,1045.0,paid
ORD000000024,1,COD,1,174723.0,Success
ORD000000025,1,UPI,1,434.0,paid
ORD000000026,1,COD,1,1799.0,PAID
ORD000000027,1,COD,1,119620.0,paid
ORD000000028,1,COD,1,8710.0,paid
ORD000000029,1,COD,1,1748.0,paid
ORD000000030,1,COD,1,1342.0,paid
ORD000000031,1,Wallet,1,2966.0,paid
ORD000000032,1,Wallet,1,2791.0,paid
ORD000000033,1,Debit Card,1,19031.0,paid
ORD000000034,1,Net Banking,1,4340.0,paid
ORD000000035,1,Credit Card,3,17277.0,paid
ORD000000036,1,Wallet,1,1232.0,paid
ORD000000037,1,COD,1,9874.0,paid
ORD000000038,1,COD,1,15084.0,paid
ORD000000039,1,Debit Card,1,1834.0,paid
ORD000000040,1,COD,1,2267.0,paid
ORD000000041,1,UPI,1,68229.0,paid
ORD000000042,1,UPI,1,2328.0,Success
ORD000000043,1,COD,1,331.0,paid
ORD000000044,1,COD,1,6177.0,paid
ORD000000045,1,UPI,1,4394.0,paid
ORD000000046,1,COD,1,1307.0,paid
ORD000000047,1,COD,1,2374.0,refunded
ORD000000048,1,UPI,1,41876.0,paid
ORD000000049,1,COD,1,2901.0,paid
ORD000000050,1,COD,1,82021.0,paid
ORD000000051,1,UPI,1,47552.0,paid
ORD000000052,1,COD,1,894.0,paid
ORD000000053,1,Wallet,1,10815.0,paid
ORD000000054,1,COD,1,48617.0,paid
ORD000000055,1,Wallet,1,35707.0,paid
ORD000000056,1,Credit Card,3,28304.0,failed
ORD000000057,1,Debit Card,1,18691.0,paid
ORD000000058,1,Credit Card,1,1213.0,refunded
ORD000000059,1,UPI,1,1656.0,captured
ORD000000060,1,COD,1,39820.0,refunded
ORD000000061,1,UPI,1,15317.0,paid
ORD000000062,1,COD,1,13865.0,paid
ORD000000063,1,COD,1,1415.0,paid
ORD000000064,1,COD,1,28449.0,paid
ORD000000065,1,UPI,1,61876.0,paid
ORD000000066,1,COD,1,1342.0,paid
ORD000000067,1,UPI,1,2575.0,paid
ORD000000068,1,COD,1,2408.0,paid
ORD000000069,1,COD,1,15644.0,paid
ORD000000070,1,COD,1,2318.0,paid
ORD000000071,1,Debit Card,1,37153.0,paid
ORD000000072,1,COD,1,466.0,paid
ORD000000073,1,Debit Card,1,5950.0,paid
ORD000000074,1,COD,1,2451.0,paid
ORD000000075,1,COD,1,47183.0,paid
ORD000000076,1,COD,1,43001.0,success
ORD000000077,1,COD,1,1116.0,paid
ORD000000078,1,COD,1,1960.0,paid
ORD000000079,1,COD,1,57354.0,paid
ORD000000080,1,UPI,1,1743.0,paid
ORD000000081,1,UPI,1,3269.0,paid
ORD000000082,1,COD,1,3306.0,paid
ORD000000083,1,Debit Card,1,8164.0,paid
ORD000000084,1,UPI,1,2077.0,paid
ORD000000085,1,COD,1,3221.0,paid
ORD000000086,1,COD,1,,paid
ORD000000087,1,COD,1,49034.0,paid
ORD000000088,1,Credit Card,9,25899.0,paid
ORD000000089,1,COD,1,4243.0,paid
ORD000000090,1,COD,1,1280.0,paid
ORD000000091,1,COD,1,502.0,paid
ORD000000092,1,COD,1,783.0,paid
ORD000000093,1,COD,1,221.0,paid
ORD000000094,1,UPI,1,14868.0,paid
ORD000000095,1,Wallet,1,14597.0,failed
ORD000000096,1,COD,1,30326.0,paid
ORD000000097,1,COD,1,12351.0,paid
ORD000000098,1,COD,1,58600.0,paid
ORD000000099,1,COD,1,648.0,paid
ORD000000100,1,UPI,1,4721.0,paid
ORD000000101,1,Wallet,1,26296.0,paid
ORD000000102,1,UPI,1,30572.0,paid
ORD000000103,1,COD,1,39685.0,paid
ORD000000104,1,Debit Card,1,1273.0,paid
ORD000000105,1,Credit Card,1,2195.0,paid
ORD000000106,1,COD,1,1991.0,paid
ORD000000107,1,Wallet,1,10903.0,failed
ORD000000108,1,UPI,1,57491.0,paid
ORD000000109,1,Credit Card,3,26646.0,paid
ORD000000110,1,COD,1,47712.0,failed
ORD000000111,1,COD,1,3501.0,paid
ORD000000112,1,Credit Card,1,88677.0,paid
ORD000000113,1,COD,1,44831.0,paid
ORD000000114,1,Wallet,1,3020.0,paid
ORD000000115,1,COD,1,236.0,paid
ORD000000116,1,COD,1,16246.0,failed
ORD000000117,1,UPI,1,488.0,paid
ORD000000118,1,UPI,1,4348.0,paid
ORD000000119,1,COD,1,3847.0,paid
ORD000000120,1,UPI,1,158.0,paid
ORD000000121,1,UPI,1,7928.0,paid
ORD000000122,1,UPI,1,53163.0,paid
ORD000000123,1,COD,1,19333.0,paid
ORD000000124,1,UPI,1,793.0,paid
ORD000000125,1,COD,1,24056.0,PAID
ORD000000126,1,Credit Card,1,1514.0,paid
ORD000000127,1,UPI,1,1351.0,success
ORD000000128,1,COD,1,41871.0,paid
ORD000000129,1,COD,1,9745.0,Success
ORD000000130,1,COD,1,1525.0,paid
ORD000000131,1,COD,1,30117.0,paid
ORD000000132,1,UPI,1,858.0,paid
ORD000000133,1,Credit Card,3,26636.0,paid
ORD000000134,1,Wallet,1,3874.0,PAID
ORD000000135,1,UPI,1,21744.0,paid
ORD000000136,1,UPI,1,46760.0,paid
ORD000000137,1,UPI,1,6874.0,paid
ORD000000138,1,COD,1,1788.0,paid
ORD000000139,1,UPI,1,4264.0,paid
ORD000000140,1,COD,1,1037.0,paid
ORD000000141,1,COD,1,14955.0,paid
ORD000000142,1,Debit Card,1,1622.0,paid
ORD000000143,1,UPI,1,340.0,paid
ORD000000144,1,COD,1,52048.0,refunded
ORD000000145,1,COD,1,26196.0,paid
ORD000000146,1,Wallet,1,2115.0,paid
ORD000000147,1,COD,1,863.0,paid
ORD000000148,1,Net Banking,1,22683.0,paid
ORD000000149,1,Net Banking,1,3546.0,Success
ORD000000150,1,UPI,1,3929.0,paid
ORD000000151,1,COD,1,534.0,paid
ORD000000152,1,COD,1,23240.0,paid
ORD000000153,1,COD,1,995.0,paid
ORD000000154,1,COD,1,754.0,paid
ORD000000155,1,Credit Card,1,509.0,paid
ORD000000156,1,Wallet,1,5082.0,paid
ORD000000157,1,COD,1,130.0,paid
ORD000000158,1,COD,1,32575.0,completed
ORD000000159,1,COD,1,40365.0,paid
ORD000000160,1,COD,1,6049.0,paid
ORD000000161,1,COD,1,759.0,paid
ORD000000162,1,Wallet,1,43931.0,paid
ORD000000163,1,COD,1,36331.0,paid
ORD000000164,1,COD,1,31715.0,paid
ORD000000165,1,UPI,1,5202.0,refunded
ORD000000166,1,COD,1,32438.0,paid
ORD000000167,1,Wallet,1,785.0,paid
ORD000000168,1,Wallet,1,1260.0,paid
ORD000000169,1,COD,1,3340.0,paid
ORD000000170,1,UPI,1,461.0,paid
ORD000000171,1,Credit Card,1,4893.0,failed
ORD000000172,1,COD,1,13546.0,paid
ORD000000173,1,COD,1,69561.0,paid
ORD000000174,1,Net Banking,1,3875.0,paid
ORD000000175,1,COD,1,2410.0,paid
ORD000000176,1,COD,1,13361.0,paid
ORD000000177,1,COD,1,15911.0,paid
ORD000000178,1,COD,1,533.0,paid
ORD000000179,1,Debit Card,1,64669.0,paid
ORD000000180,1,UPI,1,10843.0,failed
ORD000000181,1,UPI,1,17293.0,paid
ORD000000182,1,COD,1,1306.0,paid
ORD000000183,1,Debit Card,1,1204.0,completed
ORD000000184,1,COD,1,326.0,paid
ORD000000185,1,COD,1,18817.0,paid
ORD000000186,1,COD,1,5122.0,paid
ORD000000187,1,COD,1,16234.0,paid
ORD000000188,1,UPI,1,11971.0,paid
ORD000000189,1,COD,1,3094.0,paid
ORD000000190,1,COD,1,3051.0,paid
ORD000000191,1,COD,1,3829.0,paid
ORD000000192,1,UPI,1,26401.0,paid
ORD000000193,1,COD,1,92803.0,paid
ORD000000194,1,Debit Card,1,31920.0,paid
ORD000000195,1,COD,1,63687.0,paid
ORD000000196,1,COD,1,678.0,paid
ORD000000197,1,COD,1,28977.0,paid
ORD000000198,1,COD,1,40135.0,paid
ORD000000199,1,COD,1,10969.0,paid
ORD000000200,1,COD,1,2310.0,Success
ORD000000201,1,COD,1,9613.0,paid
ORD000000202,1,COD,1,1752.0,paid
ORD000000203,1,COD,1,1627.0,completed
ORD000000204,1,UPI,1,132501.0,paid
ORD000000205,1,COD,1,16119.0,paid
ORD000000206,1,Wallet,1,257.0,paid
ORD000000207,1,COD,1,2777.0,paid
ORD000000208,1,COD,1,7427.0,paid
ORD000000209,1,COD,1,3475.0,Success
ORD000000210,1,Credit Card,1,6053.0,Paid
ORD000000211,1,COD,1,6808.0,paid
ORD000000212,1,Wallet,1,2231.0,paid
ORD000000213,1,UPI,1,866.0,paid
ORD000000214,1,UPI,1,9954.0,completed
ORD000000215,1,COD,1,2530.0,paid
ORD000000216,1,COD,1,47294.0,paid
ORD000000217,1,COD,1,6308.0,paid
ORD000000218,1,Debit Card,1,1397.0,paid
ORD000000219,1,Credit Card,1,1015.0,paid
ORD000000220,1,COD,1,31197.0,paid
ORD000000221,1,COD,1,477.0,paid
ORD000000222,1,COD,1,341.0,paid
ORD000000223,1,Credit Card,1,62985.0,Paid
ORD000000224,1,COD,1,774.0,paid
ORD000000225,1,UPI,1,4412.0,failed
ORD000000226,1,COD,1,99137.0,Refund
ORD000000227,1,Wallet,1,1469.0,paid
ORD000000228,1,COD,1,23969.0,paid
ORD000000229,1,COD,1,1112.0,failed
ORD000000230,1,Wallet,1,1481.0,paid
ORD000000231,1,UPI,1,965.0,paid
ORD000000232,1,COD,1,2315.0,paid
ORD000000233,1,Debit Card,1,8556.0,paid
ORD000000234,1,COD,1,938.0,paid
ORD000000235,1,COD,1,7559.0,refunded
ORD000000236,1,COD,1,1656.0,reversed
ORD000000237,1,COD,1,28417.0,success
ORD000000238,1,UPI,1,1692.0,paid
ORD000000239,1,COD,1,2062.0,paid
ORD000000240,1,COD,1,3575.0,paid
ORD000000241,1,Credit Card,1,373.0,paid
ORD000000242,1,COD,1,1166.0,PAID
ORD000000243,1,COD,1,506.0,paid
ORD000000244,1,COD,1,1800.0,success
ORD000000245,1,Credit Card,1,998.0,failed
ORD000000246,1,COD,1,30967.0,paid
ORD000000247,1,Net Banking,1,1136.0,paid
ORD000000248,1,Debit Card,1,968.0,paid
ORD000000249,1,Credit Card,1,1115.0,paid
ORD000000250,1,Credit Card,1,1826.0,paid
ORD000000251,1,UPI,1,11371.0,paid
ORD000000252,1,Debit Card,1,7486.0,paid
ORD000000253,1,UPI,1,41733.0,paid
ORD000000254,1,COD,1,39584.0,paid
ORD000000255,1,COD,1,20670.0,failed
ORD000000256,1,Credit Card,1,4676.0,refunded
ORD000000257,1,COD,1,2430.0,paid
ORD000000258,1,Credit Card,1,4358.0,failed
ORD000000259,1,Net Banking,1,45811.0,paid
ORD000000260,1,COD,1,81293.0,failed
ORD000000261,1,COD,1,12342.0,failed
ORD000000262,1,COD,1,1655.0,paid
ORD000000263,1,COD,1,5676.0,paid
ORD000000264,1,UPI,1,634.0,paid
ORD000000265,1,COD,1,1287.0,paid
ORD000000266,1,COD,1,14814.0,PAID
ORD000000267,1,COD,1,23531.0,paid
ORD000000268,1,COD,1,53520.0,paid
ORD000000269,1,COD,1,697.0,paid
ORD000000270,1,COD,1,47888.0,paid
ORD000000271,1,Credit Card,1,1893.0,paid
ORD000000272,1,COD,1,3131.0,paid
ORD000000273,1,COD,1,10286.0,paid
ORD000000274,1,COD,1,1779.0,failed
ORD000000275,1,UPI,1,2981.0,paid
ORD000000276,1,Credit Card,1,709.0,paid
ORD000000277,1,COD,1,899.0,paid
ORD000000278,1,UPI,1,31137.0,paid
ORD000000279,1,UPI,1,17163.0,paid
ORD000000280,1,Debit Card,1,492.0,success
ORD000000281,1,UPI,1,1111.0,REFUNDED
ORD000000282,1,UPI,1,117345.0,paid
ORD000000283,1,COD,1,34369.0,paid
ORD000000284,1,COD,1,1493.0,paid
ORD000000285,1,Debit Card,1,977.0,paid
ORD000000286,1,COD,1,2897.0,refunded
ORD000000287,1,COD,1,41492.0,paid
ORD000000288,1,UPI,1,331.0,paid
ORD000000289,1,Debit Card,1,2082.0,Success
ORD000000290,1,COD,1,1443.0,paid
ORD000000291,1,Debit Card,1,2147.0,paid
ORD000000292,1,COD,1,3863.0,paid
ORD000000293,1,Debit Card,1,21392.0,paid
ORD000000294,1,Debit Card,1,18283.0,paid
ORD000000295,1,Credit Card,1,30859.0,failed
ORD000000296,1,Wallet,1,25594.0,paid
ORD000000297,1,Wallet,1,3699.0,paid
ORD000000298,1,Wallet,1,584.0,refunded
ORD000000299,1,COD,1,40974.0,paid
ORD000000300,1,COD,1,27742.0,refunded
ORD000000301,1,COD,1,44185.0,paid
ORD000000302,1,COD,1,2480.0,paid
ORD000000303,1,UPI,1,1536.0,paid
ORD000000304,1,COD,1,4093.0,paid
ORD000000305,1,Wallet,1,18425.0,refunded
ORD000000306,1,COD,1,72313.0,paid
ORD000000307,1,COD,1,11133.0,paid
ORD000000308,1,COD,1,2147.0,paid
ORD000000309,1,COD,1,1804.0,paid
ORD000000310,1,COD,1,1752.0,Success
ORD000000311,1,UPI,1,614.0,refunded
ORD000000312,1,COD,1,1400.0,paid
ORD000000313,1,Credit Card,1,2626.0,paid
ORD000000314,1,COD,1,2707.0,paid
ORD000000315,1,UPI,1,875.0,paid
ORD000000316,1,UPI,1,13322.0,paid
ORD000000317,1,COD,1,80794.0,paid
ORD000000318,1,COD,1,22476.0,paid
ORD000000319,1,Credit Card,1,4140.0,paid
ORD000000320,1,UPI,1,795.0,paid
ORD000000321,1,COD,1,13500.0,failed
ORD000000322,1,UPI,1,610.0,paid
ORD000000323,1,COD,1,3603.0,paid
ORD000000324,1,COD,1,54942.0,Failed
ORD000000325,1,COD,1,9390.0,Success
ORD000000326,1,Credit Card,1,2244.0,failed
ORD000000327,1,COD,1,1043.0,paid
ORD000000328,1,COD,1,755.0,success
ORD000000329,1,COD,1,675.0,paid
ORD000000330,1,COD,1,764.0,paid
ORD000000331,1,COD,1,4632.0,paid
ORD000000332,1,COD,1,15690.0,paid
ORD000000333,1,Credit Card,6,48567.0,paid
ORD000000334,1,Credit Card,1,549.0,paid
ORD000000335,1,COD,1,20838.0,paid
ORD000000336,1,COD,1,19465.0,paid
ORD000000337,1,COD,1,3219.0,paid
ORD000000338,1,Debit Card,1,62451.0,paid
ORD000000339,1,COD,1,2210.0,paid
ORD000000340,1,Credit Card,1,1068.0,paid
ORD000000341,1,COD,1,467.0,paid
ORD000000342,1,UPI,1,5186.0,paid
ORD000000343,1,UPI,1,22916.0,paid
ORD000000344,1,UPI,1,11646.0,paid
ORD000000345,1,COD,1,17218.0,failed
ORD000000346,1,COD,1,54356.0,completed
ORD000000347,1,COD,1,11756.0,paid
ORD000000348,1,Net Banking,1,43815.0,paid
ORD000000349,1,COD,1,2953.0,paid
ORD000000350,1,UPI,1,35931.0,paid
ORD000000351,1,Wallet,1,23556.0,paid
ORD000000352,1,UPI,1,1245.0,paid
ORD000000353,1,COD,1,760.0,Success
ORD000000354,1,COD,1,336.0,captured
ORD000000355,1,Credit Card,1,2039.0,refunded
ORD000000356,1,Debit Card,1,39971.0,Success
ORD000000357,1,Net Banking,1,3504.0,Failed
ORD000000358,1,COD,1,77329.0,paid
ORD000000359,1,Wallet,1,1238.0,paid
ORD000000360,1,COD,1,2259.0,paid
ORD000000361,1,UPI,1,9093.0,paid
ORD000000362,1,COD,1,11745.0,paid
ORD000000363,1,COD,1,72711.0,paid
ORD000000364,1,UPI,1,3643.0,paid
ORD000000365,1,COD,1,4562.0,paid
ORD000000366,1,Wallet,1,1147.0,paid
ORD000000367,1,COD,1,14749.0,paid
ORD000000368,1,Debit Card,1,1316.0,paid
ORD000000369,1,COD,1,5313.0,paid
ORD000000370,1,COD,1,1499.0,success
ORD000000371,1,COD,1,201.0,paid
ORD000000372,1,Credit Card,1,1347.0,paid
ORD000000373,1,Credit Card,1,17814.0,paid
ORD000000374,1,COD,1,3374.0,paid
ORD000000375,1,COD,1,9369.0,paid
ORD000000376,1,COD,1,13047.0,refunded
ORD000000377,1,UPI,1,424.0,paid
ORD000000378,1,UPI,1,23455.0,paid
ORD000000379,1,Credit Card,1,316.0,PAID
ORD000000380,1,COD,1,7783.0,paid
ORD000000381,1,COD,1,1801.0,paid
ORD000000382,1,COD,1,59009.0,paid
ORD000000383,1,Wallet,1,31403.0,captured
ORD000000384,1,COD,1,689.0,paid
ORD000000385,1,COD,1,16316.0,paid
ORD000000386,1,Credit Card,1,258.0,paid
ORD000000387,1,UPI,1,1973.0,paid
ORD000000388,1,COD,1,284.0,paid
ORD000000389,1,COD,1,1667.0,paid
ORD000000390,1,Credit Card,1,1761.0,paid
ORD000000391,1,UPI,1,436.0,paid
ORD000000392,1,COD,1,2207.0,failed
ORD000000393,1,COD,1,77242.0,paid
ORD000000394,1,COD,1,3568.0,paid
ORD000000395,1,UPI,1,8421.0,paid
ORD000000396,1,COD,1,5014.0,paid
ORD000000397,1,COD,1,,failed
ORD000000398,1,COD,1,634.0,paid
ORD000000399,1,Net Banking,1,853.0,paid
ORD000000400,1,COD,1,2128.0,paid
ORD000000401,1,COD,1,82286.0,Failed
ORD000000402,1,COD,1,4076.0,paid
ORD000000403,1,UPI,1,967.0,success
ORD000000404,1,Debit Card,1,3331.0,paid
ORD000000405,1,Net Banking,1,2059.0,paid
ORD000000406,1,COD,1,1415.0,paid
ORD000000407,1,COD,1,3270.0,paid
ORD000000408,1,COD,1,3399.0,paid
ORD000000409,1,Credit Card,1,623.0,paid
ORD000000410,1,UPI,1,3518.0,paid
ORD000000411,1,COD,1,13900.0,paid
ORD000000412,1,COD,1,5104.0,paid
ORD000000413,1,COD,1,11049.0,paid
ORD000000414,1,UPI,1,1414.0,paid
ORD000000415,1,COD,1,28459.0,paid
ORD000000416,1,COD,1,1461.0,paid
ORD000000417,1,COD,1,42840.0,failed
ORD000000418,1,COD,1,83103.0,paid
ORD000000419,1,COD,1,2653.0,paid
ORD000000420,1,UPI,1,8386.0,paid
ORD000000421,1,UPI,1,28167.0,paid
ORD000000422,1,COD,1,17855.0,failed
ORD000000423,1,COD,1,2443.0,paid
ORD000000424,1,Debit Card,1,14500.0,failed
ORD000000425,1,Debit Card,1,24639.0,paid
ORD000000426,1,UPI,1,4175.0,paid
ORD000000427,1,UPI,1,41742.0,paid
ORD000000428,1,Credit Card,1,2392.0,paid
ORD000000429,1,UPI,1,36595.0,paid
ORD000000430,1,COD,1,2514.0,failed
ORD000000431,1,COD,1,21527.0,paid
ORD000000432,1,COD,1,14467.0,paid
ORD000000433,1,Credit Card,1,12725.0,paid
ORD000000434,1,UPI,1,25820.0,paid
ORD000000435,1,Net Banking,1,561.0,paid
ORD000000436,1,COD,1,28501.0,refunded
ORD000000437,1,COD,1,19276.0,paid
ORD000000438,1,UPI,1,24095.0,paid
ORD000000439,1,Debit Card,1,51015.0,paid
ORD000000440,1,Debit Card,1,15489.0,paid
ORD000000441,1,COD,1,689.0,Failed
ORD000000442,1,Net Banking,1,1410.0,paid
ORD000000443,1,Net Banking,1,14274.0,paid
ORD000000444,1,Wallet,1,27786.0,paid
ORD000000445,1,UPI,1,3199.0,Paid
ORD000000446,1,Credit Card,6,61800.0,paid
ORD000000447,1,COD,1,18254.0,paid
ORD000000448,1,COD,1,2206.0,paid
ORD000000449,1,COD,1,3634.0,paid
ORD000000450,1,COD,1,50274.0,paid
ORD000000451,1,Wallet,1,12399.0,paid
ORD000000452,1,UPI,1,1971.0,paid
ORD000000453,1,COD,1,1018.0,paid
ORD000000454,1,Credit Card,6,42132.0,paid
ORD000000455,1,UPI,1,1272.0,paid
ORD000000456,1,COD,1,15100.0,paid
ORD000000457,1,UPI,1,77863.0,refunded
ORD000000458,1,COD,1,23404.0,paid
ORD000000459,1,UPI,1,25596.0,paid
ORD000000460,1,Credit Card,9,26772.0,paid
ORD000000461,1,COD,1,1390.0,paid
ORD000000462,1,COD,1,29393.0,paid
ORD000000463,1,UPI,1,2019.0,paid
ORD000000464,1,Debit Card,1,18556.0,paid
ORD000000465,1,COD,1,13173.0,paid
ORD000000466,1,Credit Card,1,15007.0,completed
ORD000000467,1,UPI,1,33834.0,paid
ORD000000468,1,COD,1,4633.0,success
ORD000000469,1,COD,1,14216.0,paid
ORD000000470,1,COD,1,836.0,paid
ORD000000471,1,COD,1,14749.0,captured
ORD000000472,1,COD,1,2410.0,paid
ORD000000473,1,UPI,1,837.0,paid
ORD000000474,1,UPI,1,71740.0,paid
ORD000000475,1,COD,1,23303.0,paid
ORD000000476,1,COD,1,32261.0,paid
ORD000000477,1,COD,1,805.0,paid
ORD000000478,1,Debit Card,1,44548.0,paid
ORD000000479,1,Wallet,1,78984.0,paid
ORD000000480,1,Credit Card,1,793.0,paid
ORD000000481,1,COD,1,2078.0,paid
ORD000000482,1,Debit Card,1,2371.0,paid
ORD000000483,1,Credit Card,6,43372.0,paid
ORD000000484,1,COD,1,3641.0,Success
ORD000000485,1,COD,1,52175.0,paid
ORD000000486,1,COD,1,66559.0,paid
ORD000000487,1,UPI,1,8383.0,paid
ORD000000488,1,COD,1,5324.0,paid
ORD000000489,1,COD,1,932.0,paid
ORD000000490,1,COD,1,2689.0,paid
ORD000000491,1,COD,1,3099.0,paid
ORD000000492,1,UPI,1,30813.0,refunded
ORD000000493,1,COD,1,911.0,paid
ORD000000494,1,COD,1,9217.0,Success
ORD000000495,1,UPI,1,39520.0,paid
ORD000000496,1,Net Banking,1,2934.0,refunded
ORD000000497,1,COD,1,13212.0,paid
ORD000000498,1,COD,1,38200.0,paid
ORD000000499,1,COD,1,37724.0,paid
ORD000000500,1,COD,1,33544.0,paid
ORD000000501,1,Debit Card,1,74230.0,paid
ORD000000502,1,Wallet,1,4513.0,PAID
ORD000000503,1,COD,1,30303.0,paid
ORD000000504,1,COD,1,100750.0,completed
ORD000000505,1,COD,1,24250.0,refunded
ORD000000506,1,UPI,1,21624.0,failed
ORD000000507,1,COD,1,791.0,paid
ORD000000508,1,COD,1,940.0,paid
ORD000000509,1,COD,1,2336.0,failed
ORD000000510,1,UPI,1,28994.0,paid
ORD000000511,1,Wallet,1,2944.0,failed
ORD000000512,1,COD,1,18996.0,paid
ORD000000513,1,Credit Card,1,1866.0,paid
ORD000000514,1,Credit Card,1,2974.0,paid
ORD000000515,1,COD,1,43231.0,paid
ORD000000516,1,Wallet,1,668.0,paid
ORD000000517,1,UPI,1,1166.0,paid
ORD000000518,1,COD,1,37467.0,paid
ORD000000519,1,UPI,1,471.0,paid
ORD000000520,1,COD,1,31825.0,paid
ORD000000521,1,COD,1,2661.0,success
ORD000000522,1,COD,1,2498.0,paid
ORD000000523,1,UPI,1,2615.0,PAID
ORD000000524,1,Debit Card,1,2844.0,PAID
ORD000000525,1,COD,1,6184.0,paid
ORD000000526,1,COD,1,603.0,paid
ORD000000527,1,COD,1,8380.0,paid
ORD000000528,1,Wallet,1,203.0,paid
ORD000000529,1,COD,1,13700.0,paid
ORD000000530,1,Debit Card,1,4532.0,paid
ORD000000531,1,COD,1,18561.0,success
ORD000000532,1,COD,1,48636.0,paid
ORD000000533,1,COD,1,7072.0,paid
ORD000000534,1,COD,1,28426.0,paid
ORD000000535,1,COD,1,52868.0,paid
ORD000000536,1,Debit Card,1,2885.0,paid
ORD000000537,1,COD,1,33652.0,paid
ORD000000538,1,COD,1,9218.0,paid
ORD000000539,1,UPI,1,1000.0,paid
ORD000000540,1,COD,1,16024.0,completed
ORD000000541,1,UPI,1,79693.0,paid
ORD000000542,1,Credit Card,3,12087.0,paid
ORD000000543,1,Net Banking,1,3909.0,paid
ORD000000544,1,UPI,1,5949.0,paid
ORD000000545,1,COD,1,1479.0,refunded
ORD000000546,1,COD,1,279.0,paid
ORD000000547,1,COD,1,939.0,failed
ORD000000548,1,COD,1,1378.0,paid
ORD000000549,1,COD,1,1955.0,paid
ORD000000550,1,COD,1,42454.0,paid
ORD000000551,1,Net Banking,1,11935.0,refunded
ORD000000552,1,Wallet,1,2378.0,paid
ORD000000553,1,COD,1,2619.0,paid
ORD000000554,1,Net Banking,1,164693.0,paid
ORD000000555,1,Credit Card,1,258.0,paid
ORD000000556,1,COD,1,1851.0,paid
ORD000000557,1,Debit Card,1,4569.0,paid
ORD000000558,1,Wallet,1,1250.0,paid
ORD000000559,1,UPI,1,8576.0,success
ORD000000560,1,Credit Card,1,985.0,failed
ORD000000561,1,COD,1,5148.0,paid
ORD000000562,1,UPI,1,1325.0,paid
ORD000000563,1,UPI,1,37962.0,paid
ORD000000564,1,UPI,1,113579.0,paid
ORD000000565,1,COD,1,1252.0,paid
ORD000000566,1,UPI,1,1578.0,paid
ORD000000567,1,Credit Card,1,3671.0,paid
ORD000000568,1,Credit Card,1,799.0,paid
ORD000000569,1,COD,1,9805.0,success
ORD000000570,1,COD,1,46134.0,paid
ORD000000571,1,COD,1,37367.0,paid
ORD000000572,1,UPI,1,3402.0,success
ORD000000573,1,COD,1,31223.0,paid
ORD000000574,1,Wallet,1,38199.0,refunded
ORD000000575,1,UPI,1,95618.0,paid
ORD000000576,1,COD,1,4913.0,paid
ORD000000577,1,UPI,1,7526.0,REFUNDED
ORD000000578,1,COD,1,,paid
ORD000000579,1,COD,1,7306.0,failed
ORD000000580,1,COD,1,729.0,paid
ORD000000581,1,UPI,1,1190.0,paid
ORD000000582,1,Debit Card,1,4189.0,success
ORD000000583,1,COD,1,3895.0,paid
ORD000000584,1,Credit Card,1,3893.0,paid
ORD000000585,1,COD,1,5191.0,paid
ORD000000586,1,COD,1,82177.0,paid
ORD000000587,1,UPI,1,402.0,paid
ORD000000588,1,Credit Card,1,1474.0,paid
ORD000000589,1,Wallet,1,69165.0,failed
ORD000000590,1,UPI,1,140498.0,paid
ORD000000591,1,COD,1,,paid
ORD000000592,1,COD,1,2701.0,paid
ORD000000593,1,COD,1,33673.0,success
ORD000000594,1,Wallet,1,11447.0,paid
ORD000000595,1,UPI,1,1340.0,paid
ORD000000596,1,COD,1,16164.0,paid
ORD000000597,1,COD,1,39646.0,paid
ORD000000598,1,COD,1,126.0,paid
ORD000000599,1,Credit Card,1,535.0,Paid
ORD000000600,1,COD,1,,failed
ORD000000601,1,Wallet,1,6300.0,paid
ORD000000602,1,COD,1,14126.0,paid
ORD000000603,1,Credit Card,1,3056.0,failed
ORD000000604,1,COD,1,888.0,paid
ORD000000605,1,COD,1,1093.0,refunded
ORD000000606,1,COD,1,735.0,paid
ORD000000607,1,COD,1,50902.0,failed
ORD000000608,1,Net Banking,1,213.0,paid
ORD000000609,1,Credit Card,1,3279.0,success
ORD000000610,1,COD,1,134919.0,paid
ORD000000611,1,COD,1,4337.0,paid
ORD000000612,1,COD,1,6885.0,paid
ORD000000613,1,UPI,1,2084.0,paid
ORD000000614,1,COD,1,16082.0,paid
ORD000000615,1,COD,1,3128.0,paid
ORD000000616,1,COD,1,493.0,paid
ORD000000617,1,Debit Card,1,795.0,paid
ORD000000618,1,COD,1,442.0,paid
ORD000000619,1,UPI,1,980.0,completed
ORD000000620,1,Wallet,1,52334.0,paid
ORD000000621,1,COD,1,7579.0,paid
ORD000000622,1,COD,1,631.0,refunded
ORD000000623,1,COD,1,3084.0,paid
ORD000000624,1,UPI,1,1424.0,paid
ORD000000625,1,COD,1,969.0,paid
ORD000000626,1,COD,1,112683.0,paid
ORD000000627,1,COD,1,803.0,paid
ORD000000628,1,UPI,1,116384.0,failed
ORD000000629,1,UPI,1,5584.0,paid
ORD000000630,1,COD,1,501.0,paid
ORD000000631,1,Credit Card,1,1169.0,paid
ORD000000632,1,COD,1,283.0,paid
ORD000000633,1,COD,1,6059.0,paid
ORD000000634,1,COD,1,69954.0,paid
ORD000000635,1,UPI,1,1767.0,paid
ORD000000636,1,UPI,1,478.0,paid
ORD000000637,1,COD,1,22645.0,paid
ORD000000638,1,COD,1,34133.0,declined
ORD000000639,1,COD,1,4161.0,paid
ORD000000640,1,COD,1,20461.0,completed
ORD000000641,1,COD,1,276.0,paid
ORD000000642,1,COD,1,2317.0,paid
ORD000000643,1,COD,1,44021.0,paid
ORD000000644,1,COD,1,1320.0,paid
ORD000000645,1,COD,1,23393.0,paid
ORD000000646,1,COD,1,15654.0,failed
ORD000000647,1,UPI,1,2181.0,paid
ORD000000648,1,COD,1,6925.0,paid
ORD000000649,1,UPI,1,15457.0,paid
ORD000000650,1,COD,1,58645.0,failed
ORD000000651,1,COD,1,2808.0,paid
ORD000000652,1,COD,1,107562.0,paid
ORD000000653,1,COD,1,1661.0,paid
ORD000000654,1,Credit Card,1,3766.0,paid
ORD000000655,1,COD,1,365.0,paid
ORD000000656,1,COD,1,258.0,paid
ORD000000657,1,COD,1,3545.0,paid
ORD000000658,1,COD,1,95285.0,paid
ORD000000659,1,Debit Card,1,48654.0,paid
ORD000000660,1,Net Banking,1,900.0,paid
ORD000000661,1,COD,1,20130.0,declined
ORD000000662,1,COD,1,2880.0,paid
ORD000000663,1,COD,1,3009.0,paid
ORD000000664,1,COD,1,26919.0,paid
ORD000000665,1,COD,1,24446.0,paid
ORD000000666,1,COD,1,495.0,paid
ORD000000667,1,COD,1,948.0,paid
ORD000000668,1,COD,1,2621.0,paid
ORD000000669,1,COD,1,24215.0,failed
ORD000000670,1,UPI,1,15005.0,paid
ORD000000671,1,Debit Card,1,198.0,paid
ORD000000672,1,COD,1,537.0,paid
ORD000000673,1,Credit Card,1,21440.0,paid
ORD000000674,1,COD,1,342.0,failed
ORD000000675,1,COD,1,2265.0,paid
ORD000000676,1,UPI,1,3177.0,paid
ORD000000677,1,COD,1,9464.0,paid
ORD000000678,1,Debit Card,1,1551.0,paid
ORD000000679,1,Wallet,1,689.0,paid
ORD000000680,1,COD,1,6692.0,paid
ORD000000681,1,COD,1,45882.0,paid
ORD000000682,1,COD,1,861.0,paid
ORD000000683,1,Debit Card,1,3360.0,paid
ORD000000684,1,COD,1,17465.0,paid
ORD000000685,1,Credit Card,1,1052.0,paid
ORD000000686,1,COD,1,339.0,paid
ORD000000687,1,UPI,1,1046.0,paid
ORD000000688,1,COD,1,3331.0,failed
ORD000000689,1,Credit Card,3,20111.0,paid
ORD000000690,1,UPI,1,13249.0,paid
ORD000000691,1,COD,1,12464.0,paid
ORD000000692,1,COD,1,14778.0,paid
ORD000000693,1,COD,1,437.0,paid
ORD000000694,1,COD,1,50074.0,paid
ORD000000695,1,Credit Card,1,29772.0,paid
ORD000000696,1,COD,1,3230.0,paid
ORD000000697,1,Wallet,1,5350.0,paid
ORD000000698,1,COD,1,2902.0,paid
ORD000000699,1,Debit Card,1,27638.0,PAID
ORD000000700,1,Debit Card,1,15792.0,paid
ORD000000701,1,UPI,1,19143.0,paid
ORD000000702,1,Wallet,1,19057.0,Refund
ORD000000703,1,COD,1,13636.0,paid
ORD000000704,1,UPI,1,5166.0,paid
ORD000000705,1,COD,1,566.0,paid
ORD000000706,1,COD,1,27998.0,paid
ORD000000707,1,UPI,1,7579.0,paid
ORD000000708,1,Debit Card,1,75418.0,paid
ORD000000709,1,Wallet,1,264.0,paid
ORD000000710,1,UPI,1,4737.0,paid
ORD000000711,1,Debit Card,1,2471.0,paid
ORD000000712,1,Credit Card,1,3701.0,paid
ORD000000713,1,Credit Card,1,1637.0,paid
ORD000000714,1,COD,1,3276.0,paid
ORD000000715,1,COD,1,16103.0,paid
ORD000000716,1,COD,1,546.0,paid
ORD000000717,1,Credit Card,1,755.0,paid
ORD000000718,1,UPI,1,3528.0,paid
ORD000000719,1,Credit Card,1,384.0,paid
ORD000000720,1,Wallet,1,15197.0,paid
ORD000000721,1,UPI,1,13401.0,paid
ORD000000722,1,Credit Card,1,514.0,paid
ORD000000723,1,UPI,1,436.0,completed
ORD000000724,1,UPI,1,56073.0,paid
ORD000000725,1,COD,1,4425.0,captured
ORD000000726,1,Wallet,1,1502.0,paid
ORD000000727,1,Credit Card,1,751.0,paid
ORD000000728,1,Credit Card,1,912.0,paid
ORD000000729,1,COD,1,95616.0,completed
ORD000000730,1,COD,1,65960.0,paid
ORD000000731,1,Debit Card,1,4509.0,paid
ORD000000732,1,Wallet,1,12456.0,paid
ORD000000733,1,Net Banking,1,104810.0,refunded
ORD000000734,1,UPI,1,5644.0,paid
ORD000000735,1,UPI,1,13434.0,refunded
ORD000000736,1,COD,1,33105.0,failed
ORD000000737,1,Credit Card,1,457.0,paid
ORD000000738,1,COD,1,854.0,paid
ORD000000739,1,Debit Card,1,40018.0,completed
ORD000000740,1,COD,1,2134.0,paid
ORD000000741,1,Wallet,1,1041.0,paid
ORD000000742,1,COD,1,18391.0,failed
ORD000000743,1,COD,1,30221.0,paid
ORD000000744,1,UPI,1,894.0,failed
ORD000000745,1,UPI,1,33459.0,paid
ORD000000746,1,Credit Card,1,955.0,paid
ORD000000747,1,UPI,1,10582.0,captured
ORD000000748,1,UPI,1,22077.0,failed
ORD000000749,1,COD,1,602.0,paid
ORD000000750,1,Debit Card,1,3242.0,paid
ORD000000751,1,Net Banking,1,515.0,paid
ORD000000752,1,Credit Card,1,82280.0,paid
ORD000000753,1,COD,1,4477.0,paid
ORD000000754,1,Credit Card,6,148906.0,paid
ORD000000755,1,COD,1,10095.0,refunded
ORD000000756,1,Wallet,1,95519.0,paid
ORD000000757,1,COD,1,24172.0,failed
ORD000000758,1,COD,1,23474.0,paid
ORD000000759,1,COD,1,,paid
ORD000000760,1,Credit Card,1,2350.0,failed
ORD000000761,1,UPI,1,1843.0,paid
ORD000000762,1,UPI,1,6757.0,paid
ORD000000763,1,COD,1,13365.0,paid
ORD000000764,1,Debit Card,1,5445.0,paid
ORD000000765,1,COD,1,75460.0,paid
ORD000000766,1,COD,1,11581.0,paid
ORD000000767,1,Credit Card,1,2004.0,paid
ORD000000768,1,COD,1,14510.0,paid
ORD000000769,1,UPI,1,92764.0,paid
ORD000000770,1,COD,1,1002.0,paid
ORD000000771,1,UPI,1,2643.0,paid
ORD000000772,1,COD,1,2383.0,paid
ORD000000773,1,COD,1,1289.0,Paid
ORD000000774,1,COD,1,1977.0,captured
ORD000000775,1,UPI,1,2430.0,success
ORD000000776,1,COD,1,2724.0,paid
ORD000000777,1,COD,1,762.0,paid
ORD000000778,1,COD,1,2439.0,paid
ORD000000779,1,COD,1,25284.0,paid
ORD000000780,1,COD,1,3530.0,failed
ORD000000781,1,UPI,1,12424.0,paid
ORD000000782,1,COD,1,202.0,captured
ORD000000783,1,COD,1,1964.0,Success
ORD000000784,1,UPI,1,4400.0,paid
ORD000000785,1,COD,1,6026.0,paid
ORD000000786,1,UPI,1,65407.0,paid
ORD000000787,1,UPI,1,5362.0,paid
ORD000000788,1,Credit Card,1,6350.0,paid
ORD000000789,1,COD,1,4426.0,failed
ORD000000790,1,COD,1,931.0,paid
ORD000000791,1,COD,1,12937.0,paid
ORD000000792,1,COD,1,1460.0,failed
ORD000000793,1,Debit Card,1,4905.0,paid
ORD000000794,1,COD,1,67394.0,paid
ORD000000795,1,COD,1,52762.0,paid
ORD000000796,1,UPI,1,51635.0,captured
ORD000000797,1,UPI,1,1631.0,paid
ORD000000798,1,Debit Card,1,11672.0,paid
ORD000000799,1,COD,1,15280.0,paid
ORD000000800,1,Debit Card,1,692.0,paid
ORD000000801,1,UPI,1,6841.0,paid
ORD000000802,1,Credit Card,1,14716.0,captured
ORD000000803,1,COD,1,609.0,paid
ORD000000804,1,COD,1,5503.0,paid
ORD000000805,1,COD,1,3237.0,paid
ORD000000806,1,Credit Card,3,56772.0,paid
ORD000000807,1,COD,1,1057.0,paid
ORD000000808,1,COD,1,38163.0,paid
ORD000000809,1,COD,1,5567.0,paid
ORD000000810,1,Debit Card,1,316.0,paid
ORD000000811,1,COD,1,1580.0,paid
ORD000000812,1,COD,1,61874.0,paid
ORD000000813,1,UPI,1,,paid
ORD000000814,1,Debit Card,1,3519.0,paid
ORD000000815,1,Credit Card,9,13328.0,paid
ORD000000816,1,COD,1,23108.0,paid
ORD000000817,1,COD,1,20838.0,paid
ORD000000818,1,COD,1,15137.0,failed
ORD000000819,1,COD,1,19638.0,paid
ORD000000820,1,COD,1,16574.0,paid
ORD000000821,1,COD,1,30803.0,paid
ORD000000822,1,COD,1,80160.0,paid
ORD000000823,1,COD,1,21822.0,paid
ORD000000824,1,UPI,1,34486.0,paid
ORD000000825,1,COD,1,38955.0,paid
ORD000000826,1,Net Banking,1,2086.0,paid
ORD000000827,1,Credit Card,1,2257.0,paid
ORD000000828,1,COD,1,50454.0,paid
ORD000000829,1,COD,1,1925.0,paid
ORD000000830,1,Wallet,1,11331.0,paid
ORD000000831,1,Wallet,1,9830.0,paid
ORD000000832,1,COD,1,650.0,paid
ORD000000833,1,COD,1,325.0,paid
ORD000000834,1,Net Banking,1,3947.0,paid
ORD000000835,1,UPI,1,793.0,paid
ORD000000836,1,UPI,1,1799.0,success
ORD000000837,1,COD,1,8701.0,paid
ORD000000838,1,Credit Card,3,67264.0,paid
ORD000000839,1,UPI,1,1104.0,paid
ORD000000840,1,COD,1,1821.0,Success
ORD000000841,1,UPI,1,20228.0,paid
ORD000000842,1,COD,1,1075.0,paid
ORD000000843,1,COD,1,6496.0,paid
ORD000000844,1,UPI,1,2772.0,success
ORD000000845,1,UPI,1,381.0,paid
ORD000000846,1,Net Banking,1,863.0,paid
ORD000000847,1,UPI,1,2162.0,paid
ORD000000848,1,COD,1,47837.0,paid
ORD000000849,1,COD,1,591.0,paid
ORD000000850,1,COD,1,26390.0,paid
ORD000000851,1,COD,1,2167.0,paid
ORD000000852,1,UPI,1,35471.0,paid
ORD000000853,1,COD,1,2251.0,paid
ORD000000854,1,COD,1,11631.0,paid
ORD000000855,1,COD,1,1657.0,paid
ORD000000856,1,COD,1,1002.0,paid
ORD000000857,1,COD,1,725.0,failed
ORD000000858,1,UPI,1,738.0,paid
ORD000000859,1,COD,1,111272.0,paid
ORD000000860,1,Debit Card,1,70855.0,paid
ORD000000861,1,COD,1,18653.0,paid
ORD000000862,1,Credit Card,6,108016.0,paid
ORD000000863,1,Debit Card,1,6653.0,paid
ORD000000864,1,Debit Card,1,549.0,paid
ORD000000865,1,Debit Card,1,24941.0,paid
ORD000000866,1,COD,1,532.0,paid
ORD000000867,1,COD,1,24065.0,paid
ORD000000868,1,UPI,1,22254.0,paid
ORD000000869,1,COD,1,1458.0,completed
ORD000000870,1,UPI,1,1110.0,Success
ORD000000871,1,UPI,1,6648.0,paid
ORD000000872,1,COD,1,758.0,paid
ORD000000873,1,COD,1,1075.0,FAILED
ORD000000874,1,UPI,1,16484.0,paid
ORD000000875,1,UPI,1,4885.0,paid
ORD000000876,1,Credit Card,3,11348.0,paid
ORD000000877,1,UPI,1,36447.0,paid
ORD000000878,1,COD,1,3487.0,paid
ORD000000879,1,COD,1,16074.0,paid
ORD000000880,1,COD,1,911.0,paid
ORD000000881,1,COD,1,112088.0,paid
ORD000000882,1,Credit Card,1,4193.0,paid
ORD000000883,1,UPI,1,37419.0,paid
ORD000000884,1,Debit Card,1,2904.0,failed
ORD000000885,1,COD,1,1019.0,paid
ORD000000886,1,COD,1,2062.0,paid
ORD000000887,1,COD,1,2332.0,paid
ORD000000888,1,COD,1,5485.0,paid
ORD000000889,1,COD,1,392.0,paid
ORD000000890,1,COD,1,,paid
ORD000000891,1,COD,1,433.0,Failed
ORD000000892,1,COD,1,103108.0,paid
ORD000000893,1,UPI,1,45756.0,paid
ORD000000894,1,UPI,1,1105.0,paid
ORD000000895,1,COD,1,72008.0,failed
ORD000000896,1,UPI,1,1115.0,paid
ORD000000897,1,COD,1,2139.0,refunded
ORD000000898,1,COD,1,3329.0,paid
ORD000000899,1,UPI,1,8952.0,paid
ORD000000900,1,COD,1,21883.0,paid
ORD000000901,1,UPI,1,624.0,paid
ORD000000902,1,COD,1,347.0,paid
ORD000000903,1,COD,1,9598.0,paid
ORD000000904,1,COD,1,293.0,paid
ORD000000905,1,COD,1,30092.0,failed
ORD000000906,1,COD,1,2378.0,paid
ORD000000907,1,COD,1,207.0,paid
ORD000000908,1,COD,1,1663.0,paid
ORD000000909,1,COD,1,59846.0,paid
ORD000000910,1,UPI,1,1380.0,paid
ORD000000911,1,Credit Card,1,2517.0,paid
ORD000000912,1,Debit Card,1,26727.0,success
ORD000000913,1,UPI,1,29459.0,paid
ORD000000914,1,Debit Card,1,19171.0,paid
ORD000000915,1,UPI,1,18060.0,paid
ORD000000916,1,UPI,1,541.0,refunded
ORD000000917,1,Credit Card,1,1718.0,paid
ORD000000918,1,Credit Card,1,378.0,paid
ORD000000919,1,Credit Card,1,95622.0,paid
ORD000000920,1,Debit Card,1,76037.0,paid
ORD000000921,1,COD,1,24520.0,paid
ORD000000922,1,Wallet,1,23649.0,paid
ORD000000923,1,COD,1,2688.0,paid
ORD000000924,1,COD,1,858.0,paid
ORD000000925,1,COD,1,82775.0,paid
ORD000000926,1,UPI,1,30640.0,failed
ORD000000927,1,COD,1,8417.0,paid
ORD000000928,1,COD,1,738.0,paid
ORD000000929,1,COD,1,7235.0,paid
ORD000000930,1,UPI,1,39538.0,paid
ORD000000931,1,COD,1,289.0,paid
ORD000000932,1,UPI,1,14924.0,paid
ORD000000933,1,UPI,1,15495.0,paid
ORD000000934,1,Credit Card,1,40964.0,paid
ORD000000935,1,UPI,1,973.0,paid
ORD000000936,1,COD,1,3375.0,paid
ORD000000937,1,Net Banking,1,699.0,paid
ORD000000938,1,Debit Card,1,30959.0,paid
ORD000000939,1,COD,1,559.0,captured
ORD000000940,1,COD,1,93585.0,paid
ORD000000941,1,COD,1,3003.0,paid
ORD000000942,1,Debit Card,1,80407.0,paid
ORD000000943,1,Credit Card,1,3590.0,paid
ORD000000944,1,Debit Card,1,6833.0,paid
ORD000000945,1,Wallet,1,828.0,failed
ORD000000946,1,UPI,1,5568.0,paid
ORD000000947,1,COD,1,930.0,paid
ORD000000948,1,COD,1,2334.0,paid
ORD000000949,1,COD,1,826.0,paid
ORD000000950,1,COD,1,5859.0,failed
ORD000000951,1,COD,1,5144.0,paid
ORD000000952,1,COD,1,5062.0,paid
ORD000000953,1,Credit Card,1,461.0,paid
ORD000000954,1,COD,1,4563.0,paid
ORD000000955,1,Credit Card,1,14214.0,paid
ORD000000956,1,Wallet,1,1208.0,paid
ORD000000957,1,COD,1,14160.0,paid
ORD000000958,1,COD,1,39904.0,failed
ORD000000959,1,COD,1,7664.0,paid
ORD000000960,1,Debit Card,1,27942.0,paid
ORD000000961,1,UPI,1,241.0,FAILED
ORD000000962,1,COD,1,258.0,paid
ORD000000963,1,UPI,1,94202.0,paid
ORD000000964,1,Credit Card,1,22451.0,paid
ORD000000965,1,COD,1,3571.0,success
ORD000000966,1,UPI,1,4915.0,paid
ORD000000967,1,COD,1,47248.0,paid
ORD000000968,1,COD,1,91942.0,paid
ORD000000969,1,Debit Card,1,17513.0,success
ORD000000970,1,COD,1,2022.0,paid
ORD000000971,1,Credit Card,1,74470.0,paid
ORD000000972,1,UPI,1,976.0,paid
ORD000000973,1,COD,1,775.0,paid
ORD000000974,1,UPI,1,18325.0,paid
ORD000000975,1,COD,1,18380.0,paid
ORD000000976,1,COD,1,3719.0,failed
ORD000000977,1,COD,1,16928.0,paid
ORD000000978,1,Debit Card,1,258.0,paid
ORD000000979,1,Debit Card,1,33779.0,paid
ORD000000980,1,COD,1,57248.0,success
ORD000000981,1,COD,1,59159.0,refunded
ORD000000982,1,Net Banking,1,2346.0,refunded
ORD000000983,1,UPI,1,3390.0,paid
ORD000000984,1,COD,1,55712.0,paid
ORD000000985,1,COD,1,825.0,paid
ORD000000986,1,COD,1,4617.0,paid
ORD000000987,1,COD,1,836.0,paid
ORD000000988,1,COD,1,2698.0,captured
ORD000000989,1,UPI,1,59057.0,paid
ORD000000990,1,UPI,1,13932.0,paid
ORD000000991,1,COD,1,19395.0,refunded
ORD000000992,1,UPI,1,242.0,paid
ORD000000993,1,COD,1,6566.0,paid
ORD000000994,1,Credit Card,1,859.0,paid
ORD000000995,1,COD,1,26820.0,paid
ORD000000996,1,COD,1,38926.0,failed
ORD000000997,1,COD,1,120125.0,paid
ORD000000998,1,COD,1,1446.0,paid
ORD000000999,1,UPI,1,42137.0,paid
ORD000001000,1,UPI,1,16228.0,paid
ORD000001001,1,COD,1,41002.0,paid
ORD000001002,1,COD,1,28807.0,paid
ORD000001003,1,UPI,1,1676.0,paid
ORD000001004,1,UPI,1,9993.0,completed
ORD000001005,1,Credit Card,1,78988.0,paid
ORD000001006,1,Debit Card,1,26322.0,captured
ORD000001007,1,UPI,1,1477.0,completed
ORD000001008,1,COD,1,5605.0,paid
ORD000001009,1,Credit Card,1,38602.0,paid
ORD000001010,1,COD,1,12878.0,paid
ORD000001011,1,UPI,1,16838.0,failed
ORD000001012,1,Net Banking,1,285.0,paid
ORD000001013,1,COD,1,1165.0,paid
ORD000001014,1,COD,1,6715.0,failed
ORD000001015,1,COD,1,553.0,paid
ORD000001016,1,Net Banking,1,478.0,paid
ORD000001017,1,COD,1,86551.0,paid
ORD000001018,1,Credit Card,1,1582.0,PAID
ORD000001019,1,COD,1,74532.0,paid
ORD000001020,1,COD,1,10076.0,paid
ORD000001021,1,COD,1,10517.0,paid
ORD000001022,1,Credit Card,1,782.0,paid
ORD000001023,1,COD,1,55004.0,PAID
ORD000001024,1,Wallet,1,16457.0,success
ORD000001025,1,UPI,1,46974.0,paid
ORD000001026,1,Debit Card,1,11743.0,paid
ORD000001027,1,COD,1,36249.0,paid
ORD000001028,1,COD,1,47339.0,paid
ORD000001029,1,COD,1,557.0,captured
ORD000001030,1,COD,1,3309.0,paid
ORD000001031,1,UPI,1,13839.0,paid
ORD000001032,1,COD,1,2787.0,paid
ORD000001033,1,Net Banking,1,96110.0,captured
ORD000001034,1,COD,1,4837.0,paid
ORD000001035,1,COD,1,33436.0,paid
ORD000001036,1,UPI,1,4862.0,paid
ORD000001037,1,COD,1,2210.0,paid
ORD000001038,1,COD,1,13841.0,paid
ORD000001039,1,Net Banking,1,13452.0,paid
ORD000001040,1,COD,1,17839.0,paid
ORD000001041,1,UPI,1,15162.0,paid
ORD000001042,1,COD,1,7332.0,paid
ORD000001043,1,COD,1,89616.0,paid
ORD000001044,1,COD,1,61472.0,paid
ORD000001045,1,Credit Card,3,14637.0,paid
ORD000001046,1,COD,1,46258.0,failed
ORD000001047,1,COD,1,1013.0,paid
ORD000001048,1,COD,1,3603.0,paid
ORD000001049,1,Wallet,1,13420.0,paid
ORD000001050,1,COD,1,5982.0,paid
ORD000001051,1,UPI,1,6404.0,paid
ORD000001052,1,COD,1,36345.0,paid
ORD000001053,1,COD,1,7757.0,paid
ORD000001054,1,COD,1,125913.0,PAID
ORD000001055,1,COD,1,380.0,paid
ORD000001056,1,COD,1,1787.0,paid
ORD000001057,1,COD,1,11277.0,paid
ORD000001058,1,Credit Card,1,1763.0,paid
ORD000001059,1,COD,1,11037.0,paid
ORD000001060,1,COD,1,44042.0,paid
ORD000001061,1,COD,1,1732.0,paid
ORD000001062,1,COD,1,3954.0,paid
ORD000001063,1,COD,1,3671.0,paid
ORD000001064,1,COD,1,5241.0,REFUNDED
ORD000001065,1,COD,1,403.0,paid
ORD000001066,1,COD,1,79027.0,success
ORD000001067,1,COD,1,7482.0,paid
ORD000001068,1,COD,1,1730.0,paid
ORD000001069,1,COD,1,3348.0,failed
ORD000001070,1,COD,1,10481.0,paid
ORD000001071,1,COD,1,347.0,paid
ORD000001072,1,COD,1,1499.0,paid
ORD000001073,1,COD,1,35698.0,paid
ORD000001074,1,Net Banking,1,1845.0,failed
ORD000001075,1,COD,1,810.0,failed
ORD000001076,1,COD,1,1743.0,paid
ORD000001077,1,Credit Card,1,652.0,paid
ORD000001078,1,COD,1,703.0,paid
ORD000001079,1,COD,1,587.0,PAID
ORD000001080,1,Debit Card,1,29387.0,paid
ORD000001081,1,COD,1,966.0,paid
ORD000001082,1,UPI,1,10492.0,paid
ORD000001083,1,COD,1,8871.0,paid
ORD000001084,1,COD,1,39552.0,paid
ORD000001085,1,COD,1,15009.0,PAID
ORD000001086,1,Credit Card,6,54795.0,paid
ORD000001087,1,COD,1,40405.0,paid
ORD000001088,1,UPI,1,7392.0,paid
ORD000001089,1,Wallet,1,25367.0,paid
ORD000001090,1,Net Banking,1,11517.0,paid
ORD000001091,1,COD,1,16176.0,paid
ORD000001092,1,UPI,1,1125.0,paid
ORD000001093,1,UPI,1,702.0,paid
ORD000001094,1,Credit Card,6,12306.0,paid
ORD000001095,1,Wallet,1,18075.0,refunded
ORD000001096,1,UPI,1,390.0,paid
ORD000001097,1,UPI,1,,paid
ORD000001098,1,COD,1,24154.0,paid
ORD000001099,1,COD,1,4200.0,paid
ORD000001100,1,UPI,1,20653.0,paid
ORD000001101,1,UPI,1,33899.0,paid
ORD000001102,1,UPI,1,99675.0,paid
ORD000001103,1,COD,1,1096.0,paid
ORD000001104,1,COD,1,1302.0,paid
ORD000001105,1,Wallet,1,11932.0,paid
ORD000001106,1,COD,1,2284.0,paid
ORD000001107,1,Credit Card,1,70617.0,paid
ORD000001108,1,UPI,1,360.0,paid
ORD000001109,1,COD,1,2264.0,refunded
ORD000001110,1,COD,1,2009.0,REFUNDED
ORD000001111,1,COD,1,2837.0,success
ORD000001112,1,Credit Card,1,2672.0,paid
ORD000001113,1,COD,1,46973.0,paid
ORD000001114,1,Debit Card,1,2677.0,paid
ORD000001115,1,Credit Card,1,91478.0,paid
ORD000001116,1,COD,1,5334.0,Success
ORD000001117,1,COD,1,51057.0,paid
ORD000001118,1,COD,1,3782.0,Failed
ORD000001119,1,COD,1,91485.0,refunded
ORD000001120,1,COD,1,1818.0,refunded
ORD000001121,1,COD,1,1008.0,paid
ORD000001122,1,Wallet,1,49473.0,paid
ORD000001123,1,UPI,1,31323.0,paid
ORD000001124,1,Credit Card,1,442.0,captured
ORD000001125,1,UPI,1,19158.0,paid
ORD000001126,1,UPI,1,698.0,paid
ORD000001127,1,Debit Card,1,1030.0,paid
ORD000001128,1,COD,1,82106.0,failed
ORD000001129,1,UPI,1,6555.0,paid
ORD000001130,1,Debit Card,1,1230.0,paid
ORD000001131,1,Wallet,1,24218.0,paid
ORD000001132,1,COD,1,10614.0,paid
ORD000001133,1,Debit Card,1,1113.0,paid
ORD000001134,1,COD,1,3080.0,paid
ORD000001135,1,COD,1,69110.0,paid
ORD000001136,1,COD,1,27211.0,paid
ORD000001137,1,COD,1,36702.0,paid
ORD000001138,1,COD,1,15082.0,failed
ORD000001139,1,COD,1,3313.0,paid
ORD000001140,1,COD,1,1659.0,paid
ORD000001141,1,Credit Card,1,93603.0,paid
ORD000001142,1,Debit Card,1,19211.0,paid
ORD000001143,1,Debit Card,1,5416.0,refunded
ORD000001144,1,UPI,1,18423.0,completed
ORD000001145,1,Wallet,1,64802.0,paid
ORD000001146,1,COD,1,7700.0,paid
ORD000001147,1,COD,1,17363.0,captured
ORD000001148,1,COD,1,4724.0,paid
ORD000001149,1,COD,1,107539.0,refunded
ORD000001150,1,UPI,1,61696.0,failed
ORD000001151,1,COD,1,1069.0,paid
ORD000001152,1,Net Banking,1,3211.0,paid
ORD000001153,1,COD,1,576.0,paid
ORD000001154,1,COD,1,13828.0,paid
ORD000001155,1,COD,1,97675.0,paid
ORD000001156,1,COD,1,346.0,paid
ORD000001157,1,Net Banking,1,693.0,paid
ORD000001158,1,UPI,1,619.0,paid
ORD000001159,1,COD,1,1744.0,paid
ORD000001160,1,UPI,1,,failed
ORD000001161,1,COD,1,,paid
ORD000001162,1,COD,1,31786.0,paid
ORD000001163,1,COD,1,2532.0,paid
ORD000001164,1,COD,1,4631.0,paid
ORD000001165,1,UPI,1,63454.0,paid
ORD000001166,1,Credit Card,1,20999.0,refunded
ORD000001167,1,COD,1,56315.0,failed
ORD000001168,1,UPI,1,4708.0,paid
ORD000001169,1,UPI,1,,paid
ORD000001170,1,COD,1,2377.0,paid
ORD000001171,1,COD,1,2448.0,paid
ORD000001172,1,COD,1,513.0,paid
ORD000001173,1,COD,1,3024.0,refunded
ORD000001174,1,COD,1,1028.0,paid
ORD000001175,1,COD,1,667.0,paid
ORD000001176,1,COD,1,353.0,paid
ORD000001177,1,Credit Card,1,1045.0,paid
ORD000001178,1,COD,1,14024.0,paid
ORD000001179,1,Wallet,1,52737.0,paid
ORD000001180,1,COD,1,9533.0,paid
ORD000001181,1,COD,1,3857.0,failed
ORD000001182,1,UPI,1,18042.0,paid
ORD000001183,1,COD,1,678.0,paid
ORD000001184,1,Wallet,1,17378.0,paid
ORD000001185,1,COD,1,83729.0,paid
ORD000001186,1,COD,1,948.0,completed
ORD000001187,1,UPI,1,4692.0,paid
ORD000001188,1,UPI,1,22728.0,paid
ORD000001189,1,Credit Card,3,54581.0,paid
ORD000001190,1,Credit Card,1,2888.0,refunded
ORD000001191,1,COD,1,1694.0,REFUNDED
ORD000001192,1,Credit Card,1,2872.0,paid
ORD000001193,1,UPI,1,383.0,paid
ORD000001194,1,UPI,1,22528.0,paid
ORD000001195,1,COD,1,2393.0,paid
ORD000001196,1,Debit Card,1,48774.0,paid
ORD000001197,1,UPI,1,4134.0,paid
ORD000001198,1,COD,1,42634.0,paid
ORD000001199,1,COD,1,43503.0,paid
ORD000001200,1,UPI,1,13517.0,paid
ORD000001201,1,Debit Card,1,8310.0,refunded
ORD000001202,1,COD,1,2604.0,paid
ORD000001203,1,Debit Card,1,27424.0,paid
ORD000001204,1,COD,1,563.0,paid
ORD000001205,1,COD,1,19824.0,captured
ORD000001206,1,UPI,1,1183.0,paid
ORD000001207,1,COD,1,1785.0,paid
ORD000001208,1,COD,1,5638.0,paid
ORD000001209,1,UPI,1,15021.0,paid
ORD000001210,1,COD,1,339.0,failed
ORD000001211,1,COD,1,16937.0,paid
ORD000001212,1,COD,1,20124.0,paid
ORD000001213,1,COD,1,278.0,paid
ORD000001214,1,COD,1,67271.0,paid
ORD000001215,1,COD,1,2946.0,paid
ORD000001216,1,Wallet,1,2286.0,paid
ORD000001217,1,UPI,1,46680.0,paid
ORD000001218,1,UPI,1,869.0,failed
ORD000001219,1,COD,1,1838.0,completed
ORD000001220,1,COD,1,1159.0,paid
ORD000001221,1,Debit Card,1,902.0,paid
ORD000001222,1,UPI,1,432.0,paid
ORD000001223,1,Credit Card,1,3554.0,paid
ORD000001224,1,COD,1,372.0,paid
ORD000001225,1,UPI,1,690.0,paid
ORD000001226,1,COD,1,11388.0,failed
ORD000001227,1,COD,1,2379.0,paid
ORD000001228,1,Credit Card,1,322.0,paid
ORD000001229,1,COD,1,64708.0,paid
ORD000001230,1,COD,1,2482.0,paid
ORD000001231,1,COD,1,41754.0,paid
ORD000001232,1,UPI,1,262.0,paid
ORD000001233,1,Credit Card,6,41048.0,paid
ORD000001234,1,COD,1,3360.0,paid
ORD000001235,1,Net Banking,1,704.0,paid
ORD000001236,1,COD,1,1348.0,paid
ORD000001237,1,Debit Card,1,316.0,paid
ORD000001238,1,UPI,1,30129.0,refunded
ORD000001239,1,Wallet,1,2610.0,failed
ORD000001240,1,UPI,1,6513.0,refunded
ORD000001241,1,COD,1,59834.0,paid
ORD000001242,1,COD,1,12435.0,paid
ORD000001243,1,Credit Card,1,1610.0,paid
ORD000001244,1,Credit Card,3,37389.0,failed
ORD000001245,1,UPI,1,9797.0,declined
ORD000001246,1,UPI,1,65525.0,paid
ORD000001247,1,COD,1,804.0,paid
ORD000001248,1,COD,1,22171.0,paid
ORD000001249,1,COD,1,1195.0,paid
ORD000001250,1,UPI,1,36048.0,paid
ORD000001251,1,UPI,1,2766.0,paid
ORD000001252,1,UPI,1,13611.0,paid
ORD000001253,1,UPI,1,770.0,paid
ORD000001254,1,COD,1,5532.0,paid
ORD000001255,1,COD,1,1037.0,paid
ORD000001256,1,COD,1,59832.0,paid
ORD000001257,1,COD,1,28009.0,paid
ORD000001258,1,UPI,1,298.0,paid
ORD000001259,1,Credit Card,1,2060.0,paid
ORD000001260,1,Debit Card,1,19916.0,paid
ORD000001261,1,COD,1,13861.0,paid
ORD000001262,1,Credit Card,3,16403.0,PAID
ORD000001263,1,UPI,1,21351.0,paid
ORD000001264,1,COD,1,5987.0,completed
ORD000001265,1,UPI,1,25688.0,paid
ORD000001266,1,Net Banking,1,654.0,paid
ORD000001267,1,COD,1,721.0,paid
ORD000001268,1,UPI,1,3859.0,paid
ORD000001269,1,COD,1,77142.0,paid
ORD000001270,1,COD,1,1578.0,paid
ORD000001271,1,COD,1,37024.0,Success
ORD000001272,1,COD,1,2582.0,paid
ORD000001273,1,UPI,1,112455.0,paid
ORD000001274,1,COD,1,446.0,paid
ORD000001275,1,UPI,1,91163.0,paid
ORD000001276,1,Debit Card,1,1933.0,paid
ORD000001277,1,Credit Card,1,3490.0,paid
ORD000001278,1,COD,1,13144.0,paid
ORD000001279,1,COD,1,40735.0,paid
ORD000001280,1,COD,1,11723.0,paid
ORD000001281,1,COD,1,2359.0,paid
ORD000001282,1,COD,1,40138.0,paid
ORD000001283,1,UPI,1,27387.0,paid
ORD000001284,1,UPI,1,389.0,paid
ORD000001285,1,COD,1,2649.0,paid
ORD000001286,1,COD,1,1625.0,paid
ORD000001287,1,Debit Card,1,10069.0,paid
ORD000001288,1,Wallet,1,694.0,paid
ORD000001289,1,UPI,1,2209.0,paid
ORD000001290,1,UPI,1,41459.0,paid
ORD000001291,1,UPI,1,65826.0,paid
ORD000001292,1,COD,1,16988.0,paid
ORD000001293,1,Debit Card,1,1822.0,paid
ORD000001294,1,COD,1,44909.0,paid
ORD000001295,1,UPI,1,29113.0,paid
ORD000001296,1,COD,1,10268.0,paid
ORD000001297,1,UPI,1,1028.0,paid
ORD000001298,1,Credit Card,6,7799.0,paid
ORD000001299,1,UPI,1,56170.0,paid
ORD000001300,1,COD,1,491.0,paid
ORD000001301,1,UPI,1,1245.0,PAID
ORD000001302,1,UPI,1,91778.0,failed
ORD000001303,1,UPI,1,20802.0,paid
ORD000001304,1,COD,1,14574.0,paid
ORD000001305,1,COD,1,686.0,paid
ORD000001306,1,UPI,1,54684.0,paid
ORD000001307,1,COD,1,969.0,paid
ORD000001308,1,UPI,1,25149.0,paid
ORD000001309,1,COD,1,24889.0,failed
ORD000001310,1,UPI,1,10354.0,paid
ORD000001311,1,COD,1,3465.0,captured
ORD000001312,1,Credit Card,1,19423.0,paid
ORD000001313,1,COD,1,2745.0,paid
ORD000001314,1,COD,1,38667.0,paid
ORD000001315,1,COD,1,2781.0,paid
ORD000001316,1,Debit Card,1,1282.0,paid
ORD000001317,1,COD,1,163613.0,paid
ORD000001318,1,COD,1,27948.0,paid
ORD000001319,1,COD,1,37839.0,failed
ORD000001320,1,Credit Card,6,23481.0,refunded
ORD000001321,1,COD,1,20770.0,paid
ORD000001322,1,UPI,1,8879.0,paid
ORD000001323,1,COD,1,31610.0,paid
ORD000001324,1,COD,1,1165.0,PAID
ORD000001325,1,COD,1,161.0,paid
ORD000001326,1,UPI,1,3232.0,success
ORD000001327,1,COD,1,1294.0,paid
ORD000001328,1,Net Banking,1,1475.0,PAID
ORD000001329,1,COD,1,20699.0,paid
ORD000001330,1,UPI,1,15392.0,paid
ORD000001331,1,COD,1,3942.0,paid
ORD000001332,1,COD,1,4242.0,paid
ORD000001333,1,Credit Card,1,9535.0,paid
ORD000001334,1,Credit Card,1,1479.0,success
ORD000001335,1,UPI,1,15519.0,paid
ORD000001336,1,Credit Card,1,1752.0,paid
ORD000001337,1,COD,1,8399.0,paid
ORD000001338,1,Wallet,1,545.0,paid
ORD000001339,1,COD,1,1644.0,failed
ORD000001340,1,Debit Card,1,1894.0,paid
ORD000001341,1,UPI,1,75934.0,paid
ORD000001342,1,COD,1,11387.0,success
ORD000001343,1,UPI,1,1507.0,Success
ORD000001344,1,Wallet,1,58795.0,paid
ORD000001345,1,COD,1,1203.0,refunded
ORD000001346,1,COD,1,6312.0,paid
ORD000001347,1,UPI,1,24173.0,paid
ORD000001348,1,COD,1,39185.0,refunded
ORD000001349,1,COD,1,,paid
ORD000001350,1,UPI,1,4272.0,refunded
ORD000001351,1,Debit Card,1,63685.0,paid
ORD000001352,1,COD,1,4088.0,paid
ORD000001353,1,Wallet,1,4731.0,paid
ORD000001354,1,COD,1,4803.0,paid
ORD000001355,1,COD,1,1493.0,failed
ORD000001356,1,COD,1,9971.0,completed
ORD000001357,1,COD,1,618.0,captured
ORD000001358,1,UPI,1,698.0,paid
ORD000001359,1,COD,1,2049.0,paid
ORD000001360,1,COD,1,3998.0,paid
ORD000001361,1,UPI,1,27639.0,paid
ORD000001362,1,UPI,1,1106.0,Paid
ORD000001363,1,UPI,1,5253.0,paid
ORD000001364,1,UPI,1,80757.0,paid
ORD000001365,1,Net Banking,1,2395.0,paid
ORD000001366,1,UPI,1,1498.0,paid
ORD000001367,1,Debit Card,1,120801.0,paid
ORD000001368,1,Wallet,1,1286.0,paid
ORD000001369,1,Debit Card,1,11624.0,paid
ORD000001370,1,COD,1,25452.0,failed
ORD000001371,1,COD,1,3668.0,paid
ORD000001372,1,COD,1,21368.0,paid
ORD000001373,1,COD,1,827.0,paid
ORD000001374,1,UPI,1,59364.0,paid
ORD000001375,1,COD,1,26817.0,paid
ORD000001376,1,UPI,1,6545.0,paid
ORD000001377,1,Credit Card,1,2207.0,paid
ORD000001378,1,COD,1,5423.0,paid
ORD000001379,1,Wallet,1,987.0,Success
ORD000001380,1,Credit Card,1,16776.0,paid
ORD000001381,1,Credit Card,3,29509.0,paid
ORD000001382,1,COD,1,51451.0,paid
ORD000001383,1,Wallet,1,2763.0,paid
ORD000001384,1,COD,1,25773.0,refunded
ORD000001385,1,Credit Card,1,1011.0,Success
ORD000001386,1,COD,1,383.0,paid
ORD000001387,1,COD,1,1043.0,paid
ORD000001388,1,COD,1,46862.0,failed
ORD000001389,1,UPI,1,14997.0,paid
ORD000001390,1,Debit Card,1,3414.0,paid
ORD000001391,1,UPI,1,7891.0,paid
ORD000001392,1,UPI,1,10117.0,paid
ORD000001393,1,COD,1,44008.0,paid
ORD000001394,1,Net Banking,1,3167.0,paid
ORD000001395,1,COD,1,2031.0,paid
ORD000001396,1,Debit Card,1,18884.0,paid
ORD000001397,1,Credit Card,1,2386.0,paid
ORD000001398,1,COD,1,19059.0,paid
ORD000001399,1,COD,1,1288.0,paid
ORD000001400,1,UPI,1,6205.0,captured
ORD000001401,1,Wallet,1,3373.0,paid
ORD000001402,1,UPI,1,2121.0,paid
ORD000001403,1,Debit Card,1,2961.0,paid
ORD000001404,1,Wallet,1,1408.0,paid
ORD000001405,1,COD,1,538.0,paid
ORD000001406,1,COD,1,8180.0,paid
ORD000001407,1,UPI,1,1396.0,paid
ORD000001408,1,COD,1,42319.0,paid
ORD000001409,1,Credit Card,1,3162.0,paid
ORD000001410,1,COD,1,51460.0,paid
ORD000001411,1,UPI,1,36992.0,paid
ORD000001412,1,COD,1,14054.0,paid
ORD000001413,1,Credit Card,1,45040.0,paid
ORD000001414,1,COD,1,683.0,paid
ORD000001415,1,UPI,1,7303.0,paid
ORD000001416,1,COD,1,1134.0,paid
ORD000001417,1,Credit Card,1,4366.0,paid
ORD000001418,1,COD,1,17157.0,paid
ORD000001419,1,UPI,1,941.0,paid
ORD000001420,1,Credit Card,1,590.0,refunded
ORD000001421,1,COD,1,2243.0,Success
ORD000001422,1,COD,1,6573.0,paid
ORD000001423,1,COD,1,1796.0,paid
ORD000001424,1,UPI,1,1353.0,paid
ORD000001425,1,COD,1,518.0,Success
ORD000001426,1,COD,1,402.0,paid
ORD000001427,1,COD,1,1978.0,PAID
ORD000001428,1,COD,1,2238.0,refunded
ORD000001429,1,COD,1,9388.0,paid
ORD000001430,1,COD,1,820.0,failed
ORD000001431,1,UPI,1,889.0,paid
ORD000001432,1,UPI,1,22478.0,refunded
ORD000001433,1,COD,1,669.0,success
ORD000001434,1,Debit Card,1,2952.0,paid
ORD000001435,1,COD,1,1023.0,paid
ORD000001436,1,Credit Card,1,808.0,paid
ORD000001437,1,UPI,1,49773.0,Paid
ORD000001438,1,COD,1,2515.0,paid
ORD000001439,1,UPI,1,10498.0,paid
ORD000001440,1,COD,1,2635.0,paid
ORD000001441,1,Wallet,1,15947.0,paid
ORD000001442,1,UPI,1,3480.0,paid
ORD000001443,1,COD,1,992.0,paid
ORD000001444,1,COD,1,12803.0,paid
ORD000001445,1,UPI,1,75817.0,paid
ORD000001446,1,COD,1,742.0,paid
ORD000001447,1,COD,1,1409.0,paid
ORD000001448,1,Wallet,1,11071.0,paid
ORD000001449,1,COD,1,29556.0,refunded
ORD000001450,1,COD,1,1067.0,paid
ORD000001451,1,COD,1,1069.0,paid
ORD000001452,1,UPI,1,2044.0,paid
ORD000001453,1,UPI,1,518.0,paid
ORD000001454,1,UPI,1,26514.0,failed
ORD000001455,1,Wallet,1,46198.0,failed
ORD000001456,1,COD,1,21428.0,paid
ORD000001457,1,COD,1,35955.0,paid
ORD000001458,1,COD,1,639.0,paid
ORD000001459,1,COD,1,2608.0,paid
ORD000001460,1,COD,1,6938.0,paid
ORD000001461,1,COD,1,703.0,refunded
ORD000001462,1,Credit Card,1,851.0,paid
ORD000001463,1,COD,1,7524.0,paid
ORD000001464,1,Debit Card,1,787.0,captured
ORD000001465,1,Debit Card,1,6750.0,paid
ORD000001466,1,COD,1,2639.0,paid
ORD000001467,1,Debit Card,1,2119.0,paid
ORD000001468,1,UPI,1,3942.0,paid
ORD000001469,1,COD,1,685.0,paid
ORD000001470,1,UPI,1,4191.0,FAILED
ORD000001471,1,COD,1,600.0,paid
ORD000001472,1,COD,1,29018.0,paid
ORD000001473,1,Credit Card,1,89638.0,paid
ORD000001474,1,UPI,1,128254.0,paid
ORD000001475,1,COD,1,125932.0,paid
ORD000001476,1,UPI,1,600.0,paid
ORD000001477,1,Net Banking,1,25797.0,paid
ORD000001478,1,COD,1,19991.0,failed
ORD000001479,1,COD,1,1293.0,paid
ORD000001480,1,COD,1,91788.0,paid
ORD000001481,1,Wallet,1,6517.0,completed
ORD000001482,1,COD,1,36759.0,paid
ORD000001483,1,COD,1,1800.0,paid
ORD000001484,1,UPI,1,15928.0,paid
ORD000001485,1,COD,1,33617.0,captured
ORD000001486,1,COD,1,312.0,paid
ORD000001487,1,Debit Card,1,7379.0,paid
ORD000001488,1,UPI,1,149124.0,paid
ORD000001489,1,COD,1,51523.0,paid
ORD000001490,1,Wallet,1,15671.0,paid
ORD000001491,1,COD,1,1694.0,paid
ORD000001492,1,COD,1,30555.0,failed
ORD000001493,1,COD,1,20925.0,paid
ORD000001494,1,COD,1,121870.0,Success
ORD000001495,1,UPI,1,18603.0,Paid
ORD000001496,1,COD,1,4693.0,paid
ORD000001497,1,COD,1,902.0,PAID
ORD000001498,1,Net Banking,1,681.0,paid
ORD000001499,1,COD,1,1014.0,paid
ORD000001500,1,COD,1,1152.0,paid
ORD000001501,1,COD,1,27674.0,paid
ORD000001502,1,Credit Card,1,10392.0,paid
ORD000001503,1,COD,1,9658.0,paid
ORD000001504,1,COD,1,737.0,paid
ORD000001505,1,Debit Card,1,26399.0,paid
ORD000001506,1,COD,1,883.0,paid
ORD000001507,1,Debit Card,1,2049.0,paid
ORD000001508,1,UPI,1,676.0,success
ORD000001509,1,Credit Card,1,2890.0,paid
ORD000001510,1,COD,1,1691.0,PAID
ORD000001511,1,Wallet,1,42772.0,paid
ORD000001512,1,COD,1,33083.0,paid
ORD000001513,1,COD,1,564.0,paid
ORD000001514,1,Credit Card,1,1503.0,paid
ORD000001515,1,COD,1,435.0,paid
ORD000001516,1,COD,1,54685.0,paid
ORD000001517,1,UPI,1,662.0,paid
ORD000001518,1,COD,1,1062.0,paid
ORD000001519,1,COD,1,11050.0,paid
ORD000001520,1,COD,1,419.0,captured
ORD000001521,1,COD,1,25395.0,paid
ORD000001522,1,UPI,1,26632.0,paid
ORD000001523,1,UPI,1,4583.0,paid
ORD000001524,1,COD,1,816.0,paid
ORD000001525,1,COD,1,112393.0,paid
ORD000001526,1,COD,1,52304.0,failed
ORD000001527,1,COD,1,25038.0,paid
ORD000001528,1,COD,1,51973.0,paid
ORD000001529,1,UPI,1,1058.0,paid
ORD000001530,1,COD,1,550.0,paid
ORD000001531,1,UPI,1,28652.0,paid
ORD000001532,1,COD,1,1007.0,failed
ORD000001533,1,COD,1,52708.0,paid
ORD000001534,1,COD,1,26848.0,paid
ORD000001535,1,COD,1,7829.0,paid
ORD000001536,1,UPI,1,45641.0,paid
ORD000001537,1,UPI,1,3710.0,paid
ORD000001538,1,Net Banking,1,1665.0,paid
ORD000001539,1,COD,1,3543.0,failed
ORD000001540,1,COD,1,2016.0,paid
ORD000001541,1,Debit Card,1,56062.0,paid
ORD000001542,1,UPI,1,653.0,paid
ORD000001543,1,COD,1,52197.0,paid
ORD000001544,1,COD,1,33182.0,paid
ORD000001545,1,COD,1,12597.0,paid
ORD000001546,1,COD,1,21864.0,paid
ORD000001547,1,UPI,1,1112.0,paid
ORD000001548,1,COD,1,29296.0,failed
ORD000001549,1,Wallet,1,563.0,paid
ORD000001550,1,COD,1,15383.0,paid
ORD000001551,1,Credit Card,1,876.0,paid
ORD000001552,1,COD,1,688.0,paid
ORD000001553,1,UPI,1,79222.0,paid
ORD000001554,1,Debit Card,1,995.0,paid
ORD000001555,1,COD,1,32696.0,REFUNDED
ORD000001556,1,COD,1,121013.0,paid
ORD000001557,1,COD,1,34612.0,paid
ORD000001558,1,COD,1,47257.0,paid
ORD000001559,1,Credit Card,3,26914.0,paid
ORD000001560,1,UPI,1,9407.0,paid
ORD000001561,1,Credit Card,1,2192.0,paid
ORD000001562,1,COD,1,34919.0,paid
ORD000001563,1,Credit Card,6,26250.0,paid
ORD000001564,1,UPI,1,3805.0,paid
ORD000001565,1,COD,1,24351.0,paid
ORD000001566,1,Debit Card,1,43594.0,paid
ORD000001567,1,COD,1,15730.0,paid
ORD000001568,1,COD,1,44929.0,paid
ORD000001569,1,Credit Card,3,49371.0,completed
ORD000001570,1,COD,1,19164.0,failed
ORD000001571,1,COD,1,7470.0,paid
ORD000001572,1,COD,1,17930.0,failed
ORD000001573,1,Debit Card,1,137135.0,paid
ORD000001574,1,COD,1,10379.0,paid
ORD000001575,1,COD,1,9487.0,Paid
ORD000001576,1,COD,1,78035.0,paid
ORD000001577,1,COD,1,1198.0,paid
ORD000001578,1,COD,1,21522.0,paid
ORD000001579,1,Debit Card,1,851.0,paid
ORD000001580,1,Credit Card,1,1026.0,paid
ORD000001581,1,Debit Card,1,1281.0,paid
ORD000001582,1,UPI,1,29541.0,paid
ORD000001583,1,COD,1,11526.0,paid
ORD000001584,1,COD,1,9469.0,paid
ORD000001585,1,COD,1,104080.0,paid
ORD000001586,1,COD,1,3964.0,paid
ORD000001587,1,UPI,1,29882.0,failed
ORD000001588,1,COD,1,1232.0,refunded
ORD000001589,1,UPI,1,3196.0,paid
ORD000001590,1,COD,1,1165.0,paid
ORD000001591,1,COD,1,823.0,paid
ORD000001592,1,Net Banking,1,15786.0,paid
ORD000001593,1,COD,1,40692.0,paid
ORD000001594,1,COD,1,14037.0,Paid
ORD000001595,1,COD,1,806.0,paid
ORD000001596,1,COD,1,127754.0,paid
ORD000001597,1,COD,1,27864.0,paid
ORD000001598,1,Net Banking,1,17381.0,paid
ORD000001599,1,Debit Card,1,74531.0,paid
ORD000001600,1,UPI,1,3607.0,paid
ORD000001601,1,UPI,1,1563.0,paid
ORD000001602,1,COD,1,13303.0,paid
ORD000001603,1,Wallet,1,694.0,paid
ORD000001604,1,COD,1,,paid
ORD000001605,1,COD,1,9856.0,paid
ORD000001606,1,Wallet,1,16508.0,REFUNDED
ORD000001607,1,COD,1,614.0,paid
ORD000001608,1,COD,1,6553.0,paid
ORD000001609,1,UPI,1,82494.0,paid
ORD000001610,1,COD,1,26104.0,paid
ORD000001611,1,COD,1,18867.0,paid
ORD000001612,1,COD,1,70307.0,paid
ORD000001613,1,UPI,1,35708.0,paid
ORD000001614,1,COD,1,308.0,paid
ORD000001615,1,COD,1,1666.0,paid
ORD000001616,1,COD,1,1681.0,paid
ORD000001617,1,COD,1,2053.0,paid
ORD000001618,1,COD,1,72841.0,paid
ORD000001619,1,COD,1,1432.0,paid
ORD000001620,1,COD,1,2309.0,paid
ORD000001621,1,COD,1,14919.0,paid
ORD000001622,1,COD,1,476.0,paid
ORD000001623,1,COD,1,13399.0,paid
ORD000001624,1,Credit Card,1,75045.0,paid
ORD000001625,1,COD,1,1740.0,paid
ORD000001626,1,COD,1,101813.0,paid
ORD000001627,1,COD,1,2754.0,paid
ORD000001628,1,UPI,1,13935.0,paid
ORD000001629,1,COD,1,4411.0,success
ORD000001630,1,UPI,1,31284.0,paid
ORD000001631,1,UPI,1,24124.0,Success
ORD000001632,1,COD,1,1211.0,paid
ORD000001633,1,COD,1,664.0,paid
ORD000001634,1,Wallet,1,1849.0,paid
ORD000001635,1,COD,1,31148.0,refunded
ORD000001636,1,COD,1,5133.0,paid
ORD000001637,1,COD,1,513.0,paid
ORD000001638,1,COD,1,1737.0,paid
ORD000001639,1,Credit Card,1,37631.0,paid
ORD000001640,1,COD,1,1530.0,paid
ORD000001641,1,COD,1,41285.0,paid
ORD000001642,1,UPI,1,31635.0,captured
ORD000001643,1,Debit Card,1,70834.0,paid
ORD000001644,1,COD,1,45780.0,paid
ORD000001645,1,UPI,1,5221.0,paid
ORD000001646,1,COD,1,1230.0,success
ORD000001647,1,UPI,1,1607.0,paid
ORD000001648,1,COD,1,14448.0,paid
ORD000001649,1,COD,1,899.0,paid
ORD000001650,1,Wallet,1,846.0,paid
ORD000001651,1,UPI,1,2280.0,paid
ORD000001652,1,COD,1,682.0,paid
ORD000001653,1,Net Banking,1,73425.0,paid
ORD000001654,1,COD,1,3118.0,paid
ORD000001655,1,UPI,1,85624.0,paid
ORD000001656,1,UPI,1,908.0,paid
ORD000001657,1,Credit Card,1,4410.0,Success
ORD000001658,1,COD,1,73800.0,failed
ORD000001659,1,UPI,1,56066.0,paid
ORD000001660,1,UPI,1,1861.0,paid
ORD000001661,1,COD,1,51962.0,paid
ORD000001662,1,Debit Card,1,36782.0,paid
ORD000001663,1,COD,1,2019.0,paid
ORD000001664,1,COD,1,29804.0,paid
ORD000001665,1,UPI,1,7047.0,paid
ORD000001666,1,COD,1,19320.0,paid
ORD000001667,1,Credit Card,1,906.0,paid
ORD000001668,1,COD,1,446.0,paid
ORD000001669,1,COD,1,48649.0,paid
ORD000001670,1,UPI,1,1028.0,paid
ORD000001671,1,Debit Card,1,744.0,paid
ORD000001672,1,UPI,1,98507.0,paid
ORD000001673,1,COD,1,2048.0,paid
ORD000001674,1,COD,1,1693.0,paid
ORD000001675,1,Credit Card,1,650.0,paid
ORD000001676,1,Debit Card,1,37290.0,paid
ORD000001677,1,UPI,1,908.0,paid
ORD000001678,1,UPI,1,157692.0,paid
ORD000001679,1,COD,1,2476.0,PAID
ORD000001680,1,COD,1,1632.0,success
ORD000001681,1,COD,1,21756.0,paid
ORD000001682,1,COD,1,30777.0,paid
ORD000001683,1,COD,1,1181.0,failed
ORD000001684,1,UPI,1,70386.0,declined
ORD000001685,1,COD,1,1148.0,paid
ORD000001686,1,COD,1,25214.0,paid
ORD000001687,1,Debit Card,1,9878.0,paid
ORD000001688,1,COD,1,10484.0,paid
ORD000001689,1,UPI,1,4076.0,paid
ORD000001690,1,Credit Card,9,16981.0,paid
ORD000001691,1,Credit Card,1,1251.0,paid
ORD000001692,1,Credit Card,1,1840.0,PAID
ORD000001693,1,Credit Card,1,3620.0,Success
ORD000001694,1,COD,1,421.0,paid
ORD000001695,1,UPI,1,2880.0,paid
ORD000001696,1,Debit Card,1,2655.0,paid
ORD000001697,1,COD,1,31432.0,paid
ORD000001698,1,UPI,1,1476.0,paid
ORD000001699,1,COD,1,69873.0,paid
ORD000001700,1,UPI,1,7123.0,paid
ORD000001701,1,COD,1,7273.0,paid
ORD000001702,1,UPI,1,1083.0,paid
ORD000001703,1,COD,1,1652.0,paid
ORD000001704,1,COD,1,106497.0,paid
ORD000001705,1,COD,1,32448.0,paid
ORD000001706,1,UPI,1,2424.0,Paid
ORD000001707,1,Debit Card,1,54626.0,paid
ORD000001708,1,COD,1,4420.0,paid
ORD000001709,1,COD,1,2722.0,paid
ORD000001710,1,UPI,1,152.0,paid
ORD000001711,1,UPI,1,3757.0,refunded
ORD000001712,1,COD,1,48856.0,paid
ORD000001713,1,UPI,1,395.0,paid
ORD000001714,1,Debit Card,1,6315.0,paid
ORD000001715,1,COD,1,87573.0,paid
ORD000001716,1,COD,1,1181.0,paid
ORD000001717,1,COD,1,748.0,failed
ORD000001718,1,Wallet,1,60158.0,paid
ORD000001719,1,Credit Card,3,132361.0,paid
ORD000001720,1,COD,1,18433.0,paid
ORD000001721,1,Net Banking,1,1672.0,success
ORD000001722,1,COD,1,10652.0,success
ORD000001723,1,UPI,1,26906.0,paid
ORD000001724,1,Credit Card,9,51444.0,paid
ORD000001725,1,Credit Card,3,40768.0,paid
ORD000001726,1,UPI,1,10516.0,success
ORD000001727,1,COD,1,17369.0,paid
ORD000001728,1,COD,1,31226.0,paid
ORD000001729,1,COD,1,2111.0,paid
ORD000001730,1,Debit Card,1,34615.0,paid
ORD000001731,1,COD,1,697.0,refunded
ORD000001732,1,COD,1,1423.0,paid
ORD000001733,1,COD,1,8863.0,paid
ORD000001734,1,COD,1,3243.0,refunded
ORD000001735,1,COD,1,1946.0,failed
ORD000001736,1,COD,1,55668.0,failed
ORD000001737,1,COD,1,2129.0,paid
ORD000001738,1,COD,1,2627.0,paid
ORD000001739,1,COD,1,90823.0,failed
ORD000001740,1,Wallet,1,13425.0,paid
ORD000001741,1,UPI,1,666.0,paid
ORD000001742,1,UPI,1,19885.0,refunded
ORD000001743,1,Debit Card,1,81337.0,paid
ORD000001744,1,UPI,1,41510.0,paid
ORD000001745,1,UPI,1,34939.0,paid
ORD000001746,1,COD,1,5932.0,paid
ORD000001747,1,COD,1,838.0,Success
ORD000001748,1,COD,1,1629.0,paid
ORD000001749,1,Debit Card,1,22096.0,paid
ORD000001750,1,COD,1,9440.0,paid
ORD000001751,1,COD,1,7071.0,paid
ORD000001752,1,Credit Card,1,1176.0,refunded
ORD000001753,1,COD,1,3347.0,paid
ORD000001754,1,UPI,1,50658.0,paid
ORD000001755,1,UPI,1,1193.0,paid
ORD000001756,1,COD,1,600.0,PAID
ORD000001757,1,COD,1,3057.0,failed
ORD000001758,1,COD,1,1284.0,paid
ORD000001759,1,Credit Card,1,4982.0,failed
ORD000001760,1,Debit Card,1,14114.0,paid
ORD000001761,1,Credit Card,1,3705.0,paid
ORD000001762,1,COD,1,1662.0,success
ORD000001763,1,COD,1,900.0,refunded
ORD000001764,1,UPI,1,1565.0,Success
ORD000001765,1,UPI,1,4825.0,paid
ORD000001766,1,COD,1,2689.0,paid
ORD000001767,1,COD,1,447.0,paid
ORD000001768,1,COD,1,65495.0,paid
ORD000001769,1,COD,1,748.0,success
ORD000001770,1,UPI,1,35748.0,paid
ORD000001771,1,Wallet,1,197.0,paid
ORD000001772,1,COD,1,7511.0,paid
ORD000001773,1,COD,1,38479.0,paid
ORD000001774,1,COD,1,102177.0,paid
ORD000001775,1,COD,1,55693.0,failed
ORD000001776,1,COD,1,47748.0,failed
ORD000001777,1,COD,1,720.0,paid
ORD000001778,1,COD,1,1428.0,refunded
ORD000001779,1,UPI,1,39379.0,paid
ORD000001780,1,UPI,1,97684.0,paid
ORD000001781,1,UPI,1,5247.0,captured
ORD000001782,1,COD,1,13437.0,paid
ORD000001783,1,COD,1,2830.0,paid
ORD000001784,1,COD,1,6910.0,paid
ORD000001785,1,COD,1,6496.0,paid
ORD000001786,1,COD,1,317.0,paid
ORD000001787,1,COD,1,2174.0,paid
ORD000001788,1,Net Banking,1,2331.0,paid
ORD000001789,1,Net Banking,1,152406.0,paid
ORD000001790,1,Credit Card,1,1232.0,completed
ORD000001791,1,UPI,1,41999.0,paid
ORD000001792,1,UPI,1,1580.0,paid
ORD000001793,1,UPI,1,2752.0,Success
ORD000001794,1,UPI,1,1201.0,paid
ORD000001795,1,COD,1,41995.0,paid
ORD000001796,1,Net Banking,1,18470.0,paid
ORD000001797,1,Credit Card,1,40068.0,paid
ORD000001798,1,COD,1,6014.0,paid
ORD000001799,1,COD,1,16628.0,PAID
ORD000001800,1,Credit Card,3,10366.0,paid
ORD000001801,1,Debit Card,1,13410.0,paid
ORD000001802,1,COD,1,4211.0,paid
ORD000001803,1,COD,1,2867.0,PAID
ORD000001804,1,COD,1,21501.0,paid
ORD000001805,1,COD,1,1421.0,paid
ORD000001806,1,COD,1,825.0,paid
ORD000001807,1,COD,1,2831.0,Success
ORD000001808,1,COD,1,947.0,paid
ORD000001809,1,COD,1,11913.0,paid
ORD000001810,1,Credit Card,1,3250.0,paid
ORD000001811,1,COD,1,3493.0,paid
ORD000001812,1,COD,1,17034.0,paid
ORD000001813,1,COD,1,961.0,Success
ORD000001814,1,Credit Card,1,774.0,PAID
ORD000001815,1,COD,1,29684.0,paid
ORD000001816,1,UPI,1,26878.0,paid
ORD000001817,1,COD,1,3109.0,paid
ORD000001818,1,COD,1,15165.0,paid
ORD000001819,1,Wallet,1,,paid
ORD000001820,1,COD,1,48647.0,paid
ORD000001821,1,COD,1,7100.0,paid
ORD000001822,1,COD,1,822.0,paid
ORD000001823,1,COD,1,25922.0,paid
ORD000001824,1,UPI,1,2269.0,paid
ORD000001825,1,UPI,1,2265.0,paid
ORD000001826,1,Debit Card,1,354.0,paid
ORD000001827,1,COD,1,1580.0,paid
ORD000001828,1,COD,1,6411.0,paid
ORD000001829,1,Wallet,1,5487.0,paid
ORD000001830,1,COD,1,12313.0,paid
ORD000001831,1,Credit Card,3,78477.0,paid
ORD000001832,1,UPI,1,2527.0,paid
ORD000001833,1,COD,1,75295.0,paid
ORD000001834,1,Wallet,1,1468.0,paid
ORD000001835,1,COD,1,34307.0,paid
ORD000001836,1,UPI,1,349.0,paid
ORD000001837,1,COD,1,1278.0,paid
ORD000001838,1,UPI,1,1792.0,paid
ORD000001839,1,COD,1,441.0,paid
ORD000001840,1,COD,1,4822.0,paid
ORD000001841,1,Net Banking,1,24199.0,paid
ORD000001842,1,COD,1,911.0,paid
ORD000001843,1,COD,1,60171.0,paid
ORD000001844,1,COD,1,69032.0,paid
ORD000001845,1,UPI,1,1876.0,paid
ORD000001846,1,COD,1,42637.0,failed
ORD000001847,1,UPI,1,490.0,paid
ORD000001848,1,UPI,1,2133.0,paid
ORD000001849,1,Credit Card,1,493.0,paid
ORD000001850,1,Wallet,1,17507.0,paid
ORD000001851,1,Debit Card,1,643.0,paid
ORD000001852,1,COD,1,58176.0,PAID
ORD000001853,1,UPI,1,390.0,paid
ORD000001854,1,COD,1,2967.0,paid
ORD000001855,1,COD,1,4148.0,captured
ORD000001856,1,COD,1,1317.0,paid
ORD000001857,1,COD,1,756.0,paid
ORD000001858,1,COD,1,21516.0,paid
ORD000001859,1,COD,1,3865.0,paid
ORD000001860,1,UPI,1,5131.0,paid
ORD000001861,1,Wallet,1,118156.0,captured
ORD000001862,1,COD,1,11632.0,paid
ORD000001863,1,COD,1,3907.0,PAID
ORD000001864,1,COD,1,29644.0,paid
ORD000001865,1,COD,1,604.0,paid
ORD000001866,1,Net Banking,1,951.0,paid
ORD000001867,1,COD,1,4906.0,paid
ORD000001868,1,COD,1,2504.0,paid
ORD000001869,1,COD,1,52078.0,paid
ORD000001870,1,COD,1,7414.0,paid
ORD000001871,1,COD,1,42113.0,paid
ORD000001872,1,Net Banking,1,6539.0,paid
ORD000001873,1,UPI,1,2652.0,paid
ORD000001874,1,COD,1,912.0,paid
ORD000001875,1,UPI,1,26461.0,paid
ORD000001876,1,Debit Card,1,307.0,paid
ORD000001877,1,COD,1,50210.0,failed
ORD000001878,1,UPI,1,992.0,paid
ORD000001879,1,UPI,1,724.0,paid
ORD000001880,1,UPI,1,1211.0,paid
ORD000001881,1,COD,1,33603.0,paid
ORD000001882,1,UPI,1,2626.0,paid
ORD000001883,1,Credit Card,1,1818.0,failed
ORD000001884,1,UPI,1,856.0,paid
ORD000001885,1,COD,1,80771.0,paid
ORD000001886,1,COD,1,17833.0,Success
ORD000001887,1,UPI,1,4141.0,Success
ORD000001888,1,UPI,1,2865.0,paid
ORD000001889,1,Net Banking,1,8177.0,paid
ORD000001890,1,COD,1,580.0,paid
ORD000001891,1,COD,1,18338.0,paid
ORD000001892,1,Credit Card,1,6135.0,paid
ORD000001893,1,UPI,1,327.0,paid
ORD000001894,1,COD,1,1039.0,paid
ORD000001895,1,UPI,1,655.0,paid
ORD000001896,1,COD,1,17419.0,paid
ORD000001897,1,COD,1,157407.0,paid
ORD000001898,1,COD,1,1901.0,completed
ORD000001899,1,COD,1,105014.0,paid
ORD000001900,1,UPI,1,2054.0,paid
ORD000001901,1,COD,1,106855.0,paid
ORD000001902,1,Debit Card,1,2092.0,paid
ORD000001903,1,COD,1,495.0,paid
ORD000001904,1,UPI,1,10711.0,paid
ORD000001905,1,COD,1,31453.0,Paid
ORD000001906,1,COD,1,507.0,paid
ORD000001907,1,UPI,1,288.0,paid
ORD000001908,1,Wallet,1,6289.0,paid
ORD000001909,1,Wallet,1,8572.0,paid
ORD000001910,1,COD,1,723.0,captured
ORD000001911,1,COD,1,1407.0,paid
ORD000001912,1,COD,1,6020.0,paid
ORD000001913,1,COD,1,3280.0,paid
ORD000001914,1,COD,1,2517.0,paid
ORD000001915,1,Wallet,1,11356.0,paid
ORD000001916,1,UPI,1,862.0,failed
ORD000001917,1,COD,1,5984.0,paid
ORD000001918,1,Net Banking,1,19888.0,paid
ORD000001919,1,UPI,1,1365.0,refunded
ORD000001920,1,COD,1,11425.0,paid
ORD000001921,1,Credit Card,1,2947.0,completed
ORD000001922,1,UPI,1,1123.0,paid
ORD000001923,1,COD,1,726.0,paid
ORD000001924,1,COD,1,1680.0,completed
ORD000001925,1,COD,1,51329.0,paid
ORD000001926,1,COD,1,12796.0,paid
ORD000001927,1,Credit Card,6,70364.0,paid
ORD000001928,1,COD,1,18843.0,paid
ORD000001929,1,COD,1,5826.0,failed
ORD000001930,1,Wallet,1,10908.0,paid
ORD000001931,1,Net Banking,1,4948.0,paid
ORD000001932,1,Credit Card,3,29648.0,paid
ORD000001933,1,Credit Card,1,803.0,paid
ORD000001934,1,Wallet,1,44338.0,success
ORD000001935,1,Credit Card,9,65323.0,paid
ORD000001936,1,COD,1,2401.0,paid
ORD000001937,1,COD,1,723.0,paid
ORD000001938,1,COD,1,43836.0,failed
ORD000001939,1,COD,1,52415.0,paid
ORD000001940,1,COD,1,25867.0,paid
ORD000001941,1,COD,1,10715.0,paid
ORD000001942,1,COD,1,26305.0,Success
ORD000001943,1,UPI,1,2570.0,paid
ORD000001944,1,COD,1,3871.0,paid
ORD000001945,1,COD,1,50179.0,paid
ORD000001946,1,UPI,1,45338.0,captured
ORD000001947,1,COD,1,2185.0,paid
ORD000001948,1,COD,1,3251.0,paid
ORD000001949,1,COD,1,13516.0,paid
ORD000001950,1,UPI,1,24011.0,paid
ORD000001951,1,Debit Card,1,1534.0,paid
ORD000001952,1,COD,1,8047.0,Refund
ORD000001953,1,Credit Card,1,5118.0,paid
ORD000001954,1,Debit Card,1,83529.0,paid
ORD000001955,1,Wallet,1,1054.0,paid
ORD000001956,1,Credit Card,1,20506.0,paid
ORD000001957,1,UPI,1,540.0,failed
ORD000001958,1,COD,1,2398.0,paid
ORD000001959,1,COD,1,563.0,paid
ORD000001960,1,COD,1,76010.0,paid
ORD000001961,1,COD,1,3320.0,paid
ORD000001962,1,Wallet,1,1232.0,paid
ORD000001963,1,COD,1,15837.0,paid
ORD000001964,1,COD,1,13323.0,paid
ORD000001965,1,Net Banking,1,1880.0,refunded
ORD000001966,1,COD,1,113493.0,paid
ORD000001967,1,COD,1,34552.0,paid
ORD000001968,1,COD,1,1656.0,failed
ORD000001969,1,COD,1,30362.0,paid
ORD000001970,1,COD,1,1094.0,paid
ORD000001971,1,COD,1,63916.0,paid
ORD000001972,1,UPI,1,14879.0,paid
ORD000001973,1,COD,1,687.0,paid
ORD000001974,1,UPI,1,142280.0,paid
ORD000001975,1,COD,1,671.0,paid
ORD000001976,1,COD,1,1387.0,paid
ORD000001977,1,COD,1,3751.0,paid
ORD000001978,1,Credit Card,1,566.0,paid
ORD000001979,1,UPI,1,4970.0,paid
ORD000001980,1,COD,1,13063.0,failed
ORD000001981,1,UPI,1,4639.0,paid
ORD000001982,1,COD,1,110920.0,failed
ORD000001983,1,Credit Card,3,33268.0,success
ORD000001984,1,Net Banking,1,12532.0,paid
ORD000001985,1,COD,1,2083.0,paid
ORD000001986,1,COD,1,68790.0,paid
ORD000001987,1,COD,1,1767.0,paid
ORD000001988,1,UPI,1,65358.0,paid
ORD000001989,1,COD,1,32622.0,paid
ORD000001990,1,COD,1,4125.0,paid
ORD000001991,1,Debit Card,1,2344.0,paid
ORD000001992,1,COD,1,1603.0,paid
ORD000001993,1,Credit Card,1,4265.0,paid
ORD000001994,1,COD,1,32304.0,captured
ORD000001995,1,Debit Card,1,1598.0,paid
ORD000001996,1,Credit Card,9,8413.0,paid
ORD000001997,1,COD,1,54046.0,paid
ORD000001998,1,COD,1,129564.0,paid
ORD000001999,1,COD,1,2525.0,paid
ORD000002000,1,UPI,1,593.0,success
ORD000002001,1,COD,1,5814.0,refunded
ORD000002002,1,Wallet,1,67279.0,failed
ORD000002003,1,Credit Card,1,1579.0,paid
ORD000002004,1,Wallet,1,41410.0,paid
ORD000002005,1,COD,1,402.0,paid
ORD000002006,1,COD,1,22114.0,paid
ORD000002007,1,COD,1,68004.0,paid
ORD000002008,1,COD,1,1192.0,paid
ORD000002009,1,COD,1,54390.0,paid
ORD000002010,1,COD,1,83337.0,refunded
ORD000002011,1,UPI,1,32114.0,paid
ORD000002012,1,COD,1,1030.0,paid
ORD000002013,1,COD,1,24930.0,paid
ORD000002014,1,COD,1,4694.0,PAID
ORD000002015,1,UPI,1,253.0,paid
ORD000002016,1,Credit Card,1,2773.0,failed
ORD000002017,1,UPI,1,316.0,paid
ORD000002018,1,COD,1,635.0,paid
ORD000002019,1,UPI,1,721.0,Success
ORD000002020,1,UPI,1,48003.0,paid
ORD000002021,1,COD,1,35567.0,success
ORD000002022,1,COD,1,359.0,refunded
ORD000002023,1,Wallet,1,8825.0,paid
ORD000002024,1,COD,1,33630.0,PAID
ORD000002025,1,COD,1,1564.0,paid
ORD000002026,1,COD,1,11016.0,paid
ORD000002027,1,Debit Card,1,5419.0,paid
ORD000002028,1,COD,1,24240.0,paid
ORD000002029,1,Wallet,1,6556.0,paid
ORD000002030,1,Credit Card,1,1784.0,paid
ORD000002031,1,Credit Card,6,67960.0,failed
ORD000002032,1,COD,1,25646.0,paid
ORD000002033,1,COD,1,1006.0,failed
ORD000002034,1,Credit Card,1,1337.0,paid
ORD000002035,1,Net Banking,1,25875.0,paid
ORD000002036,1,Debit Card,1,1604.0,success
ORD000002037,1,Wallet,1,1021.0,paid
ORD000002038,1,UPI,1,2483.0,paid
ORD000002039,1,COD,1,20702.0,paid
ORD000002040,1,COD,1,34637.0,paid
ORD000002041,1,COD,1,28870.0,paid
ORD000002042,1,COD,1,53898.0,paid
ORD000002043,1,COD,1,25474.0,paid
ORD000002044,1,COD,1,112168.0,paid
ORD000002045,1,COD,1,876.0,paid
ORD000002046,1,COD,1,29651.0,paid
ORD000002047,1,UPI,1,14529.0,paid
ORD000002048,1,UPI,1,16254.0,paid
ORD000002049,1,UPI,1,4930.0,paid
ORD000002050,1,UPI,1,26032.0,paid
ORD000002051,1,COD,1,96484.0,paid
ORD000002052,1,COD,1,4405.0,refunded
ORD000002053,1,COD,1,1633.0,paid
ORD000002054,1,COD,1,671.0,paid
ORD000002055,1,UPI,1,600.0,paid
ORD000002056,1,Credit Card,1,8903.0,Success
ORD000002057,1,COD,1,731.0,paid
ORD000002058,1,Debit Card,1,3360.0,paid
ORD000002059,1,COD,1,1119.0,paid
ORD000002060,1,COD,1,37319.0,paid
ORD000002061,1,Debit Card,1,7173.0,paid
ORD000002062,1,UPI,1,27157.0,failed
ORD000002063,1,UPI,1,118311.0,paid
ORD000002064,1,UPI,1,5048.0,paid
ORD000002065,1,COD,1,,paid
ORD000002066,1,UPI,1,4079.0,paid
ORD000002067,1,UPI,1,1327.0,paid
ORD000002068,1,COD,1,836.0,paid
ORD000002069,1,COD,1,55672.0,declined
ORD000002070,1,Net Banking,1,22643.0,failed
ORD000002071,1,COD,1,15803.0,failed
ORD000002072,1,Debit Card,1,43574.0,paid
ORD000002073,1,COD,1,20381.0,paid
ORD000002074,1,COD,1,377.0,paid
ORD000002075,1,UPI,1,2799.0,paid
ORD000002076,1,UPI,1,8297.0,paid
ORD000002077,1,COD,1,7378.0,paid
ORD000002078,1,COD,1,3351.0,paid
ORD000002079,1,COD,1,3003.0,failed
ORD000002080,1,UPI,1,3643.0,success
ORD000002081,1,COD,1,8881.0,refunded
ORD000002082,1,COD,1,694.0,paid
ORD000002083,1,COD,1,5962.0,paid
ORD000002084,1,COD,1,21055.0,paid
ORD000002085,1,COD,1,18565.0,paid
ORD000002086,1,COD,1,3115.0,failed
ORD000002087,1,Credit Card,1,10113.0,paid
ORD000002088,1,Net Banking,1,4396.0,paid
ORD000002089,1,COD,1,29938.0,paid
ORD000002090,1,COD,1,6383.0,paid
ORD000002091,1,Wallet,1,33153.0,paid
ORD000002092,1,COD,1,20430.0,paid
ORD000002093,1,COD,1,7685.0,paid
ORD000002094,1,UPI,1,49504.0,paid
ORD000002095,1,COD,1,1208.0,paid
ORD000002096,1,COD,1,62308.0,PAID
ORD000002097,1,Debit Card,1,8849.0,paid
ORD000002098,1,UPI,1,109288.0,success
ORD000002099,1,UPI,1,5751.0,completed
ORD000002100,1,COD,1,9373.0,paid
ORD000002101,1,COD,1,2704.0,paid
ORD000002102,1,Debit Card,1,825.0,Success
ORD000002103,1,Debit Card,1,24691.0,paid
ORD000002104,1,Credit Card,1,1257.0,paid
ORD000002105,1,COD,1,8601.0,paid
ORD000002106,1,Credit Card,1,1002.0,paid
ORD000002107,1,COD,1,561.0,paid
ORD000002108,1,UPI,1,43536.0,paid
ORD000002109,1,UPI,1,1382.0,paid
ORD000002110,1,COD,1,4821.0,paid
ORD000002111,1,COD,1,34837.0,paid
ORD000002112,1,UPI,1,7521.0,paid
ORD000002113,1,Debit Card,1,1230.0,refunded
ORD000002114,1,COD,1,24288.0,paid
ORD000002115,1,COD,1,6070.0,paid
ORD000002116,1,UPI,1,13214.0,paid
ORD000002117,1,COD,1,871.0,paid
ORD000002118,1,COD,1,2005.0,failed
ORD000002119,1,COD,1,25943.0,paid
ORD000002120,1,COD,1,5336.0,paid
ORD000002121,1,COD,1,24866.0,paid
ORD000002122,1,Wallet,1,306.0,paid
ORD000002123,1,Credit Card,1,670.0,paid
ORD000002124,1,COD,1,848.0,paid
ORD000002125,1,COD,1,4927.0,paid
ORD000002126,1,UPI,1,29564.0,paid
ORD000002127,1,COD,1,293.0,paid
ORD000002128,1,Credit Card,1,35621.0,paid
ORD000002129,1,COD,1,13124.0,paid
ORD000002130,1,UPI,1,1117.0,paid
ORD000002131,1,COD,1,5764.0,failed
ORD000002132,1,Credit Card,1,1090.0,paid
ORD000002133,1,Credit Card,1,34067.0,refunded
ORD000002134,1,COD,1,2640.0,paid
ORD000002135,1,Wallet,1,64603.0,paid
ORD000002136,1,COD,1,34102.0,paid
ORD000002137,1,COD,1,741.0,failed
ORD000002138,1,Credit Card,6,7899.0,completed
ORD000002139,1,UPI,1,164180.0,paid
ORD000002140,1,COD,1,19939.0,PAID
ORD000002141,1,COD,1,47184.0,paid
ORD000002142,1,COD,1,398.0,captured
ORD000002143,1,COD,1,6704.0,paid
ORD000002144,1,COD,1,435.0,paid
ORD000002145,1,COD,1,24913.0,paid
ORD000002146,1,COD,1,12657.0,paid
ORD000002147,1,UPI,1,11344.0,paid
ORD000002148,1,UPI,1,828.0,paid
ORD000002149,1,Wallet,1,3445.0,paid
ORD000002150,1,COD,1,2838.0,paid
ORD000002151,1,COD,1,16411.0,paid
ORD000002152,1,COD,1,12896.0,paid
ORD000002153,1,COD,1,1449.0,paid
ORD000002154,1,COD,1,22086.0,paid
ORD000002155,1,COD,1,3919.0,paid
ORD000002156,1,UPI,1,2662.0,paid
ORD000002157,1,Wallet,1,1447.0,paid
ORD000002158,1,COD,1,53260.0,paid
ORD000002159,1,COD,1,17453.0,paid
ORD000002160,1,Credit Card,1,,paid
ORD000002161,1,Credit Card,1,3662.0,paid
ORD000002162,1,COD,1,834.0,paid
ORD000002163,1,UPI,1,23632.0,paid
ORD000002164,1,COD,1,10745.0,paid
ORD000002165,1,UPI,1,1520.0,paid
ORD000002166,1,UPI,1,2743.0,paid
ORD000002167,1,COD,1,1108.0,paid
ORD000002168,1,COD,1,18216.0,Paid
ORD000002169,1,UPI,1,14395.0,paid
ORD000002170,1,UPI,1,2226.0,failed
ORD000002171,1,Debit Card,1,2785.0,captured
ORD000002172,1,COD,1,17546.0,paid
ORD000002173,1,Credit Card,1,1191.0,Success
ORD000002174,1,UPI,1,811.0,paid
ORD000002175,1,UPI,1,10095.0,paid
ORD000002176,1,COD,1,1163.0,paid
ORD000002177,1,COD,1,520.0,paid
ORD000002178,1,UPI,1,543.0,paid
ORD000002179,1,COD,1,94304.0,refunded
ORD000002180,1,COD,1,2116.0,paid
ORD000002181,1,COD,1,1834.0,paid
ORD000002182,1,Wallet,1,315.0,paid
ORD000002183,1,UPI,1,22244.0,failed
ORD000002184,1,Credit Card,1,8138.0,success
ORD000002185,1,Wallet,1,15210.0,failed
ORD000002186,1,UPI,1,498.0,paid
ORD000002187,1,COD,1,3081.0,paid
ORD000002188,1,COD,1,72553.0,paid
ORD000002189,1,UPI,1,9253.0,paid
ORD000002190,1,Debit Card,1,1843.0,paid
ORD000002191,1,Credit Card,1,1229.0,paid
ORD000002192,1,COD,1,19057.0,captured
ORD000002193,1,Credit Card,1,2906.0,paid
ORD000002194,1,COD,1,13994.0,paid
ORD000002195,1,COD,1,919.0,paid
ORD000002196,1,COD,1,12834.0,paid
ORD000002197,1,COD,1,558.0,paid
ORD000002198,1,COD,1,2988.0,paid
ORD000002199,1,UPI,1,2268.0,paid
ORD000002200,1,COD,1,4423.0,paid
ORD000002201,1,Debit Card,1,25536.0,paid
ORD000002202,1,COD,1,2444.0,paid
ORD000002203,1,COD,1,121093.0,paid
ORD000002204,1,COD,1,179851.0,failed
ORD000002205,1,COD,1,4201.0,paid
ORD000002206,1,COD,1,4426.0,refunded
ORD000002207,1,COD,1,71514.0,paid
ORD000002208,1,COD,1,32778.0,paid
ORD000002209,1,COD,1,8885.0,paid
ORD000002210,1,UPI,1,3327.0,failed
ORD000002211,1,COD,1,19628.0,paid
ORD000002212,1,COD,1,20322.0,paid
ORD000002213,1,COD,1,30178.0,paid
ORD000002214,1,COD,1,17497.0,paid
ORD000002215,1,Credit Card,1,1439.0,paid
ORD000002216,1,COD,1,5460.0,paid
ORD000002217,1,UPI,1,2065.0,refunded
ORD000002218,1,Debit Card,1,58399.0,paid
ORD000002219,1,COD,1,573.0,paid
ORD000002220,1,Debit Card,1,4672.0,paid
ORD000002221,1,UPI,1,22580.0,paid
ORD000002222,1,UPI,1,991.0,paid
ORD000002223,1,Debit Card,1,7648.0,paid
ORD000002224,1,COD,1,34291.0,paid
ORD000002225,1,COD,1,1445.0,paid
ORD000002226,1,COD,1,539.0,refunded
ORD000002227,1,UPI,1,52059.0,PAID
ORD000002228,1,COD,1,6507.0,paid
ORD000002229,1,COD,1,7009.0,paid
ORD000002230,1,Net Banking,1,427.0,paid
ORD000002231,1,COD,1,755.0,paid
ORD000002232,1,COD,1,1584.0,paid
ORD000002233,1,COD,1,12709.0,declined
ORD000002234,1,UPI,1,4731.0,paid
ORD000002235,1,COD,1,26227.0,paid
ORD000002236,1,COD,1,26479.0,refunded
ORD000002237,1,Wallet,1,90889.0,paid
ORD000002238,1,COD,1,4978.0,paid
ORD000002239,1,COD,1,1227.0,paid
ORD000002240,1,UPI,1,162833.0,paid
ORD000002241,1,COD,1,1070.0,paid
ORD000002242,1,COD,1,11372.0,captured
ORD000002243,1,UPI,1,668.0,paid
ORD000002244,1,UPI,1,52182.0,paid
ORD000002245,1,COD,1,159671.0,paid
ORD000002246,1,Credit Card,1,9345.0,paid
ORD000002247,1,Credit Card,1,843.0,paid
ORD000002248,1,UPI,1,4709.0,paid
ORD000002249,1,UPI,1,19559.0,paid
ORD000002250,1,Credit Card,6,25505.0,paid
ORD000002251,1,COD,1,20738.0,paid
ORD000002252,1,COD,1,489.0,paid
ORD000002253,1,COD,1,3277.0,failed
ORD000002254,1,COD,1,31701.0,paid
ORD000002255,1,Wallet,1,1565.0,paid
ORD000002256,1,COD,1,3226.0,paid
ORD000002257,1,COD,1,21741.0,paid
ORD000002258,1,COD,1,29698.0,paid
ORD000002259,1,UPI,1,3090.0,paid
ORD000002260,1,Credit Card,6,12668.0,success
ORD000002261,1,COD,1,5554.0,paid
ORD000002262,1,Credit Card,6,5843.0,paid
ORD000002263,1,COD,1,22305.0,paid
ORD000002264,1,Debit Card,1,37586.0,paid
ORD000002265,1,Credit Card,9,20545.0,failed
ORD000002266,1,COD,1,237.0,paid
ORD000002267,1,Debit Card,1,41946.0,paid
ORD000002268,1,COD,1,11578.0,failed
ORD000002269,1,COD,1,1374.0,paid
ORD000002270,1,COD,1,612.0,paid
ORD000002271,1,COD,1,46939.0,paid
ORD000002272,1,Net Banking,1,10768.0,Paid
ORD000002273,1,Credit Card,1,379.0,paid
ORD000002274,1,UPI,1,953.0,paid
ORD000002275,1,Wallet,1,4684.0,failed
ORD000002276,1,COD,1,103752.0,paid
ORD000002277,1,COD,1,17448.0,paid
ORD000002278,1,Credit Card,1,300.0,paid
ORD000002279,1,COD,1,451.0,paid
ORD000002280,1,Credit Card,1,2382.0,paid
ORD000002281,1,COD,1,30445.0,paid
ORD000002282,1,COD,1,623.0,paid
ORD000002283,1,COD,1,6818.0,paid
ORD000002284,1,COD,1,24143.0,paid
ORD000002285,1,COD,1,20106.0,paid
ORD000002286,1,COD,1,1102.0,paid
ORD000002287,1,COD,1,517.0,success
ORD000002288,1,Credit Card,1,443.0,paid
ORD000002289,1,COD,1,1834.0,paid
ORD000002290,1,COD,1,7894.0,failed
ORD000002291,1,COD,1,610.0,paid
ORD000002292,1,COD,1,3130.0,paid
ORD000002293,1,COD,1,76785.0,failed
ORD000002294,1,COD,1,433.0,paid
ORD000002295,1,COD,1,4118.0,paid
ORD000002296,1,Net Banking,1,16581.0,completed
ORD000002297,1,COD,1,44637.0,paid
ORD000002298,1,COD,1,6791.0,paid
ORD000002299,1,UPI,1,954.0,paid
ORD000002300,1,COD,1,45750.0,paid
ORD000002301,1,COD,1,14250.0,paid
ORD000002302,1,COD,1,21922.0,paid
ORD000002303,1,UPI,1,11209.0,refunded
ORD000002304,1,Credit Card,1,1139.0,refunded
ORD000002305,1,COD,1,378.0,paid
ORD000002306,1,Debit Card,1,5095.0,paid
ORD000002307,1,COD,1,30915.0,paid
ORD000002308,1,UPI,1,1939.0,failed
ORD000002309,1,COD,1,2733.0,paid
ORD000002310,1,Debit Card,1,4544.0,failed
ORD000002311,1,COD,1,2810.0,paid
ORD000002312,1,COD,1,3390.0,paid
ORD000002313,1,COD,1,80332.0,paid
ORD000002314,1,Wallet,1,52246.0,paid
ORD000002315,1,COD,1,5989.0,failed
ORD000002316,1,COD,1,1629.0,REFUNDED
ORD000002317,1,Wallet,1,24134.0,paid
ORD000002318,1,Credit Card,1,3280.0,Success
ORD000002319,1,UPI,1,3930.0,PAID
ORD000002320,1,COD,1,2530.0,PAID
ORD000002321,1,COD,1,201.0,paid
ORD000002322,1,Wallet,1,27311.0,paid
ORD000002323,1,COD,1,2152.0,paid
ORD000002324,1,Credit Card,1,1265.0,paid
ORD000002325,1,UPI,1,,paid
ORD000002326,1,Wallet,1,11051.0,paid
ORD000002327,1,UPI,1,2479.0,paid
ORD000002328,1,COD,1,1336.0,paid
ORD000002329,1,Credit Card,1,4409.0,paid
ORD000002330,1,Net Banking,1,2462.0,paid
ORD000002331,1,Debit Card,1,135779.0,paid
ORD000002332,1,COD,1,19724.0,paid
ORD000002333,1,COD,1,27670.0,paid
ORD000002334,1,Credit Card,1,348.0,success
ORD000002335,1,UPI,1,5225.0,paid
ORD000002336,1,COD,1,2662.0,failed
ORD000002337,1,COD,1,1462.0,PAID
ORD000002338,1,COD,1,26975.0,paid
ORD000002339,1,COD,1,2591.0,paid
ORD000002340,1,COD,1,2629.0,failed
ORD000002341,1,Wallet,1,46649.0,paid
ORD000002342,1,UPI,1,43325.0,paid
ORD000002343,1,COD,1,522.0,paid
ORD000002344,1,UPI,1,9105.0,declined
ORD000002345,1,COD,1,61949.0,paid
ORD000002346,1,Credit Card,6,131934.0,PAID
ORD000002347,1,Debit Card,1,7200.0,refunded
ORD000002348,1,COD,1,7374.0,paid
ORD000002349,1,Net Banking,1,72552.0,paid
ORD000002350,1,COD,1,31761.0,refunded
ORD000002351,1,UPI,1,9667.0,paid
ORD000002352,1,Debit Card,1,3988.0,paid
ORD000002353,1,Credit Card,1,1781.0,paid
ORD000002354,1,COD,1,1318.0,paid
ORD000002355,1,COD,1,903.0,paid
ORD000002356,1,COD,1,3846.0,paid
ORD000002357,1,COD,1,131146.0,paid
ORD000002358,1,COD,1,995.0,captured
ORD000002359,1,COD,1,6595.0,paid
ORD000002360,1,UPI,1,3938.0,Paid
ORD000002361,1,COD,1,838.0,paid
ORD000002362,1,COD,1,38235.0,failed
ORD000002363,1,UPI,1,29663.0,paid
ORD000002364,1,COD,1,38992.0,paid
ORD000002365,1,UPI,1,1678.0,paid
ORD000002366,1,Credit Card,1,1271.0,paid
ORD000002367,1,COD,1,3909.0,paid
ORD000002368,1,COD,1,37437.0,paid
ORD000002369,1,UPI,1,56952.0,failed
ORD000002370,1,COD,1,5542.0,paid
ORD000002371,1,COD,1,505.0,paid
ORD000002372,1,Credit Card,1,684.0,captured
ORD000002373,1,Credit Card,1,1563.0,refunded
ORD000002374,1,COD,1,127430.0,Paid
ORD000002375,1,COD,1,14217.0,paid
ORD000002376,1,Credit Card,1,865.0,paid
ORD000002377,1,COD,1,28028.0,paid
ORD000002378,1,UPI,1,49694.0,paid
ORD000002379,1,COD,1,68396.0,paid
ORD000002380,1,COD,1,426.0,paid
ORD000002381,1,COD,1,9628.0,paid
ORD000002382,1,Credit Card,1,1208.0,refunded
ORD000002383,1,COD,1,89498.0,success
ORD000002384,1,Wallet,1,1380.0,Paid
ORD000002385,1,Credit Card,1,47803.0,completed
ORD000002386,1,Credit Card,6,8251.0,paid
ORD000002387,1,Credit Card,1,1630.0,paid
ORD000002388,1,COD,1,5192.0,captured
ORD000002389,1,COD,1,2501.0,paid
ORD000002390,1,COD,1,16607.0,paid
ORD000002391,1,COD,1,27986.0,paid
ORD000002392,1,COD,1,984.0,paid
ORD000002393,1,Credit Card,9,50370.0,refunded
ORD000002394,1,Credit Card,1,704.0,captured
ORD000002395,1,COD,1,27039.0,paid
ORD000002396,1,COD,1,5983.0,paid
ORD000002397,1,UPI,1,3357.0,paid
ORD000002398,1,UPI,1,329.0,paid
ORD000002399,1,Wallet,1,17878.0,Failed
ORD000002400,1,COD,1,3718.0,paid
ORD000002401,1,COD,1,21982.0,paid
ORD000002402,1,Debit Card,1,2352.0,paid
ORD000002403,1,COD,1,4935.0,paid
ORD000002404,1,Credit Card,1,24442.0,paid
ORD000002405,1,COD,1,,refunded
ORD000002406,1,COD,1,1332.0,paid
ORD000002407,1,UPI,1,547.0,paid
ORD000002408,1,Credit Card,1,13551.0,Paid
ORD000002409,1,COD,1,326.0,paid
ORD000002410,1,Credit Card,3,20832.0,paid
ORD000002411,1,Debit Card,1,56655.0,paid
ORD000002412,1,Credit Card,1,612.0,PAID
ORD000002413,1,Wallet,1,4571.0,paid
ORD000002414,1,Debit Card,1,53707.0,paid
ORD000002415,1,Credit Card,3,35932.0,paid
ORD000002416,1,UPI,1,1735.0,Paid
ORD000002417,1,Credit Card,3,34934.0,paid
ORD000002418,1,Net Banking,1,31035.0,paid
ORD000002419,1,UPI,1,534.0,paid
ORD000002420,1,COD,1,8973.0,paid
ORD000002421,1,COD,1,1090.0,paid
ORD000002422,1,Credit Card,1,297.0,paid
ORD000002423,1,Net Banking,1,526.0,paid
ORD000002424,1,COD,1,1134.0,paid
ORD000002425,1,Net Banking,1,8089.0,paid
ORD000002426,1,COD,1,416.0,paid
ORD000002427,1,COD,1,15499.0,paid
ORD000002428,1,Debit Card,1,681.0,paid
ORD000002429,1,Wallet,1,67352.0,PAID
ORD000002430,1,UPI,1,10715.0,paid
ORD000002431,1,Wallet,1,1592.0,failed
ORD000002432,1,Credit Card,1,2973.0,paid
ORD000002433,1,Debit Card,1,965.0,paid
ORD000002434,1,Debit Card,1,810.0,paid
ORD000002435,1,COD,1,60575.0,paid
ORD000002436,1,COD,1,20884.0,paid
ORD000002437,1,COD,1,11501.0,paid
ORD000002438,1,COD,1,126893.0,paid
ORD000002439,1,COD,1,1939.0,paid
ORD000002440,1,COD,1,36428.0,failed
ORD000002441,1,COD,1,18998.0,paid
ORD000002442,1,UPI,1,59830.0,paid
ORD000002443,1,COD,1,74586.0,paid
ORD000002444,1,COD,1,1017.0,paid
ORD000002445,1,COD,1,494.0,paid
ORD000002446,1,COD,1,556.0,failed
ORD000002447,1,UPI,1,664.0,paid
ORD000002448,1,Debit Card,1,1204.0,paid
ORD000002449,1,UPI,1,1016.0,paid
ORD000002450,1,UPI,1,45200.0,paid
ORD000002451,1,Net Banking,1,108784.0,paid
ORD000002452,1,UPI,1,590.0,paid
ORD000002453,1,COD,1,1601.0,paid
ORD000002454,1,COD,1,15388.0,paid
ORD000002455,1,UPI,1,1129.0,paid
ORD000002456,1,UPI,1,5122.0,refunded
ORD000002457,1,Credit Card,1,1693.0,paid
ORD000002458,1,COD,1,1685.0,paid
ORD000002459,1,Net Banking,1,869.0,paid
ORD000002460,1,COD,1,1221.0,paid
ORD000002461,1,Wallet,1,,paid
ORD000002462,1,COD,1,1299.0,paid
ORD000002463,1,COD,1,3150.0,success
ORD000002464,1,COD,1,12857.0,paid
ORD000002465,1,COD,1,9486.0,paid
ORD000002466,1,COD,1,2313.0,paid
ORD000002467,1,Debit Card,1,3510.0,paid
ORD000002468,1,COD,1,563.0,paid
ORD000002469,1,COD,1,140247.0,paid
ORD000002470,1,COD,1,1228.0,paid
ORD000002471,1,UPI,1,3930.0,failed
ORD000002472,1,COD,1,105503.0,paid
ORD000002473,1,COD,1,17088.0,paid
ORD000002474,1,Debit Card,1,36209.0,failed
ORD000002475,1,COD,1,1264.0,Success
ORD000002476,1,Wallet,1,972.0,paid
ORD000002477,1,COD,1,10548.0,failed
ORD000002478,1,UPI,1,27968.0,paid
ORD000002479,1,UPI,1,45606.0,refunded
ORD000002480,1,COD,1,23162.0,paid
ORD000002481,1,UPI,1,2093.0,paid
ORD000002482,1,COD,1,5749.0,paid
ORD000002483,1,COD,1,3677.0,paid
ORD000002484,1,Debit Card,1,1117.0,paid
ORD000002485,1,Wallet,1,45830.0,paid
ORD000002486,1,COD,1,23279.0,paid
ORD000002487,1,UPI,1,109319.0,refunded
ORD000002488,1,COD,1,8629.0,refunded
ORD000002489,1,COD,1,1548.0,refunded
ORD000002490,1,COD,1,33530.0,paid
ORD000002491,1,UPI,1,449.0,completed
ORD000002492,1,UPI,1,27261.0,paid
ORD000002493,1,COD,1,30772.0,paid
ORD000002494,1,Wallet,1,,declined
ORD000002495,1,Credit Card,1,2846.0,paid
ORD000002496,1,COD,1,36354.0,paid
ORD000002497,1,COD,1,13698.0,Paid
ORD000002498,1,UPI,1,1415.0,paid
ORD000002499,1,COD,1,24811.0,paid
ORD000002500,1,COD,1,4551.0,paid
ORD000002501,1,COD,1,170051.0,paid
ORD000002502,1,COD,1,980.0,paid
ORD000002503,1,COD,1,36430.0,paid
ORD000002504,1,UPI,1,455.0,paid
ORD000002505,1,Credit Card,1,3481.0,paid
ORD000002506,1,Wallet,1,1152.0,completed
ORD000002507,1,Credit Card,1,24486.0,paid
ORD000002508,1,COD,1,18306.0,paid
ORD000002509,1,COD,1,211052.0,failed
ORD000002510,1,COD,1,1898.0,paid
ORD000002511,1,Wallet,1,1810.0,paid
ORD000002512,1,COD,1,17734.0,paid
ORD000002513,1,COD,1,15751.0,PAID
ORD000002514,1,UPI,1,62418.0,paid
ORD000002515,1,COD,1,6783.0,paid
ORD000002516,1,Net Banking,1,14567.0,paid
ORD000002517,1,COD,1,1060.0,Success
ORD000002518,1,COD,1,1587.0,paid
ORD000002519,1,Wallet,1,1378.0,paid
ORD000002520,1,COD,1,1682.0,paid
ORD000002521,1,COD,1,681.0,paid
ORD000002522,1,UPI,1,103745.0,paid
ORD000002523,1,UPI,1,660.0,paid
ORD000002524,1,COD,1,538.0,captured
ORD000002525,1,COD,1,601.0,paid
ORD000002526,1,COD,1,9938.0,Success
ORD000002527,1,COD,1,19543.0,paid
ORD000002528,1,COD,1,1733.0,paid
ORD000002529,1,COD,1,445.0,paid
ORD000002530,1,UPI,1,4282.0,completed
ORD000002531,1,UPI,1,12071.0,completed
ORD000002532,1,COD,1,3502.0,paid
ORD000002533,1,COD,1,1079.0,paid
ORD000002534,1,COD,1,1560.0,paid
ORD000002535,1,COD,1,5757.0,PAID
ORD000002536,1,Wallet,1,18028.0,paid
ORD000002537,1,COD,1,4493.0,paid
ORD000002538,1,Debit Card,1,103568.0,paid
ORD000002539,1,UPI,1,204908.0,paid
ORD000002540,1,Credit Card,1,1706.0,paid
ORD000002541,1,Debit Card,1,1281.0,paid
ORD000002542,1,Credit Card,3,41177.0,paid
ORD000002543,1,UPI,1,2605.0,paid
ORD000002544,1,COD,1,25553.0,paid
ORD000002545,1,UPI,1,5062.0,paid
ORD000002546,1,COD,1,14999.0,paid
ORD000002547,1,COD,1,449.0,paid
ORD000002548,1,Debit Card,1,3160.0,paid
ORD000002549,1,UPI,1,74319.0,paid
ORD000002550,1,COD,1,800.0,paid
ORD000002551,1,Debit Card,1,9544.0,PAID
ORD000002552,1,COD,1,16643.0,paid
ORD000002553,1,Debit Card,1,3214.0,paid
ORD000002554,1,Credit Card,9,79782.0,paid
ORD000002555,1,COD,1,1915.0,paid
ORD000002556,1,COD,1,21866.0,paid
ORD000002557,1,Wallet,1,310.0,refunded
ORD000002558,1,COD,1,101546.0,paid
ORD000002559,1,Net Banking,1,3724.0,paid
ORD000002560,1,COD,1,11878.0,paid
ORD000002561,1,COD,1,21398.0,completed
ORD000002562,1,UPI,1,113334.0,paid
ORD000002563,1,COD,1,48491.0,paid
ORD000002564,1,COD,1,8273.0,refunded
ORD000002565,1,UPI,1,1093.0,paid
ORD000002566,1,COD,1,49030.0,failed
ORD000002567,1,COD,1,77660.0,paid
ORD000002568,1,Credit Card,1,3330.0,paid
ORD000002569,1,COD,1,6304.0,Success
ORD000002570,1,UPI,1,1350.0,paid
ORD000002571,1,UPI,1,64484.0,paid
ORD000002572,1,UPI,1,988.0,paid
ORD000002573,1,COD,1,17988.0,PAID
ORD000002574,1,Wallet,1,1163.0,paid
ORD000002575,1,COD,1,16508.0,paid
ORD000002576,1,Wallet,1,5849.0,paid
ORD000002577,1,Credit Card,1,6810.0,paid
ORD000002578,1,UPI,1,26813.0,paid
ORD000002579,1,COD,1,22982.0,paid
ORD000002580,1,COD,1,23985.0,paid
ORD000002581,1,COD,1,46576.0,failed
ORD000002582,1,UPI,1,8802.0,paid
ORD000002583,1,COD,1,23177.0,paid
ORD000002584,1,COD,1,18974.0,paid
ORD000002585,1,COD,1,40667.0,paid
ORD000002586,1,COD,1,22614.0,paid
ORD000002587,1,COD,1,24563.0,Paid
ORD000002588,1,COD,1,21171.0,paid
ORD000002589,1,COD,1,3466.0,Paid
ORD000002590,1,COD,1,378.0,paid
ORD000002591,1,COD,1,3971.0,paid
ORD000002592,1,UPI,1,3100.0,paid
ORD000002593,1,Wallet,1,68712.0,paid
ORD000002594,1,COD,1,,paid
ORD000002595,1,UPI,1,11373.0,paid
ORD000002596,1,COD,1,15679.0,paid
ORD000002597,1,UPI,1,76053.0,paid
ORD000002598,1,COD,1,1196.0,paid
ORD000002599,1,Credit Card,3,19436.0,Paid
ORD000002600,1,UPI,1,19646.0,paid
ORD000002601,1,UPI,1,55246.0,paid
ORD000002602,1,COD,1,8429.0,paid
ORD000002603,1,Credit Card,3,45123.0,paid
ORD000002604,1,COD,1,1468.0,paid
ORD000002605,1,COD,1,3617.0,paid
ORD000002606,1,Credit Card,1,57881.0,paid
ORD000002607,1,UPI,1,1352.0,paid
ORD000002608,1,Credit Card,9,16745.0,paid
ORD000002609,1,UPI,1,11799.0,paid
ORD000002610,1,Credit Card,1,2881.0,paid
ORD000002611,1,COD,1,72825.0,paid
ORD000002612,1,COD,1,,paid
ORD000002613,1,COD,1,549.0,paid
ORD000002614,1,UPI,1,733.0,paid
ORD000002615,1,UPI,1,2724.0,paid
ORD000002616,1,UPI,1,2318.0,paid
ORD000002617,1,UPI,1,2598.0,paid
ORD000002618,1,COD,1,68539.0,FAILED
ORD000002619,1,COD,1,672.0,paid
ORD000002620,1,Debit Card,1,2475.0,paid
ORD000002621,1,COD,1,1326.0,paid
ORD000002622,1,COD,1,25721.0,paid
ORD000002623,1,UPI,1,15021.0,refunded
ORD000002624,1,COD,1,4266.0,paid
ORD000002625,1,COD,1,655.0,paid
ORD000002626,1,UPI,1,63208.0,paid
ORD000002627,1,COD,1,31163.0,paid
ORD000002628,1,Debit Card,1,4655.0,paid
ORD000002629,1,Debit Card,1,74959.0,paid
ORD000002630,1,COD,1,4496.0,paid
ORD000002631,1,Wallet,1,8276.0,paid
ORD000002632,1,COD,1,151.0,paid
ORD000002633,1,COD,1,58462.0,failed
ORD000002634,1,UPI,1,6029.0,paid
ORD000002635,1,UPI,1,1336.0,paid
ORD000002636,1,COD,1,47087.0,paid
ORD000002637,1,COD,1,564.0,paid
ORD000002638,1,COD,1,29002.0,paid
ORD000002639,1,COD,1,48872.0,paid
ORD000002640,1,COD,1,162819.0,paid
ORD000002641,1,Wallet,1,2245.0,paid
ORD000002642,1,Credit Card,1,71188.0,paid
ORD000002643,1,COD,1,1055.0,paid
ORD000002644,1,COD,1,20833.0,paid
ORD000002645,1,COD,1,2185.0,failed
ORD000002646,1,COD,1,33802.0,paid
ORD000002647,1,UPI,1,29336.0,paid
ORD000002648,1,Credit Card,3,70273.0,failed
ORD000002649,1,COD,1,,paid
ORD000002650,1,Debit Card,1,5334.0,paid
ORD000002651,1,Credit Card,1,33675.0,paid
ORD000002652,1,COD,1,19583.0,paid
ORD000002653,1,Debit Card,1,296.0,paid
ORD000002654,1,COD,1,11082.0,paid
ORD000002655,1,Wallet,1,512.0,declined
ORD000002656,1,UPI,1,9623.0,paid
ORD000002657,1,COD,1,27601.0,paid
ORD000002658,1,COD,1,1317.0,Refund
ORD000002659,1,UPI,1,209.0,paid
ORD000002660,1,Credit Card,1,186.0,failed
ORD000002661,1,Credit Card,6,46421.0,failed
ORD000002662,1,COD,1,324.0,failed
ORD000002663,1,Credit Card,1,730.0,paid
ORD000002664,1,COD,1,9627.0,paid
ORD000002665,1,COD,1,1664.0,paid
ORD000002666,1,COD,1,37299.0,paid
ORD000002667,1,Credit Card,1,574.0,paid
ORD000002668,1,UPI,1,2745.0,paid
ORD000002669,1,COD,1,5866.0,paid
ORD000002670,1,UPI,1,7176.0,paid
ORD000002671,1,Debit Card,1,2717.0,refunded
ORD000002672,1,COD,1,4471.0,captured
ORD000002673,1,COD,1,1314.0,paid
ORD000002674,1,COD,1,,paid
ORD000002675,1,COD,1,675.0,paid
ORD000002676,1,COD,1,17038.0,paid
ORD000002677,1,Credit Card,6,41613.0,paid
ORD000002678,1,COD,1,911.0,paid
ORD000002679,1,Credit Card,1,1780.0,paid
ORD000002680,1,Wallet,1,8939.0,Paid
ORD000002681,1,COD,1,2062.0,paid
ORD000002682,1,COD,1,4824.0,paid
ORD000002683,1,COD,1,1026.0,paid
ORD000002684,1,UPI,1,41756.0,paid
ORD000002685,1,COD,1,15957.0,Paid
ORD000002686,1,UPI,1,2385.0,paid
ORD000002687,1,Credit Card,3,50466.0,paid
ORD000002688,1,Credit Card,9,55807.0,paid
ORD000002689,1,COD,1,2048.0,paid
ORD000002690,1,Debit Card,1,7908.0,paid
ORD000002691,1,Wallet,1,47971.0,paid
ORD000002692,1,UPI,1,11813.0,paid
ORD000002693,1,COD,1,19462.0,paid
ORD000002694,1,Credit Card,1,973.0,paid
ORD000002695,1,Debit Card,1,15162.0,paid
ORD000002696,1,UPI,1,18848.0,Success
ORD000002697,1,UPI,1,63749.0,paid
ORD000002698,1,COD,1,1336.0,Success
ORD000002699,1,COD,1,31635.0,paid
ORD000002700,1,Credit Card,1,12900.0,paid
ORD000002701,1,Debit Card,1,4546.0,PAID
ORD000002702,1,COD,1,13019.0,completed
ORD000002703,1,COD,1,4765.0,paid
ORD000002704,1,COD,1,3283.0,paid
ORD000002705,1,COD,1,4397.0,paid
ORD000002706,1,Credit Card,6,78128.0,paid
ORD000002707,1,COD,1,14887.0,refunded
ORD000002708,1,Credit Card,1,1013.0,paid
ORD000002709,1,COD,1,2074.0,paid
ORD000002710,1,UPI,1,58357.0,paid
ORD000002711,1,COD,1,540.0,success
ORD000002712,1,Credit Card,1,3651.0,paid
ORD000002713,1,COD,1,2663.0,paid
ORD000002714,1,COD,1,3166.0,paid
ORD000002715,1,UPI,1,68161.0,paid
ORD000002716,1,COD,1,3297.0,paid
ORD000002717,1,COD,1,1084.0,paid
ORD000002718,1,Debit Card,1,64998.0,paid
ORD000002719,1,UPI,1,2567.0,paid
ORD000002720,1,COD,1,1128.0,paid
ORD000002721,1,UPI,1,1087.0,paid
ORD000002722,1,COD,1,18390.0,paid
ORD000002723,1,COD,1,18534.0,paid
ORD000002724,1,COD,1,30302.0,refunded
ORD000002725,1,COD,1,1774.0,paid
ORD000002726,1,COD,1,577.0,paid
ORD000002727,1,UPI,1,8303.0,paid
ORD000002728,1,COD,1,51922.0,paid
ORD000002729,1,COD,1,4715.0,paid
ORD000002730,1,COD,1,35945.0,paid
ORD000002731,1,COD,1,101289.0,paid
ORD000002732,1,UPI,1,17240.0,paid
ORD000002733,1,COD,1,36865.0,paid
ORD000002734,1,COD,1,13258.0,paid
ORD000002735,1,COD,1,1546.0,paid
ORD000002736,1,COD,1,20037.0,paid
ORD000002737,1,UPI,1,2501.0,captured
ORD000002738,1,UPI,1,741.0,PAID
ORD000002739,1,UPI,1,836.0,paid
ORD000002740,1,COD,1,10888.0,Success
ORD000002741,1,COD,1,741.0,paid
ORD000002742,1,UPI,1,45593.0,paid
ORD000002743,1,Wallet,1,368.0,failed
ORD000002744,1,COD,1,887.0,PAID
ORD000002745,1,UPI,1,903.0,paid
ORD000002746,1,COD,1,503.0,paid
ORD000002747,1,Wallet,1,12755.0,paid
ORD000002748,1,COD,1,987.0,paid
ORD000002749,1,COD,1,14924.0,paid
ORD000002750,1,COD,1,368.0,paid
ORD000002751,1,UPI,1,4001.0,completed
ORD000002752,1,UPI,1,10743.0,paid
ORD000002753,1,UPI,1,127866.0,paid
ORD000002754,1,UPI,1,36431.0,paid
ORD000002755,1,COD,1,54921.0,FAILED
ORD000002756,1,COD,1,6060.0,paid
ORD000002757,1,Debit Card,1,2437.0,paid
ORD000002758,1,COD,1,810.0,paid
ORD000002759,1,COD,1,1504.0,paid
ORD000002760,1,COD,1,7755.0,paid
ORD000002761,1,COD,1,814.0,paid
ORD000002762,1,COD,1,13081.0,paid
ORD000002763,1,UPI,1,20829.0,paid
ORD000002764,1,UPI,1,131465.0,paid
ORD000002765,1,COD,1,1062.0,paid
ORD000002766,1,COD,1,5122.0,paid
ORD000002767,1,Debit Card,1,441.0,paid
ORD000002768,1,Credit Card,1,1323.0,paid
ORD000002769,1,Debit Card,1,635.0,paid
ORD000002770,1,COD,1,4414.0,Paid
ORD000002771,1,Debit Card,1,20563.0,paid
ORD000002772,1,Debit Card,1,2791.0,paid
ORD000002773,1,COD,1,67525.0,paid
ORD000002774,1,UPI,1,2890.0,completed
ORD000002775,1,COD,1,3367.0,paid
ORD000002776,1,UPI,1,67566.0,failed
ORD000002777,1,Credit Card,1,1450.0,paid
ORD000002778,1,COD,1,25427.0,paid
ORD000002779,1,COD,1,9298.0,paid
ORD000002780,1,COD,1,5863.0,paid
ORD000002781,1,UPI,1,11546.0,refunded
ORD000002782,1,UPI,1,17103.0,paid
ORD000002783,1,COD,1,44296.0,paid
ORD000002784,1,Net Banking,1,1559.0,paid
ORD000002785,1,COD,1,99166.0,paid
ORD000002786,1,COD,1,35887.0,failed
ORD000002787,1,COD,1,2902.0,paid
ORD000002788,1,Credit Card,1,4728.0,paid
ORD000002789,1,Credit Card,3,72631.0,paid
ORD000002790,1,Credit Card,6,28979.0,success
ORD000002791,1,Debit Card,1,6205.0,paid
ORD000002792,1,COD,1,8944.0,paid
ORD000002793,1,COD,1,27155.0,paid
ORD000002794,1,UPI,1,1246.0,paid
ORD000002795,1,COD,1,3900.0,paid
ORD000002796,1,COD,1,128.0,paid
ORD000002797,1,COD,1,2098.0,failed
ORD000002798,1,COD,1,16216.0,paid
ORD000002799,1,COD,1,2901.0,paid
ORD000002800,1,COD,1,8340.0,paid
ORD000002801,1,Net Banking,1,13695.0,paid
ORD000002802,1,COD,1,14419.0,paid
ORD000002803,1,Debit Card,1,2108.0,refunded
ORD000002804,1,COD,1,,paid
ORD000002805,1,Debit Card,1,4760.0,paid
ORD000002806,1,COD,1,4291.0,paid
ORD000002807,1,COD,1,2084.0,paid
ORD000002808,1,COD,1,38264.0,Paid
ORD000002809,1,COD,1,1065.0,paid
ORD000002810,1,Credit Card,6,10084.0,paid
ORD000002811,1,COD,1,39790.0,paid
ORD000002812,1,COD,1,355.0,paid
ORD000002813,1,UPI,1,13187.0,paid
ORD000002814,1,UPI,1,1874.0,paid
ORD000002815,1,COD,1,1877.0,paid
ORD000002816,1,COD,1,12786.0,paid
ORD000002817,1,UPI,1,1934.0,paid
ORD000002818,1,COD,1,263.0,failed
ORD000002819,1,UPI,1,54671.0,paid
ORD000002820,1,COD,1,9382.0,captured
ORD000002821,1,Net Banking,1,6161.0,Paid
ORD000002822,1,UPI,1,2992.0,paid
ORD000002823,1,UPI,1,1603.0,paid
ORD000002824,1,Credit Card,1,31370.0,paid
ORD000002825,1,Net Banking,1,2828.0,paid
ORD000002826,1,Credit Card,9,20548.0,paid
ORD000002827,1,UPI,1,116712.0,PAID
ORD000002828,1,Debit Card,1,63379.0,paid
ORD000002829,1,COD,1,1574.0,Paid
ORD000002830,1,Credit Card,3,46776.0,Success
ORD000002831,1,UPI,1,29178.0,paid
ORD000002832,1,UPI,1,27648.0,paid
ORD000002833,1,Debit Card,1,1718.0,paid
ORD000002834,1,UPI,1,8643.0,paid
ORD000002835,1,UPI,1,6401.0,failed
ORD000002836,1,Debit Card,1,28189.0,paid
ORD000002837,1,UPI,1,1516.0,paid
ORD000002838,1,COD,1,45848.0,paid
ORD000002839,1,COD,1,10774.0,paid
ORD000002840,1,COD,1,7329.0,Success
ORD000002841,1,COD,1,14201.0,paid
ORD000002842,1,UPI,1,15837.0,paid
ORD000002843,1,Credit Card,1,272.0,paid
ORD000002844,1,COD,1,959.0,paid
ORD000002845,1,Debit Card,1,14787.0,paid
ORD000002846,1,UPI,1,6528.0,paid
ORD000002847,1,Net Banking,1,293.0,paid
ORD000002848,1,COD,1,16505.0,paid
ORD000002849,1,COD,1,30835.0,paid
ORD000002850,1,UPI,1,1560.0,paid
ORD000002851,1,Credit Card,1,425.0,PAID
ORD000002852,1,Debit Card,1,340.0,Paid
ORD000002853,1,Debit Card,1,12528.0,paid
ORD000002854,1,COD,1,12174.0,failed
ORD000002855,1,COD,1,2156.0,PAID
ORD000002856,1,UPI,1,10930.0,Success
ORD000002857,1,COD,1,2107.0,paid
ORD000002858,1,Wallet,1,5191.0,PAID
ORD000002859,1,UPI,1,75302.0,paid
ORD000002860,1,Credit Card,1,98340.0,paid
ORD000002861,1,Debit Card,1,25293.0,refunded
ORD000002862,1,COD,1,546.0,paid
ORD000002863,1,COD,1,15654.0,paid
ORD000002864,1,UPI,1,95475.0,paid
ORD000002865,1,Credit Card,1,1525.0,paid
ORD000002866,1,UPI,1,50461.0,failed
ORD000002867,1,COD,1,132700.0,paid
ORD000002868,1,UPI,1,28818.0,captured
ORD000002869,1,COD,1,825.0,paid
ORD000002870,1,COD,1,1399.0,success
ORD000002871,1,Net Banking,1,599.0,failed
ORD000002872,1,COD,1,23317.0,paid
ORD000002873,1,COD,1,1024.0,paid
ORD000002874,1,COD,1,39079.0,paid
ORD000002875,1,Debit Card,1,68926.0,paid
ORD000002876,1,COD,1,61554.0,paid
ORD000002877,1,COD,1,13330.0,paid
ORD000002878,1,COD,1,17310.0,paid
ORD000002879,1,UPI,1,523.0,paid
ORD000002880,1,COD,1,695.0,paid
ORD000002881,1,Credit Card,6,16145.0,paid
ORD000002882,1,Credit Card,3,58972.0,paid
ORD000002883,1,COD,1,75325.0,paid
ORD000002884,1,COD,1,58215.0,paid
ORD000002885,1,COD,1,45798.0,paid
ORD000002886,1,COD,1,8596.0,paid
ORD000002887,1,COD,1,5788.0,paid
ORD000002888,1,Credit Card,6,41059.0,paid
ORD000002889,1,COD,1,105781.0,paid
ORD000002890,1,COD,1,1425.0,paid
ORD000002891,1,COD,1,22483.0,Success
ORD000002892,1,COD,1,319.0,paid
ORD000002893,1,COD,1,2348.0,paid
ORD000002894,1,COD,1,15057.0,Success
ORD000002895,1,Credit Card,3,5932.0,paid
ORD000002896,1,COD,1,2824.0,paid
ORD000002897,1,COD,1,387.0,paid
ORD000002898,1,Wallet,1,1368.0,paid
ORD000002899,1,UPI,1,7224.0,paid
ORD000002900,1,Credit Card,6,20163.0,reversed
ORD000002901,1,COD,1,1170.0,paid
ORD000002902,1,COD,1,26098.0,PAID
ORD000002903,1,COD,1,502.0,refunded
ORD000002904,1,Credit Card,6,39434.0,success
ORD000002905,1,Debit Card,1,4492.0,paid
ORD000002906,1,COD,1,15390.0,failed
ORD000002907,1,COD,1,3138.0,paid
ORD000002908,1,COD,1,2160.0,paid
ORD000002909,1,COD,1,18627.0,paid
ORD000002910,1,COD,1,1486.0,refunded
ORD000002911,1,Net Banking,1,12461.0,paid
ORD000002912,1,COD,1,3031.0,paid
ORD000002913,1,COD,1,2005.0,Success
ORD000002914,1,UPI,1,28206.0,refunded
ORD000002915,1,COD,1,20226.0,paid
ORD000002916,1,Net Banking,1,24742.0,paid
ORD000002917,1,COD,1,35226.0,paid
ORD000002918,1,Debit Card,1,5037.0,paid
ORD000002919,1,COD,1,46787.0,paid
ORD000002920,1,COD,1,21628.0,paid
ORD000002921,1,COD,1,4405.0,paid
ORD000002922,1,Debit Card,1,14491.0,paid
ORD000002923,1,COD,1,1511.0,paid
ORD000002924,1,COD,1,68340.0,captured
ORD000002925,1,COD,1,1323.0,paid
ORD000002926,1,COD,1,55277.0,captured
ORD000002927,1,Credit Card,1,2593.0,paid
ORD000002928,1,Debit Card,1,33196.0,paid
ORD000002929,1,UPI,1,1940.0,paid
ORD000002930,1,COD,1,3605.0,paid
ORD000002931,1,UPI,1,317.0,paid
ORD000002932,1,UPI,1,1081.0,paid
ORD000002933,1,COD,1,22124.0,paid
ORD000002934,1,COD,1,553.0,paid
ORD000002935,1,UPI,1,30908.0,refunded
ORD000002936,1,Credit Card,3,16455.0,paid
ORD000002937,1,COD,1,2180.0,refunded
ORD000002938,1,Credit Card,1,42549.0,paid
ORD000002939,1,Credit Card,1,950.0,paid
ORD000002940,1,Wallet,1,8000.0,paid
ORD000002941,1,Net Banking,1,19356.0,paid
ORD000002942,1,COD,1,515.0,failed
ORD000002943,1,COD,1,625.0,paid
ORD000002944,1,Credit Card,1,2196.0,paid
ORD000002945,1,Credit Card,1,1255.0,paid
ORD000002946,1,COD,1,17203.0,paid
ORD000002947,1,UPI,1,2740.0,refunded
ORD000002948,1,Debit Card,1,732.0,paid
ORD000002949,1,COD,1,6471.0,paid
ORD000002950,1,COD,1,676.0,paid
ORD000002951,1,COD,1,4493.0,paid
ORD000002952,1,COD,1,285.0,paid
ORD000002953,1,UPI,1,39686.0,paid
ORD000002954,1,COD,1,827.0,paid
ORD000002955,1,Credit Card,1,1272.0,paid
ORD000002956,1,COD,1,805.0,paid
ORD000002957,1,Credit Card,3,49730.0,refunded
ORD000002958,1,COD,1,83178.0,paid
ORD000002959,1,Credit Card,6,27263.0,Refund
ORD000002960,1,COD,1,3220.0,paid
ORD000002961,1,UPI,1,1516.0,paid
ORD000002962,1,COD,1,8672.0,paid
ORD000002963,1,COD,1,1134.0,paid
ORD000002964,1,COD,1,1236.0,paid
ORD000002965,1,COD,1,122070.0,paid
ORD000002966,1,UPI,1,664.0,paid
ORD000002967,1,COD,1,3326.0,paid
ORD000002968,1,Wallet,1,1320.0,failed
ORD000002969,1,COD,1,852.0,paid
ORD000002970,1,COD,1,3270.0,paid
ORD000002971,1,Wallet,1,750.0,paid
ORD000002972,1,COD,1,1343.0,paid
ORD000002973,1,Credit Card,6,81078.0,paid
ORD000002974,1,COD,1,785.0,paid
ORD000002975,1,UPI,1,39655.0,paid
ORD000002976,1,Credit Card,1,380.0,paid
ORD000002977,1,COD,1,46367.0,paid
ORD000002978,1,UPI,1,10244.0,paid
ORD000002979,1,COD,1,45852.0,paid
ORD000002980,1,UPI,1,9816.0,paid
ORD000002981,1,COD,1,107825.0,paid
ORD000002982,1,COD,1,3235.0,paid
ORD000002983,1,COD,1,3661.0,paid
ORD000002984,1,UPI,1,14973.0,paid
ORD000002985,1,Net Banking,1,61922.0,paid
ORD000002986,1,Net Banking,1,381.0,paid
ORD000002987,1,UPI,1,39670.0,Failed
ORD000002988,1,Credit Card,1,69909.0,paid
ORD000002989,1,Debit Card,1,51556.0,paid
ORD000002990,1,COD,1,2309.0,PAID
ORD000002991,1,COD,1,7134.0,paid
ORD000002992,1,UPI,1,925.0,paid
ORD000002993,1,COD,1,19215.0,paid
ORD000002994,1,Credit Card,1,15898.0,PAID
ORD000002995,1,COD,1,760.0,paid
ORD000002996,1,COD,1,14791.0,paid
ORD000002997,1,Credit Card,1,726.0,paid
ORD000002998,1,COD,1,25300.0,paid
ORD000002999,1,Net Banking,1,58377.0,captured
