order_id,carrier,ship_ts,estimated_delivery_date,delivered_ts,delivery_status
ORD000000000,Shadowfax,2023-10-16 04:37:17,2023-10-20,2023-10-19 04:37:17,delivered
ORD000000001,BlueDart,2023-12-21 03:00:17,2023-12-24,2023-12-25 03:00:17,delivered
ORD000000002,XpressBees,2023-03-07 20:56:37,2023-03-13,2023-03-14 20:56:37,delivered
ORD000000003,Shadowfax,2023-12-31 16:16:26,2024-01-07,2024-01-09 16:16:26,delivered
ORD000000004,XpressBees,2023-01-21 14:37:47,2023-01-26,2023-01-25 14:37:47,delivered
ORD000000005,Delhivery,2024-05-01 18:37:34,2024-05-08,2024-05-12 18:37:34,delivered
ORD000000006,Ekart,2023-10-30 17:32:26,2023-11-02,2023-11-06 17:32:26,delivered
ORD000000008,IndiaPost,2023-01-12 10:53:07,2023-01-15,2023-01-16 10:53:07,delivered
ORD000000009,Delhivery,2024-11-09 02:39:01,2024-11-11,2024-11-17 02:39:01,delivered
ORD000000011,Delhivery,2024-05-04 17:23:21,2024-05-06,2024-05-08 17:23:21,delivered
ORD000000012,Shadowfax,2024-08-27 23:59:35,2024-08-31,2024-09-03 23:59:35,delivered
ORD000000013,Ekart,2024-04-16 17:39:29,2024-04-18,2024-04-22 17:39:29,delivered
ORD000000014,Delhivery,2023-11-05 04:32:12,2023-11-09,,in_transit
ORD000000016,XpressBees,2023-08-05 20:42:20,2023-08-08,2023-08-09 20:42:20,delivered
ORD000000017,Shadowfax,2024-02-19 19:30:56,2024-02-22,2024-02-21 19:30:56,delivered
ORD000000018,Shadowfax,2023-06-25 07:52:38,2023-06-27,2023-06-30 07:52:38,delivered
ORD000000019,XpressBees,2024-11-06 03:25:43,2024-11-08,2024-11-10 03:25:43,delivered
ORD000000020,Delhivery,2024-01-06 10:07:47,2024-01-09,,in_transit
ORD000000021,Delhivery,2023-07-20 05:22:38,2023-07-25,2023-07-27 05:22:38,delivered
ORD000000023,XpressBees,2023-03-17 06:06:12,2023-03-20,2023-03-24 06:06:12,delivered
ORD000000024,XpressBees,2023-11-19 07:10:43,2023-11-22,2023-11-24 07:10:43,delivered
ORD000000025,XpressBees,2024-10-22 04:34:17,2024-10-23,2024-10-26 04:34:17,delivered
ORD000000026,Shadowfax,2024-08-18 12:16:28,2024-08-21,2024-08-21 12:16:28,delivered
ORD000000027,IndiaPost,2024-06-24 13:08:11,2024-06-26,2024-06-29 13:08:11,delivered
ORD000000028,Ekart,2023-12-21 17:46:08,2023-12-28,2024-01-02 17:46:08,delivered
ORD000000029,XpressBees,2023-12-02 02:02:32,2023-12-05,,in_transit
ORD000000030,IndiaPost,2023-01-06 19:30:10,2023-01-08,2023-01-10 19:30:10,delivered
ORD000000031,Shadowfax,2024-03-24 14:23:53,2024-03-27,2024-03-29 14:23:53,delivered
ORD000000032,BlueDart,2024-03-05 14:31:48,2024-03-06,2024-03-09 14:31:48,delivered
ORD000000033,Delhivery,2023-01-04 05:17:32,2023-01-08,2023-01-09 05:17:32,delivered
ORD000000034,BlueDart,2023-04-27 01:23:58,2023-04-29,2023-04-30 01:23:58,delivered
ORD000000035,IndiaPost,2023-01-07 23:38:07,2023-01-12,2023-01-15 23:38:07,delivered
ORD000000036,Delhivery,2023-08-06 13:50:10,2023-08-13,2023-08-14 13:50:10,delivered
ORD000000037,Shadowfax,2023-01-03 04:50:04,2023-01-08,2023-01-11 04:50:04,delivered
ORD000000038,IndiaPost,2023-11-07 09:53:30,2023-11-08,2023-11-10 09:53:30,delivered
ORD000000039,BlueDart,2023-12-25 23:03:24,2023-12-28,2023-12-27 23:03:24,delivered
ORD000000041,BlueDart,2023-06-19 01:12:51,2023-06-24,2023-06-24 01:12:51,delivered
ORD000000042,IndiaPost,2024-01-17 06:42:28,2024-01-19,,in_transit
ORD000000043,XpressBees,2024-09-27 13:02:13,2024-10-02,2024-09-30 13:02:13,delivered
ORD000000044,XpressBees,2023-09-09 07:22:20,2023-09-12,2023-09-12 07:22:20,delivered
ORD000000045,Delhivery,2023-09-27 15:46:46,2023-09-28,2023-10-01 15:46:46,delivered
ORD000000046,Delhivery,2024-02-03 15:56:57,2024-02-07,2024-02-10 15:56:57,delivered
ORD000000047,Delhivery,2023-07-21 02:34:06,2023-07-23,2023-07-24 02:34:06,delivered
ORD000000048,BlueDart,2023-10-08 18:11:07,2023-10-13,2023-10-12 18:11:07,delivered
ORD000000049,XpressBees,2023-12-05 03:45:13,2023-12-10,2023-12-12 03:45:13,delivered
ORD000000050,Shadowfax,2023-10-28 03:46:58,2023-11-01,2023-11-04 03:46:58,delivered
ORD000000051,Shadowfax,2024-10-01 18:09:16,2024-10-05,,delivered
ORD000000052,BlueDart,2024-10-11 01:35:36,2024-10-19,,in_transit
ORD000000053,BlueDart,2023-10-31 14:11:55,2023-11-04,2023-11-02 14:11:55,delivered
ORD000000054,Delhivery,2023-12-01 14:28:45,2023-12-03,2023-11-28 14:28:45,delivered
ORD000000055,Shadowfax,2024-12-09 00:09:44,2024-12-11,2024-12-13 00:09:44,delivered
ORD000000057,Shadowfax,2024-12-31 03:10:11,2025-01-01,2025-01-04 03:10:11,delivered
ORD000000058,BlueDart,2024-08-12 23:55:28,2024-08-16,2024-08-17 23:55:28,delivered
ORD000000059,Delhivery,2023-08-15 20:52:11,2023-08-18,2023-08-22 20:52:11,delivered
ORD000000060,Shadowfax,2023-07-16 09:30:13,2023-07-18,2023-07-19 09:30:13,delivered
ORD000000061,Ekart,2023-05-15 19:15:05,2023-05-17,2023-05-22 19:15:05,delivered
ORD000000062,BlueDart,2024-09-21 03:37:13,2024-09-27,2024-09-28 03:37:13,delivered
ORD000000063,Delhivery,2023-09-23 04:42:08,2023-09-25,2023-09-20 04:42:08,in_transit
ORD000000064,XpressBees,2024-05-29 13:42:50,2024-06-03,2024-06-04 13:42:50,delivered
ORD000000065,Shadowfax,2024-01-31 17:10:43,2024-02-03,2024-02-07 17:10:43,delivered
ORD000000066,Ekart,2024-10-04 18:04:28,2024-10-06,2024-10-08 18:04:28,delivered
ORD000000068,Delhivery,2023-02-21 21:24:43,2023-02-24,2023-02-28 21:24:43,delivered
ORD000000069,Ekart,2023-10-08 18:14:14,2023-10-11,2023-10-11 18:14:14,delivered
ORD000000070,Shadowfax,2024-01-13 19:20:13,2024-01-16,,in_transit
ORD000000071,Ekart,2024-09-19 01:19:44,2024-09-22,2024-09-25 01:19:44,delivered
ORD000000072,Shadowfax,2024-06-30 20:33:11,2024-07-04,2024-07-03 20:33:11,delivered
ORD000000073,BlueDart,2024-02-08 21:26:21,2024-02-14,2024-02-12 21:26:21,delivered
ORD000000074,Ekart,2024-09-22 00:15:07,2024-09-24,2024-09-27 00:15:07,delivered
ORD000000075,BlueDart,2023-11-19 14:32:14,2023-11-24,2023-11-25 14:32:14,delivered
ORD000000076,IndiaPost,2023-02-14 16:44:31,2023-02-17,2023-02-16 16:44:31,delivered
ORD000000077,Delhivery,2024-10-21 23:26:36,2024-10-25,2024-10-25 23:26:36,delivered
ORD000000078,XpressBees,2024-01-19 22:59:34,2024-01-22,2024-01-26 22:59:34,delivered
ORD000000080,BlueDart,2023-10-29 06:11:05,2023-10-31,2023-10-31 06:11:05,delivered
ORD000000081,XpressBees,2024-03-14 08:57:27,2024-03-17,2024-03-19 08:57:27,delivered
ORD000000082,Delhivery,2023-10-06 14:39:15,2023-10-14,2023-10-13 14:39:15,delivered
ORD000000083,BlueDart,2023-11-03 23:51:51,2023-11-08,2023-11-06 23:51:51,delivered
ORD000000085,Shadowfax,2024-07-26 16:07:30,2024-07-28,2024-07-31 16:07:30,delivered
ORD000000086,Ekart,2023-08-29 02:48:04,2023-09-03,2023-09-03 02:48:04,delivered
ORD000000087,Delhivery,2023-09-18 13:20:04,2023-09-19,2023-09-22 13:20:04,delivered
ORD000000088,Ekart,2023-10-13 02:42:29,2023-10-16,2023-10-16 02:42:29,delivered
ORD000000089,BlueDart,2023-11-17 23:30:52,2023-11-22,2023-11-21 23:30:52,delivered
ORD000000090,Ekart,2024-03-03 01:22:35,2024-03-08,2024-03-12 01:22:35,delivered
ORD000000091,Ekart,2024-06-05 08:33:22,2024-06-07,2024-06-11 08:33:22,delivered
ORD000000092,Delhivery,2024-05-29 02:29:27,2024-05-31,2024-06-04 02:29:27,delivered
ORD000000093,IndiaPost,2023-11-10 15:26:02,2023-11-12,2023-11-14 15:26:02,delivered
ORD000000094,XpressBees,2023-12-27 18:22:18,2023-12-29,2023-12-29 18:22:18,delivered
ORD000000096,XpressBees,2024-01-16 12:04:04,2024-01-20,2024-01-22 12:04:04,delivered
ORD000000098,Delhivery,2023-12-12 03:24:16,2023-12-14,2023-12-19 03:24:16,delivered
ORD000000099,Shadowfax,2024-11-23 11:36:44,2024-11-25,2024-11-25 11:36:44,delivered
ORD000000100,BlueDart,2023-05-12 13:40:00,2023-05-14,2023-05-13 13:40:00,delivered
ORD000000101,XpressBees,2024-07-22 06:10:25,2024-07-25,2024-07-26 06:10:25,delivered
ORD000000102,XpressBees,2024-06-25 20:53:53,2024-06-29,2024-06-29 20:53:53,delivered
ORD000000103,Shadowfax,2024-06-04 08:35:21,2024-06-10,2024-06-12 08:35:21,delivered
ORD000000104,XpressBees,2024-05-18 00:48:41,2024-05-22,2024-05-24 00:48:41,delivered
ORD000000105,BlueDart,2023-01-17 13:24:26,2023-01-23,2023-01-29 13:24:26,delivered
ORD000000106,Shadowfax,2024-07-27 07:31:38,2024-07-28,2024-07-30 07:31:38,delivered
ORD000000108,XpressBees,2024-01-16 21:33:12,2024-01-22,2024-01-22 21:33:12,delivered
ORD000000109,BlueDart,2023-02-11 05:03:57,2023-02-13,2023-02-14 05:03:57,delivered
ORD000000111,Ekart,2024-11-04 07:42:07,2024-11-06,2024-11-09 07:42:07,delivered
ORD000000112,IndiaPost,2023-09-30 08:57:33,2023-10-03,2023-10-05 08:57:33,delivered
ORD000000113,IndiaPost,2023-10-29 20:27:57,2023-11-02,2023-11-01 20:27:57,delivered
ORD000000114,BlueDart,2023-06-12 03:53:48,2023-06-14,2023-06-16 03:53:48,delivered
ORD000000115,XpressBees,2024-04-21 12:31:29,2024-04-26,2024-04-25 12:31:29,delivered
ORD000000117,IndiaPost,2024-11-08 06:02:32,2024-11-10,2024-11-12 06:02:32,delivered
ORD000000118,IndiaPost,2024-02-19 21:51:11,2024-02-27,2024-02-27 21:51:11,delivered
ORD000000119,Shadowfax,2023-08-26 12:34:47,2023-08-27,2023-09-02 12:34:47,delivered
ORD000000120,XpressBees,2023-02-26 23:40:26,2023-03-03,2023-03-03 23:40:26,delivered
ORD000000121,BlueDart,2023-08-16 09:50:33,2023-08-20,2023-08-21 09:50:33,delivered
ORD000000122,BlueDart,2024-04-08 18:05:50,2024-04-11,2024-04-13 18:05:50,delivered
ORD000000123,BlueDart,2024-12-25 09:48:16,2024-12-27,2024-12-28 09:48:16,delivered
ORD000000124,Delhivery,2023-03-05 17:28:56,2023-03-10,2023-03-11 17:28:56,delivered
ORD000000125,Delhivery,2023-10-27 22:22:59,2023-10-30,2023-11-01 22:22:59,delivered
ORD000000127,Delhivery,2024-03-01 20:52:22,2024-03-06,2024-03-08 20:52:22,delivered
ORD000000128,XpressBees,2024-05-08 14:06:51,2024-05-10,2024-05-11 14:06:51,delivered
ORD000000129,BlueDart,2023-12-14 10:30:20,2023-12-23,2023-12-22 10:30:20,delivered
ORD000000130,XpressBees,2023-08-18 08:01:50,2023-08-21,2023-08-23 08:01:50,delivered
ORD000000131,Ekart,2023-12-27 01:19:43,2023-12-30,2024-01-01 01:19:43,delivered
ORD000000132,IndiaPost,2023-10-25 23:13:44,2023-10-31,2023-10-29 23:13:44,delivered
ORD000000133,Shadowfax,2024-06-28 23:51:56,2024-07-01,2024-07-01 23:51:56,delivered
ORD000000134,IndiaPost,2023-05-26 18:16:47,2023-05-29,2023-05-29 18:16:47,delivered
ORD000000135,IndiaPost,2023-12-31 09:53:09,2024-01-05,2024-01-04 09:53:09,delivered
ORD000000136,BlueDart,2024-12-11 03:34:35,2024-12-13,2024-12-12 03:34:35,delivered
ORD000000137,Ekart,2024-01-24 05:35:53,2024-01-27,2024-01-30 05:35:53,delivered
ORD000000138,Delhivery,2023-07-23 14:15:38,2023-07-27,2023-07-31 14:15:38,delivered
ORD000000139,Delhivery,2024-11-20 20:21:53,2024-11-29,2024-11-26 20:21:53,delivered
ORD000000140,Delhivery,2023-07-29 08:15:30,2023-08-03,2023-08-07 08:15:30,delivered
ORD000000141,Delhivery,2024-08-03 10:07:14,2024-08-05,2024-08-10 10:07:14,delivered
ORD000000142,XpressBees,2023-04-01 14:23:07,2023-04-04,,delivered
ORD000000143,BlueDart,2024-10-11 15:48:46,2024-10-14,2024-10-16 15:48:46,delivered
ORD000000144,Shadowfax,2023-06-03 04:23:47,2023-06-05,2023-06-05 04:23:47,delivered
ORD000000145,Ekart,2023-10-30 11:22:30,2023-11-01,2023-11-02 11:22:30,delivered
ORD000000146,IndiaPost,2024-12-17 17:26:41,2024-12-19,2024-12-19 17:26:41,delivered
ORD000000147,Delhivery,2024-03-05 21:45:16,2024-03-08,2024-03-09 21:45:16,delivered
ORD000000148,Delhivery,2023-08-16 10:40:40,2023-08-17,2023-08-20 10:40:40,delivered
ORD000000149,BlueDart,2023-01-01 12:56:53,2023-01-05,2023-01-05 12:56:53,delivered
ORD000000150,Shadowfax,2023-01-04 04:52:25,2023-01-07,2023-01-07 04:52:25,delivered
ORD000000151,Shadowfax,2023-08-25 08:30:40,2023-08-27,2023-08-28 08:30:40,delivered
ORD000000152,Shadowfax,2024-01-21 17:13:49,2024-01-25,2024-01-28 17:13:49,delivered
ORD000000153,Ekart,2023-12-27 15:39:57,2023-12-30,2023-12-31 15:39:57,delivered
ORD000000154,BlueDart,2024-11-10 08:45:57,2024-11-11,2024-11-11 08:45:57,delivered
ORD000000155,IndiaPost,2024-08-14 08:34:10,2024-08-18,2024-08-21 08:34:10,delivered
ORD000000156,IndiaPost,2024-11-12 02:26:14,2024-11-16,2024-11-19 02:26:14,delivered
ORD000000157,BlueDart,2024-01-07 21:59:54,2024-01-10,2024-01-12 21:59:54,delivered
ORD000000158,Ekart,2023-12-01 04:47:09,2023-12-03,2023-12-06 04:47:09,delivered
ORD000000159,BlueDart,2024-02-22 11:01:01,2024-02-26,2024-02-27 11:01:01,delivered
ORD000000160,Shadowfax,2023-10-23 11:02:20,2023-10-25,2023-10-24 11:02:20,delivered
ORD000000161,Delhivery,2023-06-29 18:19:35,2023-07-04,2023-07-06 18:19:35,delivered
ORD000000162,Ekart,2024-10-08 08:16:11,2024-10-09,2024-10-11 08:16:11,delivered
ORD000000163,IndiaPost,2024-06-02 15:49:25,2024-06-05,,in_transit
ORD000000164,Shadowfax,2023-10-04 15:26:06,2023-10-07,2023-10-05 15:26:06,delivered
ORD000000165,IndiaPost,2023-11-29 18:28:20,2023-12-03,2023-12-05 18:28:20,delivered
ORD000000166,BlueDart,2023-07-11 13:35:00,2023-07-15,2023-07-14 13:35:00,delivered
ORD000000167,BlueDart,2024-02-20 03:33:30,2024-02-22,2024-02-22 03:33:30,delivered
ORD000000168,IndiaPost,2023-10-16 22:30:16,2023-10-18,2023-10-21 22:30:16,delivered
ORD000000169,Ekart,2024-10-24 14:16:13,2024-11-01,2024-10-31 14:16:13,delivered
ORD000000170,Delhivery,2024-01-20 14:21:50,2024-01-24,2024-01-24 14:21:50,delivered
ORD000000172,Ekart,2024-08-03 20:05:49,2024-08-07,2024-08-10 20:05:49,delivered
ORD000000173,XpressBees,2024-11-01 18:59:24,2024-11-05,2024-11-02 18:59:24,delivered
ORD000000174,Shadowfax,2024-10-01 04:07:42,2024-10-05,2024-10-06 04:07:42,delivered
ORD000000175,XpressBees,2024-01-01 04:20:26,2024-01-03,2024-01-04 04:20:26,delivered
ORD000000176,Ekart,2023-10-13 23:49:10,2023-10-17,2023-10-16 23:49:10,delivered
ORD000000177,BlueDart,2024-05-16 11:29:52,2024-05-19,2024-05-19 11:29:52,delivered
ORD000000178,XpressBees,2024-10-01 16:48:57,2024-10-02,2024-10-04 16:48:57,delivered
ORD000000179,BlueDart,2024-12-25 14:35:58,2024-12-29,2024-12-29 14:35:58,delivered
ORD000000181,BlueDart,2024-05-22 18:59:28,2024-05-26,2024-05-26 18:59:28,delivered
ORD000000182,Shadowfax,2023-09-10 16:03:12,2023-09-15,2023-09-17 16:03:12,delivered
ORD000000183,Delhivery,2023-03-13 21:42:24,2023-03-16,2023-03-15 21:42:24,delivered
ORD000000184,BlueDart,2023-08-06 07:49:17,2023-08-08,2023-08-08 07:49:17,delivered
ORD000000185,BlueDart,2023-01-09 20:32:47,2023-01-11,2023-01-13 20:32:47,delivered
ORD000000186,Ekart,2024-01-04 22:01:03,2024-01-08,2024-01-07 22:01:03,delivered
ORD000000187,Shadowfax,2023-10-22 16:36:23,2023-10-25,2023-10-25 16:36:23,delivered
ORD000000188,BlueDart,2024-05-30 22:47:11,2024-06-03,2024-06-04 22:47:11,delivered
ORD000000189,BlueDart,2024-04-06 03:19:20,2024-04-09,2024-04-11 03:19:20,delivered
ORD000000190,Shadowfax,2023-05-23 13:04:19,2023-05-25,2023-05-26 13:04:19,delivered
ORD000000191,Delhivery,2024-05-28 05:21:25,2024-06-04,2024-06-05 05:21:25,delivered
ORD000000192,Delhivery,2023-06-08 16:19:20,2023-06-13,2023-06-14 16:19:20,delivered
ORD000000193,Shadowfax,2023-01-02 22:33:22,2023-01-08,2023-01-08 22:33:22,delivered
ORD000000194,Delhivery,2024-12-22 01:22:59,2024-12-23,2024-12-30 01:22:59,delivered
ORD000000195,BlueDart,2023-01-21 05:42:02,2023-01-25,2023-01-25 05:42:02,delivered
ORD000000196,Delhivery,2023-10-09 12:13:16,2023-10-12,2099-01-01 00:00:00,delivered
ORD000000197,Delhivery,2024-04-27 05:20:34,2024-04-29,2024-04-29 05:20:34,delivered
ORD000000198,BlueDart,2023-10-22 21:34:57,2023-10-24,2023-10-25 21:34:57,delivered
ORD000000199,Delhivery,2023-10-25 23:16:59,2023-10-29,2023-11-01 23:16:59,delivered
ORD000000200,BlueDart,2024-07-10 17:21:41,2024-07-12,,in_transit
ORD000000201,IndiaPost,2024-03-25 15:19:45,2024-03-29,2024-03-28 15:19:45,delivered
ORD000000202,BlueDart,2024-01-14 00:19:47,2024-01-15,2024-01-18 00:19:47,delivered
ORD000000203,Delhivery,2024-10-27 10:30:31,2024-11-03,2024-11-03 10:30:31,delivered
ORD000000204,Delhivery,2023-04-02 13:31:07,2023-04-03,2023-04-06 13:31:07,delivered
ORD000000205,BlueDart,2023-12-21 04:55:43,2023-12-23,2023-12-23 04:55:43,delivered
ORD000000206,BlueDart,2023-07-24 05:05:26,2023-07-28,2023-07-30 05:05:26,delivered
ORD000000207,BlueDart,2023-01-27 23:20:55,2023-02-01,2023-02-02 23:20:55,delivered
ORD000000208,BlueDart,2024-12-26 14:22:45,2024-12-31,2025-01-01 14:22:45,delivered
ORD000000209,XpressBees,2024-07-19 09:57:00,2024-07-21,2024-07-25 09:57:00,delivered
ORD000000210,BlueDart,2023-07-04 00:18:36,2023-07-06,2023-07-08 00:18:36,delivered
ORD000000211,Delhivery,2023-11-01 11:23:09,2023-11-03,2023-11-02 11:23:09,delivered
ORD000000212,XpressBees,2023-07-13 02:59:26,2023-07-18,2023-07-18 02:59:26,delivered
ORD000000213,XpressBees,2024-06-06 16:17:08,2024-06-09,2024-06-11 16:17:08,delivered
ORD000000214,IndiaPost,2023-10-11 16:25:34,2023-10-14,2023-10-15 16:25:34,delivered
ORD000000215,IndiaPost,2024-11-06 16:04:34,2024-11-10,2024-11-08 16:04:34,delivered
ORD000000216,IndiaPost,2023-06-26 22:19:49,2023-06-30,2023-06-30 22:19:49,delivered
ORD000000217,IndiaPost,2023-10-11 16:56:32,2023-10-16,2023-10-17 16:56:32,delivered
ORD000000218,Delhivery,2024-11-18 16:03:11,2024-11-19,2024-11-19 16:03:11,delivered
ORD000000219,Ekart,2024-10-27 19:52:59,2024-10-30,2024-10-30 19:52:59,delivered
ORD000000220,XpressBees,2023-09-10 13:37:20,2023-09-12,2023-09-14 13:37:20,delivered
ORD000000221,Delhivery,2023-12-28 00:35:12,2023-12-29,2024-01-02 00:35:12,delivered
ORD000000222,Delhivery,2024-10-27 10:19:50,2024-10-28,2024-10-28 10:19:50,delivered
ORD000000223,XpressBees,2024-05-25 15:56:22,2024-05-27,2024-06-02 15:56:22,delivered
ORD000000224,XpressBees,2024-04-27 06:46:01,2024-04-30,,in_transit
ORD000000226,Delhivery,2024-11-08 16:23:23,2024-11-10,,delivered
ORD000000227,Shadowfax,2024-01-11 12:24:13,2024-01-13,2024-01-15 12:24:13,delivered
ORD000000228,Ekart,2023-06-04 16:11:23,2023-06-12,2023-06-12 16:11:23,delivered
ORD000000230,Shadowfax,2024-07-16 09:05:17,2024-07-17,2024-07-18 09:05:17,delivered
ORD000000231,IndiaPost,2023-12-29 23:12:24,2024-01-01,2024-01-03 23:12:24,delivered
ORD000000232,XpressBees,2023-09-26 15:58:26,2023-10-02,,in_transit
ORD000000233,BlueDart,2024-05-21 03:15:39,2024-05-23,2024-05-26 03:15:39,delivered
ORD000000234,Delhivery,2023-12-04 23:10:39,2023-12-06,2023-12-06 23:10:39,delivered
ORD000000235,XpressBees,2024-12-14 01:15:26,2024-12-18,2024-12-21 01:15:26,delivered
ORD000000236,Ekart,2023-10-13 14:35:31,2023-10-17,2023-10-19 14:35:31,delivered
ORD000000237,IndiaPost,2024-07-05 09:37:15,2024-07-10,2024-07-11 09:37:15,delivered
ORD000000238,BlueDart,2024-02-13 18:40:07,2024-02-16,2024-02-15 18:40:07,delivered
ORD000000239,XpressBees,2023-03-05 15:30:53,2023-03-08,2023-03-10 15:30:53,delivered
ORD000000240,BlueDart,2023-12-21 11:45:33,2023-12-26,2023-12-29 11:45:33,delivered
ORD000000241,Ekart,2023-01-22 15:01:22,2023-01-24,2023-01-26 15:01:22,delivered
ORD000000242,IndiaPost,2024-09-06 06:26:16,2024-09-14,2024-09-15 06:26:16,delivered
ORD000000243,IndiaPost,2024-07-20 03:33:35,2024-07-22,2024-07-23 03:33:35,delivered
ORD000000244,Ekart,2023-02-09 15:15:39,2023-02-14,2023-02-16 15:15:39,delivered
ORD000000246,BlueDart,2024-12-14 22:28:14,2024-12-15,,in_transit
ORD000000247,Ekart,2023-09-02 09:47:21,2023-09-04,2023-09-05 09:47:21,delivered
ORD000000248,BlueDart,2024-11-01 23:50:40,2024-11-05,2024-11-04 23:50:40,delivered
ORD000000249,IndiaPost,2023-05-09 20:47:58,2023-05-12,2023-05-15 20:47:58,delivered
ORD000000250,XpressBees,2023-01-02 15:29:26,2023-01-07,2023-01-08 15:29:26,delivered
ORD000000251,XpressBees,2024-01-24 05:14:59,2024-01-27,2024-01-21 05:14:59,delivered
ORD000000252,XpressBees,2023-07-25 00:37:23,2023-07-28,2023-08-02 00:37:23,delivered
ORD000000253,BlueDart,2024-10-26 09:33:08,2024-10-27,2024-11-01 09:33:08,delivered
ORD000000254,BlueDart,2024-05-26 21:29:33,2024-05-29,2024-05-31 21:29:33,delivered
ORD000000256,IndiaPost,2024-05-27 20:36:03,2024-05-29,2024-05-31 20:36:03,delivered
ORD000000257,IndiaPost,2024-06-02 01:42:10,2024-06-05,,in_transit
ORD000000259,BlueDart,2024-05-24 16:25:56,2024-05-27,2024-05-26 16:25:56,delivered
ORD000000262,IndiaPost,2023-10-12 07:50:59,2023-10-14,2023-10-14 07:50:59,delivered
ORD000000263,IndiaPost,2023-12-18 18:50:46,2023-12-20,2023-12-20 18:50:46,delivered
ORD000000264,BlueDart,2023-11-25 13:11:50,2023-12-03,2023-12-04 13:11:50,delivered
ORD000000265,Shadowfax,2023-10-07 06:38:18,2023-10-09,,delivered
ORD000000266,Ekart,2023-11-05 02:36:34,2023-11-08,2023-11-07 02:36:34,delivered
ORD000000267,IndiaPost,2023-10-28 01:22:39,2023-10-30,2023-10-29 01:22:39,delivered
ORD000000268,XpressBees,2023-04-03 05:52:49,2023-04-08,2023-04-08 05:52:49,delivered
ORD000000269,Shadowfax,2024-10-05 08:56:50,2024-10-08,2024-10-09 08:56:50,delivered
ORD000000270,Delhivery,2024-08-08 15:24:28,2024-08-10,2024-08-12 15:24:28,delivered
ORD000000271,Ekart,2023-10-07 17:39:16,2023-10-10,2023-10-13 17:39:16,delivered
ORD000000272,Ekart,2024-11-29 18:29:23,2024-12-02,2024-12-02 18:29:23,delivered
ORD000000273,Ekart,2024-12-02 22:14:48,2024-12-05,2024-12-08 22:14:48,delivered
ORD000000276,XpressBees,2023-10-22 13:48:11,2023-10-26,2023-10-26 13:48:11,delivered
ORD000000277,IndiaPost,2023-12-10 15:17:40,2023-12-14,2023-12-13 15:17:40,delivered
ORD000000278,IndiaPost,2024-07-06 16:14:21,2024-07-10,,in_transit
ORD000000280,IndiaPost,2024-06-01 02:31:18,2024-06-06,2024-06-05 02:31:18,delivered
ORD000000281,Delhivery,2024-08-17 17:02:30,2024-08-21,2024-08-21 17:02:30,delivered
ORD000000282,BlueDart,2024-12-03 10:39:06,2024-12-07,2024-12-08 10:39:06,delivered
ORD000000283,Ekart,2024-02-10 11:32:40,2024-02-13,2024-02-15 11:32:40,delivered
ORD000000284,XpressBees,2024-11-03 05:22:38,2024-11-04,2024-11-04 05:22:38,delivered
ORD000000285,IndiaPost,2024-09-28 10:29:50,2024-10-03,2024-10-04 10:29:50,delivered
ORD000000286,Delhivery,2023-10-08 20:10:13,2023-10-16,2023-10-16 20:10:13,delivered
ORD000000287,XpressBees,2024-09-26 08:23:27,2024-09-30,2024-10-02 08:23:27,delivered
ORD000000288,BlueDart,2023-04-10 11:02:51,2023-04-14,2023-04-15 11:02:51,delivered
ORD000000289,Shadowfax,2023-05-16 00:38:05,2023-05-17,2023-05-20 00:38:05,delivered
ORD000000291,Ekart,2023-11-15 17:17:28,2023-11-18,2023-11-23 17:17:28,delivered
ORD000000292,IndiaPost,2023-12-13 02:58:42,2023-12-16,2023-12-17 02:58:42,delivered
ORD000000294,Ekart,2023-10-18 16:55:04,2023-10-21,2023-10-23 16:55:04,delivered
ORD000000296,BlueDart,2023-03-06 19:40:32,2023-03-09,,in_transit
ORD000000297,XpressBees,2024-01-16 15:15:27,2024-01-18,2024-01-17 15:15:27,delivered
ORD000000298,BlueDart,2023-06-20 20:03:24,2023-06-23,2023-06-26 20:03:24,delivered
ORD000000299,XpressBees,2023-02-22 22:36:08,2023-02-24,2023-02-24 22:36:08,delivered
ORD000000300,XpressBees,2024-09-25 18:33:08,2024-10-03,2024-10-04 18:33:08,delivered
ORD000000301,IndiaPost,2023-10-04 18:01:46,2023-10-08,2023-10-07 18:01:46,delivered
ORD000000302,Ekart,2024-03-06 06:50:24,2024-03-08,2024-03-09 06:50:24,delivered
ORD000000303,BlueDart,2023-03-29 00:36:31,2023-04-03,2023-04-05 00:36:31,delivered
ORD000000304,XpressBees,2024-01-03 04:14:32,2024-01-08,2024-01-11 04:14:32,delivered
ORD000000305,IndiaPost,2024-04-21 17:39:34,2024-04-28,2024-05-02 17:39:34,delivered
ORD000000306,XpressBees,2023-12-02 08:50:21,2023-12-05,2023-12-06 08:50:21,delivered
ORD000000307,BlueDart,2023-10-08 21:42:04,2023-10-10,2023-10-13 21:42:04,delivered
ORD000000309,IndiaPost,2023-04-02 08:34:19,2023-04-06,2023-04-08 08:34:19,delivered
ORD000000310,Delhivery,2023-04-06 16:55:12,2023-04-09,2023-04-10 16:55:12,delivered
ORD000000311,IndiaPost,2024-01-01 11:46:34,2024-01-03,2024-01-06 11:46:34,delivered
ORD000000312,XpressBees,2023-04-28 05:52:58,2023-05-01,2023-05-01 05:52:58,delivered
ORD000000313,IndiaPost,2023-07-10 09:26:16,2023-07-14,2023-07-16 09:26:16,delivered
ORD000000314,XpressBees,2023-05-21 02:44:11,2023-05-23,2023-05-25 02:44:11,delivered
ORD000000315,IndiaPost,2024-09-17 19:52:46,2024-09-19,2024-09-21 19:52:46,delivered
ORD000000316,IndiaPost,2023-12-03 16:51:26,2023-12-05,2023-12-06 16:51:26,delivered
ORD000000317,XpressBees,2024-02-12 15:59:05,2024-02-13,2024-02-16 15:59:05,delivered
ORD000000318,BlueDart,2024-03-10 03:08:12,2024-03-11,2024-03-11 03:08:12,delivered
ORD000000319,BlueDart,2023-10-29 17:33:23,2023-11-04,2023-11-04 17:33:23,delivered
ORD000000320,Shadowfax,2023-09-14 23:11:54,2023-09-16,2023-09-16 23:11:54,delivered
ORD000000322,XpressBees,2024-01-27 05:42:19,2024-01-29,2024-02-01 05:42:19,delivered
ORD000000323,BlueDart,2023-10-14 11:46:13,2023-10-18,2023-10-16 11:46:13,delivered
ORD000000325,Delhivery,2024-11-04 09:29:10,2024-11-07,2024-11-05 09:29:10,delivered
ORD000000328,Ekart,2024-11-02 14:45:28,2024-11-05,2024-10-30 14:45:28,delivered
ORD000000329,Delhivery,2023-05-25 15:01:45,2023-05-29,2023-05-29 15:01:45,delivered
ORD000000330,XpressBees,2023-03-23 21:45:42,2023-03-25,2023-03-25 21:45:42,delivered
ORD000000331,Ekart,2023-05-27 14:55:32,2023-05-31,2023-05-31 14:55:32,delivered
ORD000000332,IndiaPost,2024-11-18 01:08:14,2024-11-20,2024-11-20 01:08:14,delivered
ORD000000333,BlueDart,2023-07-09 11:05:35,2023-07-11,2023-07-13 11:05:35,delivered
ORD000000334,BlueDart,2024-09-04 01:34:36,2024-09-06,2024-09-08 01:34:36,delivered
ORD000000335,XpressBees,2024-05-01 00:17:59,2024-05-07,,in_transit
ORD000000336,Delhivery,2024-01-12 18:08:29,2024-01-14,2024-01-15 18:08:29,delivered
ORD000000337,XpressBees,2023-10-22 09:55:23,2023-10-23,2023-10-26 09:55:23,delivered
ORD000000338,XpressBees,2023-03-20 00:25:43,2023-03-26,2023-03-28 00:25:43,delivered
ORD000000339,Delhivery,2024-06-29 09:08:06,2024-07-01,2024-06-30 09:08:06,delivered
ORD000000340,IndiaPost,2023-10-30 21:31:36,2023-11-01,2023-11-01 21:31:36,delivered
ORD000000341,Delhivery,2024-01-27 03:43:07,2024-02-01,2024-02-04 03:43:07,delivered
ORD000000342,XpressBees,2023-02-09 22:01:03,2023-02-13,2023-02-14 22:01:03,delivered
ORD000000343,Ekart,2024-08-26 10:09:55,2024-08-28,2024-08-28 10:09:55,delivered
ORD000000344,BlueDart,2024-06-14 14:33:36,2024-06-18,2024-06-18 14:33:36,delivered
ORD000000346,BlueDart,2024-01-01 02:18:11,2024-01-08,2024-01-08 02:18:11,delivered
ORD000000347,BlueDart,2023-10-08 19:07:14,2023-10-10,2023-10-11 19:07:14,delivered
ORD000000348,Shadowfax,2023-10-08 18:02:21,2023-10-17,2023-10-17 18:02:21,delivered
ORD000000349,IndiaPost,2023-02-25 22:51:51,2023-02-27,2023-03-01 22:51:51,delivered
ORD000000350,IndiaPost,2024-06-09 01:26:49,2024-06-10,2024-06-11 01:26:49,delivered
ORD000000351,Delhivery,2023-02-06 02:11:04,2023-02-09,2023-02-14 02:11:04,delivered
ORD000000352,BlueDart,2023-01-02 19:11:49,2023-01-04,,delivered
ORD000000353,BlueDart,2023-01-23 12:08:06,2023-01-25,2023-01-27 12:08:06,delivered
ORD000000354,IndiaPost,2023-06-23 04:09:56,2023-06-27,2023-07-02 04:09:56,delivered
ORD000000355,XpressBees,2024-02-28 08:43:01,2024-03-01,2024-03-04 08:43:01,delivered
ORD000000356,Ekart,2024-06-03 07:24:39,2024-06-07,2024-06-12 07:24:39,delivered
ORD000000358,BlueDart,2023-11-03 03:49:44,2023-11-08,2023-11-08 03:49:44,delivered
ORD000000359,XpressBees,2024-03-03 14:28:22,2024-03-07,2024-03-10 14:28:22,delivered
ORD000000360,BlueDart,2024-03-22 06:29:46,2024-03-24,2024-03-27 06:29:46,delivered
ORD000000361,Ekart,2024-10-09 13:21:39,2024-10-15,2024-10-17 13:21:39,delivered
ORD000000362,Ekart,2024-10-01 22:44:22,2024-10-04,2024-10-04 22:44:22,delivered
ORD000000363,Shadowfax,2024-10-03 08:20:08,2024-10-06,2024-10-06 08:20:08,delivered
ORD000000364,XpressBees,2024-10-09 08:29:23,2024-10-13,2024-10-14 08:29:23,delivered
ORD000000365,Ekart,2024-10-25 09:27:43,2024-10-29,2024-11-01 09:27:43,delivered
ORD000000366,Shadowfax,2024-02-14 13:26:20,2024-02-16,2024-02-21 13:26:20,delivered
ORD000000368,Shadowfax,2024-07-14 11:12:16,2024-07-17,2024-07-18 11:12:16,delivered
ORD000000369,Shadowfax,2023-06-19 08:55:47,2023-06-22,,in_transit
ORD000000370,XpressBees,2023-10-17 05:11:42,2023-10-25,2023-10-26 05:11:42,delivered
ORD000000371,IndiaPost,2024-11-04 20:53:48,2024-11-06,2024-11-07 20:53:48,delivered
ORD000000372,Shadowfax,2024-01-16 19:49:05,2024-01-20,2024-01-22 19:49:05,delivered
ORD000000373,BlueDart,2023-02-11 02:13:42,2023-02-14,2023-02-18 02:13:42,delivered
ORD000000374,Shadowfax,2023-11-02 17:13:47,2023-11-05,2023-11-06 17:13:47,delivered
ORD000000375,IndiaPost,2023-05-16 20:33:40,2023-05-22,2023-05-13 20:33:40,delivered
ORD000000376,XpressBees,2023-10-14 23:14:59,2023-10-16,2023-10-16 23:14:59,delivered
ORD000000377,Shadowfax,2024-02-06 14:35:51,2024-02-10,2024-02-13 14:35:51,delivered
ORD000000378,BlueDart,2024-01-04 00:36:52,2024-01-05,2024-01-08 00:36:52,delivered
ORD000000379,Delhivery,2023-12-30 22:28:46,2024-01-01,2023-12-27 22:28:46,delivered
ORD000000380,Shadowfax,2023-01-11 19:32:46,2023-01-15,2023-01-15 19:32:46,delivered
ORD000000381,BlueDart,2023-11-29 22:32:34,2023-12-03,2023-12-03 22:32:34,delivered
ORD000000382,IndiaPost,2023-01-22 07:56:05,2023-01-26,2023-01-27 07:56:05,delivered
ORD000000383,Shadowfax,2023-11-02 16:34:58,2023-11-05,2023-11-04 16:34:58,delivered
ORD000000384,Ekart,2024-05-04 15:58:42,2024-05-09,2024-05-09 15:58:42,delivered
ORD000000385,IndiaPost,2023-04-15 19:57:52,2023-04-19,2023-04-21 19:57:52,delivered
ORD000000386,IndiaPost,2024-11-07 04:42:01,2024-11-10,2024-11-13 04:42:01,delivered
ORD000000387,Shadowfax,2024-04-19 19:54:53,2024-04-22,2024-04-24 19:54:53,delivered
ORD000000388,Delhivery,2023-07-05 18:10:56,2023-07-07,2023-07-09 18:10:56,delivered
ORD000000389,Shadowfax,2023-10-31 10:51:04,2023-11-02,2023-11-04 10:51:04,delivered
ORD000000390,Ekart,2023-03-21 14:05:35,2023-03-29,2023-03-30 14:05:35,delivered
ORD000000391,Delhivery,2023-01-15 17:14:44,2023-01-18,2023-01-20 17:14:44,delivered
ORD000000393,XpressBees,2024-05-28 09:36:52,2024-05-31,2024-05-31 09:36:52,delivered
ORD000000394,XpressBees,2024-08-28 07:36:53,2024-08-31,2024-09-02 07:36:53,delivered
ORD000000395,Shadowfax,2024-04-13 13:50:10,2024-04-17,2024-04-17 13:50:10,delivered
ORD000000396,Ekart,2024-11-03 11:02:34,2024-11-05,2024-11-07 11:02:34,delivered
ORD000000398,Shadowfax,2023-02-16 18:37:57,2023-02-20,2023-02-21 18:37:57,delivered
ORD000000399,XpressBees,2023-06-12 14:39:10,2023-06-16,2023-06-17 14:39:10,delivered
ORD000000400,IndiaPost,2023-10-29 16:57:05,2023-11-02,2023-11-02 16:57:05,delivered
ORD000000402,Ekart,2024-01-19 08:10:37,2024-01-21,,in_transit
ORD000000403,Delhivery,2023-08-16 11:28:32,2023-08-19,2023-08-22 11:28:32,delivered
ORD000000404,BlueDart,2024-09-14 06:42:44,2024-09-18,2024-09-19 06:42:44,delivered
ORD000000405,XpressBees,2023-01-04 10:12:17,2023-01-09,2023-01-08 10:12:17,delivered
ORD000000406,XpressBees,2024-09-08 20:21:26,2024-09-10,2024-09-15 20:21:26,delivered
ORD000000407,Ekart,2023-10-29 03:54:06,2023-11-01,2023-11-04 03:54:06,delivered
ORD000000408,IndiaPost,2023-01-03 21:40:10,2023-01-07,2023-01-10 21:40:10,delivered
ORD000000409,Delhivery,2024-10-10 13:55:48,2024-10-13,2024-10-14 13:55:48,delivered
ORD000000410,Delhivery,2023-12-01 06:38:18,2023-12-03,2023-12-03 06:38:18,delivered
ORD000000411,Ekart,2024-07-10 13:35:37,2024-07-18,2024-07-18 13:35:37,delivered
ORD000000412,Shadowfax,2024-10-24 15:42:11,2024-10-29,2024-10-29 15:42:11,delivered
ORD000000413,IndiaPost,2023-01-26 19:19:22,2023-01-29,2023-02-01 19:19:22,delivered
ORD000000414,Ekart,2023-08-14 15:49:32,2023-08-15,2023-08-17 15:49:32,delivered
ORD000000415,Ekart,2023-04-11 00:21:08,2023-04-13,,in_transit
ORD000000416,XpressBees,2023-03-24 14:19:26,2023-03-26,2023-03-26 14:19:26,delivered
ORD000000418,XpressBees,2024-09-19 15:33:12,2024-09-22,2024-09-21 15:33:12,delivered
ORD000000419,Shadowfax,2023-10-22 01:35:17,2023-10-24,2023-10-26 01:35:17,delivered
ORD000000420,Shadowfax,2024-06-09 22:36:51,2024-06-12,2024-06-16 22:36:51,delivered
ORD000000421,Shadowfax,2024-11-07 01:53:10,2024-11-11,2024-11-13 01:53:10,delivered
ORD000000423,Shadowfax,2023-01-09 19:19:56,2023-01-11,2023-01-13 19:19:56,delivered
ORD000000425,XpressBees,2024-07-10 00:41:37,2024-07-11,2024-07-13 00:41:37,delivered
ORD000000426,Shadowfax,2023-05-17 20:23:31,2023-05-18,2023-05-19 20:23:31,delivered
ORD000000427,Ekart,2023-12-29 01:35:05,2024-01-03,2024-01-03 01:35:05,delivered
ORD000000428,XpressBees,2023-05-16 08:02:04,2023-05-18,2023-05-20 08:02:04,delivered
ORD000000429,Ekart,2024-03-26 20:15:36,2024-03-30,2024-03-30 20:15:36,delivered
ORD000000431,IndiaPost,2023-08-26 12:45:55,2023-08-29,,in_transit
ORD000000432,IndiaPost,2024-08-30 07:18:21,2024-09-01,2024-09-03 07:18:21,delivered
ORD000000433,Shadowfax,2023-12-24 18:27:51,2023-12-26,2023-12-26 18:27:51,delivered
ORD000000434,Ekart,2024-06-26 11:52:29,2024-06-29,2024-07-02 11:52:29,delivered
ORD000000435,IndiaPost,2024-04-28 00:59:21,2024-05-05,2024-05-07 00:59:21,delivered
ORD000000436,Ekart,2023-12-04 13:24:25,2023-12-06,2023-12-06 13:24:25,delivered
ORD000000437,Ekart,2023-09-09 09:20:56,2023-09-11,2023-09-11 09:20:56,delivered
ORD000000438,BlueDart,2023-06-24 16:20:19,2023-06-27,2023-06-27 16:20:19,delivered
ORD000000440,Shadowfax,2024-04-29 23:02:43,2024-05-01,2024-05-07 23:02:43,delivered
ORD000000442,Delhivery,2024-12-18 00:32:39,2024-12-20,2024-12-21 00:32:39,delivered
ORD000000443,Delhivery,2024-09-24 05:57:33,2024-09-27,2024-09-26 05:57:33,delivered
ORD000000444,IndiaPost,2023-04-17 21:59:34,2023-04-20,2023-04-19 21:59:34,delivered
ORD000000445,Shadowfax,2023-05-18 21:22:20,2023-05-21,2023-05-21 21:22:20,delivered
ORD000000446,XpressBees,2024-02-03 11:13:48,2024-02-07,2024-02-08 11:13:48,delivered
ORD000000447,BlueDart,2023-03-28 09:02:45,2023-03-29,2023-03-29 09:02:45,delivered
ORD000000448,Shadowfax,2024-12-16 22:06:03,2024-12-20,2024-12-21 22:06:03,delivered
ORD000000449,XpressBees,2024-04-26 21:40:54,2024-04-28,2024-04-29 21:40:54,delivered
ORD000000450,BlueDart,2023-02-23 11:47:35,2023-02-25,2023-02-26 11:47:35,delivered
ORD000000451,Delhivery,2023-11-28 03:29:44,2023-12-05,2023-12-06 03:29:44,delivered
ORD000000452,Shadowfax,2023-07-09 09:03:59,2023-07-13,,in_transit
ORD000000453,BlueDart,2023-12-30 05:49:47,2024-01-02,2024-01-03 05:49:47,delivered
ORD000000454,Shadowfax,2023-07-31 17:58:08,2023-08-03,2023-08-04 17:58:08,delivered
ORD000000455,Delhivery,2024-10-06 15:26:21,2024-10-13,2024-10-18 15:26:21,delivered
ORD000000456,XpressBees,2024-07-07 21:34:11,2024-07-10,2024-07-11 21:34:11,delivered
ORD000000457,BlueDart,2024-11-03 11:40:33,2024-11-06,2024-11-08 11:40:33,delivered
ORD000000458,Delhivery,2023-06-18 00:45:33,2023-06-20,2023-06-21 00:45:33,delivered
ORD000000459,Shadowfax,2023-10-27 06:35:44,2023-10-30,2023-10-30 06:35:44,delivered
ORD000000460,Ekart,2024-09-20 05:26:23,2024-09-23,2024-09-24 05:26:23,delivered
ORD000000461,Ekart,2023-10-23 07:41:23,2023-10-27,2023-10-29 07:41:23,delivered
ORD000000462,Shadowfax,2023-10-24 12:36:24,2023-10-29,2023-11-01 12:36:24,delivered
ORD000000463,Delhivery,2024-12-27 12:39:39,2024-12-31,2024-12-29 12:39:39,delivered
ORD000000464,XpressBees,2024-08-20 03:26:41,2024-08-24,2024-08-26 03:26:41,delivered
ORD000000465,Ekart,2024-10-17 13:00:48,2024-10-20,2024-10-23 13:00:48,delivered
ORD000000466,Delhivery,2023-11-03 14:51:11,2023-11-06,2023-11-06 14:51:11,delivered
ORD000000467,Shadowfax,2024-03-10 21:44:17,2024-03-19,2024-03-20 21:44:17,delivered
ORD000000468,BlueDart,2023-12-03 20:58:47,2023-12-09,2023-12-10 20:58:47,delivered
ORD000000469,Shadowfax,2023-12-03 18:39:35,2023-12-08,2023-12-08 18:39:35,delivered
ORD000000470,Shadowfax,2023-04-18 22:25:49,2023-04-21,2023-04-25 22:25:49,delivered
ORD000000471,Shadowfax,2024-10-09 17:40:22,2024-10-13,2024-10-15 17:40:22,delivered
ORD000000472,Shadowfax,2023-10-29 13:12:12,2023-10-31,2023-11-03 13:12:12,delivered
ORD000000473,BlueDart,2024-03-08 23:08:04,2024-03-11,2024-03-12 23:08:04,delivered
ORD000000474,Delhivery,2024-10-13 17:06:27,2024-10-20,2024-10-24 17:06:27,delivered
ORD000000475,IndiaPost,2024-08-24 04:22:11,2024-08-25,2024-08-26 04:22:11,delivered
ORD000000476,XpressBees,2023-06-18 21:14:31,2023-06-21,2023-06-23 21:14:31,delivered
ORD000000477,Ekart,2024-04-09 19:09:49,2024-04-12,2024-04-12 19:09:49,delivered
ORD000000478,IndiaPost,2023-12-31 06:27:37,2024-01-04,2024-01-06 06:27:37,delivered
ORD000000479,Shadowfax,2023-08-12 09:19:49,2023-08-20,,delivered
ORD000000480,IndiaPost,2023-02-02 06:25:44,2023-02-04,2023-02-06 06:25:44,delivered
ORD000000481,BlueDart,2024-04-19 13:55:23,2024-04-23,2024-04-22 13:55:23,delivered
ORD000000482,XpressBees,2024-08-29 03:36:45,2024-08-30,,in_transit
ORD000000483,Ekart,2024-11-26 22:32:14,2024-12-04,2024-12-06 22:32:14,delivered
ORD000000484,IndiaPost,2023-10-13 08:34:10,2023-10-18,,delivered
ORD000000485,Shadowfax,2023-10-31 09:43:05,2023-11-02,2023-11-02 09:43:05,delivered
ORD000000486,IndiaPost,2023-05-20 09:26:05,2023-05-21,2023-05-23 09:26:05,delivered
ORD000000487,BlueDart,2024-12-28 02:46:47,2024-12-31,,in_transit
ORD000000488,XpressBees,2024-10-12 04:59:40,2024-10-14,2024-10-17 04:59:40,delivered
ORD000000489,Ekart,2024-12-10 03:48:20,2024-12-15,2024-12-16 03:48:20,delivered
ORD000000490,BlueDart,2023-12-31 17:55:25,2024-01-05,2024-01-06 17:55:25,delivered
ORD000000491,XpressBees,2023-06-29 20:28:48,2023-07-01,2023-07-03 20:28:48,delivered
ORD000000492,IndiaPost,2024-02-28 23:08:02,2024-03-02,2024-03-03 23:08:02,delivered
ORD000000493,Shadowfax,2023-10-23 05:29:54,2023-10-26,2023-10-27 05:29:54,delivered
ORD000000494,IndiaPost,2023-10-11 19:00:00,2023-10-13,2023-10-15 19:00:00,delivered
ORD000000495,Ekart,2023-03-10 14:11:56,2023-03-11,2023-03-14 14:11:56,delivered
ORD000000496,Delhivery,2023-03-01 05:13:10,2023-03-09,2023-03-09 05:13:10,delivered
ORD000000497,Shadowfax,2023-10-25 06:17:34,2023-10-27,2023-10-29 06:17:34,delivered
ORD000000498,XpressBees,2024-11-12 11:34:17,2024-11-14,2024-11-16 11:34:17,delivered
ORD000000499,IndiaPost,2024-07-10 11:39:08,2024-07-11,2024-07-13 11:39:08,delivered
ORD000000500,XpressBees,2024-08-11 03:38:43,2024-08-15,2024-08-18 03:38:43,delivered
ORD000000501,Ekart,2023-07-21 03:56:27,2023-07-28,2023-07-28 03:56:27,delivered
ORD000000502,Shadowfax,2024-07-19 21:59:57,2024-07-22,2024-07-23 21:59:57,delivered
ORD000000503,Shadowfax,2023-11-03 13:47:36,2023-11-06,2023-11-07 13:47:36,delivered
ORD000000504,BlueDart,2023-02-17 21:23:53,2023-02-20,2023-02-19 21:23:53,delivered
ORD000000505,Delhivery,2023-10-31 01:18:44,2023-11-02,2023-11-02 01:18:44,delivered
ORD000000507,Delhivery,2024-10-14 15:38:50,2024-10-16,2024-10-17 15:38:50,delivered
ORD000000508,IndiaPost,2024-10-09 12:56:25,2024-10-10,2024-10-13 12:56:25,delivered
ORD000000510,Delhivery,2024-04-04 05:31:18,2024-04-06,2024-04-06 05:31:18,delivered
ORD000000512,XpressBees,2023-05-11 21:23:17,2023-05-14,2023-05-15 21:23:17,delivered
ORD000000513,Shadowfax,2024-05-06 21:05:23,2024-05-09,2024-05-10 21:05:23,delivered
ORD000000514,XpressBees,2024-08-12 12:35:08,2024-08-16,,delivered
ORD000000515,XpressBees,2024-08-24 19:00:45,2024-08-29,2024-08-29 19:00:45,delivered
ORD000000516,BlueDart,2023-05-07 07:15:56,2023-05-10,2023-05-04 07:15:56,delivered
ORD000000517,Delhivery,2024-01-06 16:36:34,2024-01-11,2024-01-11 16:36:34,delivered
ORD000000518,Delhivery,2023-01-16 15:19:01,2023-01-20,2023-01-21 15:19:01,delivered
ORD000000519,BlueDart,2023-03-15 22:54:41,2023-03-19,2023-03-18 22:54:41,delivered
ORD000000520,BlueDart,2023-03-08 23:20:38,2023-03-10,2023-03-12 23:20:38,delivered
ORD000000521,Ekart,2023-02-15 17:47:18,2023-02-17,2023-02-17 17:47:18,delivered
ORD000000522,Shadowfax,2023-10-07 01:15:54,2023-10-09,2023-10-12 01:15:54,delivered
ORD000000523,Ekart,2023-10-14 22:35:44,2023-10-20,2023-10-21 22:35:44,delivered
ORD000000524,Delhivery,2024-06-18 19:22:24,2024-06-19,2024-06-23 19:22:24,delivered
ORD000000525,BlueDart,2023-10-05 01:57:43,2023-10-08,2023-10-09 01:57:43,delivered
ORD000000526,Shadowfax,2023-04-29 12:39:57,2023-05-06,,in_transit
ORD000000527,IndiaPost,2024-11-30 12:48:44,2024-12-02,2024-12-05 12:48:44,delivered
ORD000000528,Ekart,2024-10-24 21:55:24,2024-10-26,2024-10-29 21:55:24,delivered
ORD000000529,IndiaPost,2023-04-16 03:01:23,2023-04-23,2023-04-23 03:01:23,delivered
ORD000000530,BlueDart,2023-10-20 05:14:15,2023-10-24,2023-10-27 05:14:15,delivered
ORD000000531,Ekart,2023-05-24 11:04:45,2023-05-25,2023-05-25 11:04:45,delivered
ORD000000532,BlueDart,2024-12-12 03:20:59,2024-12-16,2024-12-17 03:20:59,delivered
ORD000000533,IndiaPost,2023-10-14 01:24:20,2023-10-15,2023-10-16 01:24:20,delivered
ORD000000534,BlueDart,2023-03-24 08:06:08,2023-03-25,2023-03-28 08:06:08,delivered
ORD000000535,IndiaPost,2024-07-13 12:24:36,2024-07-15,,delivered
ORD000000536,Shadowfax,2024-06-29 08:23:11,2024-07-04,2024-07-03 08:23:11,delivered
ORD000000537,Delhivery,2023-07-27 14:24:56,2023-07-30,,in_transit
ORD000000538,XpressBees,2023-10-03 06:02:39,2023-10-04,2023-10-07 06:02:39,delivered
ORD000000539,Ekart,2023-11-06 05:52:25,2023-11-07,2023-11-11 05:52:25,delivered
ORD000000540,BlueDart,2023-08-18 15:44:51,2023-08-20,2023-08-20 15:44:51,delivered
ORD000000541,IndiaPost,2023-09-06 00:15:46,2023-09-09,2023-09-09 00:15:46,delivered
ORD000000542,BlueDart,2024-09-17 05:45:12,2024-09-19,2024-09-21 05:45:12,delivered
ORD000000543,XpressBees,2024-08-05 02:44:41,2024-08-11,2024-08-14 02:44:41,delivered
ORD000000544,BlueDart,2024-06-13 02:45:52,2024-06-16,2024-06-15 02:45:52,delivered
ORD000000545,BlueDart,2024-06-08 20:53:12,2024-06-11,2024-06-12 20:53:12,delivered
ORD000000546,IndiaPost,2024-01-15 20:13:49,2024-01-19,2024-01-23 20:13:49,delivered
ORD000000548,XpressBees,2024-07-08 05:05:59,2024-07-09,2024-07-13 05:05:59,delivered
ORD000000549,Delhivery,2023-04-08 00:39:21,2023-04-12,2023-04-11 00:39:21,delivered
ORD000000550,IndiaPost,2023-04-30 05:54:47,2023-05-02,2023-05-04 05:54:47,delivered
ORD000000551,IndiaPost,2023-04-16 11:38:01,2023-04-20,2023-04-19 11:38:01,delivered
ORD000000552,Ekart,2024-07-18 14:18:45,2024-07-21,2024-07-23 14:18:45,delivered
ORD000000553,XpressBees,2024-03-17 02:11:45,2024-03-19,,delivered
ORD000000554,XpressBees,2023-12-03 14:55:54,2023-12-05,2023-12-07 14:55:54,delivered
ORD000000556,XpressBees,2024-10-04 09:57:07,2024-10-09,,in_transit
ORD000000557,Delhivery,2023-04-11 23:10:04,2023-04-15,2023-04-14 23:10:04,delivered
ORD000000558,Ekart,2023-10-26 07:16:33,2023-10-31,2023-11-03 07:16:33,delivered
ORD000000559,Delhivery,2024-08-11 09:34:33,2024-08-13,2024-08-15 09:34:33,delivered
ORD000000561,XpressBees,2023-11-21 17:32:28,2023-11-23,2023-11-22 17:32:28,delivered
ORD000000562,IndiaPost,2023-07-10 19:53:55,2023-07-19,2023-07-18 19:53:55,delivered
ORD000000564,Delhivery,2023-11-03 23:16:16,2023-11-06,2023-11-08 23:16:16,delivered
ORD000000565,XpressBees,2024-10-24 20:06:15,2024-10-26,2024-10-26 20:06:15,delivered
ORD000000566,IndiaPost,2024-08-27 03:54:38,2024-08-31,2024-09-03 03:54:38,delivered
ORD000000567,Shadowfax,2024-10-16 23:06:57,2024-10-19,2024-10-18 23:06:57,delivered
ORD000000568,IndiaPost,2023-01-11 20:58:41,2023-01-14,2023-01-15 20:58:41,delivered
ORD000000569,BlueDart,2023-12-25 02:21:34,2023-12-27,2023-12-28 02:21:34,delivered
ORD000000571,BlueDart,2023-08-25 02:12:31,2023-08-27,2023-08-29 02:12:31,delivered
ORD000000572,XpressBees,2023-08-20 19:00:02,2023-08-25,,in_transit
ORD000000573,Delhivery,2023-10-29 03:10:10,2023-10-31,2023-10-30 03:10:10,delivered
ORD000000574,Ekart,2023-11-04 22:07:41,2023-11-09,2023-11-09 22:07:41,delivered
ORD000000575,XpressBees,2024-04-23 02:35:02,2024-04-24,2024-04-24 02:35:02,delivered
ORD000000576,Shadowfax,2023-09-15 16:31:43,2023-09-20,2023-09-21 16:31:43,delivered
ORD000000577,BlueDart,2023-08-23 20:42:51,2023-08-25,2023-08-27 20:42:51,delivered
ORD000000578,XpressBees,2023-10-18 11:56:10,2023-10-19,2023-10-20 11:56:10,delivered
ORD000000580,XpressBees,2023-01-01 09:27:10,2023-01-06,2023-01-04 09:27:10,delivered
ORD000000581,Shadowfax,2024-07-29 23:43:08,2024-08-03,2024-08-04 23:43:08,delivered
ORD000000582,XpressBees,2023-10-08 19:40:37,2023-10-11,2023-10-09 19:40:37,delivered
ORD000000584,XpressBees,2024-08-13 02:54:49,2024-08-17,2024-08-21 02:54:49,delivered
ORD000000585,Shadowfax,2024-01-06 17:15:24,2024-01-09,2024-01-11 17:15:24,delivered
ORD000000586,Ekart,2024-05-05 14:52:54,2024-05-07,2024-05-11 14:52:54,delivered
ORD000000587,Ekart,2024-11-06 23:20:23,2024-11-09,2024-11-10 23:20:23,delivered
ORD000000588,XpressBees,2023-01-22 06:36:15,2023-01-24,,in_transit
ORD000000590,Shadowfax,2024-11-12 10:03:18,2024-11-15,2024-11-16 10:03:18,delivered
ORD000000591,Shadowfax,2024-10-08 21:02:20,2024-10-09,2024-10-13 21:02:20,delivered
ORD000000592,BlueDart,2024-04-08 20:11:04,2024-04-12,2024-04-13 20:11:04,delivered
ORD000000593,Delhivery,2023-07-15 11:49:48,2023-07-20,2023-07-21 11:49:48,delivered
ORD000000594,IndiaPost,2023-10-06 16:15:56,2023-10-07,,in_transit
ORD000000595,Delhivery,2024-10-14 13:08:50,2024-10-22,2024-10-22 13:08:50,delivered
ORD000000596,Delhivery,2024-06-18 06:41:49,2024-06-23,2024-06-27 06:41:49,delivered
ORD000000597,XpressBees,2023-09-03 09:36:19,2023-09-05,2023-09-06 09:36:19,delivered
ORD000000598,IndiaPost,2023-04-22 22:10:21,2023-04-24,2023-04-27 22:10:21,delivered
ORD000000599,XpressBees,2024-08-28 23:40:19,2024-09-05,2024-09-08 23:40:19,delivered
ORD000000601,BlueDart,2024-12-15 01:00:35,2024-12-17,2024-12-19 01:00:35,delivered
ORD000000602,Delhivery,2023-11-03 19:44:22,2023-11-05,2023-11-04 19:44:22,delivered
ORD000000604,Shadowfax,2023-09-08 10:41:36,2023-09-13,2023-09-12 10:41:36,delivered
ORD000000605,Ekart,2023-12-27 22:09:20,2023-12-31,2024-01-03 22:09:20,delivered
ORD000000606,XpressBees,2023-10-04 15:07:49,2023-10-08,2023-10-08 15:07:49,delivered
ORD000000608,Ekart,2023-09-25 15:23:47,2023-09-28,2023-09-26 15:23:47,delivered
ORD000000609,BlueDart,2023-07-06 21:47:15,2023-07-10,2023-07-07 21:47:15,delivered
ORD000000611,XpressBees,2023-07-20 11:48:48,2023-07-25,,in_transit
ORD000000613,IndiaPost,2024-05-27 13:37:01,2024-06-03,2024-06-06 13:37:01,delivered
ORD000000614,Shadowfax,2023-05-07 07:28:04,2023-05-09,2023-05-12 07:28:04,delivered
ORD000000615,Shadowfax,2024-01-23 16:55:36,2024-01-28,2024-01-28 16:55:36,delivered
ORD000000616,XpressBees,2024-10-11 15:15:34,2024-10-14,2024-10-17 15:15:34,delivered
ORD000000617,XpressBees,2024-03-09 08:40:40,2024-03-13,2024-03-14 08:40:40,delivered
ORD000000618,BlueDart,2023-12-27 12:47:29,2023-12-29,2023-12-29 12:47:29,delivered
ORD000000619,Delhivery,2024-10-08 18:21:16,2024-10-13,2024-10-11 18:21:16,delivered
ORD000000620,Delhivery,2024-12-01 15:58:31,2024-12-04,2024-12-07 15:58:31,delivered
ORD000000621,Ekart,2024-10-02 18:56:15,2024-10-10,,in_transit
ORD000000622,Shadowfax,2023-11-03 09:21:42,2023-11-05,2023-11-08 09:21:42,delivered
ORD000000623,IndiaPost,2024-04-03 00:06:12,2024-04-08,2024-04-09 00:06:12,delivered
ORD000000624,Shadowfax,2024-01-19 20:28:20,2024-01-24,,in_transit
ORD000000626,Delhivery,2023-11-21 04:14:53,2023-11-23,2023-11-22 04:14:53,delivered
ORD000000627,IndiaPost,2024-10-05 09:32:58,2024-10-13,2024-10-15 09:32:58,delivered
ORD000000629,Ekart,2024-10-27 22:58:26,2024-10-31,2024-10-28 22:58:26,delivered
ORD000000630,XpressBees,2024-12-30 06:41:47,2025-01-01,2025-01-03 06:41:47,delivered
ORD000000631,BlueDart,2023-09-22 18:44:31,2023-09-25,2023-09-19 18:44:31,delivered
ORD000000632,Shadowfax,2023-04-13 00:24:15,2023-04-17,2023-04-20 00:24:15,delivered
ORD000000633,BlueDart,2024-12-10 02:41:16,2024-12-12,2024-12-13 02:41:16,delivered
ORD000000634,XpressBees,2023-05-27 07:55:58,2023-05-29,2023-05-31 07:55:58,delivered
ORD000000635,Shadowfax,2024-08-21 09:25:20,2024-08-24,2024-08-24 09:25:20,delivered
ORD000000636,BlueDart,2023-01-31 12:57:16,2023-02-03,,in_transit
ORD000000637,Shadowfax,2023-07-21 20:17:16,2023-07-24,2023-07-23 20:17:16,delivered
ORD000000639,Delhivery,2023-09-14 15:58:33,2023-09-15,2023-09-19 15:58:33,delivered
ORD000000640,Shadowfax,2024-11-05 10:48:02,2024-11-09,,in_transit
ORD000000641,Ekart,2023-05-29 14:20:44,2023-05-31,2023-06-02 14:20:44,delivered
ORD000000642,XpressBees,2023-05-28 08:20:11,2023-05-30,,in_transit
ORD000000644,BlueDart,2024-12-06 15:50:46,2024-12-09,2024-12-12 15:50:46,delivered
ORD000000645,Ekart,2023-10-28 01:00:16,2023-11-02,2023-11-03 01:00:16,delivered
ORD000000647,BlueDart,2023-01-23 22:22:41,2023-01-30,2023-02-02 22:22:41,delivered
ORD000000648,Ekart,2024-10-03 03:42:02,2024-10-05,2024-10-07 03:42:02,delivered
ORD000000649,Delhivery,2024-07-10 11:13:23,2024-07-13,2024-07-12 11:13:23,delivered
ORD000000651,IndiaPost,2024-04-26 09:43:20,2024-04-30,2024-05-03 09:43:20,delivered
ORD000000652,XpressBees,2024-11-25 04:35:58,2024-11-29,,delivered
ORD000000653,IndiaPost,2023-10-29 23:50:51,2023-10-31,2023-11-01 23:50:51,delivered
ORD000000654,IndiaPost,2024-07-18 02:17:46,2024-07-23,2024-07-23 02:17:46,delivered
ORD000000655,IndiaPost,2024-07-12 19:55:37,2024-07-14,2024-07-09 19:55:37,in_transit
ORD000000656,XpressBees,2023-08-19 22:04:42,2023-08-22,,in_transit
ORD000000657,XpressBees,2024-11-06 18:12:15,2024-11-09,2024-11-08 18:12:15,delivered
ORD000000658,IndiaPost,2024-08-29 04:19:06,2024-09-01,2024-09-04 04:19:06,delivered
ORD000000659,Shadowfax,2024-10-21 13:27:01,2024-10-24,2024-10-23 13:27:01,delivered
ORD000000660,IndiaPost,2023-10-19 14:18:46,2023-10-21,2023-10-21 14:18:46,delivered
ORD000000662,BlueDart,2023-09-29 22:57:47,2023-10-01,2023-09-30 22:57:47,delivered
ORD000000663,Ekart,2024-12-17 08:44:57,2024-12-20,2024-12-23 08:44:57,delivered
ORD000000664,Delhivery,2023-01-16 11:39:54,2023-01-22,2023-01-21 11:39:54,delivered
ORD000000665,Shadowfax,2024-04-09 18:27:01,2024-04-13,2024-04-11 18:27:01,delivered
ORD000000666,IndiaPost,2023-04-04 15:44:55,2023-04-08,2023-04-09 15:44:55,delivered
ORD000000667,Ekart,2024-07-07 15:30:56,2024-07-08,2024-07-10 15:30:56,delivered
ORD000000668,BlueDart,2023-10-21 03:04:56,2023-10-22,2023-10-22 03:04:56,delivered
ORD000000670,IndiaPost,2024-10-23 22:49:46,2024-10-26,2024-10-27 22:49:46,delivered
ORD000000671,Shadowfax,2023-10-23 19:34:13,2023-10-26,,in_transit
ORD000000672,XpressBees,2024-09-24 19:49:04,2024-09-30,2024-10-03 19:49:04,delivered
ORD000000673,Shadowfax,2024-06-03 03:34:36,2024-06-11,2024-06-13 03:34:36,delivered
ORD000000675,XpressBees,2023-10-08 10:11:54,2023-10-12,,in_transit
ORD000000676,IndiaPost,2023-06-29 01:03:52,2023-07-02,2023-07-01 01:03:52,delivered
ORD000000677,Shadowfax,2023-02-20 22:24:15,2023-02-22,2023-02-24 22:24:15,delivered
ORD000000678,XpressBees,2024-01-12 11:52:27,2024-01-14,2024-01-16 11:52:27,delivered
ORD000000679,IndiaPost,2024-02-01 16:15:53,2024-02-03,2024-02-04 16:15:53,delivered
ORD000000680,Delhivery,2023-11-28 00:06:01,2023-11-30,2023-11-29 00:06:01,delivered
ORD000000681,Ekart,2024-12-03 16:47:53,2024-12-05,2024-12-07 16:47:53,delivered
ORD000000682,BlueDart,2023-01-08 03:30:28,2023-01-11,2023-01-13 03:30:28,delivered
ORD000000683,XpressBees,2024-10-11 21:14:32,2024-10-13,2024-10-17 21:14:32,delivered
ORD000000684,Delhivery,2024-09-16 00:52:38,2024-09-24,2024-09-24 00:52:38,delivered
ORD000000685,BlueDart,2024-08-10 04:33:05,2024-08-18,2024-08-18 04:33:05,delivered
ORD000000686,BlueDart,2024-01-18 11:28:02,2024-01-20,2024-01-15 11:28:02,delivered
ORD000000689,BlueDart,2024-07-28 01:43:20,2024-07-31,2024-08-01 01:43:20,delivered
ORD000000690,IndiaPost,2024-10-06 06:32:16,2024-10-08,2024-10-11 06:32:16,delivered
ORD000000691,Ekart,2023-07-20 22:03:48,2023-07-24,,in_transit
ORD000000692,Delhivery,2024-02-13 19:51:20,2024-02-18,2024-02-20 19:51:20,delivered
ORD000000693,Shadowfax,2023-11-07 03:54:58,2023-11-09,2023-11-13 03:54:58,delivered
ORD000000694,Shadowfax,2024-04-29 05:55:44,2024-04-30,2024-05-01 05:55:44,delivered
ORD000000695,Delhivery,2024-08-03 12:55:09,2024-08-06,2024-08-09 12:55:09,delivered
ORD000000696,BlueDart,2023-05-29 01:37:37,2023-06-05,2023-06-07 01:37:37,delivered
ORD000000697,Shadowfax,2023-05-28 02:01:25,2023-06-01,2023-06-01 02:01:25,delivered
ORD000000698,BlueDart,2023-02-03 02:37:20,2023-02-06,2023-02-06 02:37:20,delivered
ORD000000699,IndiaPost,2023-05-14 01:27:38,2023-05-19,2023-05-17 01:27:38,delivered
ORD000000700,Ekart,2023-07-26 13:58:49,2023-07-27,2023-07-31 13:58:49,delivered
ORD000000701,IndiaPost,2023-02-28 06:19:08,2023-03-07,2023-03-09 06:19:08,delivered
ORD000000702,XpressBees,2023-10-14 04:50:54,2023-10-16,2023-10-19 04:50:54,delivered
ORD000000703,XpressBees,2024-05-29 18:21:17,2024-06-01,2024-06-01 18:21:17,delivered
ORD000000704,Delhivery,2024-09-09 16:22:43,2024-09-12,2024-09-11 16:22:43,delivered
ORD000000705,IndiaPost,2023-10-10 17:19:15,2023-10-12,2023-10-15 17:19:15,delivered
ORD000000706,Delhivery,2023-03-10 20:08:45,2023-03-12,2023-03-15 20:08:45,delivered
ORD000000708,Delhivery,2023-10-29 22:58:49,2023-10-31,,in_transit
ORD000000709,BlueDart,2023-08-04 01:50:45,2023-08-08,2023-08-09 01:50:45,delivered
ORD000000710,XpressBees,2023-12-21 07:16:37,2023-12-26,2023-12-28 07:16:37,delivered
ORD000000711,Ekart,2024-12-20 22:30:18,2024-12-29,2024-12-31 22:30:18,delivered
ORD000000712,XpressBees,2023-10-23 05:50:48,2023-10-31,2023-10-29 05:50:48,delivered
ORD000000713,Delhivery,2024-12-11 12:29:08,2024-12-14,2024-12-14 12:29:08,delivered
ORD000000714,BlueDart,2023-08-06 20:22:49,2023-08-09,2023-08-12 20:22:49,delivered
ORD000000715,Delhivery,2023-03-30 12:36:46,2023-03-31,,delivered
ORD000000716,XpressBees,2023-05-14 08:26:01,2023-05-18,2023-05-23 08:26:01,delivered
ORD000000717,Ekart,2024-08-24 01:11:22,2024-08-31,2024-09-03 01:11:22,delivered
ORD000000718,IndiaPost,2024-01-29 11:38:19,2024-02-01,2024-01-31 11:38:19,delivered
ORD000000719,Delhivery,2024-03-08 06:16:59,2024-03-10,,delivered
ORD000000720,Delhivery,2024-12-18 20:44:11,2024-12-23,2024-12-27 20:44:11,delivered
ORD000000721,Ekart,2024-01-02 21:50:49,2024-01-07,2024-01-07 21:50:49,delivered
ORD000000722,Shadowfax,2023-04-09 17:51:33,2023-04-12,2023-04-13 17:51:33,delivered
ORD000000723,IndiaPost,2024-07-06 03:39:36,2024-07-08,2024-07-08 03:39:36,delivered
ORD000000724,BlueDart,2023-06-27 02:47:45,2023-06-30,2023-06-30 02:47:45,delivered
ORD000000725,Delhivery,2024-03-08 07:20:09,2024-03-11,2024-03-12 07:20:09,delivered
ORD000000726,IndiaPost,2024-10-14 07:42:21,2024-10-17,2024-10-21 07:42:21,delivered
ORD000000727,BlueDart,2023-12-25 06:56:08,2023-12-27,2023-12-27 06:56:08,delivered
ORD000000728,Shadowfax,2023-09-29 04:05:00,2023-10-01,2023-10-04 04:05:00,delivered
ORD000000729,IndiaPost,2024-03-03 23:24:17,2024-03-06,2024-03-05 23:24:17,delivered
ORD000000730,Shadowfax,2023-04-18 10:32:02,2023-04-22,2023-04-26 10:32:02,delivered
ORD000000731,Shadowfax,2023-09-22 17:43:11,2023-09-25,2023-09-27 17:43:11,delivered
ORD000000732,XpressBees,2024-01-04 04:37:20,2024-01-07,2024-01-11 04:37:20,delivered
ORD000000733,Ekart,2023-08-07 08:41:15,2023-08-08,2023-08-12 08:41:15,delivered
ORD000000735,Shadowfax,2024-03-10 17:24:40,2024-03-14,2024-03-12 17:24:40,delivered
ORD000000737,Delhivery,2023-10-29 13:51:22,2023-10-31,2023-11-01 13:51:22,delivered
ORD000000738,XpressBees,2024-12-31 07:40:52,2025-01-05,2025-01-09 07:40:52,delivered
ORD000000739,IndiaPost,2023-04-05 10:13:59,2023-04-07,2023-04-10 10:13:59,delivered
ORD000000740,Delhivery,2023-05-11 02:27:10,2023-05-15,2023-05-17 02:27:10,delivered
ORD000000741,IndiaPost,2024-10-25 10:04:17,2024-10-31,,in_transit
ORD000000743,XpressBees,2024-11-07 06:36:13,2024-11-11,2024-11-11 06:36:13,delivered
ORD000000745,Shadowfax,2024-01-21 11:42:00,2024-01-25,2024-01-25 11:42:00,delivered
ORD000000746,Ekart,2023-08-27 18:04:00,2023-08-30,2023-08-31 18:04:00,delivered
ORD000000747,Delhivery,2023-10-16 23:55:22,2023-10-24,2023-10-23 23:55:22,delivered
ORD000000749,IndiaPost,2023-02-15 04:53:51,2023-02-17,2023-02-19 04:53:51,delivered
ORD000000750,Shadowfax,2024-08-19 05:51:21,2024-08-26,2024-08-27 05:51:21,delivered
ORD000000751,Delhivery,2024-10-04 04:06:02,2024-10-07,2024-10-09 04:06:02,delivered
ORD000000752,IndiaPost,2024-06-24 05:35:04,2024-06-28,2024-06-30 05:35:04,delivered
ORD000000753,BlueDart,2023-02-13 01:26:19,2023-02-15,,in_transit
ORD000000754,Shadowfax,2024-07-27 20:08:26,2024-07-30,2024-07-28 20:08:26,delivered
ORD000000755,BlueDart,2024-07-10 03:39:46,2024-07-13,2024-07-16 03:39:46,delivered
ORD000000756,Shadowfax,2023-01-09 01:58:45,2023-01-11,2023-01-17 01:58:45,delivered
ORD000000758,Delhivery,2023-04-22 14:05:37,2023-04-26,2023-04-28 14:05:37,delivered
ORD000000759,Shadowfax,2024-12-12 20:24:44,2024-12-17,2024-12-16 20:24:44,delivered
ORD000000761,IndiaPost,2023-07-23 20:07:59,2023-07-25,,in_transit
ORD000000762,Delhivery,2024-06-10 18:12:38,2024-06-15,2024-06-14 18:12:38,delivered
ORD000000764,Delhivery,2023-06-08 14:57:02,2023-06-09,2023-06-10 14:57:02,delivered
ORD000000765,Ekart,2023-01-06 21:40:46,2023-01-14,2023-01-16 21:40:46,delivered
ORD000000766,Shadowfax,2024-10-04 04:38:16,2024-10-09,2024-10-12 04:38:16,delivered
ORD000000767,Ekart,2023-01-28 15:33:39,2023-02-05,2023-02-04 15:33:39,delivered
ORD000000768,Ekart,2024-04-21 15:03:52,2024-04-25,2024-04-26 15:03:52,delivered
ORD000000769,XpressBees,2024-03-08 22:57:32,2024-03-12,2024-03-16 22:57:32,delivered
ORD000000770,BlueDart,2024-01-05 18:56:11,2024-01-11,2024-01-10 18:56:11,delivered
ORD000000771,IndiaPost,2023-10-25 00:58:21,2023-10-26,2023-10-30 00:58:21,delivered
ORD000000772,BlueDart,2023-09-15 07:46:51,2023-09-17,2023-09-22 07:46:51,delivered
ORD000000773,Delhivery,2024-12-09 18:09:13,2024-12-17,2024-12-15 18:09:13,delivered
ORD000000774,XpressBees,2024-09-02 23:34:20,2024-09-07,2024-09-09 23:34:20,delivered
ORD000000775,Shadowfax,2024-11-09 22:21:54,2024-11-16,2024-11-17 22:21:54,delivered
ORD000000776,Ekart,2024-07-19 13:41:47,2024-07-22,2024-07-22 13:41:47,delivered
ORD000000777,Delhivery,2024-10-06 16:00:08,2024-10-07,2024-10-12 16:00:08,delivered
ORD000000778,Shadowfax,2024-12-15 18:38:54,2024-12-18,2024-12-17 18:38:54,delivered
ORD000000781,Shadowfax,2023-02-02 19:21:21,2023-02-06,2023-02-05 19:21:21,delivered
ORD000000782,Delhivery,2023-04-02 09:10:06,2023-04-03,2023-04-03 09:10:06,delivered
ORD000000783,IndiaPost,2023-12-30 06:55:06,2024-01-04,2024-01-03 06:55:06,delivered
ORD000000784,BlueDart,2023-12-08 02:44:12,2023-12-10,2023-12-12 02:44:12,delivered
ORD000000785,IndiaPost,2023-11-24 02:05:44,2023-11-25,2023-11-28 02:05:44,delivered
ORD000000786,XpressBees,2024-01-29 22:00:54,2024-02-01,2024-02-02 22:00:54,delivered
ORD000000787,BlueDart,2024-01-31 06:05:07,2024-02-02,2024-02-04 06:05:07,delivered
ORD000000788,Ekart,2024-10-22 11:35:36,2024-10-25,2024-10-27 11:35:36,delivered
ORD000000790,BlueDart,2023-10-01 08:08:10,2023-10-02,2023-10-05 08:08:10,delivered
ORD000000791,XpressBees,2024-06-21 04:25:41,2024-06-24,2024-06-25 04:25:41,delivered
ORD000000793,IndiaPost,2024-10-05 03:18:03,2024-10-07,2024-10-07 03:18:03,delivered
ORD000000794,Delhivery,2023-09-24 01:58:22,2023-09-27,2023-09-25 01:58:22,delivered
ORD000000795,Delhivery,2023-01-03 07:38:44,2023-01-10,2023-01-12 07:38:44,delivered
ORD000000796,IndiaPost,2024-11-28 11:12:15,2024-12-02,2024-12-02 11:12:15,delivered
ORD000000797,Delhivery,2023-02-04 06:23:09,2023-02-07,2023-02-06 06:23:09,delivered
ORD000000798,Delhivery,2024-06-03 11:03:09,2024-06-07,2024-06-08 11:03:09,delivered
ORD000000799,BlueDart,2023-10-02 11:37:24,2023-10-06,2023-10-08 11:37:24,delivered
ORD000000800,XpressBees,2023-11-11 02:47:09,2023-11-12,2023-11-14 02:47:09,delivered
ORD000000801,Delhivery,2024-10-06 20:48:06,2024-10-10,2024-10-07 20:48:06,delivered
ORD000000802,BlueDart,2023-11-07 03:26:07,2023-11-09,2023-11-08 03:26:07,delivered
ORD000000803,Shadowfax,2023-05-02 17:55:47,2023-05-06,2023-05-09 17:55:47,delivered
ORD000000804,Shadowfax,2024-08-05 20:03:26,2024-08-08,2024-08-09 20:03:26,delivered
ORD000000805,BlueDart,2023-01-15 09:56:06,2023-01-17,2023-01-18 09:56:06,delivered
ORD000000806,BlueDart,2023-08-25 15:23:01,2023-08-28,2023-08-30 15:23:01,delivered
ORD000000807,BlueDart,2024-01-30 01:16:52,2024-02-01,2024-02-04 01:16:52,delivered
ORD000000808,XpressBees,2023-11-24 05:13:36,2023-11-25,2023-11-29 05:13:36,delivered
ORD000000809,BlueDart,2024-04-11 11:08:56,2024-04-14,2024-04-13 11:08:56,delivered
ORD000000810,XpressBees,2023-10-25 19:33:12,2023-10-29,2023-10-29 19:33:12,delivered
ORD000000811,XpressBees,2023-10-28 19:04:17,2023-11-03,2023-11-04 19:04:17,delivered
ORD000000812,Ekart,2023-10-12 13:05:10,2023-10-16,2023-10-17 13:05:10,delivered
ORD000000813,XpressBees,2024-10-27 06:24:42,2024-11-01,2024-10-30 06:24:42,delivered
ORD000000814,XpressBees,2023-01-10 23:23:52,2023-01-14,2023-01-14 23:23:52,delivered
ORD000000816,Shadowfax,2023-10-15 09:18:25,2023-10-18,2023-10-21 09:18:25,delivered
ORD000000817,BlueDart,2023-10-20 10:49:18,2023-10-24,2023-10-24 10:49:18,delivered
ORD000000819,BlueDart,2023-10-28 23:12:46,2023-10-30,2023-10-29 23:12:46,delivered
ORD000000820,Delhivery,2024-04-07 11:30:56,2024-04-09,2024-04-12 11:30:56,delivered
ORD000000821,Ekart,2024-11-03 09:21:51,2024-11-05,2024-11-07 09:21:51,delivered
ORD000000822,XpressBees,2024-10-10 21:32:47,2024-10-12,2024-10-07 21:32:47,delivered
ORD000000823,BlueDart,2024-01-10 04:43:58,2024-01-18,2024-01-17 04:43:58,delivered
ORD000000824,XpressBees,2024-07-04 12:36:35,2024-07-12,,in_transit
ORD000000825,Delhivery,2023-10-29 01:09:12,2023-10-31,2023-11-01 01:09:12,delivered
ORD000000826,Ekart,2024-08-26 02:48:27,2024-08-30,2024-09-02 02:48:27,delivered
ORD000000827,Shadowfax,2023-05-25 17:27:25,2023-05-27,2023-05-28 17:27:25,delivered
ORD000000828,XpressBees,2023-02-06 06:30:56,2023-02-12,,in_transit
ORD000000829,XpressBees,2024-02-01 03:58:44,2024-02-03,2024-02-04 03:58:44,delivered
ORD000000830,BlueDart,2023-07-02 14:43:24,2023-07-11,2099-01-01 00:00:00,delivered
ORD000000831,Ekart,2024-07-16 02:18:37,2024-07-18,2024-07-18 02:18:37,delivered
ORD000000832,Shadowfax,2023-03-27 15:11:05,2023-03-30,2023-04-07 15:11:05,delivered
ORD000000833,XpressBees,2023-01-03 15:58:26,2023-01-06,2023-01-08 15:58:26,delivered
ORD000000834,XpressBees,2024-05-30 12:17:55,2024-05-31,2024-06-01 12:17:55,delivered
ORD000000836,Shadowfax,2024-12-05 20:40:51,2024-12-07,2024-12-10 20:40:51,delivered
ORD000000837,Delhivery,2023-08-01 05:57:05,2023-08-08,2023-08-07 05:57:05,delivered
ORD000000838,Delhivery,2023-04-15 01:26:53,2023-04-16,2023-04-18 01:26:53,delivered
ORD000000839,IndiaPost,2023-01-15 20:21:31,2023-01-19,2023-01-18 20:21:31,delivered
ORD000000840,Shadowfax,2023-11-27 16:50:02,2023-12-01,2023-12-04 16:50:02,delivered
ORD000000841,BlueDart,2023-03-24 20:17:37,2023-03-30,2023-04-02 20:17:37,delivered
ORD000000842,Ekart,2024-08-26 01:22:26,2024-08-27,2024-08-31 01:22:26,delivered
ORD000000843,Shadowfax,2023-02-28 14:39:17,2023-03-03,2023-03-04 14:39:17,delivered
ORD000000844,Ekart,2024-11-08 09:58:21,2024-11-10,2024-11-12 09:58:21,delivered
ORD000000845,BlueDart,2024-02-02 05:05:47,2024-02-03,2024-02-08 05:05:47,delivered
ORD000000846,BlueDart,2024-06-17 11:19:32,2024-06-21,2024-06-25 11:19:32,delivered
ORD000000847,Delhivery,2023-04-22 10:39:30,2023-04-24,2023-04-26 10:39:30,delivered
ORD000000848,Shadowfax,2023-03-14 17:40:22,2023-03-22,2023-03-22 17:40:22,delivered
ORD000000849,BlueDart,2023-10-13 12:12:10,2023-10-16,2023-10-18 12:12:10,delivered
ORD000000850,XpressBees,2024-01-14 21:08:33,2024-01-19,2024-01-18 21:08:33,delivered
ORD000000851,Ekart,2024-03-04 03:17:33,2024-03-11,2024-03-12 03:17:33,delivered
ORD000000852,IndiaPost,2023-10-05 07:05:25,2023-10-09,,in_transit
ORD000000853,BlueDart,2023-08-23 16:20:40,2023-08-31,2023-09-02 16:20:40,delivered
ORD000000854,Ekart,2024-12-28 09:22:35,2024-12-30,2025-01-01 09:22:35,delivered
ORD000000855,XpressBees,2023-08-22 21:31:20,2023-08-26,2023-08-24 21:31:20,delivered
ORD000000856,XpressBees,2023-04-27 16:39:20,2023-05-02,2023-05-03 16:39:20,delivered
ORD000000858,XpressBees,2023-09-19 02:44:54,2023-09-24,2023-09-23 02:44:54,delivered
ORD000000859,IndiaPost,2023-11-09 23:07:34,2023-11-14,2023-11-15 23:07:34,delivered
ORD000000860,BlueDart,2024-04-14 07:29:52,2024-04-16,2024-04-17 07:29:52,delivered
ORD000000861,Delhivery,2024-03-26 18:35:21,2024-03-29,2024-03-28 18:35:21,delivered
ORD000000862,Ekart,2024-06-18 17:16:23,2024-06-20,2024-06-23 17:16:23,delivered
ORD000000863,Shadowfax,2023-05-13 00:41:17,2023-05-15,2023-05-14 00:41:17,delivered
ORD000000864,Delhivery,2023-02-05 07:43:52,2023-02-10,,in_transit
ORD000000865,Shadowfax,2024-09-07 21:33:52,2024-09-12,2024-09-14 21:33:52,delivered
ORD000000866,XpressBees,2023-07-06 15:32:44,2023-07-12,2023-07-16 15:32:44,delivered
ORD000000867,Shadowfax,2023-09-29 12:47:47,2023-10-03,2023-10-05 12:47:47,delivered
ORD000000868,XpressBees,2023-12-08 23:58:25,2023-12-12,2023-12-14 23:58:25,delivered
ORD000000869,Shadowfax,2024-07-04 07:49:59,2024-07-09,2024-07-08 07:49:59,delivered
ORD000000870,Shadowfax,2023-05-18 07:07:27,2023-05-22,2023-05-21 07:07:27,delivered
ORD000000871,Ekart,2024-10-31 23:37:30,2024-11-03,2024-11-02 23:37:30,delivered
ORD000000872,Ekart,2023-10-02 10:32:50,2023-10-05,2023-10-04 10:32:50,delivered
ORD000000874,Ekart,2023-09-03 00:50:02,2023-09-06,2023-09-06 00:50:02,delivered
ORD000000875,XpressBees,2024-07-11 18:41:18,2024-07-14,2024-07-13 18:41:18,delivered
ORD000000876,Ekart,2023-10-23 19:29:54,2023-10-28,2023-10-27 19:29:54,delivered
ORD000000877,Delhivery,2024-10-07 11:02:38,2024-10-10,2024-10-10 11:02:38,delivered
ORD000000878,Delhivery,2023-12-14 04:29:19,2023-12-22,2023-12-23 04:29:19,delivered
ORD000000879,Shadowfax,2024-10-22 12:13:15,2024-10-25,2024-10-25 12:13:15,delivered
ORD000000880,Delhivery,2024-08-05 17:17:39,2024-08-07,2024-08-12 17:17:39,delivered
ORD000000881,IndiaPost,2024-03-11 20:54:00,2024-03-16,2024-03-16 20:54:00,delivered
ORD000000882,BlueDart,2023-08-03 21:54:14,2023-08-07,2023-08-09 21:54:14,delivered
ORD000000883,Delhivery,2023-08-12 10:50:58,2023-08-14,2023-08-18 10:50:58,delivered
ORD000000885,Ekart,2024-11-12 02:14:39,2024-11-13,2024-11-15 02:14:39,delivered
ORD000000886,XpressBees,2023-04-27 08:15:17,2023-04-30,2023-05-01 08:15:17,delivered
ORD000000887,XpressBees,2023-06-23 13:47:15,2023-06-27,2023-06-24 13:47:15,delivered
ORD000000888,Shadowfax,2023-03-30 23:01:43,2023-04-07,2023-04-08 23:01:43,delivered
ORD000000889,Shadowfax,2023-06-21 05:24:04,2023-06-26,2023-06-27 05:24:04,delivered
ORD000000890,Ekart,2023-09-07 18:06:41,2023-09-10,2023-09-11 18:06:41,delivered
ORD000000892,XpressBees,2023-03-20 10:06:56,2023-03-24,2023-03-25 10:06:56,delivered
ORD000000893,Delhivery,2024-10-26 10:55:43,2024-10-31,2024-11-01 10:55:43,delivered
ORD000000894,XpressBees,2024-12-21 22:57:57,2024-12-25,2024-12-24 22:57:57,delivered
ORD000000896,BlueDart,2023-12-08 23:31:16,2023-12-13,2023-12-14 23:31:16,delivered
ORD000000897,BlueDart,2024-01-22 04:54:50,2024-01-24,2024-01-24 04:54:50,delivered
ORD000000898,Delhivery,2023-06-25 04:41:02,2023-06-27,2023-06-30 04:41:02,delivered
ORD000000899,BlueDart,2024-07-17 10:20:51,2024-07-20,2024-07-23 10:20:51,delivered
ORD000000900,Ekart,2024-03-06 11:47:48,2024-03-14,,in_transit
ORD000000901,BlueDart,2023-04-04 19:05:36,2023-04-06,2023-04-07 19:05:36,delivered
ORD000000902,Delhivery,2024-10-30 08:59:05,2024-11-07,2024-11-08 08:59:05,delivered
ORD000000903,Delhivery,2023-09-17 21:34:36,2023-09-22,2023-09-24 21:34:36,delivered
ORD000000904,Delhivery,2023-05-13 06:52:57,2023-05-18,2023-05-20 06:52:57,delivered
ORD000000906,IndiaPost,2023-03-26 12:56:57,2023-04-04,,in_transit
ORD000000907,IndiaPost,2023-02-17 14:34:06,2023-02-24,2023-02-25 14:34:06,delivered
ORD000000908,Shadowfax,2023-07-23 03:28:53,2023-07-25,2023-07-26 03:28:53,delivered
ORD000000909,Shadowfax,2023-10-01 23:15:52,2023-10-06,2023-10-05 23:15:52,delivered
ORD000000910,Delhivery,2023-11-19 16:58:39,2023-11-22,2023-11-20 16:58:39,delivered
ORD000000911,Delhivery,2024-06-06 15:34:56,2024-06-09,2024-06-09 15:34:56,delivered
ORD000000912,Shadowfax,2023-10-21 09:12:13,2023-10-26,2023-10-26 09:12:13,delivered
ORD000000914,IndiaPost,2023-01-03 02:14:19,2023-01-05,2023-01-09 02:14:19,delivered
ORD000000915,XpressBees,2023-10-28 09:37:41,2023-10-29,2023-10-30 09:37:41,delivered
ORD000000916,BlueDart,2024-11-28 22:57:40,2024-12-03,2024-12-02 22:57:40,delivered
ORD000000918,Delhivery,2024-07-26 00:16:06,2024-07-27,2024-07-29 00:16:06,delivered
ORD000000919,Ekart,2023-09-20 05:50:36,2023-09-22,2023-09-24 05:50:36,delivered
ORD000000920,Shadowfax,2023-12-29 05:23:34,2024-01-05,2024-01-07 05:23:34,delivered
ORD000000921,XpressBees,2024-10-11 14:53:00,2024-10-13,2024-10-08 14:53:00,delivered
ORD000000922,Ekart,2024-10-25 07:16:10,2024-10-27,2024-10-30 07:16:10,delivered
ORD000000923,BlueDart,2024-06-29 12:58:29,2024-07-01,2024-07-05 12:58:29,delivered
ORD000000924,IndiaPost,2023-12-08 17:29:46,2023-12-12,2023-12-12 17:29:46,delivered
ORD000000925,Delhivery,2023-02-28 20:53:04,2023-03-08,2023-03-11 20:53:04,delivered
ORD000000928,Shadowfax,2023-10-17 01:39:01,2023-10-18,2023-10-20 01:39:01,delivered
ORD000000929,BlueDart,2023-01-16 12:45:44,2023-01-18,2023-01-22 12:45:44,delivered
ORD000000930,IndiaPost,2023-11-20 16:38:50,2023-11-22,2023-11-23 16:38:50,delivered
ORD000000931,XpressBees,2024-03-23 05:04:59,2024-03-29,2024-03-31 05:04:59,delivered
ORD000000932,IndiaPost,2024-03-21 00:56:18,2024-03-22,,in_transit
ORD000000933,BlueDart,2024-02-15 10:31:47,2024-02-16,2024-02-18 10:31:47,delivered
ORD000000934,IndiaPost,2023-07-13 14:09:48,2023-07-18,2023-07-19 14:09:48,delivered
ORD000000935,BlueDart,2024-01-13 22:59:42,2024-01-16,2024-01-18 22:59:42,delivered
ORD000000936,Delhivery,2024-12-25 08:49:52,2024-12-30,2024-12-31 08:49:52,delivered
ORD000000937,Ekart,2023-11-29 23:25:02,2023-12-07,2023-12-06 23:25:02,delivered
ORD000000938,BlueDart,2024-10-24 10:32:02,2024-10-26,2024-10-25 10:32:02,delivered
ORD000000939,XpressBees,2023-10-26 01:14:08,2023-10-28,2023-11-01 01:14:08,delivered
ORD000000940,XpressBees,2024-04-13 19:03:51,2024-04-16,2024-04-16 19:03:51,delivered
ORD000000942,Shadowfax,2024-06-10 16:40:52,2024-06-11,2024-06-15 16:40:52,delivered
ORD000000943,Shadowfax,2024-10-30 22:16:07,2024-11-02,2024-10-31 22:16:07,delivered
ORD000000944,BlueDart,2023-11-27 07:25:34,2023-12-04,2023-12-07 07:25:34,delivered
ORD000000946,Ekart,2024-10-25 23:58:27,2024-10-31,2024-10-28 23:58:27,delivered
ORD000000947,XpressBees,2024-09-07 17:11:31,2024-09-13,2024-09-15 17:11:31,delivered
ORD000000948,Shadowfax,2023-01-18 05:38:54,2023-01-19,2023-01-19 05:38:54,delivered
ORD000000949,XpressBees,2023-01-02 13:48:43,2023-01-05,2023-01-06 13:48:43,delivered
ORD000000951,XpressBees,2024-07-16 16:51:50,2024-07-18,,delivered
ORD000000952,BlueDart,2024-12-10 12:06:45,2024-12-14,2024-12-15 12:06:45,delivered
ORD000000954,Shadowfax,2024-09-04 20:38:17,2024-09-06,2024-09-07 20:38:17,delivered
ORD000000955,IndiaPost,2024-09-16 05:34:45,2024-09-18,2024-09-20 05:34:45,delivered
ORD000000956,Shadowfax,2024-10-13 17:41:40,2024-10-16,2024-10-15 17:41:40,delivered
ORD000000957,Ekart,2024-06-12 14:39:42,2024-06-15,2024-06-13 14:39:42,delivered
ORD000000959,Delhivery,2024-06-02 20:28:49,2024-06-08,2024-06-07 20:28:49,delivered
ORD000000960,Ekart,2024-03-28 09:28:52,2024-04-02,2024-04-06 09:28:52,delivered
ORD000000962,XpressBees,2023-06-27 14:53:47,2023-06-29,2023-06-30 14:53:47,delivered
ORD000000963,Ekart,2024-10-26 15:18:59,2024-10-29,2024-10-29 15:18:59,delivered
ORD000000964,Shadowfax,2023-04-30 04:42:37,2023-05-04,2023-05-06 04:42:37,delivered
ORD000000965,Shadowfax,2023-11-10 03:40:10,2023-11-11,2023-11-14 03:40:10,delivered
ORD000000966,IndiaPost,2024-04-13 10:40:17,2024-04-15,2024-04-17 10:40:17,delivered
ORD000000967,Ekart,2024-12-22 20:49:27,2024-12-26,2024-12-27 20:49:27,delivered
ORD000000968,XpressBees,2024-05-24 21:59:31,2024-05-28,2024-05-28 21:59:31,delivered
ORD000000969,IndiaPost,2023-09-21 01:48:54,2023-09-28,2023-09-30 01:48:54,delivered
ORD000000970,BlueDart,2023-02-18 04:44:11,2023-02-21,2023-02-21 04:44:11,delivered
ORD000000971,Ekart,2023-10-01 02:47:19,2023-10-03,2023-10-03 02:47:19,delivered
ORD000000972,IndiaPost,2023-09-09 20:27:53,2023-09-11,2023-09-11 20:27:53,delivered
ORD000000973,BlueDart,2024-09-30 16:08:54,2024-10-04,2024-10-03 16:08:54,delivered
ORD000000974,Shadowfax,2023-10-25 17:59:44,2023-10-27,2023-10-31 17:59:44,delivered
ORD000000975,XpressBees,2023-03-23 10:02:36,2023-03-31,2023-04-03 10:02:36,delivered
ORD000000978,BlueDart,2023-01-01 16:47:15,2023-01-05,2023-01-03 16:47:15,delivered
ORD000000980,IndiaPost,2023-02-26 09:42:46,2023-03-05,2023-03-06 09:42:46,delivered
ORD000000981,IndiaPost,2023-06-01 12:23:44,2023-06-03,,delivered
ORD000000982,Ekart,2024-12-29 01:09:13,2024-12-31,2025-01-02 01:09:13,delivered
ORD000000983,Delhivery,2024-10-09 11:05:50,2024-10-12,2024-10-13 11:05:50,delivered
ORD000000984,XpressBees,2024-08-14 04:41:02,2024-08-22,2024-08-25 04:41:02,delivered
ORD000000985,Shadowfax,2024-05-26 01:10:47,2024-05-27,2024-05-29 01:10:47,delivered
ORD000000986,Shadowfax,2023-02-07 03:42:15,2023-02-09,2023-02-10 03:42:15,delivered
ORD000000987,Ekart,2024-10-07 11:32:16,2024-10-11,2024-10-12 11:32:16,delivered
ORD000000988,Shadowfax,2023-12-22 16:31:35,2023-12-24,2023-12-26 16:31:35,delivered
ORD000000989,BlueDart,2023-03-23 00:02:48,2023-03-28,2023-03-28 00:02:48,delivered
ORD000000990,Shadowfax,2023-09-15 22:20:22,2023-09-19,,in_transit
ORD000000991,Delhivery,2024-01-03 18:46:16,2024-01-10,2024-01-09 18:46:16,delivered
ORD000000992,Shadowfax,2023-01-08 09:56:10,2023-01-12,2023-01-12 09:56:10,delivered
ORD000000993,XpressBees,2023-08-05 11:40:24,2023-08-08,2023-08-09 11:40:24,delivered
ORD000000994,BlueDart,2023-10-07 05:20:27,2023-10-11,,in_transit
ORD000000995,BlueDart,2023-12-16 17:34:39,2023-12-19,2023-12-17 17:34:39,delivered
ORD000000997,Delhivery,2024-02-23 07:16:15,2024-02-25,2024-02-26 07:16:15,delivered
ORD000000998,Shadowfax,2023-06-18 22:06:13,2023-06-21,2023-06-23 22:06:13,delivered
ORD000000999,BlueDart,2024-03-21 18:04:37,2024-03-23,2024-03-27 18:04:37,delivered
ORD000001000,XpressBees,2023-07-24 05:47:03,2023-07-28,2023-08-01 05:47:03,delivered
ORD000001001,Delhivery,2023-11-01 19:24:09,2023-11-03,2023-11-04 19:24:09,delivered
ORD000001002,Delhivery,2024-04-13 17:07:04,2024-04-17,2024-04-20 17:07:04,delivered
ORD000001003,Shadowfax,2024-05-13 00:36:15,2024-05-15,2024-05-17 00:36:15,delivered
ORD000001004,Ekart,2023-01-22 21:32:29,2023-01-27,2023-01-29 21:32:29,delivered
ORD000001005,BlueDart,2024-01-28 09:49:31,2024-01-29,2024-01-31 09:49:31,delivered
ORD000001006,XpressBees,2024-09-28 20:35:30,2024-10-01,2024-10-01 20:35:30,delivered
ORD000001007,Delhivery,2023-06-27 02:18:16,2023-06-29,2023-07-01 02:18:16,delivered
ORD000001008,XpressBees,2024-01-25 14:31:06,2024-01-31,,delivered
ORD000001009,Shadowfax,2023-12-01 14:09:19,2023-12-04,2023-12-02 14:09:19,delivered
ORD000001010,BlueDart,2024-10-12 18:03:33,2024-10-14,,in_transit
ORD000001012,Delhivery,2024-11-28 17:38:25,2024-12-01,2024-12-05 17:38:25,delivered
ORD000001013,Delhivery,2024-05-09 13:17:21,2024-05-14,2024-05-17 13:17:21,delivered
ORD000001015,BlueDart,2023-09-08 21:42:21,2023-09-12,2023-09-10 21:42:21,delivered
ORD000001016,Shadowfax,2024-03-21 19:23:33,2024-03-24,2024-03-25 19:23:33,delivered
ORD000001017,BlueDart,2023-04-22 05:27:21,2023-04-23,2023-04-24 05:27:21,delivered
ORD000001018,IndiaPost,2023-11-06 12:17:26,2023-11-10,2023-11-11 12:17:26,delivered
ORD000001019,Shadowfax,2023-09-02 15:17:47,2023-09-05,2023-09-06 15:17:47,delivered
ORD000001020,Ekart,2024-05-25 01:38:49,2024-05-26,2024-05-29 01:38:49,delivered
ORD000001021,BlueDart,2024-08-14 16:55:08,2024-08-17,2024-08-19 16:55:08,delivered
ORD000001022,Shadowfax,2024-11-14 12:38:44,2024-11-18,2024-11-17 12:38:44,delivered
ORD000001023,BlueDart,2023-07-10 00:20:23,2023-07-12,2023-07-15 00:20:23,delivered
ORD000001024,Delhivery,2024-10-27 03:44:40,2024-10-30,2024-10-30 03:44:40,delivered
ORD000001025,Ekart,2024-10-10 21:57:28,2024-10-12,2024-10-14 21:57:28,delivered
ORD000001026,Ekart,2024-10-18 22:13:36,2024-10-20,2024-10-21 22:13:36,delivered
ORD000001027,XpressBees,2024-07-26 11:47:01,2024-07-28,2024-07-28 11:47:01,delivered
ORD000001028,IndiaPost,2023-08-19 11:59:33,2023-08-22,2023-08-23 11:59:33,delivered
ORD000001029,XpressBees,2024-10-24 08:45:18,2024-10-27,2024-10-30 08:45:18,delivered
ORD000001030,XpressBees,2024-03-24 21:04:08,2024-03-26,2024-03-30 21:04:08,delivered
ORD000001031,Delhivery,2024-07-25 01:54:46,2024-08-02,2024-08-01 01:54:46,delivered
ORD000001032,XpressBees,2023-06-25 10:41:23,2023-06-28,,in_transit
ORD000001033,XpressBees,2023-05-14 05:34:28,2023-05-19,2023-05-18 05:34:28,delivered
ORD000001034,Delhivery,2023-08-25 17:33:45,2023-09-02,2023-09-04 17:33:45,delivered
ORD000001035,BlueDart,2024-01-07 09:23:30,2024-01-14,2024-01-13 09:23:30,delivered
ORD000001036,XpressBees,2023-11-06 17:02:36,2023-11-10,2023-11-12 17:02:36,delivered
ORD000001037,Ekart,2024-10-28 08:33:19,2024-11-01,,in_transit
ORD000001038,XpressBees,2023-01-08 09:13:43,2023-01-13,2023-01-11 09:13:43,delivered
ORD000001039,Ekart,2023-03-07 18:59:53,2023-03-10,2023-03-04 18:59:53,delivered
ORD000001040,BlueDart,2023-10-04 19:17:55,2023-10-09,2023-10-09 19:17:55,delivered
ORD000001041,Ekart,2023-05-22 16:31:58,2023-05-28,2023-05-28 16:31:58,delivered
ORD000001042,Delhivery,2023-11-04 04:35:30,2023-11-08,2023-11-09 04:35:30,delivered
ORD000001043,BlueDart,2024-07-05 10:18:52,2024-07-10,2024-07-10 10:18:52,delivered
ORD000001044,Ekart,2024-12-31 00:55:52,2025-01-01,2025-01-06 00:55:52,delivered
ORD000001045,IndiaPost,2023-06-22 04:36:43,2023-06-24,2023-06-27 04:36:43,delivered
ORD000001047,Shadowfax,2024-08-18 17:03:28,2024-08-26,,in_transit
ORD000001048,Delhivery,2023-08-22 07:08:49,2023-08-29,2023-09-01 07:08:49,delivered
ORD000001049,XpressBees,2024-06-23 17:54:50,2024-06-25,2024-06-26 17:54:50,delivered
ORD000001050,XpressBees,2024-03-11 09:01:16,2024-03-13,2024-03-13 09:01:16,delivered
ORD000001051,BlueDart,2024-10-13 19:48:42,2024-10-16,,in_transit
ORD000001052,Shadowfax,2023-01-26 04:06:55,2023-01-27,2023-01-28 04:06:55,delivered
ORD000001053,Shadowfax,2024-12-26 18:22:12,2024-12-30,2024-12-29 18:22:12,delivered
ORD000001054,XpressBees,2024-12-15 13:58:45,2024-12-24,2024-12-22 13:58:45,delivered
ORD000001055,IndiaPost,2023-01-16 12:02:17,2023-01-18,2023-01-17 12:02:17,delivered
ORD000001056,Shadowfax,2024-01-01 06:30:04,2024-01-06,2024-01-05 06:30:04,delivered
ORD000001057,Shadowfax,2023-11-02 01:09:14,2023-11-03,2023-11-04 01:09:14,delivered
ORD000001058,Delhivery,2023-08-07 14:06:45,2023-08-09,2023-08-09 14:06:45,delivered
ORD000001059,Shadowfax,2024-12-25 20:34:32,2024-12-28,2025-01-01 20:34:32,delivered
ORD000001060,XpressBees,2023-05-30 02:36:12,2023-06-01,2023-06-01 02:36:12,delivered
ORD000001061,Shadowfax,2023-08-15 04:43:35,2023-08-17,2023-08-17 04:43:35,delivered
ORD000001062,XpressBees,2023-01-05 00:45:42,2023-01-12,2023-01-12 00:45:42,delivered
ORD000001063,Shadowfax,2024-03-07 14:23:54,2024-03-10,2024-03-10 14:23:54,delivered
ORD000001064,Delhivery,2024-10-17 09:19:22,2024-10-21,2024-10-24 09:19:22,delivered
ORD000001065,IndiaPost,2024-04-12 05:56:19,2024-04-17,2024-04-19 05:56:19,delivered
ORD000001066,BlueDart,2024-05-08 11:13:32,2024-05-13,2024-05-12 11:13:32,delivered
ORD000001068,Ekart,2024-07-03 01:37:10,2024-07-04,2024-07-05 01:37:10,delivered
ORD000001070,XpressBees,2023-12-25 07:25:46,2023-12-27,2023-12-28 07:25:46,delivered
ORD000001071,XpressBees,2024-03-11 12:20:16,2024-03-14,2024-03-16 12:20:16,delivered
ORD000001072,Ekart,2024-12-26 08:46:42,2024-12-27,2024-12-23 08:46:42,delivered
ORD000001073,Ekart,2024-07-31 19:38:49,2024-08-04,2024-08-05 19:38:49,delivered
ORD000001076,XpressBees,2023-01-26 17:41:04,2023-01-28,2023-01-30 17:41:04,delivered
ORD000001077,Shadowfax,2024-01-30 22:57:35,2024-02-01,2024-02-03 22:57:35,delivered
ORD000001078,XpressBees,2024-05-16 09:44:20,2024-05-21,,delivered
ORD000001079,BlueDart,2024-06-22 14:44:44,2024-06-25,2024-06-27 14:44:44,delivered
ORD000001080,BlueDart,2024-03-31 08:26:35,2024-04-02,2024-04-04 08:26:35,delivered
ORD000001081,IndiaPost,2023-09-16 16:21:09,2023-09-18,2023-09-21 16:21:09,delivered
ORD000001082,BlueDart,2023-07-09 04:18:19,2023-07-12,2023-07-12 04:18:19,delivered
ORD000001083,XpressBees,2023-03-17 02:44:44,2023-03-18,2023-03-20 02:44:44,delivered
ORD000001084,Shadowfax,2024-06-22 18:29:40,2024-06-24,2024-06-27 18:29:40,delivered
ORD000001085,IndiaPost,2024-12-21 06:53:02,2024-12-24,2024-12-25 06:53:02,delivered
ORD000001086,Shadowfax,2024-01-18 21:08:23,2024-01-21,2024-01-19 21:08:23,delivered
ORD000001087,IndiaPost,2024-05-27 06:03:27,2024-06-01,2024-06-02 06:03:27,delivered
ORD000001088,BlueDart,2024-06-14 13:00:21,2024-06-16,,delivered
ORD000001089,Ekart,2023-05-17 19:10:33,2023-05-20,2023-05-19 19:10:33,delivered
ORD000001090,BlueDart,2023-06-13 14:24:22,2023-06-16,2023-06-20 14:24:22,delivered
ORD000001092,BlueDart,2024-11-19 13:44:54,2024-11-20,2024-11-24 13:44:54,delivered
ORD000001093,BlueDart,2023-01-10 01:44:41,2023-01-13,2023-01-16 01:44:41,delivered
ORD000001094,Shadowfax,2024-02-01 11:52:47,2024-02-06,2024-02-07 11:52:47,delivered
ORD000001095,XpressBees,2023-10-23 19:11:15,2023-10-27,2023-10-25 19:11:15,delivered
ORD000001096,Ekart,2024-05-15 11:13:06,2024-05-18,2024-05-19 11:13:06,delivered
ORD000001097,Delhivery,2023-07-07 11:32:53,2023-07-11,2023-07-13 11:32:53,delivered
ORD000001098,Delhivery,2024-12-13 17:47:04,2024-12-15,2024-12-14 17:47:04,delivered
ORD000001099,BlueDart,2023-10-06 00:25:13,2023-10-08,2023-10-08 00:25:13,delivered
ORD000001100,Shadowfax,2024-11-11 16:54:17,2024-11-15,2024-11-19 16:54:17,delivered
ORD000001101,Ekart,2024-03-15 10:29:04,2024-03-19,2024-03-23 10:29:04,delivered
ORD000001102,IndiaPost,2023-11-05 01:14:43,2023-11-08,,in_transit
ORD000001103,Ekart,2024-07-18 22:55:52,2024-07-21,2024-07-22 22:55:52,delivered
ORD000001104,Ekart,2024-02-12 21:28:14,2024-02-14,2024-02-14 21:28:14,delivered
ORD000001105,Delhivery,2023-04-27 20:30:32,2023-04-30,2023-05-01 20:30:32,delivered
ORD000001107,BlueDart,2024-03-06 08:52:06,2024-03-11,2024-03-15 08:52:06,delivered
ORD000001108,Ekart,2024-02-22 09:06:32,2024-02-26,2024-02-26 09:06:32,delivered
ORD000001109,Ekart,2024-07-23 02:01:49,2024-07-26,2024-07-28 02:01:49,delivered
ORD000001110,Delhivery,2024-05-10 03:00:52,2024-05-15,2024-05-18 03:00:52,delivered
ORD000001111,IndiaPost,2023-10-20 09:25:06,2023-10-25,2023-10-25 09:25:06,delivered
ORD000001112,BlueDart,2023-10-01 17:03:44,2023-10-05,2023-10-02 17:03:44,delivered
ORD000001113,Ekart,2023-08-05 01:36:00,2023-08-09,2023-08-11 01:36:00,delivered
ORD000001114,Ekart,2024-03-02 19:26:46,2024-03-10,2024-03-11 19:26:46,delivered
ORD000001115,Ekart,2023-09-17 01:22:03,2023-09-23,2023-09-27 01:22:03,delivered
ORD000001116,Shadowfax,2023-04-12 07:40:42,2023-04-18,2023-04-23 07:40:42,delivered
ORD000001117,BlueDart,2024-09-01 00:48:29,2024-09-03,2024-09-02 00:48:29,delivered
ORD000001119,Ekart,2023-05-21 16:13:11,2023-05-23,2023-05-25 16:13:11,delivered
ORD000001120,Ekart,2024-10-11 17:35:11,2024-10-14,2024-10-17 17:35:11,delivered
ORD000001121,Shadowfax,2024-06-20 18:48:42,2024-06-23,2024-06-22 18:48:42,delivered
ORD000001122,IndiaPost,2024-08-17 06:06:09,2024-08-20,2024-08-23 06:06:09,delivered
ORD000001123,IndiaPost,2023-10-13 06:06:41,2023-10-15,2023-10-15 06:06:41,delivered
ORD000001124,XpressBees,2024-04-09 02:59:16,2024-04-10,2024-04-14 02:59:16,delivered
ORD000001125,IndiaPost,2024-11-16 20:58:13,2024-11-20,2024-11-18 20:58:13,delivered
ORD000001126,BlueDart,2023-09-01 01:40:03,2023-09-05,2023-09-07 01:40:03,delivered
ORD000001127,Delhivery,2023-02-27 00:52:43,2023-03-01,2023-03-02 00:52:43,delivered
ORD000001129,BlueDart,2024-10-31 19:08:35,2024-11-04,2024-11-05 19:08:35,delivered
ORD000001130,Shadowfax,2023-08-31 03:06:50,2023-09-01,2023-09-02 03:06:50,delivered
ORD000001131,BlueDart,2023-12-30 05:24:02,2024-01-06,2024-01-07 05:24:02,delivered
ORD000001132,Delhivery,2024-01-27 23:50:33,2024-02-04,2024-02-04 23:50:33,delivered
ORD000001133,XpressBees,2024-12-13 09:20:20,2024-12-15,2024-12-14 09:20:20,delivered
ORD000001134,Ekart,2023-09-17 10:08:29,2023-09-19,2023-09-22 10:08:29,delivered
ORD000001135,XpressBees,2024-01-15 02:42:20,2024-01-20,2024-01-21 02:42:20,delivered
ORD000001136,Ekart,2024-12-10 16:41:46,2024-12-15,2024-12-17 16:41:46,delivered
ORD000001137,Ekart,2023-06-21 16:36:55,2023-06-25,2023-06-28 16:36:55,delivered
ORD000001139,BlueDart,2023-02-21 14:38:18,2023-02-26,2023-03-01 14:38:18,delivered
ORD000001140,IndiaPost,2023-08-15 21:29:48,2023-08-16,2023-08-18 21:29:48,delivered
ORD000001141,Ekart,2023-02-26 09:25:13,2023-03-01,2023-02-28 09:25:13,delivered
ORD000001142,Ekart,2023-10-04 11:50:11,2023-10-10,2023-10-08 11:50:11,delivered
ORD000001143,IndiaPost,2023-06-26 10:07:19,2023-07-01,2023-06-23 10:07:19,delivered
ORD000001144,Shadowfax,2024-09-13 12:47:23,2024-09-19,2024-09-18 12:47:23,delivered
ORD000001145,XpressBees,2023-12-16 00:25:11,2023-12-17,,in_transit
ORD000001146,BlueDart,2023-11-02 23:10:14,2023-11-06,,in_transit
ORD000001147,Shadowfax,2024-06-12 12:27:48,2024-06-16,2024-06-16 12:27:48,delivered
ORD000001148,Delhivery,2024-12-02 02:42:45,2024-12-09,2024-12-13 02:42:45,delivered
ORD000001149,XpressBees,2023-09-18 03:34:41,2023-09-20,2023-09-19 03:34:41,delivered
ORD000001151,Ekart,2023-04-03 01:52:37,2023-04-06,2023-04-06 01:52:37,delivered
ORD000001152,Ekart,2024-10-14 20:26:09,2024-10-17,2024-10-17 20:26:09,delivered
ORD000001153,BlueDart,2024-10-10 07:57:57,2024-10-14,2024-10-15 07:57:57,delivered
ORD000001154,XpressBees,2023-12-24 22:16:07,2024-01-02,2024-01-03 22:16:07,delivered
ORD000001155,Ekart,2023-05-06 16:05:16,2023-05-07,2023-05-13 16:05:16,delivered
ORD000001156,Ekart,2024-01-21 09:22:25,2024-01-23,2024-01-24 09:22:25,delivered
ORD000001157,Ekart,2024-05-24 00:33:00,2024-05-26,2024-05-28 00:33:00,delivered
ORD000001158,Shadowfax,2023-10-07 20:34:45,2023-10-09,2023-10-13 20:34:45,delivered
ORD000001159,Delhivery,2023-03-10 12:39:15,2023-03-11,2023-03-12 12:39:15,delivered
ORD000001161,XpressBees,2024-06-10 17:01:11,2024-06-16,2024-06-14 17:01:11,delivered
ORD000001162,Shadowfax,2024-12-26 16:28:19,2024-12-31,2024-12-31 16:28:19,delivered
ORD000001163,BlueDart,2023-06-10 23:52:42,2023-06-19,,in_transit
ORD000001164,Ekart,2024-11-05 13:40:55,2024-11-07,2024-11-10 13:40:55,delivered
ORD000001165,XpressBees,2023-12-09 01:28:37,2023-12-14,2023-12-18 01:28:37,delivered
ORD000001166,Delhivery,2024-05-18 15:39:07,2024-05-20,2024-05-21 15:39:07,delivered
ORD000001168,IndiaPost,2024-02-16 02:46:34,2024-02-20,,in_transit
ORD000001169,Shadowfax,2023-02-20 03:53:29,2023-02-22,2023-02-26 03:53:29,delivered
ORD000001170,Shadowfax,2023-08-18 20:51:57,2023-08-20,2023-08-23 20:51:57,delivered
ORD000001171,BlueDart,2024-09-16 17:35:45,2024-09-20,2024-09-21 17:35:45,delivered
ORD000001172,XpressBees,2024-02-12 11:20:10,2024-02-17,2024-02-18 11:20:10,delivered
ORD000001173,BlueDart,2023-10-04 12:57:11,2023-10-10,2023-10-08 12:57:11,delivered
ORD000001174,IndiaPost,2024-03-10 08:01:33,2024-03-17,2024-03-22 08:01:33,delivered
ORD000001175,Delhivery,2023-08-19 19:43:54,2023-08-24,2023-08-24 19:43:54,delivered
ORD000001176,BlueDart,2023-07-26 13:19:29,2023-07-30,2023-07-31 13:19:29,delivered
ORD000001177,Ekart,2024-10-05 10:41:39,2024-10-08,2024-10-09 10:41:39,delivered
ORD000001178,Delhivery,2023-10-31 22:56:49,2023-11-04,,delivered
ORD000001179,Delhivery,2023-08-23 23:58:21,2023-08-28,,delivered
ORD000001180,BlueDart,2023-11-04 16:21:07,2023-11-08,2023-11-09 16:21:07,delivered
ORD000001182,Ekart,2023-06-03 10:58:40,2023-06-06,2023-06-05 10:58:40,delivered
ORD000001183,XpressBees,2023-06-07 19:59:01,2023-06-15,2023-06-15 19:59:01,delivered
ORD000001184,Shadowfax,2023-10-14 08:15:55,2023-10-15,2023-10-16 08:15:55,delivered
ORD000001185,Shadowfax,2023-02-18 21:25:46,2023-02-20,2023-02-21 21:25:46,delivered
ORD000001186,IndiaPost,2023-03-03 02:21:56,2023-03-06,2023-03-08 02:21:56,delivered
ORD000001187,XpressBees,2023-01-06 10:34:54,2023-01-11,2023-01-13 10:34:54,delivered
ORD000001188,Delhivery,2023-05-04 10:58:26,2023-05-06,2023-05-09 10:58:26,delivered
ORD000001190,Shadowfax,2023-06-18 13:44:20,2023-06-20,2023-06-19 13:44:20,delivered
ORD000001191,XpressBees,2023-10-26 00:00:43,2023-10-28,2023-10-30 00:00:43,delivered
ORD000001192,IndiaPost,2024-06-24 04:56:01,2024-06-27,2024-06-30 04:56:01,delivered
ORD000001193,Ekart,2023-01-25 20:36:47,2023-01-26,2023-01-28 20:36:47,delivered
ORD000001194,XpressBees,2023-06-29 03:22:07,2023-06-30,2023-07-02 03:22:07,delivered
ORD000001195,Delhivery,2024-12-31 21:22:18,2025-01-02,2025-01-02 21:22:18,delivered
ORD000001196,Ekart,2024-03-22 00:02:34,2024-03-24,2024-03-25 00:02:34,delivered
ORD000001197,Shadowfax,2024-05-15 13:07:16,2024-05-19,2024-05-19 13:07:16,delivered
ORD000001198,XpressBees,2024-01-10 09:52:43,2024-01-15,2024-01-17 09:52:43,delivered
ORD000001199,Ekart,2024-12-17 22:46:45,2024-12-21,2024-12-22 22:46:45,delivered
ORD000001200,Ekart,2023-05-03 01:49:03,2023-05-09,2023-05-09 01:49:03,delivered
ORD000001201,IndiaPost,2023-02-25 10:33:09,2023-02-27,2023-02-28 10:33:09,delivered
ORD000001202,XpressBees,2024-09-29 22:17:06,2024-10-03,2024-10-02 22:17:06,delivered
ORD000001203,Ekart,2023-01-03 01:25:41,2023-01-06,2023-01-05 01:25:41,delivered
ORD000001204,XpressBees,2024-02-20 11:20:54,2024-02-21,2024-02-25 11:20:54,delivered
ORD000001205,Shadowfax,2023-01-01 16:41:01,2023-01-09,2023-01-10 16:41:01,delivered
ORD000001206,XpressBees,2023-10-11 18:52:24,2023-10-15,2023-10-16 18:52:24,delivered
ORD000001208,Shadowfax,2024-02-07 15:28:05,2024-02-14,2024-02-16 15:28:05,delivered
ORD000001209,Shadowfax,2024-02-18 05:43:00,2024-02-25,2024-02-26 05:43:00,delivered
ORD000001211,Shadowfax,2023-09-12 03:20:07,2023-09-16,2023-09-18 03:20:07,delivered
ORD000001212,BlueDart,2024-06-28 17:17:31,2024-07-02,2024-07-02 17:17:31,delivered
ORD000001213,Shadowfax,2023-01-16 13:58:01,2023-01-18,2023-01-19 13:58:01,delivered
ORD000001214,BlueDart,2024-03-21 01:12:50,2024-03-23,2024-03-25 01:12:50,delivered
ORD000001215,BlueDart,2024-01-11 05:41:09,2024-01-19,2024-01-20 05:41:09,delivered
ORD000001216,XpressBees,2023-10-09 12:28:57,2023-10-14,2023-10-16 12:28:57,delivered
ORD000001217,Shadowfax,2023-10-07 18:31:46,2023-10-12,2023-10-14 18:31:46,delivered
ORD000001219,BlueDart,2023-10-27 13:53:53,2023-10-29,2023-10-31 13:53:53,delivered
ORD000001220,BlueDart,2023-03-07 13:17:27,2023-03-10,2023-03-13 13:17:27,delivered
ORD000001221,Delhivery,2024-12-15 06:09:26,2024-12-19,,in_transit
ORD000001222,BlueDart,2023-04-20 07:43:53,2023-04-25,2023-04-28 07:43:53,delivered
ORD000001223,Ekart,2024-09-13 06:09:58,2024-09-15,,delivered
ORD000001224,Shadowfax,2023-01-08 18:51:09,2023-01-12,,delivered
ORD000001225,Shadowfax,2023-10-22 10:47:01,2023-10-23,2023-10-24 10:47:01,delivered
ORD000001227,Shadowfax,2023-01-21 18:51:23,2023-01-27,2023-01-29 18:51:23,delivered
ORD000001228,Ekart,2024-07-18 14:23:34,2024-07-23,2024-07-24 14:23:34,delivered
ORD000001229,Ekart,2023-08-13 00:19:49,2023-08-15,2023-08-17 00:19:49,delivered
ORD000001230,Shadowfax,2024-02-01 01:12:28,2024-02-04,2024-02-02 01:12:28,delivered
ORD000001231,IndiaPost,2024-09-08 16:25:58,2024-09-11,2024-09-10 16:25:58,delivered
ORD000001232,Delhivery,2024-03-16 11:42:59,2024-03-23,2024-03-24 11:42:59,delivered
ORD000001233,BlueDart,2023-12-08 21:37:25,2023-12-11,2023-12-14 21:37:25,delivered
ORD000001234,IndiaPost,2023-10-08 08:19:56,2023-10-14,2023-10-16 08:19:56,delivered
ORD000001235,BlueDart,2023-02-04 23:03:04,2023-02-08,2023-02-09 23:03:04,delivered
ORD000001236,IndiaPost,2024-11-04 14:39:20,2024-11-06,2024-11-08 14:39:20,delivered
ORD000001237,IndiaPost,2024-03-17 13:57:10,2024-03-21,2024-03-24 13:57:10,delivered
ORD000001238,BlueDart,2024-04-21 03:15:42,2024-04-23,2024-04-23 03:15:42,delivered
ORD000001240,Ekart,2023-10-24 01:44:36,2023-10-26,2023-10-27 01:44:36,delivered
ORD000001241,BlueDart,2023-02-06 18:03:17,2023-02-08,2023-02-03 18:03:17,delivered
ORD000001242,Shadowfax,2023-05-25 05:28:37,2023-05-29,2023-06-02 05:28:37,delivered
ORD000001243,XpressBees,2023-11-13 06:36:06,2023-11-15,2023-11-17 06:36:06,delivered
ORD000001246,Ekart,2024-02-06 04:30:57,2024-02-08,2024-02-09 04:30:57,delivered
ORD000001247,Ekart,2023-12-16 09:36:33,2023-12-18,2023-12-20 09:36:33,delivered
ORD000001248,Shadowfax,2023-11-08 13:07:47,2023-11-15,2099-01-01 00:00:00,delivered
ORD000001249,Ekart,2024-09-01 09:34:07,2024-09-03,2024-09-05 09:34:07,delivered
ORD000001250,Ekart,2024-03-24 17:33:47,2024-03-26,2024-03-28 17:33:47,delivered
ORD000001251,IndiaPost,2023-01-02 17:23:05,2023-01-06,2023-01-08 17:23:05,delivered
ORD000001252,Ekart,2024-08-11 19:09:48,2024-08-15,2024-08-13 19:09:48,delivered
ORD000001253,XpressBees,2023-12-27 18:46:48,2023-12-30,2023-12-29 18:46:48,delivered
ORD000001254,Ekart,2024-01-11 23:20:46,2024-01-16,2024-01-17 23:20:46,delivered
ORD000001255,Shadowfax,2024-10-28 10:21:11,2024-11-01,2024-11-04 10:21:11,delivered
ORD000001256,Delhivery,2023-04-01 11:11:51,2023-04-07,2023-04-08 11:11:51,delivered
ORD000001257,Delhivery,2024-03-25 09:16:39,2024-03-27,2024-03-29 09:16:39,delivered
ORD000001258,Delhivery,2023-08-31 19:09:15,2023-09-02,2023-09-03 19:09:15,delivered
ORD000001259,BlueDart,2023-01-28 21:13:50,2023-02-01,2023-02-06 21:13:50,delivered
ORD000001260,Delhivery,2023-11-22 04:36:42,2023-11-24,2023-11-25 04:36:42,delivered
ORD000001261,XpressBees,2023-09-02 07:39:27,2023-09-09,2023-09-09 07:39:27,delivered
ORD000001262,BlueDart,2023-01-02 06:13:48,2023-01-09,2023-01-12 06:13:48,delivered
ORD000001263,IndiaPost,2023-12-31 20:01:57,2024-01-02,2024-01-03 20:01:57,delivered
ORD000001264,XpressBees,2023-09-26 03:31:43,2023-09-27,2023-09-28 03:31:43,delivered
ORD000001265,BlueDart,2023-11-20 09:52:47,2023-11-22,2023-11-25 09:52:47,delivered
ORD000001266,IndiaPost,2023-01-07 12:48:07,2023-01-09,2023-01-08 12:48:07,delivered
ORD000001267,Ekart,2023-11-02 00:54:25,2023-11-03,2023-11-07 00:54:25,delivered
ORD000001268,Shadowfax,2023-12-21 13:53:37,2023-12-23,2023-12-24 13:53:37,delivered
ORD000001269,Ekart,2023-12-16 15:33:15,2023-12-20,2023-12-19 15:33:15,delivered
ORD000001270,XpressBees,2024-07-04 21:37:23,2024-07-08,2024-07-09 21:37:23,delivered
ORD000001272,Ekart,2023-01-21 08:38:01,2023-01-23,2023-01-25 08:38:01,delivered
ORD000001273,XpressBees,2023-10-30 15:18:14,2023-11-02,2023-10-31 15:18:14,delivered
ORD000001274,BlueDart,2024-10-14 15:44:33,2024-10-16,2024-10-20 15:44:33,delivered
ORD000001275,Ekart,2024-04-15 17:00:23,2024-04-20,2024-04-18 17:00:23,delivered
ORD000001277,Delhivery,2024-07-01 11:47:45,2024-07-05,2024-07-06 11:47:45,delivered
ORD000001278,BlueDart,2024-07-12 11:27:42,2024-07-14,2024-07-15 11:27:42,delivered
ORD000001280,Ekart,2023-08-24 20:40:07,2023-08-29,2023-08-28 20:40:07,delivered
ORD000001281,BlueDart,2024-03-10 12:15:09,2024-03-12,2024-03-14 12:15:09,delivered
ORD000001282,XpressBees,2024-01-16 12:15:54,2024-01-19,2024-01-22 12:15:54,delivered
ORD000001283,Delhivery,2024-08-13 21:17:44,2024-08-15,2024-08-18 21:17:44,delivered
ORD000001284,BlueDart,2024-12-31 08:14:42,2025-01-03,2025-01-08 08:14:42,delivered
ORD000001285,BlueDart,2023-06-27 10:13:59,2023-06-29,2023-06-29 10:13:59,delivered
ORD000001286,XpressBees,2023-11-14 07:51:16,2023-11-17,2023-11-15 07:51:16,delivered
ORD000001287,XpressBees,2024-10-21 05:07:45,2024-10-26,2024-10-27 05:07:45,delivered
ORD000001288,Shadowfax,2024-10-07 17:34:34,2024-10-14,2024-10-14 17:34:34,delivered
ORD000001289,IndiaPost,2024-09-30 16:34:40,2024-10-05,2024-10-05 16:34:40,delivered
ORD000001290,BlueDart,2024-04-11 03:09:13,2024-04-16,2024-04-14 03:09:13,delivered
ORD000001291,Shadowfax,2024-12-30 15:00:41,2025-01-02,2025-01-03 15:00:41,delivered
ORD000001292,Delhivery,2023-10-16 19:15:41,2023-10-18,2023-10-23 19:15:41,delivered
ORD000001294,IndiaPost,2023-04-22 07:25:11,2023-04-25,2023-04-24 07:25:11,delivered
ORD000001295,Delhivery,2023-11-21 14:56:43,2023-11-26,2023-11-29 14:56:43,delivered
ORD000001296,BlueDart,2024-09-18 21:48:33,2024-09-22,2024-09-22 21:48:33,delivered
ORD000001297,Ekart,2023-12-07 08:48:46,2023-12-10,2023-12-14 08:48:46,delivered
ORD000001298,Shadowfax,2024-04-03 13:41:31,2024-04-10,2024-04-13 13:41:31,delivered
ORD000001299,Delhivery,2023-10-15 04:48:02,2023-10-18,2023-10-21 04:48:02,delivered
ORD000001300,Ekart,2024-07-02 20:23:29,2024-07-09,2024-07-12 20:23:29,delivered
ORD000001301,Shadowfax,2023-05-09 22:07:43,2023-05-13,2023-05-10 22:07:43,delivered
ORD000001303,Shadowfax,2023-06-06 13:08:19,2023-06-11,2023-06-12 13:08:19,delivered
ORD000001304,Ekart,2023-12-20 22:11:33,2023-12-28,2023-12-27 22:11:33,delivered
ORD000001305,Shadowfax,2023-11-16 08:31:08,2023-11-19,2023-11-21 08:31:08,delivered
ORD000001306,Delhivery,2024-03-28 01:28:21,2024-04-02,2024-03-31 01:28:21,delivered
ORD000001307,IndiaPost,2024-01-05 16:04:06,2024-01-07,2024-01-13 16:04:06,delivered
ORD000001308,Ekart,2024-12-25 12:17:38,2024-12-30,,delivered
ORD000001310,Ekart,2023-09-10 05:04:49,2023-09-15,2023-09-16 05:04:49,delivered
ORD000001311,Ekart,2023-04-11 19:36:56,2023-04-14,2023-04-14 19:36:56,delivered
ORD000001312,IndiaPost,2023-02-23 09:22:56,2023-02-24,2023-02-28 09:22:56,delivered
ORD000001313,BlueDart,2023-06-18 05:38:16,2023-06-21,2023-06-24 05:38:16,delivered
ORD000001314,Delhivery,2023-07-09 16:40:30,2023-07-12,2023-07-11 16:40:30,delivered
ORD000001315,IndiaPost,2024-10-28 22:26:16,2024-11-01,2024-11-05 22:26:16,delivered
ORD000001316,BlueDart,2024-11-11 06:16:31,2024-11-18,,in_transit
ORD000001317,Ekart,2023-07-17 08:35:07,2023-07-20,2023-07-21 08:35:07,delivered
ORD000001318,IndiaPost,2024-08-11 06:32:06,2024-08-12,2024-08-14 06:32:06,delivered
ORD000001320,IndiaPost,2023-10-24 19:05:44,2023-10-27,2023-10-27 19:05:44,delivered
ORD000001321,IndiaPost,2024-10-23 07:32:45,2024-10-24,2024-10-25 07:32:45,delivered
ORD000001322,Ekart,2024-12-28 22:36:21,2025-01-03,2025-01-06 22:36:21,delivered
ORD000001323,Delhivery,2024-12-20 18:40:35,2024-12-23,2024-12-24 18:40:35,delivered
ORD000001324,IndiaPost,2024-07-25 22:10:41,2024-07-28,2024-07-27 22:10:41,delivered
ORD000001325,IndiaPost,2023-10-24 12:11:32,2023-10-25,2023-10-28 12:11:32,delivered
ORD000001326,Shadowfax,2023-07-14 16:56:12,2023-07-17,2023-07-17 16:56:12,delivered
ORD000001327,IndiaPost,2024-12-30 19:03:18,2025-01-01,2025-01-02 19:03:18,delivered
ORD000001328,Delhivery,2023-08-26 15:07:53,2023-09-03,2023-09-03 15:07:53,delivered
ORD000001329,XpressBees,2023-11-23 03:06:51,2023-11-27,2023-12-01 03:06:51,delivered
ORD000001330,BlueDart,2023-08-15 21:32:17,2023-08-19,2023-08-22 21:32:17,delivered
ORD000001331,BlueDart,2024-01-01 16:05:52,2024-01-04,2024-01-08 16:05:52,delivered
ORD000001333,XpressBees,2024-09-22 13:56:29,2024-09-30,2024-10-01 13:56:29,delivered
ORD000001334,Shadowfax,2024-01-03 00:57:44,2024-01-06,2024-01-10 00:57:44,delivered
ORD000001335,Delhivery,2023-11-05 14:51:13,2023-11-09,2023-11-08 14:51:13,delivered
ORD000001336,XpressBees,2023-10-19 06:23:40,2023-10-23,2023-10-26 06:23:40,delivered
ORD000001337,Ekart,2024-03-06 20:51:50,2024-03-11,2024-03-11 20:51:50,delivered
ORD000001338,XpressBees,2024-08-29 03:59:59,2024-09-01,2024-09-04 03:59:59,delivered
ORD000001340,Ekart,2024-10-08 16:22:22,2024-10-11,2024-10-11 16:22:22,delivered
ORD000001341,Shadowfax,2023-11-30 13:33:13,2023-12-03,2023-12-06 13:33:13,delivered
ORD000001342,BlueDart,2024-10-06 08:55:42,2024-10-10,2024-10-10 08:55:42,delivered
ORD000001343,Delhivery,2024-01-21 17:42:05,2024-01-23,2024-01-22 17:42:05,delivered
ORD000001344,Delhivery,2024-04-26 13:24:23,2024-04-29,2024-04-28 13:24:23,delivered
ORD000001345,Delhivery,2024-05-27 15:02:00,2024-05-31,2024-05-31 15:02:00,delivered
ORD000001346,XpressBees,2023-11-01 05:25:16,2023-11-03,,delivered
ORD000001347,BlueDart,2023-12-29 01:39:21,2023-12-31,2024-01-03 01:39:21,delivered
ORD000001348,Ekart,2024-06-13 20:36:48,2024-06-16,2024-06-17 20:36:48,delivered
ORD000001349,Delhivery,2023-09-23 20:23:32,2023-09-25,2023-09-29 20:23:32,delivered
ORD000001350,IndiaPost,2024-07-30 06:24:15,2024-08-01,2024-08-01 06:24:15,delivered
ORD000001351,Delhivery,2023-10-12 17:43:32,2023-10-18,2023-10-18 17:43:32,delivered
ORD000001352,Ekart,2024-03-11 06:47:33,2024-03-13,2024-03-15 06:47:33,delivered
ORD000001353,XpressBees,2024-10-06 20:57:25,2024-10-12,2024-10-10 20:57:25,delivered
ORD000001354,Ekart,2023-01-16 19:54:12,2023-01-24,,in_transit
ORD000001356,XpressBees,2024-02-20 00:28:04,2024-02-22,2024-02-22 00:28:04,delivered
ORD000001357,Delhivery,2023-03-31 17:30:15,2023-04-01,2023-04-02 17:30:15,delivered
ORD000001358,XpressBees,2023-06-26 04:40:33,2023-06-28,2023-07-02 04:40:33,delivered
ORD000001359,IndiaPost,2024-08-02 04:47:39,2024-08-04,2024-08-05 04:47:39,delivered
ORD000001360,BlueDart,2023-01-19 22:03:28,2023-01-23,2023-01-27 22:03:28,delivered
ORD000001361,Ekart,2024-04-01 10:22:06,2024-04-03,2024-04-03 10:22:06,delivered
ORD000001362,IndiaPost,2023-01-27 00:04:29,2023-01-28,2023-01-30 00:04:29,delivered
ORD000001363,IndiaPost,2023-04-09 01:20:58,2023-04-10,2023-04-14 01:20:58,delivered
ORD000001364,Delhivery,2023-10-30 02:34:41,2023-10-31,2023-11-02 02:34:41,delivered
ORD000001365,XpressBees,2024-12-16 01:23:33,2024-12-21,2024-12-23 01:23:33,delivered
ORD000001366,Ekart,2024-02-05 22:42:24,2024-02-08,2024-02-10 22:42:24,delivered
ORD000001367,Delhivery,2023-09-26 03:52:07,2023-09-30,2023-10-01 03:52:07,delivered
ORD000001368,Shadowfax,2023-11-03 22:48:14,2023-11-08,,in_transit
ORD000001369,Ekart,2024-02-26 22:35:20,2024-02-29,2024-03-02 22:35:20,delivered
ORD000001371,BlueDart,2023-08-19 23:05:13,2023-08-22,2023-08-21 23:05:13,delivered
ORD000001372,Shadowfax,2023-06-18 11:02:33,2023-06-21,2023-06-24 11:02:33,delivered
ORD000001373,BlueDart,2023-12-30 19:05:49,2024-01-02,2024-01-03 19:05:49,delivered
ORD000001374,Delhivery,2024-05-03 07:58:47,2024-05-06,,delivered
ORD000001375,IndiaPost,2024-09-28 16:37:27,2024-10-02,2024-10-02 16:37:27,delivered
ORD000001376,XpressBees,2024-03-18 06:46:12,2024-03-21,2024-03-22 06:46:12,delivered
ORD000001377,BlueDart,2024-06-13 15:45:26,2024-06-15,2024-06-21 15:45:26,delivered
ORD000001378,IndiaPost,2023-12-28 18:14:42,2024-01-01,2024-01-01 18:14:42,delivered
ORD000001379,IndiaPost,2024-02-24 20:04:51,2024-02-27,2024-02-28 20:04:51,delivered
ORD000001380,XpressBees,2024-04-24 14:01:45,2024-04-27,2024-04-27 14:01:45,delivered
ORD000001381,Delhivery,2023-07-23 10:12:25,2023-07-24,2023-07-25 10:12:25,delivered
ORD000001382,XpressBees,2024-11-20 15:09:48,2024-11-21,2024-11-24 15:09:48,delivered
ORD000001383,IndiaPost,2023-10-11 03:01:15,2023-10-13,2023-10-15 03:01:15,delivered
ORD000001384,Delhivery,2024-03-28 11:36:20,2024-03-31,2024-04-01 11:36:20,delivered
ORD000001385,Ekart,2024-02-19 14:53:27,2024-02-22,2024-02-24 14:53:27,delivered
ORD000001386,XpressBees,2024-10-12 17:28:26,2024-10-15,2024-10-18 17:28:26,delivered
ORD000001387,BlueDart,2023-04-05 00:20:28,2023-04-07,2023-04-10 00:20:28,delivered
ORD000001389,IndiaPost,2023-04-26 12:00:43,2023-04-29,2023-04-30 12:00:43,delivered
ORD000001390,XpressBees,2023-05-03 13:38:13,2023-05-05,2023-05-05 13:38:13,delivered
ORD000001391,IndiaPost,2024-10-18 21:09:37,2024-10-22,2024-10-22 21:09:37,delivered
ORD000001392,BlueDart,2023-08-09 11:53:40,2023-08-12,2023-08-11 11:53:40,delivered
ORD000001393,Delhivery,2024-04-04 04:25:22,2024-04-05,2024-04-11 04:25:22,delivered
ORD000001394,XpressBees,2023-12-15 01:07:22,2023-12-17,2023-12-19 01:07:22,delivered
ORD000001395,IndiaPost,2024-11-20 08:55:21,2024-11-21,2024-11-25 08:55:21,delivered
ORD000001396,Delhivery,2024-08-30 06:31:40,2024-09-02,2024-09-04 06:31:40,delivered
ORD000001397,IndiaPost,2023-10-07 21:12:46,2023-10-10,2023-10-11 21:12:46,delivered
ORD000001398,Shadowfax,2024-09-28 08:51:26,2024-10-01,2024-10-05 08:51:26,delivered
ORD000001399,BlueDart,2023-07-13 11:02:22,2023-07-16,2023-07-18 11:02:22,delivered
ORD000001400,Delhivery,2024-04-06 23:11:49,2024-04-10,2024-04-08 23:11:49,delivered
ORD000001401,BlueDart,2024-08-03 17:29:16,2024-08-06,,in_transit
ORD000001402,BlueDart,2024-06-23 06:48:54,2024-06-24,2024-06-26 06:48:54,delivered
ORD000001403,XpressBees,2024-05-13 00:43:00,2024-05-17,2024-05-19 00:43:00,delivered
ORD000001404,IndiaPost,2024-10-05 15:37:40,2024-10-08,2024-10-07 15:37:40,delivered
ORD000001405,IndiaPost,2024-02-16 13:39:45,2024-02-20,2024-02-21 13:39:45,delivered
ORD000001406,IndiaPost,2024-11-13 17:00:35,2024-11-17,2024-11-15 17:00:35,delivered
ORD000001407,XpressBees,2023-05-02 17:07:08,2023-05-06,2023-05-03 17:07:08,delivered
ORD000001408,IndiaPost,2023-10-13 04:15:04,2023-10-21,2023-10-22 04:15:04,delivered
ORD000001409,Shadowfax,2024-08-31 08:00:07,2024-09-05,2024-09-05 08:00:07,delivered
ORD000001410,Delhivery,2023-09-22 10:03:08,2023-09-27,2023-09-28 10:03:08,delivered
ORD000001411,IndiaPost,2023-11-27 00:06:13,2023-12-01,2023-12-05 00:06:13,delivered
ORD000001412,Delhivery,2024-08-21 18:14:01,2024-08-26,2024-08-29 18:14:01,delivered
ORD000001413,Shadowfax,2024-01-31 14:35:25,2024-02-06,2024-02-08 14:35:25,delivered
ORD000001414,XpressBees,2023-06-09 05:38:22,2023-06-13,2023-06-14 05:38:22,delivered
ORD000001415,Shadowfax,2023-05-29 09:54:07,2023-05-31,2023-05-31 09:54:07,delivered
ORD000001416,Shadowfax,2023-09-17 09:10:19,2023-09-20,2023-09-18 09:10:19,delivered
ORD000001417,Ekart,2023-09-18 13:08:57,2023-09-22,2023-09-22 13:08:57,delivered
ORD000001418,XpressBees,2023-04-27 08:56:30,2023-04-28,2023-05-01 08:56:30,delivered
ORD000001419,BlueDart,2024-10-06 21:53:01,2024-10-14,2024-10-15 21:53:01,delivered
ORD000001420,Delhivery,2023-08-30 21:43:36,2023-09-05,2023-09-05 21:43:36,delivered
ORD000001421,BlueDart,2024-09-18 12:52:00,2024-09-22,2024-09-25 12:52:00,delivered
ORD000001422,XpressBees,2024-12-23 03:46:11,2024-12-26,2024-12-26 03:46:11,delivered
ORD000001423,IndiaPost,2023-10-06 21:12:12,2023-10-09,2023-10-09 21:12:12,delivered
ORD000001424,Ekart,2024-12-21 06:37:53,2024-12-29,2024-12-27 06:37:53,delivered
ORD000001425,XpressBees,2023-06-12 10:35:49,2023-06-14,2023-06-17 10:35:49,delivered
ORD000001426,XpressBees,2024-05-05 01:53:01,2024-05-07,2024-05-06 01:53:01,delivered
ORD000001427,Shadowfax,2024-12-29 18:13:03,2025-01-03,2025-01-05 18:13:03,delivered
ORD000001428,Delhivery,2024-09-21 16:57:12,2024-09-24,2024-09-26 16:57:12,delivered
ORD000001429,XpressBees,2023-07-15 19:55:09,2023-07-18,,in_transit
ORD000001431,IndiaPost,2023-08-14 10:23:57,2023-08-21,2023-08-24 10:23:57,delivered
ORD000001432,XpressBees,2024-11-28 02:30:46,2024-12-05,2024-12-09 02:30:46,delivered
ORD000001433,Delhivery,2023-07-30 11:12:33,2023-08-04,2023-08-06 11:12:33,delivered
ORD000001434,Shadowfax,2024-01-05 19:57:20,2024-01-07,2024-01-11 19:57:20,delivered
ORD000001435,Ekart,2023-10-11 14:03:22,2023-10-19,2023-10-20 14:03:22,delivered
ORD000001436,IndiaPost,2023-10-18 05:26:04,2023-10-23,2023-10-22 05:26:04,delivered
ORD000001437,Shadowfax,2023-11-03 18:30:33,2023-11-05,2023-11-05 18:30:33,delivered
ORD000001438,Ekart,2023-10-10 09:45:52,2023-10-18,2023-10-20 09:45:52,delivered
ORD000001439,XpressBees,2024-03-25 15:13:15,2024-03-28,2024-04-01 15:13:15,delivered
ORD000001440,BlueDart,2023-11-13 02:22:19,2023-11-15,2023-11-16 02:22:19,delivered
ORD000001441,IndiaPost,2023-11-27 05:12:41,2023-11-29,2023-12-04 05:12:41,delivered
ORD000001443,Shadowfax,2023-10-12 20:40:16,2023-10-15,2023-10-15 20:40:16,delivered
ORD000001444,Delhivery,2024-08-06 09:55:25,2024-08-10,2024-08-11 09:55:25,delivered
ORD000001445,IndiaPost,2024-01-04 15:30:49,2024-01-10,2024-01-15 15:30:49,delivered
ORD000001447,Shadowfax,2023-06-29 20:31:55,2023-07-02,2023-07-03 20:31:55,delivered
ORD000001448,Ekart,2023-01-22 09:20:48,2023-01-26,2023-01-29 09:20:48,delivered
ORD000001449,IndiaPost,2024-09-23 22:20:38,2024-09-28,2024-09-27 22:20:38,delivered
ORD000001450,Ekart,2024-10-12 14:26:23,2024-10-21,2024-10-20 14:26:23,delivered
ORD000001451,Delhivery,2023-07-25 08:14:37,2023-07-30,2023-07-28 08:14:37,delivered
ORD000001452,IndiaPost,2023-10-16 09:10:53,2023-10-21,2023-10-22 09:10:53,delivered
ORD000001453,Shadowfax,2023-10-14 16:03:14,2023-10-19,2023-10-17 16:03:14,delivered
ORD000001456,IndiaPost,2024-12-26 18:46:02,2024-12-28,2024-12-30 18:46:02,delivered
ORD000001457,Delhivery,2023-02-18 18:40:24,2023-02-22,2023-02-23 18:40:24,delivered
ORD000001458,IndiaPost,2024-12-24 23:50:02,2024-12-26,,in_transit
ORD000001459,Delhivery,2023-02-24 19:07:42,2023-03-01,2023-03-03 19:07:42,delivered
ORD000001460,Delhivery,2023-09-30 21:34:13,2023-10-03,2023-10-03 21:34:13,delivered
ORD000001461,IndiaPost,2023-08-02 22:56:57,2023-08-06,2023-08-05 22:56:57,delivered
ORD000001462,IndiaPost,2023-08-10 18:32:07,2023-08-13,2023-08-14 18:32:07,delivered
ORD000001463,IndiaPost,2024-12-31 04:20:54,2025-01-05,2025-01-07 04:20:54,delivered
ORD000001464,Shadowfax,2023-12-11 08:27:01,2023-12-14,2023-12-13 08:27:01,delivered
ORD000001465,Delhivery,2023-04-10 19:57:44,2023-04-17,2023-04-17 19:57:44,delivered
ORD000001466,XpressBees,2024-12-28 19:36:32,2024-12-30,2025-01-04 19:36:32,delivered
ORD000001467,XpressBees,2023-07-28 00:53:59,2023-07-31,2023-08-01 00:53:59,delivered
ORD000001468,XpressBees,2023-02-28 06:29:25,2023-03-03,2023-03-01 06:29:25,delivered
ORD000001469,Shadowfax,2023-01-17 09:07:41,2023-01-20,2023-01-20 09:07:41,delivered
ORD000001471,Delhivery,2024-11-05 17:30:09,2024-11-08,,in_transit
ORD000001472,Delhivery,2023-01-11 06:48:54,2023-01-13,2023-01-08 06:48:54,delivered
ORD000001473,Delhivery,2024-07-11 09:44:27,2024-07-16,2024-07-17 09:44:27,delivered
ORD000001474,Ekart,2023-08-12 14:56:38,2023-08-14,2023-08-16 14:56:38,delivered
ORD000001475,Ekart,2023-07-06 19:15:53,2023-07-15,2023-07-15 19:15:53,delivered
ORD000001476,Delhivery,2024-06-23 19:45:49,2024-06-27,2024-06-28 19:45:49,delivered
ORD000001477,Delhivery,2024-08-01 05:00:02,2024-08-03,2024-08-06 05:00:02,delivered
ORD000001480,Shadowfax,2023-01-03 06:21:02,2023-01-06,2023-01-08 06:21:02,delivered
ORD000001481,Ekart,2024-07-23 00:09:41,2024-07-24,,in_transit
ORD000001482,Delhivery,2024-03-24 12:07:06,2024-03-27,2024-03-26 12:07:06,delivered
ORD000001483,XpressBees,2023-11-09 17:39:10,2023-11-14,2023-11-16 17:39:10,delivered
ORD000001484,XpressBees,2023-07-03 08:21:10,2023-07-04,,delivered
ORD000001486,Ekart,2023-02-28 10:14:49,2023-03-02,2023-03-05 10:14:49,delivered
ORD000001487,XpressBees,2024-04-30 00:12:43,2024-05-02,2024-05-05 00:12:43,delivered
ORD000001488,Shadowfax,2024-06-10 02:55:11,2024-06-12,2024-06-12 02:55:11,delivered
ORD000001489,Delhivery,2023-07-10 10:25:01,2023-07-15,2023-07-14 10:25:01,delivered
ORD000001490,Shadowfax,2023-12-27 01:21:19,2023-12-31,2024-01-02 01:21:19,delivered
ORD000001491,Shadowfax,2024-01-14 03:21:38,2024-01-17,2024-01-18 03:21:38,delivered
ORD000001493,Delhivery,2024-11-01 19:36:36,2024-11-04,2024-11-05 19:36:36,delivered
ORD000001494,BlueDart,2024-02-07 15:28:23,2024-02-10,2024-02-12 15:28:23,delivered
ORD000001495,Shadowfax,2023-02-25 10:52:02,2023-03-01,2023-03-03 10:52:02,delivered
ORD000001496,XpressBees,2023-10-10 05:50:18,2023-10-13,2023-10-12 05:50:18,delivered
ORD000001497,BlueDart,2024-04-18 09:13:03,2024-04-21,2024-04-21 09:13:03,delivered
ORD000001498,BlueDart,2023-10-07 04:30:49,2023-10-13,2023-10-15 04:30:49,delivered
ORD000001499,Shadowfax,2024-08-18 00:21:38,2024-08-20,2024-08-20 00:21:38,delivered
ORD000001500,Ekart,2023-06-11 22:08:25,2023-06-18,2023-06-21 22:08:25,delivered
ORD000001502,IndiaPost,2023-07-17 14:56:19,2023-07-19,2023-07-19 14:56:19,delivered
ORD000001503,Ekart,2024-10-25 05:44:54,2024-10-27,2024-10-30 05:44:54,delivered
ORD000001504,Ekart,2024-06-04 06:29:41,2024-06-07,2024-06-08 06:29:41,delivered
ORD000001505,Ekart,2024-01-15 06:16:35,2024-01-17,2024-01-18 06:16:35,delivered
ORD000001506,IndiaPost,2023-09-17 10:17:17,2023-09-21,2023-09-24 10:17:17,delivered
ORD000001507,Shadowfax,2024-11-06 07:42:09,2024-11-08,2024-11-12 07:42:09,delivered
ORD000001508,XpressBees,2024-10-29 12:02:44,2024-11-01,2024-11-06 12:02:44,delivered
ORD000001509,BlueDart,2023-10-30 11:43:51,2023-11-04,2023-11-03 11:43:51,delivered
ORD000001510,IndiaPost,2024-08-05 19:40:06,2024-08-07,2024-08-07 19:40:06,delivered
ORD000001511,Delhivery,2024-11-05 16:02:33,2024-11-06,2024-11-10 16:02:33,delivered
ORD000001512,IndiaPost,2023-09-28 08:24:21,2023-09-29,2023-09-29 08:24:21,delivered
ORD000001513,XpressBees,2023-10-05 02:02:36,2023-10-08,2023-10-09 02:02:36,delivered
ORD000001514,IndiaPost,2024-02-06 03:04:54,2024-02-12,2024-02-13 03:04:54,delivered
ORD000001515,Delhivery,2023-11-04 04:06:56,2023-11-05,2023-11-07 04:06:56,delivered
ORD000001516,XpressBees,2024-08-12 04:17:59,2024-08-14,2024-08-14 04:17:59,delivered
ORD000001517,Delhivery,2024-01-29 12:23:40,2024-02-01,2024-02-04 12:23:40,delivered
ORD000001518,Shadowfax,2023-06-30 23:43:59,2023-07-05,2023-07-05 23:43:59,delivered
ORD000001519,Ekart,2023-10-14 10:57:56,2023-10-17,2023-10-19 10:57:56,delivered
ORD000001520,IndiaPost,2024-05-25 23:33:49,2024-05-29,2024-05-29 23:33:49,delivered
ORD000001521,XpressBees,2023-02-12 07:29:52,2023-02-15,,in_transit
ORD000001522,IndiaPost,2023-10-09 14:52:26,2023-10-13,2023-10-13 14:52:26,delivered
ORD000001523,Ekart,2023-01-10 22:34:09,2023-01-15,2023-01-13 22:34:09,delivered
ORD000001524,Ekart,2024-10-02 18:13:50,2024-10-04,2024-10-06 18:13:50,delivered
ORD000001525,Delhivery,2023-04-08 09:35:13,2023-04-12,2023-04-10 09:35:13,delivered
ORD000001528,Shadowfax,2023-03-16 04:13:45,2023-03-17,2023-03-18 04:13:45,delivered
ORD000001529,BlueDart,2024-06-07 02:03:32,2024-06-10,2024-06-12 02:03:32,delivered
ORD000001531,Shadowfax,2024-10-03 15:13:35,2024-10-05,,delivered
ORD000001533,Delhivery,2023-03-12 07:25:16,2023-03-15,2023-03-18 07:25:16,delivered
ORD000001534,XpressBees,2023-07-15 21:41:18,2023-07-20,2023-07-21 21:41:18,delivered
ORD000001535,BlueDart,2024-11-17 00:15:58,2024-11-22,2024-11-21 00:15:58,delivered
ORD000001536,Shadowfax,2024-10-04 20:50:35,2024-10-08,,delivered
ORD000001537,BlueDart,2023-09-03 08:26:16,2023-09-05,2023-09-08 08:26:16,delivered
ORD000001538,XpressBees,2023-06-25 21:10:48,2023-07-03,2023-07-03 21:10:48,delivered
ORD000001540,Delhivery,2023-07-08 19:13:55,2023-07-11,2023-07-13 19:13:55,delivered
ORD000001541,XpressBees,2023-06-24 20:26:08,2023-06-28,2023-06-30 20:26:08,delivered
ORD000001542,XpressBees,2024-10-28 07:09:51,2024-10-30,2024-10-31 07:09:51,delivered
ORD000001543,Shadowfax,2023-01-14 21:27:43,2023-01-17,2023-01-19 21:27:43,delivered
ORD000001544,XpressBees,2024-10-26 16:44:17,2024-10-29,2024-10-31 16:44:17,delivered
ORD000001545,BlueDart,2023-02-02 11:14:36,2023-02-04,2023-02-06 11:14:36,delivered
ORD000001546,XpressBees,2024-10-04 07:38:39,2024-10-08,2024-10-10 07:38:39,delivered
ORD000001549,IndiaPost,2024-09-14 19:03:05,2024-09-16,2024-09-19 19:03:05,delivered
ORD000001550,Delhivery,2023-08-07 14:44:00,2023-08-12,2023-08-14 14:44:00,delivered
ORD000001551,IndiaPost,2024-10-25 10:54:35,2024-10-28,2024-10-28 10:54:35,delivered
ORD000001552,BlueDart,2024-08-04 08:09:21,2024-08-06,2024-08-07 08:09:21,delivered
ORD000001553,Shadowfax,2024-12-27 02:10:48,2024-12-30,2024-12-29 02:10:48,delivered
ORD000001554,BlueDart,2024-10-06 20:56:16,2024-10-09,,in_transit
ORD000001555,XpressBees,2023-07-26 21:59:36,2023-07-29,2023-07-30 21:59:36,delivered
ORD000001556,Delhivery,2023-11-04 15:23:28,2023-11-07,2023-11-06 15:23:28,delivered
ORD000001557,Delhivery,2024-06-17 13:39:48,2024-06-23,,delivered
ORD000001558,Ekart,2023-09-29 20:08:21,2023-10-03,2023-10-02 20:08:21,delivered
ORD000001559,IndiaPost,2024-02-06 22:58:43,2024-02-09,2024-02-10 22:58:43,delivered
ORD000001560,BlueDart,2023-07-23 03:54:33,2023-07-28,2023-07-31 03:54:33,delivered
ORD000001561,Ekart,2024-05-18 23:59:09,2024-05-20,2024-05-22 23:59:09,delivered
ORD000001563,Delhivery,2023-02-13 23:30:15,2023-02-17,2023-02-20 23:30:15,delivered
ORD000001564,XpressBees,2024-12-20 02:55:39,2024-12-21,2024-12-22 02:55:39,delivered
ORD000001565,IndiaPost,2024-10-10 18:03:58,2024-10-11,2024-10-14 18:03:58,delivered
ORD000001566,IndiaPost,2023-09-19 02:59:34,2023-09-21,2023-09-22 02:59:34,delivered
ORD000001567,Shadowfax,2023-04-19 10:18:00,2023-04-21,2023-04-21 10:18:00,delivered
ORD000001569,Shadowfax,2023-07-09 09:42:14,2023-07-11,2023-07-13 09:42:14,delivered
ORD000001571,BlueDart,2024-08-26 19:10:40,2024-08-30,2024-08-31 19:10:40,delivered
ORD000001573,BlueDart,2023-09-02 13:42:36,2023-09-04,2023-09-05 13:42:36,delivered
ORD000001574,Delhivery,2023-02-20 12:06:34,2023-02-22,2023-02-25 12:06:34,delivered
ORD000001575,IndiaPost,2023-10-02 12:53:46,2023-10-05,2023-10-05 12:53:46,delivered
ORD000001576,IndiaPost,2024-03-22 07:32:22,2024-03-24,2024-03-27 07:32:22,delivered
ORD000001577,XpressBees,2023-05-12 04:54:59,2023-05-16,2023-05-18 04:54:59,delivered
ORD000001578,IndiaPost,2024-12-06 22:47:46,2024-12-11,2024-12-11 22:47:46,delivered
ORD000001579,XpressBees,2024-07-08 13:56:01,2024-07-12,2024-07-12 13:56:01,delivered
ORD000001580,IndiaPost,2023-06-24 07:37:01,2023-06-29,2023-06-29 07:37:01,delivered
ORD000001581,IndiaPost,2024-01-22 18:48:41,2024-01-26,2024-01-27 18:48:41,delivered
ORD000001582,XpressBees,2023-10-30 10:19:49,2023-11-05,2023-11-08 10:19:49,delivered
ORD000001583,Ekart,2023-10-27 02:21:56,2023-10-28,2023-11-02 02:21:56,delivered
ORD000001584,XpressBees,2024-02-18 16:27:35,2024-02-25,2024-02-27 16:27:35,delivered
ORD000001586,IndiaPost,2023-07-03 18:49:53,2023-07-06,2023-07-06 18:49:53,delivered
ORD000001588,Shadowfax,2023-05-28 16:59:19,2023-06-01,2023-06-03 16:59:19,delivered
ORD000001589,Ekart,2024-05-11 06:08:12,2024-05-13,2024-05-15 06:08:12,delivered
ORD000001590,Delhivery,2024-12-31 06:41:33,2025-01-02,2025-01-02 06:41:33,delivered
ORD000001591,Shadowfax,2024-05-07 14:19:28,2024-05-10,2024-05-13 14:19:28,delivered
ORD000001593,Shadowfax,2024-03-04 17:29:14,2024-03-07,2024-03-08 17:29:14,delivered
ORD000001594,Ekart,2023-09-02 00:11:06,2023-09-06,2023-09-06 00:11:06,delivered
ORD000001595,Delhivery,2024-10-23 07:13:50,2024-10-27,2024-10-26 07:13:50,delivered
ORD000001596,Shadowfax,2023-02-24 12:44:31,2023-02-26,2023-03-04 12:44:31,delivered
ORD000001597,Ekart,2023-03-28 16:32:07,2023-03-30,2023-04-02 16:32:07,delivered
ORD000001598,Delhivery,2024-12-01 06:22:40,2024-12-08,2024-12-08 06:22:40,delivered
ORD000001600,Shadowfax,2024-11-15 23:10:13,2024-11-23,2024-11-22 23:10:13,delivered
ORD000001601,BlueDart,2023-04-22 17:13:17,2023-04-24,2023-04-29 17:13:17,delivered
ORD000001602,IndiaPost,2024-08-18 11:01:46,2024-08-20,2024-08-19 11:01:46,delivered
ORD000001603,XpressBees,2023-07-21 09:34:39,2023-07-23,2023-07-23 09:34:39,delivered
ORD000001604,Delhivery,2023-10-09 08:47:51,2023-10-11,2023-10-12 08:47:51,delivered
ORD000001605,BlueDart,2024-10-31 17:51:24,2024-11-02,2024-11-02 17:51:24,delivered
ORD000001606,XpressBees,2023-11-04 09:15:40,2023-11-09,2023-11-09 09:15:40,delivered
ORD000001607,IndiaPost,2024-05-24 20:23:24,2024-05-27,2024-05-27 20:23:24,delivered
ORD000001608,BlueDart,2024-10-27 17:14:03,2024-10-30,2024-11-01 17:14:03,delivered
ORD000001609,IndiaPost,2024-10-22 09:56:56,2024-10-25,,in_transit
ORD000001610,Ekart,2023-01-04 05:32:17,2023-01-07,2023-01-08 05:32:17,delivered
ORD000001611,BlueDart,2023-05-13 15:31:04,2023-05-17,2023-05-16 15:31:04,delivered
ORD000001612,IndiaPost,2024-11-06 19:36:46,2024-11-08,2024-11-11 19:36:46,delivered
ORD000001613,IndiaPost,2024-02-21 00:11:31,2024-02-23,2024-02-24 00:11:31,delivered
ORD000001614,IndiaPost,2023-12-26 06:49:40,2023-12-31,2023-12-31 06:49:40,delivered
ORD000001615,BlueDart,2023-02-21 13:05:35,2023-02-24,2023-02-22 13:05:35,delivered
ORD000001616,XpressBees,2023-01-19 01:19:41,2023-01-22,2023-01-25 01:19:41,delivered
ORD000001617,XpressBees,2024-12-07 10:43:56,2024-12-09,2024-12-09 10:43:56,delivered
ORD000001618,Ekart,2023-12-25 03:37:48,2023-12-27,,in_transit
ORD000001619,IndiaPost,2024-09-02 23:42:03,2024-09-08,2024-09-06 23:42:03,delivered
ORD000001620,Delhivery,2023-07-08 19:19:48,2023-07-12,2023-07-13 19:19:48,delivered
ORD000001621,XpressBees,2023-07-24 08:47:26,2023-07-25,2023-07-27 08:47:26,delivered
ORD000001622,Shadowfax,2024-02-18 08:12:06,2024-02-26,,delivered
ORD000001623,Ekart,2024-10-24 05:00:18,2024-10-27,2024-10-26 05:00:18,delivered
ORD000001624,BlueDart,2023-09-06 00:16:58,2023-09-09,2023-09-10 00:16:58,delivered
ORD000001625,IndiaPost,2023-10-05 19:22:21,2023-10-10,2023-10-10 19:22:21,delivered
ORD000001626,Ekart,2024-02-11 18:06:39,2024-02-12,2024-02-16 18:06:39,delivered
ORD000001627,BlueDart,2023-01-31 20:45:53,2023-02-03,2023-02-03 20:45:53,delivered
ORD000001628,IndiaPost,2023-10-26 08:02:08,2023-10-27,2023-10-28 08:02:08,delivered
ORD000001629,Ekart,2024-02-15 14:12:36,2024-02-18,2024-02-18 14:12:36,delivered
ORD000001630,Shadowfax,2023-01-04 03:16:12,2023-01-08,2023-01-11 03:16:12,delivered
ORD000001631,Delhivery,2024-04-26 11:25:07,2024-04-28,2024-04-28 11:25:07,delivered
ORD000001632,IndiaPost,2023-02-10 00:54:42,2023-02-12,2023-02-12 00:54:42,delivered
ORD000001633,Delhivery,2024-07-07 22:54:38,2024-07-10,2024-07-10 22:54:38,delivered
ORD000001634,BlueDart,2024-09-16 18:28:40,2024-09-20,2024-09-21 18:28:40,delivered
ORD000001635,Shadowfax,2024-10-08 03:56:18,2024-10-13,2024-10-17 03:56:18,delivered
ORD000001636,Shadowfax,2024-05-27 03:40:58,2024-05-31,2024-06-02 03:40:58,delivered
ORD000001637,XpressBees,2024-02-19 13:05:02,2024-02-26,2024-02-27 13:05:02,delivered
ORD000001638,Delhivery,2023-09-21 20:16:13,2023-09-24,2023-09-25 20:16:13,delivered
ORD000001639,Ekart,2023-11-12 13:02:11,2023-11-13,2023-11-16 13:02:11,delivered
ORD000001640,IndiaPost,2023-03-13 13:55:00,2023-03-16,2023-03-15 13:55:00,delivered
ORD000001641,IndiaPost,2024-06-25 03:32:22,2024-06-28,2024-06-29 03:32:22,delivered
ORD000001642,BlueDart,2023-01-18 08:27:35,2023-01-20,2023-01-26 08:27:35,delivered
ORD000001643,IndiaPost,2023-11-05 15:04:24,2023-11-07,2023-11-11 15:04:24,delivered
ORD000001644,Delhivery,2024-01-04 01:31:10,2024-01-06,2024-01-11 01:31:10,delivered
ORD000001645,XpressBees,2024-05-08 04:38:32,2024-05-10,2024-05-13 04:38:32,delivered
ORD000001646,Ekart,2023-10-10 04:27:53,2023-10-11,2023-10-19 04:27:53,delivered
ORD000001647,IndiaPost,2023-11-28 05:21:25,2023-12-01,2023-12-02 05:21:25,delivered
ORD000001648,Shadowfax,2024-03-13 07:01:28,2024-03-17,2024-03-17 07:01:28,delivered
ORD000001649,IndiaPost,2024-11-11 08:52:54,2024-11-13,2024-11-15 08:52:54,delivered
ORD000001651,Ekart,2023-08-06 19:20:48,2023-08-10,2023-08-11 19:20:48,delivered
ORD000001652,XpressBees,2024-10-10 07:29:17,2024-10-15,2024-10-18 07:29:17,delivered
ORD000001653,BlueDart,2023-02-13 08:16:30,2023-02-15,2023-02-17 08:16:30,delivered
ORD000001654,IndiaPost,2023-08-22 07:38:58,2023-08-25,2023-08-26 07:38:58,delivered
ORD000001655,IndiaPost,2023-04-01 20:48:12,2023-04-04,2023-04-04 20:48:12,delivered
ORD000001656,Ekart,2023-12-02 19:55:15,2023-12-03,2023-12-05 19:55:15,delivered
ORD000001657,Shadowfax,2024-04-25 21:50:39,2024-04-29,2024-05-01 21:50:39,delivered
ORD000001659,XpressBees,2024-09-25 06:12:00,2024-09-27,2024-09-28 06:12:00,delivered
ORD000001660,Ekart,2024-02-25 08:00:46,2024-02-27,,in_transit
ORD000001661,BlueDart,2023-07-19 05:51:24,2023-07-23,2023-07-23 05:51:24,delivered
ORD000001662,IndiaPost,2024-01-29 12:35:20,2024-01-30,2024-02-01 12:35:20,delivered
ORD000001663,Delhivery,2024-07-21 09:00:43,2024-07-24,2024-07-25 09:00:43,delivered
ORD000001664,XpressBees,2024-01-02 21:06:04,2024-01-06,,delivered
ORD000001665,BlueDart,2023-11-27 12:10:05,2023-11-28,2023-12-01 12:10:05,delivered
ORD000001666,BlueDart,2024-01-22 10:44:02,2024-01-25,,in_transit
ORD000001667,BlueDart,2024-02-08 08:55:55,2024-02-09,2024-02-13 08:55:55,delivered
ORD000001668,XpressBees,2023-09-25 10:35:02,2023-09-27,,in_transit
ORD000001669,Delhivery,2024-10-13 17:48:37,2024-10-16,2024-10-18 17:48:37,delivered
ORD000001670,XpressBees,2023-06-27 01:25:22,2023-06-29,2023-07-02 01:25:22,delivered
ORD000001671,Shadowfax,2023-01-26 19:09:52,2023-02-02,2023-02-07 19:09:52,delivered
ORD000001672,IndiaPost,2024-07-26 00:23:34,2024-07-28,2024-07-29 00:23:34,delivered
ORD000001673,Ekart,2024-10-08 22:26:27,2024-10-11,2024-10-09 22:26:27,delivered
ORD000001674,BlueDart,2024-04-30 23:31:47,2024-05-04,2024-05-09 23:31:47,delivered
ORD000001675,Shadowfax,2023-12-20 18:04:50,2023-12-22,,in_transit
ORD000001676,IndiaPost,2024-12-26 06:52:34,2024-12-27,2024-12-29 06:52:34,delivered
ORD000001677,IndiaPost,2023-10-22 08:37:23,2023-10-30,2023-11-01 08:37:23,delivered
ORD000001678,XpressBees,2023-11-03 00:20:02,2023-11-04,2023-11-07 00:20:02,delivered
ORD000001679,Ekart,2024-03-15 15:14:35,2024-03-21,2024-03-21 15:14:35,delivered
ORD000001680,IndiaPost,2023-11-17 01:21:26,2023-11-20,2023-11-23 01:21:26,delivered
ORD000001681,BlueDart,2024-02-14 04:04:17,2024-02-17,2024-02-18 04:04:17,delivered
ORD000001682,Ekart,2024-12-17 01:17:51,2024-12-25,2024-12-26 01:17:51,delivered
ORD000001685,XpressBees,2023-11-11 13:24:48,2023-11-14,2023-11-17 13:24:48,delivered
ORD000001686,XpressBees,2024-01-04 01:02:23,2024-01-06,2024-01-08 01:02:23,delivered
ORD000001687,Ekart,2024-06-30 23:03:10,2024-07-06,2024-07-05 23:03:10,delivered
ORD000001688,IndiaPost,2024-12-08 15:06:45,2024-12-11,2024-12-14 15:06:45,delivered
ORD000001689,IndiaPost,2024-06-09 00:28:46,2024-06-12,2024-06-11 00:28:46,delivered
ORD000001690,BlueDart,2024-12-29 18:24:52,2025-01-01,2024-12-31 18:24:52,delivered
ORD000001691,BlueDart,2023-07-31 13:20:20,2023-08-03,2023-08-04 13:20:20,delivered
ORD000001692,Shadowfax,2023-06-28 03:59:32,2023-06-30,2023-07-03 03:59:32,delivered
ORD000001693,Ekart,2023-09-21 02:38:20,2023-09-23,2023-09-23 02:38:20,delivered
ORD000001694,XpressBees,2024-09-05 06:50:14,2024-09-06,2024-09-08 06:50:14,delivered
ORD000001695,IndiaPost,2023-06-08 08:20:04,2023-06-12,2023-06-19 08:20:04,delivered
ORD000001696,Delhivery,2023-06-18 03:08:09,2023-06-20,2023-06-22 03:08:09,delivered
ORD000001697,Delhivery,2023-11-04 12:05:06,2023-11-07,2023-11-09 12:05:06,delivered
ORD000001698,XpressBees,2023-09-30 16:39:17,2023-10-03,2023-10-05 16:39:17,delivered
ORD000001699,BlueDart,2024-05-04 22:22:38,2024-05-12,2024-05-13 22:22:38,delivered
ORD000001700,Ekart,2024-10-29 08:30:17,2024-10-31,2024-11-01 08:30:17,delivered
ORD000001701,BlueDart,2023-04-28 00:15:09,2023-05-04,2023-05-07 00:15:09,delivered
ORD000001702,IndiaPost,2024-02-06 05:41:15,2024-02-08,,in_transit
ORD000001703,BlueDart,2023-03-14 06:03:12,2023-03-19,,in_transit
ORD000001704,IndiaPost,2023-07-09 10:16:52,2023-07-17,2023-07-16 10:16:52,delivered
ORD000001705,IndiaPost,2023-09-24 02:11:34,2023-09-26,,in_transit
ORD000001706,XpressBees,2024-03-05 03:43:53,2024-03-08,2024-03-07 03:43:53,delivered
ORD000001707,XpressBees,2024-02-13 22:08:58,2024-02-15,2024-02-15 22:08:58,delivered
ORD000001708,Ekart,2024-04-29 23:13:39,2024-05-07,2024-05-07 23:13:39,delivered
ORD000001709,Shadowfax,2024-10-01 05:26:57,2024-10-05,2024-10-07 05:26:57,delivered
ORD000001710,Ekart,2023-06-10 03:25:54,2023-06-16,2023-06-19 03:25:54,delivered
ORD000001711,IndiaPost,2024-07-28 00:39:18,2024-07-30,2024-07-30 00:39:18,delivered
ORD000001712,IndiaPost,2024-05-20 14:04:45,2024-05-23,2024-05-22 14:04:45,delivered
ORD000001713,Shadowfax,2023-03-06 14:45:27,2023-03-10,2023-03-10 14:45:27,delivered
ORD000001714,BlueDart,2023-10-10 10:43:46,2023-10-12,2023-10-13 10:43:46,delivered
ORD000001716,BlueDart,2023-03-17 01:43:47,2023-03-19,2023-03-22 01:43:47,delivered
ORD000001718,Delhivery,2023-07-28 15:09:25,2023-07-30,2023-08-01 15:09:25,delivered
ORD000001719,XpressBees,2024-10-31 20:34:22,2024-11-04,2024-11-03 20:34:22,delivered
ORD000001720,Delhivery,2024-10-29 03:22:45,2024-11-02,2024-11-04 03:22:45,delivered
ORD000001721,Shadowfax,2024-03-04 10:19:09,2024-03-06,2024-03-08 10:19:09,delivered
ORD000001722,XpressBees,2024-07-19 21:24:55,2024-07-24,2024-07-24 21:24:55,delivered
ORD000001723,IndiaPost,2025-01-01 07:22:13,2025-01-03,2025-01-04 07:22:13,delivered
ORD000001724,BlueDart,2023-11-05 04:41:47,2023-11-07,2023-11-12 04:41:47,delivered
ORD000001725,IndiaPost,2024-01-16 11:13:49,2024-01-18,2024-01-21 11:13:49,delivered
ORD000001726,Ekart,2024-05-08 02:54:14,2024-05-11,2024-05-11 02:54:14,delivered
ORD000001727,BlueDart,2024-11-07 08:53:27,2024-11-11,2024-11-16 08:53:27,delivered
ORD000001728,XpressBees,2024-09-12 15:52:19,2024-09-17,,delivered
ORD000001729,BlueDart,2023-02-21 21:31:03,2023-02-23,2023-02-26 21:31:03,delivered
ORD000001730,IndiaPost,2024-06-30 19:43:53,2024-07-04,2024-07-01 19:43:53,delivered
ORD000001731,Ekart,2023-08-04 23:54:10,2023-08-07,2023-08-07 23:54:10,delivered
ORD000001732,IndiaPost,2023-08-06 11:39:22,2023-08-12,2023-08-03 11:39:22,delivered
ORD000001733,Delhivery,2024-02-07 23:40:00,2024-02-09,2024-02-10 23:40:00,delivered
ORD000001734,Ekart,2024-06-15 16:17:23,2024-06-19,2024-06-18 16:17:23,delivered
ORD000001737,BlueDart,2024-07-03 02:46:18,2024-07-07,2024-07-10 02:46:18,delivered
ORD000001738,IndiaPost,2023-05-09 22:03:27,2023-05-16,2023-05-20 22:03:27,delivered
ORD000001740,Delhivery,2023-12-09 21:47:24,2023-12-16,2023-12-21 21:47:24,delivered
ORD000001741,Shadowfax,2024-03-11 18:28:29,2024-03-14,2024-03-18 18:28:29,delivered
ORD000001742,Delhivery,2023-03-07 19:55:40,2023-03-10,2023-03-14 19:55:40,delivered
ORD000001743,IndiaPost,2024-12-07 02:45:56,2024-12-10,,in_transit
ORD000001744,Ekart,2024-11-04 00:33:56,2024-11-06,2024-11-07 00:33:56,delivered
ORD000001745,IndiaPost,2023-06-11 09:50:10,2023-06-14,2023-06-13 09:50:10,delivered
ORD000001747,IndiaPost,2024-09-09 12:33:12,2024-09-13,2024-09-14 12:33:12,delivered
ORD000001748,Ekart,2023-04-14 07:04:01,2023-04-15,2023-04-18 07:04:01,delivered
ORD000001749,IndiaPost,2024-03-04 04:30:33,2024-03-07,2024-03-07 04:30:33,delivered
ORD000001750,XpressBees,2024-10-12 00:20:20,2024-10-19,2024-10-19 00:20:20,delivered
ORD000001751,BlueDart,2024-01-05 16:19:35,2024-01-06,2024-01-10 16:19:35,delivered
ORD000001752,Shadowfax,2024-11-11 21:53:06,2024-11-13,2024-11-15 21:53:06,delivered
ORD000001753,IndiaPost,2023-02-07 02:40:35,2023-02-09,2023-02-09 02:40:35,delivered
ORD000001754,BlueDart,2024-11-06 23:48:59,2024-11-08,2024-11-08 23:48:59,delivered
ORD000001755,Shadowfax,2024-12-25 02:49:14,2024-12-28,2024-12-28 02:49:14,delivered
ORD000001756,Shadowfax,2023-05-13 02:30:56,2023-05-16,2023-05-17 02:30:56,delivered
ORD000001758,Ekart,2024-04-11 02:14:00,2024-04-13,2024-04-17 02:14:00,delivered
ORD000001761,XpressBees,2023-10-06 22:07:00,2023-10-09,2023-10-08 22:07:00,delivered
ORD000001762,IndiaPost,2024-09-12 23:14:00,2024-09-15,2024-09-16 23:14:00,delivered
ORD000001763,Ekart,2023-11-04 14:40:47,2023-11-07,2023-11-06 14:40:47,delivered
ORD000001764,Ekart,2024-03-28 01:00:00,2024-04-02,2024-03-31 01:00:00,delivered
ORD000001766,IndiaPost,2024-12-22 22:25:04,2024-12-26,2024-12-19 22:25:04,delivered
ORD000001767,Ekart,2023-04-30 20:41:28,2023-05-02,2023-05-07 20:41:28,delivered
ORD000001768,Delhivery,2024-12-02 19:04:30,2024-12-07,2024-12-06 19:04:30,delivered
ORD000001769,BlueDart,2024-02-22 03:33:05,2024-02-28,2024-03-02 03:33:05,delivered
ORD000001770,Shadowfax,2024-11-01 18:58:56,2024-11-10,2024-11-07 18:58:56,delivered
ORD000001771,IndiaPost,2023-04-08 23:21:14,2023-04-13,2023-04-14 23:21:14,delivered
ORD000001772,Delhivery,2024-04-28 21:48:57,2024-05-01,2024-05-02 21:48:57,delivered
ORD000001773,BlueDart,2024-10-07 15:32:32,2024-10-10,2024-10-09 15:32:32,delivered
ORD000001774,BlueDart,2024-09-04 11:14:14,2024-09-08,2024-09-09 11:14:14,delivered
ORD000001777,Delhivery,2023-04-08 08:45:35,2023-04-10,2023-04-12 08:45:35,delivered
ORD000001778,BlueDart,2023-05-10 00:43:24,2023-05-13,2023-05-11 00:43:24,delivered
ORD000001779,XpressBees,2024-06-24 23:00:16,2024-06-27,2024-06-29 23:00:16,delivered
ORD000001780,Ekart,2024-12-09 00:48:09,2024-12-13,2024-12-17 00:48:09,delivered
ORD000001781,Shadowfax,2024-04-24 01:52:25,2024-04-26,2024-04-28 01:52:25,delivered
ORD000001782,IndiaPost,2023-03-27 01:11:00,2023-04-01,,in_transit
ORD000001783,IndiaPost,2023-07-29 07:23:09,2023-07-31,2023-08-04 07:23:09,delivered
ORD000001785,XpressBees,2023-04-16 17:27:11,2023-04-18,2023-04-20 17:27:11,delivered
ORD000001786,Delhivery,2024-10-11 12:16:40,2024-10-13,2024-10-12 12:16:40,delivered
ORD000001787,IndiaPost,2023-06-15 00:32:30,2023-06-19,2023-06-22 00:32:30,delivered
ORD000001788,Shadowfax,2023-04-19 13:49:12,2023-04-23,2023-04-16 13:49:12,delivered
ORD000001789,Ekart,2024-07-13 00:28:07,2024-07-16,2024-07-19 00:28:07,delivered
ORD000001790,BlueDart,2023-04-17 07:58:40,2023-04-22,,in_transit
ORD000001791,Shadowfax,2023-11-04 15:33:19,2023-11-12,2023-11-12 15:33:19,delivered
ORD000001792,Shadowfax,2024-01-10 21:46:33,2024-01-18,2024-01-21 21:46:33,delivered
ORD000001793,Shadowfax,2023-03-08 04:02:12,2023-03-09,2023-03-10 04:02:12,delivered
ORD000001794,Ekart,2024-02-14 12:54:07,2024-02-18,2024-02-20 12:54:07,delivered
ORD000001795,Ekart,2023-12-25 16:28:34,2023-12-29,,in_transit
ORD000001796,Shadowfax,2024-05-23 15:13:08,2024-05-27,2024-05-27 15:13:08,delivered
ORD000001797,Shadowfax,2023-07-07 13:34:23,2023-07-09,2023-07-10 13:34:23,delivered
ORD000001798,BlueDart,2023-10-14 05:43:24,2023-10-19,2023-10-21 05:43:24,delivered
ORD000001799,Delhivery,2024-05-15 14:17:53,2024-05-17,2024-05-18 14:17:53,delivered
ORD000001800,BlueDart,2023-01-27 05:30:07,2023-01-30,2023-01-29 05:30:07,delivered
ORD000001801,Ekart,2023-04-07 07:58:09,2023-04-15,,delivered
ORD000001802,Shadowfax,2023-09-01 09:38:28,2023-09-04,2023-09-05 09:38:28,delivered
ORD000001803,Shadowfax,2023-03-30 12:12:18,2023-04-01,2023-04-06 12:12:18,delivered
ORD000001804,IndiaPost,2023-01-29 23:07:04,2023-02-02,2023-02-02 23:07:04,delivered
ORD000001805,Delhivery,2024-12-29 18:29:48,2024-12-31,2025-01-01 18:29:48,delivered
ORD000001806,XpressBees,2023-12-07 12:01:14,2023-12-11,2023-12-11 12:01:14,delivered
ORD000001807,BlueDart,2024-01-27 01:43:43,2024-01-28,2024-01-31 01:43:43,delivered
ORD000001808,IndiaPost,2023-08-07 21:42:31,2023-08-10,2023-08-10 21:42:31,delivered
ORD000001809,Ekart,2023-01-04 00:51:04,2023-01-11,2023-01-12 00:51:04,delivered
ORD000001810,XpressBees,2024-08-03 20:38:36,2024-08-06,2024-08-09 20:38:36,delivered
ORD000001811,IndiaPost,2024-07-11 09:18:49,2024-07-15,2024-07-17 09:18:49,delivered
ORD000001813,Ekart,2023-01-15 22:58:59,2023-01-17,2023-01-18 22:58:59,delivered
ORD000001814,Shadowfax,2023-04-26 11:48:02,2023-04-30,2023-05-02 11:48:02,delivered
ORD000001815,BlueDart,2024-06-30 20:18:54,2024-07-04,2024-07-04 20:18:54,delivered
ORD000001816,Ekart,2023-10-05 07:38:40,2023-10-10,2023-10-11 07:38:40,delivered
ORD000001817,XpressBees,2023-02-21 17:44:22,2023-02-24,2023-02-27 17:44:22,delivered
ORD000001818,IndiaPost,2023-09-17 11:26:17,2023-09-24,2023-10-01 11:26:17,delivered
ORD000001819,Ekart,2023-03-15 07:30:49,2023-03-17,2023-03-19 07:30:49,delivered
ORD000001820,BlueDart,2024-10-08 12:46:44,2024-10-15,2024-10-17 12:46:44,delivered
ORD000001821,Delhivery,2024-10-25 08:48:53,2024-10-26,2024-10-28 08:48:53,delivered
ORD000001822,Shadowfax,2024-04-26 00:46:46,2024-04-27,2024-04-28 00:46:46,delivered
ORD000001823,Delhivery,2023-10-26 13:33:47,2023-10-30,2023-10-27 13:33:47,delivered
ORD000001824,Ekart,2024-08-18 23:36:56,2024-08-21,2024-08-22 23:36:56,delivered
ORD000001825,XpressBees,2024-04-22 09:42:48,2024-04-23,2024-04-28 09:42:48,delivered
ORD000001826,Shadowfax,2024-09-09 13:26:24,2024-09-11,2024-09-15 13:26:24,delivered
ORD000001827,Delhivery,2024-01-06 07:01:56,2024-01-11,2024-01-10 07:01:56,delivered
ORD000001828,Shadowfax,2024-12-11 12:31:56,2024-12-12,2024-12-15 12:31:56,delivered
ORD000001829,Delhivery,2023-09-06 22:09:40,2023-09-12,2023-09-13 22:09:40,delivered
ORD000001830,Shadowfax,2024-03-27 12:22:49,2024-03-29,,in_transit
ORD000001831,BlueDart,2024-09-22 11:25:18,2024-09-25,2024-09-26 11:25:18,delivered
ORD000001832,BlueDart,2024-10-28 06:46:48,2024-11-01,2024-10-30 06:46:48,delivered
ORD000001833,IndiaPost,2024-11-30 14:59:54,2024-12-03,2024-12-03 14:59:54,delivered
ORD000001834,BlueDart,2023-10-30 18:25:53,2023-11-02,2023-11-04 18:25:53,delivered
ORD000001835,Delhivery,2024-06-18 10:23:32,2024-06-22,2024-06-25 10:23:32,delivered
ORD000001836,BlueDart,2023-09-08 03:32:25,2023-09-09,2023-09-11 03:32:25,delivered
ORD000001837,Delhivery,2024-05-06 19:35:38,2024-05-08,2024-05-10 19:35:38,delivered
ORD000001838,BlueDart,2023-06-06 06:38:08,2023-06-09,2023-06-09 06:38:08,delivered
ORD000001839,XpressBees,2023-11-09 02:23:25,2023-11-13,2023-11-13 02:23:25,delivered
ORD000001840,IndiaPost,2024-11-06 16:41:58,2024-11-10,2024-11-11 16:41:58,delivered
ORD000001841,BlueDart,2024-09-24 17:31:23,2024-09-26,2024-09-28 17:31:23,delivered
ORD000001842,Delhivery,2023-12-31 16:48:20,2024-01-03,2024-01-03 16:48:20,delivered
ORD000001844,Shadowfax,2023-10-31 16:30:39,2023-11-02,2023-11-01 16:30:39,delivered
ORD000001845,IndiaPost,2023-04-28 12:52:46,2023-04-30,2023-04-29 12:52:46,delivered
ORD000001847,IndiaPost,2024-11-03 17:50:23,2024-11-05,2024-11-06 17:50:23,delivered
ORD000001848,BlueDart,2023-12-30 03:47:17,2024-01-01,2024-01-03 03:47:17,delivered
ORD000001849,BlueDart,2023-03-15 12:32:12,2023-03-18,2023-03-19 12:32:12,delivered
ORD000001850,IndiaPost,2024-07-04 05:40:48,2024-07-07,2024-07-09 05:40:48,delivered
ORD000001851,Ekart,2023-03-03 14:32:37,2023-03-05,2023-03-08 14:32:37,delivered
ORD000001852,Shadowfax,2023-10-31 04:31:29,2023-11-01,2023-11-04 04:31:29,delivered
ORD000001853,Delhivery,2023-07-18 12:05:00,2023-07-19,2023-07-20 12:05:00,delivered
ORD000001854,Delhivery,2023-05-21 04:47:23,2023-05-22,2023-05-25 04:47:23,delivered
ORD000001855,IndiaPost,2024-01-27 09:55:23,2024-01-28,2024-02-03 09:55:23,delivered
ORD000001856,Delhivery,2024-07-07 09:04:35,2024-07-09,2024-07-13 09:04:35,delivered
ORD000001857,BlueDart,2023-12-30 00:45:44,2023-12-31,2024-01-02 00:45:44,delivered
ORD000001858,Shadowfax,2024-10-02 15:42:41,2024-10-04,2024-10-04 15:42:41,delivered
ORD000001859,Delhivery,2024-11-06 21:44:45,2024-11-08,2024-11-10 21:44:45,delivered
ORD000001860,Ekart,2024-09-22 02:41:12,2024-09-23,,in_transit
ORD000001861,XpressBees,2024-12-09 17:29:36,2024-12-12,2024-12-12 17:29:36,delivered
ORD000001862,Ekart,2024-11-16 10:32:28,2024-11-17,2024-11-18 10:32:28,delivered
ORD000001863,XpressBees,2024-10-06 05:24:35,2024-10-09,2024-10-10 05:24:35,delivered
ORD000001864,Delhivery,2023-09-08 20:45:36,2023-09-14,2023-09-14 20:45:36,delivered
ORD000001865,Delhivery,2023-05-29 07:33:32,2023-06-01,2023-05-31 07:33:32,delivered
ORD000001866,BlueDart,2024-07-13 00:36:08,2024-07-16,2024-07-15 00:36:08,delivered
ORD000001867,Ekart,2024-10-11 07:10:59,2024-10-13,2024-10-16 07:10:59,delivered
ORD000001869,Shadowfax,2024-05-02 06:40:36,2024-05-03,2024-05-03 06:40:36,delivered
ORD000001870,XpressBees,2024-10-06 07:32:26,2024-10-10,2024-10-13 07:32:26,delivered
ORD000001871,BlueDart,2024-06-26 15:17:15,2024-06-29,2024-07-01 15:17:15,delivered
ORD000001872,XpressBees,2024-05-21 01:56:43,2024-05-23,2024-05-25 01:56:43,delivered
ORD000001873,Delhivery,2023-02-06 06:14:51,2023-02-09,2023-02-09 06:14:51,delivered
ORD000001874,BlueDart,2023-12-12 20:56:16,2023-12-15,2023-12-18 20:56:16,delivered
ORD000001875,Ekart,2023-01-26 20:28:16,2023-01-28,,in_transit
ORD000001876,Shadowfax,2023-03-18 00:33:36,2023-03-20,2023-03-20 00:33:36,delivered
ORD000001878,IndiaPost,2023-02-06 23:30:46,2023-02-10,2023-02-10 23:30:46,delivered
ORD000001879,Delhivery,2024-11-05 03:13:36,2024-11-06,2024-11-08 03:13:36,delivered
ORD000001881,XpressBees,2024-06-19 02:58:29,2024-06-22,2024-06-23 02:58:29,delivered
ORD000001882,XpressBees,2023-05-05 19:23:58,2023-05-07,2023-05-10 19:23:58,delivered
ORD000001884,Ekart,2023-12-26 01:07:43,2023-12-31,2024-01-01 01:07:43,delivered
ORD000001885,XpressBees,2024-02-17 22:51:26,2024-02-22,2024-02-23 22:51:26,delivered
ORD000001886,XpressBees,2024-05-05 06:02:42,2024-05-12,2024-05-16 06:02:42,delivered
ORD000001887,IndiaPost,2024-01-31 03:19:14,2024-02-05,2024-02-06 03:19:14,delivered
ORD000001889,Delhivery,2024-07-29 01:54:04,2024-07-30,2024-08-01 01:54:04,delivered
ORD000001890,Shadowfax,2024-09-21 16:13:49,2024-09-28,2024-09-27 16:13:49,delivered
ORD000001891,IndiaPost,2023-09-20 20:28:18,2023-09-24,2023-09-21 20:28:18,delivered
ORD000001892,Delhivery,2024-11-09 06:34:20,2024-11-12,2024-11-10 06:34:20,delivered
ORD000001893,XpressBees,2023-10-14 00:37:43,2023-10-16,2023-10-19 00:37:43,delivered
ORD000001894,Shadowfax,2023-08-22 05:52:12,2023-08-25,2023-08-27 05:52:12,delivered
ORD000001895,Ekart,2023-09-26 05:33:48,2023-09-28,2023-10-01 05:33:48,delivered
ORD000001896,Ekart,2023-10-14 19:16:57,2023-10-22,2023-10-23 19:16:57,delivered
ORD000001897,IndiaPost,2023-10-01 00:19:23,2023-10-04,2023-10-05 00:19:23,delivered
ORD000001898,Ekart,2024-10-10 04:45:18,2024-10-12,2024-10-14 04:45:18,delivered
ORD000001899,BlueDart,2024-02-20 11:01:31,2024-02-23,2024-02-25 11:01:31,delivered
ORD000001900,Shadowfax,2024-12-18 12:36:33,2024-12-22,2024-12-21 12:36:33,delivered
ORD000001901,IndiaPost,2023-03-10 10:34:08,2023-03-14,,in_transit
ORD000001902,Delhivery,2024-04-05 17:04:42,2024-04-12,2024-04-14 17:04:42,delivered
ORD000001903,XpressBees,2023-03-21 06:22:43,2023-03-28,2023-03-31 06:22:43,delivered
ORD000001904,IndiaPost,2023-12-10 20:41:45,2023-12-15,2023-12-17 20:41:45,delivered
ORD000001905,BlueDart,2023-10-26 10:06:09,2023-10-29,2023-10-28 10:06:09,delivered
ORD000001906,IndiaPost,2024-06-03 06:51:08,2024-06-05,2024-06-05 06:51:08,delivered
ORD000001907,Shadowfax,2024-07-30 08:54:46,2024-08-05,2024-08-07 08:54:46,delivered
ORD000001908,IndiaPost,2023-07-24 06:56:48,2023-07-28,,delivered
ORD000001910,IndiaPost,2023-11-06 06:02:13,2023-11-11,2023-11-09 06:02:13,delivered
ORD000001911,Delhivery,2023-07-27 11:40:35,2023-07-29,,in_transit
ORD000001912,Shadowfax,2024-05-30 16:01:08,2024-06-02,2024-06-03 16:01:08,delivered
ORD000001913,BlueDart,2024-01-13 03:26:29,2024-01-14,,in_transit
ORD000001914,XpressBees,2024-10-04 21:07:59,2024-10-06,2024-10-06 21:07:59,delivered
ORD000001915,IndiaPost,2024-12-27 20:40:11,2024-12-30,2025-01-01 20:40:11,delivered
ORD000001919,Delhivery,2023-05-07 02:43:49,2023-05-10,2023-05-10 02:43:49,delivered
ORD000001920,Ekart,2024-10-07 11:05:33,2024-10-14,2024-10-16 11:05:33,delivered
ORD000001921,Ekart,2023-12-27 18:07:35,2023-12-30,2023-12-30 18:07:35,delivered
ORD000001922,XpressBees,2024-06-26 22:12:43,2024-06-29,2024-06-27 22:12:43,delivered
ORD000001923,XpressBees,2024-06-22 10:44:26,2024-06-25,2024-06-25 10:44:26,delivered
ORD000001924,Ekart,2024-10-27 04:42:33,2024-11-04,2024-11-06 04:42:33,delivered
ORD000001925,XpressBees,2024-08-13 21:15:10,2024-08-14,,in_transit
ORD000001926,Ekart,2024-10-03 05:07:42,2024-10-06,2024-10-07 05:07:42,delivered
ORD000001927,XpressBees,2023-10-03 12:40:49,2023-10-04,2023-10-09 12:40:49,delivered
ORD000001928,BlueDart,2024-12-24 06:05:42,2024-12-28,2025-01-02 06:05:42,delivered
ORD000001930,Shadowfax,2024-08-24 11:45:03,2024-08-30,2024-09-02 11:45:03,delivered
ORD000001931,Delhivery,2024-10-15 07:05:19,2024-10-23,2024-10-24 07:05:19,delivered
ORD000001932,IndiaPost,2023-04-13 16:42:19,2023-04-18,2023-04-16 16:42:19,delivered
ORD000001933,IndiaPost,2023-10-08 16:48:24,2023-10-12,,in_transit
ORD000001934,Shadowfax,2024-10-07 03:05:17,2024-10-10,2024-10-11 03:05:17,delivered
ORD000001935,BlueDart,2024-11-09 17:07:11,2024-11-14,2024-11-13 17:07:11,delivered
ORD000001936,XpressBees,2024-08-07 07:11:53,2024-08-10,2024-08-11 07:11:53,delivered
ORD000001937,IndiaPost,2023-12-28 03:49:56,2023-12-30,2024-01-01 03:49:56,delivered
ORD000001939,XpressBees,2024-01-19 10:32:27,2024-01-21,2024-01-24 10:32:27,delivered
ORD000001940,XpressBees,2023-11-01 03:46:55,2023-11-03,2023-11-03 03:46:55,delivered
ORD000001941,BlueDart,2024-10-28 06:23:27,2024-10-30,2024-10-31 06:23:27,delivered
ORD000001942,Shadowfax,2024-02-24 04:38:41,2024-02-26,2024-02-28 04:38:41,delivered
ORD000001943,Shadowfax,2023-10-29 10:58:36,2023-10-31,2023-11-02 10:58:36,delivered
ORD000001944,Delhivery,2024-01-01 10:06:10,2024-01-08,2024-01-10 10:06:10,delivered
ORD000001945,Ekart,2024-11-19 05:55:42,2024-11-26,2024-11-29 05:55:42,delivered
ORD000001946,IndiaPost,2024-04-05 03:18:53,2024-04-06,2024-04-10 03:18:53,delivered
ORD000001947,Delhivery,2023-07-15 14:14:31,2023-07-21,2023-07-20 14:14:31,delivered
ORD000001949,Delhivery,2023-12-18 12:35:52,2023-12-20,2023-12-21 12:35:52,delivered
ORD000001950,Shadowfax,2023-09-25 00:44:26,2023-09-27,2023-09-30 00:44:26,delivered
ORD000001951,Shadowfax,2024-07-21 15:51:59,2024-07-29,2024-07-29 15:51:59,delivered
ORD000001952,Ekart,2023-08-19 13:59:27,2023-08-27,2023-08-29 13:59:27,delivered
ORD000001953,Shadowfax,2023-12-29 16:49:39,2024-01-01,2024-01-04 16:49:39,delivered
ORD000001954,Shadowfax,2023-11-26 10:06:06,2023-11-28,2023-12-01 10:06:06,delivered
ORD000001955,IndiaPost,2023-12-18 10:04:36,2023-12-20,2023-12-23 10:04:36,delivered
ORD000001956,Delhivery,2024-02-23 15:34:51,2024-02-26,2024-02-28 15:34:51,delivered
ORD000001958,Delhivery,2023-05-01 13:07:19,2023-05-08,2023-05-14 13:07:19,delivered
ORD000001959,XpressBees,2023-09-04 08:24:04,2023-09-09,2023-09-11 08:24:04,delivered
ORD000001960,Ekart,2024-08-22 11:27:55,2024-08-27,,in_transit
ORD000001961,IndiaPost,2024-11-03 21:19:48,2024-11-05,2024-11-07 21:19:48,delivered
ORD000001962,Shadowfax,2023-02-04 15:33:02,2023-02-07,2023-02-07 15:33:02,delivered
ORD000001963,Shadowfax,2023-02-28 17:54:27,2023-03-04,2023-03-02 17:54:27,delivered
ORD000001964,XpressBees,2024-11-19 18:20:14,2024-11-22,2024-11-23 18:20:14,delivered
ORD000001965,Shadowfax,2023-05-06 22:46:33,2023-05-11,2023-05-11 22:46:33,delivered
ORD000001966,BlueDart,2024-12-26 06:36:35,2024-12-28,,in_transit
ORD000001967,BlueDart,2024-10-04 13:05:45,2024-10-07,2024-10-08 13:05:45,delivered
ORD000001969,BlueDart,2023-03-27 20:14:53,2023-03-30,2023-04-01 20:14:53,delivered
ORD000001970,Delhivery,2024-12-24 23:51:30,2024-12-30,2024-12-30 23:51:30,delivered
ORD000001971,Ekart,2023-08-07 02:22:58,2023-08-12,2023-08-13 02:22:58,delivered
ORD000001973,BlueDart,2023-07-22 17:36:22,2023-07-24,2023-07-28 17:36:22,delivered
ORD000001974,XpressBees,2024-03-24 05:06:31,2024-03-26,2024-03-26 05:06:31,delivered
ORD000001975,IndiaPost,2024-10-08 09:20:39,2024-10-11,2024-10-09 09:20:39,delivered
ORD000001976,XpressBees,2024-05-13 12:27:51,2024-05-16,2024-05-18 12:27:51,delivered
ORD000001977,Shadowfax,2023-02-05 13:27:56,2023-02-09,2023-02-11 13:27:56,delivered
ORD000001978,Shadowfax,2024-03-20 06:27:19,2024-03-23,2024-03-23 06:27:19,delivered
ORD000001979,Ekart,2024-05-17 07:29:30,2024-05-20,,in_transit
ORD000001981,IndiaPost,2024-08-14 07:52:40,2024-08-16,2024-08-18 07:52:40,delivered
ORD000001983,XpressBees,2023-01-05 15:06:02,2023-01-11,,in_transit
ORD000001985,Shadowfax,2023-11-29 06:46:14,2023-12-03,2023-12-04 06:46:14,delivered
ORD000001986,Shadowfax,2023-07-19 11:02:39,2023-07-20,,in_transit
ORD000001987,Ekart,2023-03-11 06:32:40,2023-03-14,2023-03-08 06:32:40,delivered
ORD000001988,Delhivery,2023-10-22 21:58:01,2023-10-25,2023-10-24 21:58:01,delivered
ORD000001989,IndiaPost,2023-09-23 10:14:57,2023-09-25,2023-09-25 10:14:57,delivered
ORD000001990,Delhivery,2023-09-13 18:29:41,2023-09-17,2023-09-16 18:29:41,delivered
ORD000001991,IndiaPost,2024-09-10 12:38:12,2024-09-11,2024-09-15 12:38:12,delivered
ORD000001992,XpressBees,2024-05-02 18:55:40,2024-05-05,2024-05-03 18:55:40,delivered
ORD000001993,XpressBees,2023-04-24 02:52:35,2023-04-25,2023-04-28 02:52:35,delivered
ORD000001994,Shadowfax,2024-06-27 01:29:08,2024-06-30,2024-07-01 01:29:08,delivered
ORD000001996,XpressBees,2024-01-09 23:54:03,2024-01-14,2024-01-14 23:54:03,delivered
ORD000001997,XpressBees,2025-01-01 10:32:26,2025-01-05,,in_transit
ORD000001998,Ekart,2023-09-02 11:47:03,2023-09-03,2023-09-04 11:47:03,delivered
ORD000001999,Shadowfax,2023-02-16 21:48:06,2023-02-18,2023-02-19 21:48:06,delivered
ORD000002000,Delhivery,2023-01-21 05:21:46,2023-01-25,2023-01-26 05:21:46,delivered
ORD000002001,Delhivery,2023-10-02 08:40:32,2023-10-04,2023-10-05 08:40:32,delivered
ORD000002003,XpressBees,2023-03-06 03:15:55,2023-03-08,2023-03-09 03:15:55,delivered
ORD000002004,Ekart,2024-02-24 12:23:45,2024-02-25,2024-02-27 12:23:45,delivered
ORD000002005,BlueDart,2024-11-01 13:19:48,2024-11-08,2024-11-08 13:19:48,delivered
ORD000002006,XpressBees,2024-09-11 20:28:50,2024-09-15,2024-09-17 20:28:50,delivered
ORD000002007,Shadowfax,2024-05-26 02:10:08,2024-05-31,2024-05-23 02:10:08,delivered
ORD000002008,Delhivery,2024-05-17 02:07:31,2024-05-22,2024-05-23 02:07:31,delivered
ORD000002009,IndiaPost,2024-07-16 20:01:54,2024-07-18,2024-07-17 20:01:54,delivered
ORD000002010,IndiaPost,2023-12-31 05:31:18,2024-01-08,2024-01-11 05:31:18,delivered
ORD000002011,XpressBees,2023-11-01 11:42:42,2023-11-08,2023-11-14 11:42:42,delivered
ORD000002012,Shadowfax,2023-09-22 13:17:50,2023-09-23,2023-09-24 13:17:50,delivered
ORD000002013,XpressBees,2023-03-25 03:08:23,2023-03-29,2023-03-30 03:08:23,delivered
ORD000002014,Delhivery,2024-02-20 11:27:59,2024-02-27,2024-02-28 11:27:59,delivered
ORD000002015,XpressBees,2023-12-23 11:42:22,2023-12-26,2023-12-30 11:42:22,delivered
ORD000002017,XpressBees,2023-08-18 15:23:10,2023-08-24,2023-08-24 15:23:10,delivered
ORD000002018,XpressBees,2024-09-04 11:08:37,2024-09-09,2024-09-13 11:08:37,delivered
ORD000002019,Ekart,2023-08-09 06:54:25,2023-08-11,2023-08-11 06:54:25,delivered
ORD000002020,IndiaPost,2023-11-11 23:07:09,2023-11-15,2023-11-15 23:07:09,delivered
ORD000002021,Shadowfax,2023-05-17 18:04:20,2023-05-24,2023-05-27 18:04:20,delivered
ORD000002022,BlueDart,2023-05-25 11:59:52,2023-06-02,2023-06-03 11:59:52,delivered
ORD000002023,XpressBees,2024-08-08 13:15:26,2024-08-13,2024-08-14 13:15:26,delivered
ORD000002025,Ekart,2023-09-04 04:28:11,2023-09-07,2023-09-11 04:28:11,delivered
ORD000002028,Delhivery,2024-03-30 12:29:55,2024-04-02,2024-04-04 12:29:55,delivered
ORD000002029,Shadowfax,2024-04-28 18:47:44,2024-05-04,2024-05-05 18:47:44,delivered
ORD000002032,Shadowfax,2023-10-31 13:15:31,2023-11-03,2023-11-02 13:15:31,delivered
ORD000002035,Ekart,2024-03-31 09:20:06,2024-04-02,2024-04-05 09:20:06,delivered
ORD000002036,XpressBees,2023-04-02 08:50:26,2023-04-03,2023-04-06 08:50:26,delivered
ORD000002037,Ekart,2023-04-18 18:53:28,2023-04-22,2023-04-23 18:53:28,delivered
ORD000002038,IndiaPost,2024-03-01 19:01:31,2024-03-06,2024-03-07 19:01:31,delivered
ORD000002041,Shadowfax,2023-01-20 16:46:14,2023-01-23,2023-01-25 16:46:14,delivered
ORD000002042,XpressBees,2024-06-24 18:04:48,2024-06-27,,delivered
ORD000002043,BlueDart,2024-10-11 22:20:32,2024-10-18,2024-10-18 22:20:32,delivered
ORD000002044,Delhivery,2024-01-17 05:38:53,2024-01-19,2024-01-20 05:38:53,delivered
ORD000002045,IndiaPost,2024-10-08 20:26:30,2024-10-11,2024-10-10 20:26:30,delivered
ORD000002046,Shadowfax,2023-10-30 22:33:07,2023-11-04,2023-11-05 22:33:07,delivered
ORD000002047,BlueDart,2023-03-06 04:06:03,2023-03-11,2023-03-13 04:06:03,delivered
ORD000002048,IndiaPost,2023-10-25 03:38:30,2023-10-28,2023-10-28 03:38:30,delivered
ORD000002050,BlueDart,2024-10-21 15:06:12,2024-10-25,2024-10-28 15:06:12,delivered
ORD000002051,Delhivery,2023-10-07 08:15:16,2023-10-09,2023-10-12 08:15:16,delivered
ORD000002052,IndiaPost,2023-09-30 02:48:33,2023-10-02,2023-10-05 02:48:33,delivered
ORD000002054,XpressBees,2023-08-03 21:36:22,2023-08-08,2023-08-11 21:36:22,delivered
ORD000002055,XpressBees,2024-05-01 14:05:02,2024-05-08,2024-05-13 14:05:02,delivered
ORD000002056,IndiaPost,2023-10-04 19:51:45,2023-10-06,2023-10-07 19:51:45,delivered
ORD000002057,Shadowfax,2024-12-03 08:34:34,2024-12-08,2024-12-06 08:34:34,delivered
ORD000002058,Delhivery,2023-06-12 06:23:46,2023-06-16,2023-06-16 06:23:46,delivered
ORD000002059,IndiaPost,2024-07-10 07:14:58,2024-07-13,2024-07-15 07:14:58,delivered
ORD000002060,BlueDart,2024-02-09 17:48:26,2024-02-17,2024-02-15 17:48:26,delivered
ORD000002061,XpressBees,2024-12-27 04:54:06,2024-12-28,2025-01-01 04:54:06,delivered
ORD000002063,Delhivery,2024-09-08 07:23:27,2024-09-12,2024-09-10 07:23:27,delivered
ORD000002064,IndiaPost,2023-03-27 05:28:39,2023-03-31,2023-04-02 05:28:39,delivered
ORD000002065,Ekart,2023-12-20 08:07:35,2023-12-25,2023-12-23 08:07:35,delivered
ORD000002066,XpressBees,2024-10-12 16:28:16,2024-10-18,2024-10-16 16:28:16,delivered
ORD000002067,BlueDart,2024-04-28 04:58:49,2024-05-02,2024-05-06 04:58:49,delivered
ORD000002068,Delhivery,2024-10-26 08:42:42,2024-10-29,2024-11-03 08:42:42,delivered
ORD000002072,BlueDart,2023-10-04 05:41:39,2023-10-06,2023-10-10 05:41:39,delivered
ORD000002073,Ekart,2024-06-16 14:42:35,2024-06-18,,in_transit
ORD000002074,Delhivery,2023-12-27 03:31:12,2023-12-30,2023-12-29 03:31:12,delivered
ORD000002075,BlueDart,2023-02-04 12:56:05,2023-02-09,2023-02-11 12:56:05,delivered
ORD000002076,Ekart,2024-07-27 20:57:57,2024-07-31,2024-07-31 20:57:57,delivered
ORD000002077,XpressBees,2023-02-04 02:30:39,2023-02-06,2023-02-08 02:30:39,delivered
ORD000002078,XpressBees,2023-11-03 20:16:14,2023-11-06,2023-11-06 20:16:14,delivered
ORD000002080,Shadowfax,2024-01-02 01:12:30,2024-01-04,2024-01-08 01:12:30,delivered
ORD000002081,Shadowfax,2023-04-29 09:59:22,2023-05-01,2023-05-04 09:59:22,delivered
ORD000002082,IndiaPost,2024-07-30 14:57:38,2024-08-07,2024-08-07 14:57:38,delivered
ORD000002083,XpressBees,2024-10-12 04:29:33,2024-10-14,2024-10-16 04:29:33,delivered
ORD000002084,XpressBees,2024-06-17 17:19:19,2024-06-21,2024-06-23 17:19:19,delivered
ORD000002085,Ekart,2024-12-05 06:55:45,2024-12-06,2024-12-10 06:55:45,delivered
ORD000002087,Delhivery,2023-05-17 04:58:24,2023-05-21,2023-05-21 04:58:24,delivered
ORD000002088,IndiaPost,2023-02-24 09:26:19,2023-03-01,2023-03-03 09:26:19,delivered
ORD000002089,IndiaPost,2024-07-08 01:27:00,2024-07-10,2024-07-10 01:27:00,delivered
ORD000002090,Ekart,2023-05-19 20:18:56,2023-05-23,,in_transit
ORD000002091,XpressBees,2024-11-23 06:06:04,2024-11-28,2024-11-30 06:06:04,delivered
ORD000002092,Delhivery,2024-03-23 10:59:43,2024-03-25,2024-03-27 10:59:43,delivered
ORD000002093,IndiaPost,2024-09-18 16:32:55,2024-09-21,2024-09-23 16:32:55,delivered
ORD000002094,XpressBees,2023-11-20 06:19:21,2023-11-22,2023-11-24 06:19:21,delivered
ORD000002095,BlueDart,2024-07-20 10:33:21,2024-07-23,2024-07-27 10:33:21,delivered
ORD000002096,Shadowfax,2023-11-28 00:03:37,2023-12-03,2023-12-04 00:03:37,delivered
ORD000002097,BlueDart,2024-01-29 16:31:35,2024-02-01,2024-02-02 16:31:35,delivered
ORD000002098,Delhivery,2024-08-23 12:12:08,2024-08-27,2024-08-31 12:12:08,delivered
ORD000002099,XpressBees,2023-07-23 15:52:26,2023-07-27,2023-07-28 15:52:26,delivered
ORD000002100,Shadowfax,2024-10-28 15:17:10,2024-10-31,2024-11-03 15:17:10,delivered
ORD000002101,BlueDart,2024-07-04 07:11:23,2024-07-07,2024-07-09 07:11:23,delivered
ORD000002102,Delhivery,2024-07-30 21:35:32,2024-08-02,2024-08-05 21:35:32,delivered
ORD000002103,XpressBees,2023-07-23 00:02:57,2023-07-26,2023-07-28 00:02:57,delivered
ORD000002104,Delhivery,2023-03-15 20:37:19,2023-03-19,2023-03-18 20:37:19,delivered
ORD000002105,Delhivery,2023-03-01 09:23:50,2023-03-03,2023-03-06 09:23:50,delivered
ORD000002108,XpressBees,2025-01-02 15:43:36,2025-01-08,2025-01-11 15:43:36,delivered
ORD000002109,Ekart,2024-12-12 12:31:45,2024-12-16,2024-12-17 12:31:45,delivered
ORD000002110,Shadowfax,2023-01-21 14:42:13,2023-01-24,2023-01-25 14:42:13,delivered
ORD000002111,Delhivery,2024-07-12 20:51:52,2024-07-13,,delivered
ORD000002112,IndiaPost,2023-08-12 21:26:49,2023-08-14,2023-08-13 21:26:49,delivered
ORD000002113,BlueDart,2023-10-09 18:44:40,2023-10-11,2023-10-14 18:44:40,delivered
ORD000002114,Delhivery,2023-07-26 06:34:30,2023-07-28,2023-07-27 06:34:30,delivered
ORD000002115,Ekart,2024-10-05 09:53:39,2024-10-08,2024-10-11 09:53:39,delivered
ORD000002116,Delhivery,2024-10-30 08:55:48,2024-11-01,2024-11-02 08:55:48,delivered
ORD000002117,BlueDart,2023-01-31 01:10:23,2023-02-02,2023-02-07 01:10:23,delivered
ORD000002119,Ekart,2023-12-02 13:51:46,2023-12-05,2023-12-07 13:51:46,delivered
ORD000002120,IndiaPost,2024-01-15 07:07:30,2024-01-22,2024-01-21 07:07:30,delivered
ORD000002121,IndiaPost,2023-03-14 00:14:08,2023-03-17,2023-03-15 00:14:08,delivered
ORD000002122,XpressBees,2024-10-05 04:01:06,2024-10-08,2024-10-02 04:01:06,delivered
ORD000002123,Delhivery,2024-11-18 23:09:03,2024-11-21,2024-11-23 23:09:03,delivered
ORD000002124,XpressBees,2023-11-01 20:21:05,2023-11-03,2023-11-04 20:21:05,delivered
ORD000002125,IndiaPost,2024-10-14 09:45:25,2024-10-19,2024-10-18 09:45:25,delivered
ORD000002126,IndiaPost,2024-05-29 18:15:21,2024-06-01,,delivered
ORD000002127,BlueDart,2024-03-16 15:22:42,2024-03-20,,in_transit
ORD000002129,Ekart,2023-12-25 10:26:14,2023-12-31,2024-01-02 10:26:14,delivered
ORD000002130,BlueDart,2024-02-08 02:50:16,2024-02-14,,in_transit
ORD000002132,Delhivery,2024-06-30 01:24:33,2024-07-05,,delivered
ORD000002133,IndiaPost,2023-05-15 03:40:45,2023-05-18,2023-05-20 03:40:45,delivered
ORD000002134,BlueDart,2023-07-28 10:54:21,2023-07-31,2023-08-01 10:54:21,delivered
ORD000002135,IndiaPost,2023-12-26 23:23:32,2023-12-30,,in_transit
ORD000002136,Delhivery,2023-10-26 21:44:06,2023-10-30,2023-10-29 21:44:06,delivered
ORD000002138,Delhivery,2023-06-13 20:07:57,2023-06-16,2023-06-16 20:07:57,delivered
ORD000002139,BlueDart,2024-10-17 16:50:14,2024-10-20,2024-10-21 16:50:14,delivered
ORD000002140,IndiaPost,2024-03-17 12:33:52,2024-03-21,,in_transit
ORD000002141,Shadowfax,2023-10-24 20:26:12,2023-10-26,2023-10-30 20:26:12,delivered
ORD000002142,Shadowfax,2024-10-11 05:03:57,2024-10-14,2024-10-17 05:03:57,delivered
ORD000002143,Ekart,2024-10-04 21:57:30,2024-10-06,2024-10-08 21:57:30,delivered
ORD000002144,XpressBees,2023-04-03 22:30:07,2023-04-08,2023-04-08 22:30:07,delivered
ORD000002145,Delhivery,2024-02-24 12:57:48,2024-02-27,2024-02-25 12:57:48,delivered
ORD000002146,Delhivery,2023-09-20 18:55:32,2023-09-22,2023-09-24 18:55:32,delivered
ORD000002147,Shadowfax,2024-02-01 16:06:34,2024-02-05,2024-02-05 16:06:34,delivered
ORD000002148,Ekart,2024-07-04 21:30:37,2024-07-07,2024-07-07 21:30:37,delivered
ORD000002149,XpressBees,2023-01-04 10:19:31,2023-01-09,,in_transit
ORD000002150,IndiaPost,2024-01-09 03:40:04,2024-01-10,2024-01-11 03:40:04,delivered
ORD000002151,Shadowfax,2023-09-08 00:08:22,2023-09-13,2023-09-15 00:08:22,delivered
ORD000002152,BlueDart,2024-01-25 23:40:31,2024-01-29,2024-01-28 23:40:31,delivered
ORD000002154,Delhivery,2024-09-30 20:12:16,2024-10-05,2024-10-04 20:12:16,delivered
ORD000002155,BlueDart,2024-02-04 14:53:59,2024-02-06,2024-02-06 14:53:59,delivered
ORD000002156,IndiaPost,2023-07-01 01:26:14,2023-07-02,,in_transit
ORD000002157,XpressBees,2024-08-18 17:26:26,2024-08-22,2024-08-20 17:26:26,delivered
ORD000002158,Shadowfax,2023-01-29 17:54:49,2023-02-01,2023-02-01 17:54:49,delivered
ORD000002159,IndiaPost,2024-03-18 07:49:54,2024-03-20,2024-03-24 07:49:54,delivered
ORD000002160,Shadowfax,2024-01-02 00:30:15,2024-01-05,2024-01-07 00:30:15,delivered
ORD000002161,XpressBees,2023-01-30 23:30:38,2023-02-02,2023-02-02 23:30:38,delivered
ORD000002162,Ekart,2023-08-02 09:40:30,2023-08-08,2023-08-10 09:40:30,delivered
ORD000002163,Ekart,2023-03-04 12:26:56,2023-03-12,2023-03-11 12:26:56,delivered
ORD000002164,XpressBees,2024-07-17 16:05:19,2024-07-20,2024-07-19 16:05:19,delivered
ORD000002165,Shadowfax,2024-06-24 13:54:21,2024-06-28,,in_transit
ORD000002166,BlueDart,2023-03-15 16:10:13,2023-03-19,2023-03-19 16:10:13,delivered
ORD000002167,Ekart,2023-04-03 17:43:47,2023-04-05,2023-04-08 17:43:47,delivered
ORD000002168,XpressBees,2024-10-25 22:44:53,2024-10-29,2024-11-01 22:44:53,delivered
ORD000002169,XpressBees,2023-06-21 01:57:44,2023-06-25,2023-06-26 01:57:44,delivered
ORD000002171,Ekart,2024-06-07 16:28:06,2024-06-08,2024-06-11 16:28:06,delivered
ORD000002172,XpressBees,2023-02-18 06:48:30,2023-02-21,2023-02-25 06:48:30,delivered
ORD000002173,BlueDart,2024-11-30 20:38:11,2024-12-03,2024-12-05 20:38:11,delivered
ORD000002175,Ekart,2024-10-11 11:10:57,2024-10-14,2024-10-15 11:10:57,delivered
ORD000002176,Ekart,2023-10-17 05:16:57,2023-10-21,2023-10-23 05:16:57,delivered
ORD000002177,XpressBees,2023-05-07 13:53:41,2023-05-09,2023-05-09 13:53:41,delivered
ORD000002178,Delhivery,2023-10-23 16:10:27,2023-10-26,2023-10-30 16:10:27,delivered
ORD000002179,Delhivery,2024-12-23 04:37:53,2024-12-25,2024-12-24 04:37:53,delivered
ORD000002180,IndiaPost,2024-01-23 11:50:23,2024-01-24,,in_transit
ORD000002184,Delhivery,2023-02-14 09:01:11,2023-02-17,2023-02-18 09:01:11,delivered
ORD000002186,BlueDart,2024-10-04 16:37:56,2024-10-09,2024-10-13 16:37:56,delivered
ORD000002187,XpressBees,2023-05-10 01:26:13,2023-05-13,2023-05-14 01:26:13,delivered
ORD000002188,Shadowfax,2023-06-02 16:47:24,2023-06-04,2023-06-05 16:47:24,delivered
ORD000002189,Shadowfax,2024-11-27 06:46:45,2024-12-06,2024-12-08 06:46:45,delivered
ORD000002190,Ekart,2024-04-04 08:15:50,2024-04-05,2024-04-08 08:15:50,delivered
ORD000002191,Delhivery,2023-09-02 23:14:53,2023-09-06,2023-09-04 23:14:53,delivered
ORD000002192,IndiaPost,2024-03-12 08:29:46,2024-03-15,2024-03-09 08:29:46,delivered
ORD000002193,IndiaPost,2023-07-28 08:07:05,2023-08-01,2023-08-02 08:07:05,delivered
ORD000002194,Ekart,2023-12-30 17:10:33,2024-01-03,2024-01-04 17:10:33,delivered
ORD000002195,Delhivery,2023-10-08 02:10:06,2023-10-10,2023-10-11 02:10:06,delivered
ORD000002196,Ekart,2024-04-13 05:20:50,2024-04-16,2024-04-15 05:20:50,delivered
ORD000002197,Delhivery,2024-08-11 05:06:10,2024-08-13,2024-08-14 05:06:10,delivered
ORD000002198,IndiaPost,2023-10-11 10:31:20,2023-10-14,2023-10-13 10:31:20,delivered
ORD000002199,Shadowfax,2023-05-03 00:11:55,2023-05-06,2023-05-08 00:11:55,delivered
ORD000002200,Ekart,2023-10-14 21:42:49,2023-10-17,2023-10-17 21:42:49,delivered
ORD000002201,Shadowfax,2024-08-08 20:09:26,2024-08-11,2024-08-12 20:09:26,delivered
ORD000002202,BlueDart,2024-09-02 15:12:03,2024-09-06,2024-09-08 15:12:03,delivered
ORD000002203,IndiaPost,2024-09-02 14:28:12,2024-09-04,2024-09-05 14:28:12,delivered
ORD000002205,Shadowfax,2024-10-04 01:36:10,2024-10-06,2024-10-09 01:36:10,delivered
ORD000002206,BlueDart,2024-12-19 16:02:12,2024-12-22,2024-12-25 16:02:12,delivered
ORD000002207,Ekart,2024-04-17 20:19:37,2024-04-20,2024-04-23 20:19:37,delivered
ORD000002208,Delhivery,2023-07-16 14:02:00,2023-07-19,2023-07-19 14:02:00,delivered
ORD000002209,Shadowfax,2024-03-31 19:53:33,2024-04-03,2024-04-03 19:53:33,delivered
ORD000002211,IndiaPost,2023-03-12 07:57:04,2023-03-15,,in_transit
ORD000002212,Delhivery,2023-09-17 08:16:15,2023-09-24,2023-09-28 08:16:15,delivered
ORD000002213,Shadowfax,2023-10-19 19:12:45,2023-10-22,2023-10-22 19:12:45,delivered
ORD000002214,Delhivery,2024-06-28 01:13:02,2024-06-29,2024-07-03 01:13:02,delivered
ORD000002215,Ekart,2023-10-18 11:40:02,2023-10-24,2023-10-24 11:40:02,delivered
ORD000002216,XpressBees,2023-01-02 20:37:19,2023-01-06,2023-01-11 20:37:19,delivered
ORD000002217,XpressBees,2024-11-06 07:07:32,2024-11-13,2024-11-16 07:07:32,delivered
ORD000002218,Ekart,2024-03-15 02:34:36,2024-03-18,2024-03-16 02:34:36,delivered
ORD000002219,XpressBees,2023-06-29 23:17:53,2023-07-04,2023-07-06 23:17:53,delivered
ORD000002220,IndiaPost,2023-08-05 12:58:33,2023-08-10,2023-08-09 12:58:33,delivered
ORD000002221,BlueDart,2023-04-15 13:02:50,2023-04-19,2023-04-21 13:02:50,delivered
ORD000002222,Shadowfax,2024-11-03 18:58:48,2024-11-08,,in_transit
ORD000002223,BlueDart,2023-07-17 04:58:20,2023-07-19,2023-07-19 04:58:20,delivered
ORD000002224,BlueDart,2024-11-26 15:36:25,2024-11-28,2024-12-02 15:36:25,delivered
ORD000002225,IndiaPost,2023-08-15 07:32:20,2023-08-17,2023-08-17 07:32:20,delivered
ORD000002226,XpressBees,2024-09-14 10:29:19,2024-09-17,2024-09-18 10:29:19,delivered
ORD000002227,Shadowfax,2023-01-05 16:50:38,2023-01-10,2023-01-12 16:50:38,delivered
ORD000002228,BlueDart,2023-12-27 16:13:09,2023-12-30,2023-12-31 16:13:09,delivered
ORD000002229,Ekart,2023-10-22 05:45:49,2023-10-24,,delivered
ORD000002230,IndiaPost,2023-10-08 08:31:43,2023-10-12,,in_transit
ORD000002231,Shadowfax,2024-12-30 18:32:20,2025-01-04,2025-01-04 18:32:20,delivered
ORD000002234,XpressBees,2024-08-04 07:21:47,2024-08-08,2024-08-09 07:21:47,delivered
ORD000002235,XpressBees,2023-04-19 16:52:49,2023-04-24,2023-04-26 16:52:49,delivered
ORD000002236,XpressBees,2024-11-13 13:57:50,2024-11-15,2024-11-16 13:57:50,delivered
ORD000002237,BlueDart,2023-11-14 02:29:33,2023-11-15,2023-11-19 02:29:33,delivered
ORD000002238,Ekart,2023-06-12 20:02:10,2023-06-15,,in_transit
ORD000002239,Shadowfax,2023-08-23 00:56:54,2023-08-26,,in_transit
ORD000002240,XpressBees,2023-05-13 07:47:29,2023-05-20,2023-05-20 07:47:29,delivered
ORD000002241,IndiaPost,2024-11-16 15:43:27,2024-11-19,2024-11-19 15:43:27,delivered
ORD000002242,XpressBees,2023-09-21 08:24:28,2023-09-24,2023-09-24 08:24:28,delivered
ORD000002243,BlueDart,2023-04-30 22:14:23,2023-05-05,2023-05-06 22:14:23,delivered
ORD000002244,Delhivery,2024-09-26 09:54:48,2024-09-30,2024-09-30 09:54:48,delivered
ORD000002245,Delhivery,2023-07-02 23:50:23,2023-07-06,2023-07-07 23:50:23,delivered
ORD000002246,BlueDart,2023-03-19 14:43:19,2023-03-24,2023-03-23 14:43:19,delivered
ORD000002247,Ekart,2024-05-22 08:56:21,2024-05-26,,in_transit
ORD000002248,Delhivery,2023-01-04 14:18:11,2023-01-08,2023-01-09 14:18:11,delivered
ORD000002249,Shadowfax,2024-10-07 01:30:23,2024-10-11,2024-10-13 01:30:23,delivered
ORD000002250,Delhivery,2024-02-20 04:22:50,2024-02-22,2024-02-26 04:22:50,delivered
ORD000002251,Delhivery,2023-07-31 06:54:24,2023-08-02,2023-08-06 06:54:24,delivered
ORD000002252,Ekart,2023-12-25 08:53:48,2023-12-27,2023-12-31 08:53:48,delivered
ORD000002254,Shadowfax,2024-01-26 01:21:54,2024-01-29,2024-01-31 01:21:54,delivered
ORD000002255,Delhivery,2024-02-29 06:24:27,2024-03-03,2024-03-05 06:24:27,delivered
ORD000002256,IndiaPost,2024-08-20 21:27:21,2024-08-23,2024-08-26 21:27:21,delivered
ORD000002257,Ekart,2023-12-17 06:55:02,2023-12-19,2023-12-20 06:55:02,delivered
ORD000002258,Delhivery,2024-09-03 23:32:47,2024-09-05,2024-09-07 23:32:47,delivered
ORD000002259,Ekart,2023-02-26 01:16:47,2023-02-28,2023-03-03 01:16:47,delivered
ORD000002260,XpressBees,2024-11-08 17:02:55,2024-11-11,2024-11-11 17:02:55,delivered
ORD000002261,IndiaPost,2023-06-07 03:21:33,2023-06-09,2023-06-12 03:21:33,delivered
ORD000002262,Shadowfax,2024-10-07 11:18:45,2024-10-15,2024-10-17 11:18:45,delivered
ORD000002263,Ekart,2023-12-30 22:50:58,2024-01-07,2024-01-05 22:50:58,delivered
ORD000002264,Shadowfax,2023-03-29 02:38:47,2023-04-03,,delivered
ORD000002266,BlueDart,2024-11-06 08:17:00,2024-11-10,2024-11-13 08:17:00,delivered
ORD000002267,Ekart,2024-10-06 15:49:25,2024-10-11,2024-10-14 15:49:25,delivered
ORD000002269,XpressBees,2023-10-25 17:27:00,2023-10-27,2023-10-29 17:27:00,delivered
ORD000002270,BlueDart,2024-03-14 21:30:11,2024-03-18,2024-03-17 21:30:11,delivered
ORD000002272,IndiaPost,2024-05-04 19:03:32,2024-05-12,2024-05-14 19:03:32,delivered
ORD000002273,BlueDart,2023-08-12 19:42:31,2023-08-15,2023-08-16 19:42:31,delivered
ORD000002274,Ekart,2024-10-05 22:58:32,2024-10-10,2024-10-09 22:58:32,delivered
ORD000002276,Shadowfax,2023-10-27 04:38:05,2023-10-29,2023-10-29 04:38:05,delivered
ORD000002277,Shadowfax,2024-05-15 19:51:49,2024-05-17,2024-05-22 19:51:49,delivered
ORD000002278,XpressBees,2023-10-04 13:20:29,2023-10-12,2023-10-14 13:20:29,delivered
ORD000002279,Ekart,2023-05-12 00:58:55,2023-05-19,2023-05-21 00:58:55,delivered
ORD000002280,BlueDart,2023-07-20 17:29:53,2023-07-24,2023-07-21 17:29:53,delivered
ORD000002281,XpressBees,2023-08-21 11:38:27,2023-08-26,2023-08-25 11:38:27,delivered
ORD000002282,IndiaPost,2023-07-13 21:10:25,2023-07-18,2023-07-18 21:10:25,delivered
ORD000002283,IndiaPost,2024-06-01 07:28:19,2024-06-06,2024-06-04 07:28:19,delivered
ORD000002284,Shadowfax,2024-07-23 15:39:59,2024-07-28,2024-07-28 15:39:59,delivered
ORD000002285,BlueDart,2023-12-10 08:25:08,2023-12-14,2023-12-14 08:25:08,delivered
ORD000002286,IndiaPost,2024-12-30 09:03:00,2025-01-03,2025-01-08 09:03:00,delivered
ORD000002287,Shadowfax,2024-10-28 11:56:25,2024-11-01,2024-10-31 11:56:25,delivered
ORD000002288,Delhivery,2023-03-14 15:48:56,2023-03-18,2023-03-20 15:48:56,delivered
ORD000002289,IndiaPost,2023-12-12 05:13:29,2023-12-17,2023-12-17 05:13:29,delivered
ORD000002291,Shadowfax,2023-07-08 20:54:17,2023-07-10,2023-07-11 20:54:17,delivered
ORD000002292,BlueDart,2023-10-25 19:22:17,2023-10-30,2023-10-22 19:22:17,delivered
ORD000002294,Ekart,2024-08-25 19:00:32,2024-08-28,2024-08-26 19:00:32,delivered
ORD000002295,Ekart,2024-10-05 23:33:41,2024-10-09,2024-10-11 23:33:41,delivered
ORD000002296,Delhivery,2024-10-26 15:05:37,2024-10-27,2024-10-28 15:05:37,delivered
ORD000002298,IndiaPost,2024-06-19 01:12:06,2024-06-26,2024-06-29 01:12:06,delivered
ORD000002299,XpressBees,2024-09-18 03:54:24,2024-09-20,2024-09-26 03:54:24,delivered
ORD000002300,Shadowfax,2023-07-14 13:37:08,2023-07-15,2023-07-17 13:37:08,delivered
ORD000002301,XpressBees,2023-02-03 00:38:12,2023-02-06,2023-02-07 00:38:12,delivered
ORD000002302,XpressBees,2023-06-02 20:52:42,2023-06-03,2023-06-04 20:52:42,delivered
ORD000002303,Ekart,2024-07-26 05:27:56,2024-07-29,2024-07-29 05:27:56,delivered
ORD000002304,Delhivery,2024-06-14 23:19:41,2024-06-18,2024-06-20 23:19:41,delivered
ORD000002305,BlueDart,2024-10-29 13:08:26,2024-11-01,2024-11-02 13:08:26,delivered
ORD000002307,XpressBees,2024-04-12 11:26:55,2024-04-15,,in_transit
ORD000002311,IndiaPost,2024-08-02 07:56:10,2024-08-04,2024-08-04 07:56:10,delivered
ORD000002312,Ekart,2023-09-02 03:05:01,2023-09-07,2023-09-06 03:05:01,delivered
ORD000002313,XpressBees,2023-03-09 18:32:19,2023-03-14,2023-03-16 18:32:19,delivered
ORD000002314,BlueDart,2023-02-20 21:50:06,2023-02-23,2023-03-01 21:50:06,delivered
ORD000002316,Shadowfax,2023-05-08 14:36:06,2023-05-11,2023-05-13 14:36:06,delivered
ORD000002318,Shadowfax,2023-08-15 21:37:10,2023-08-21,,in_transit
ORD000002319,Ekart,2024-02-01 15:36:27,2024-02-04,2024-02-04 15:36:27,delivered
ORD000002320,Delhivery,2023-08-13 05:56:48,2023-08-20,2023-08-22 05:56:48,delivered
ORD000002321,IndiaPost,2023-02-08 15:37:34,2023-02-13,2023-02-15 15:37:34,delivered
ORD000002322,IndiaPost,2024-02-02 20:36:01,2024-02-05,2024-02-04 20:36:01,delivered
ORD000002323,Ekart,2023-10-20 13:03:13,2023-10-23,2023-10-28 13:03:13,delivered
ORD000002324,Ekart,2023-11-20 11:14:12,2023-11-23,2023-11-26 11:14:12,delivered
ORD000002325,Delhivery,2024-03-25 23:32:12,2024-03-28,2024-03-28 23:32:12,delivered
ORD000002326,IndiaPost,2023-09-27 04:38:01,2023-10-02,2023-10-01 04:38:01,delivered
ORD000002327,Delhivery,2024-02-22 02:37:14,2024-02-28,2024-03-03 02:37:14,delivered
ORD000002328,BlueDart,2024-05-13 18:25:15,2024-05-17,2024-05-16 18:25:15,delivered
ORD000002329,Shadowfax,2023-03-15 16:27:28,2023-03-19,,in_transit
ORD000002330,BlueDart,2023-10-11 09:10:10,2023-10-14,2023-10-15 09:10:10,delivered
ORD000002331,XpressBees,2023-03-15 15:25:34,2023-03-19,,in_transit
ORD000002332,XpressBees,2023-01-04 12:59:18,2023-01-07,2023-01-07 12:59:18,delivered
ORD000002333,XpressBees,2023-02-10 02:56:20,2023-02-14,2023-02-16 02:56:20,delivered
ORD000002334,IndiaPost,2024-03-17 01:32:08,2024-03-20,2024-03-21 01:32:08,delivered
ORD000002335,Shadowfax,2023-03-11 18:48:34,2023-03-16,,in_transit
ORD000002337,Shadowfax,2024-08-11 08:22:50,2024-08-14,,delivered
ORD000002338,XpressBees,2023-01-04 12:48:06,2023-01-08,2023-01-09 12:48:06,delivered
ORD000002341,BlueDart,2023-04-02 23:31:55,2023-04-04,2023-04-07 23:31:55,delivered
ORD000002342,Shadowfax,2024-12-30 12:37:12,2024-12-31,2025-01-05 12:37:12,delivered
ORD000002343,XpressBees,2023-12-10 17:24:59,2023-12-12,2023-12-14 17:24:59,delivered
ORD000002345,IndiaPost,2024-10-11 23:00:19,2024-10-14,2024-10-14 23:00:19,delivered
ORD000002346,Delhivery,2024-11-06 18:15:06,2024-11-08,2024-11-09 18:15:06,delivered
ORD000002347,Shadowfax,2024-02-08 22:54:00,2024-02-13,2024-02-14 22:54:00,delivered
ORD000002348,BlueDart,2024-06-25 05:05:42,2024-06-28,2024-06-30 05:05:42,delivered
ORD000002349,Delhivery,2024-08-28 03:05:51,2024-08-31,2024-08-30 03:05:51,delivered
ORD000002350,XpressBees,2024-07-20 04:06:00,2024-07-25,2024-07-25 04:06:00,delivered
ORD000002351,Delhivery,2023-12-30 15:20:42,2024-01-02,2024-01-03 15:20:42,delivered
ORD000002352,Delhivery,2024-10-06 03:43:13,2024-10-10,2024-10-13 03:43:13,delivered
ORD000002353,BlueDart,2024-01-20 20:51:37,2024-01-24,2024-01-25 20:51:37,delivered
ORD000002354,Delhivery,2023-08-10 14:07:37,2023-08-15,2023-08-16 14:07:37,delivered
ORD000002355,Ekart,2023-01-03 08:55:53,2023-01-05,2023-01-09 08:55:53,delivered
ORD000002356,Ekart,2023-10-15 02:19:32,2023-10-17,2023-10-18 02:19:32,delivered
ORD000002357,Shadowfax,2023-03-08 21:57:53,2023-03-14,2023-03-14 21:57:53,delivered
ORD000002358,XpressBees,2023-02-20 23:59:14,2023-02-25,2023-02-27 23:59:14,delivered
ORD000002359,Delhivery,2023-12-20 15:53:03,2023-12-28,,in_transit
ORD000002360,Shadowfax,2024-11-28 06:07:46,2024-12-02,2024-12-05 06:07:46,delivered
ORD000002361,Ekart,2023-03-29 21:33:19,2023-03-31,2023-04-04 21:33:19,delivered
ORD000002363,Shadowfax,2024-10-05 07:51:31,2024-10-08,2024-10-08 07:51:31,delivered
ORD000002364,IndiaPost,2023-11-01 06:36:25,2023-11-03,2023-11-06 06:36:25,delivered
ORD000002365,Shadowfax,2024-08-11 09:05:02,2024-08-15,2024-08-17 09:05:02,delivered
ORD000002366,BlueDart,2024-02-01 23:03:42,2024-02-05,2024-02-07 23:03:42,delivered
ORD000002367,IndiaPost,2024-03-28 07:53:27,2024-03-29,2024-04-04 07:53:27,delivered
ORD000002368,Delhivery,2023-05-17 13:07:50,2023-05-20,2023-05-22 13:07:50,delivered
ORD000002370,BlueDart,2024-04-12 22:07:31,2024-04-16,2024-04-19 22:07:31,delivered
ORD000002371,Shadowfax,2023-01-19 11:11:26,2023-01-24,2023-01-26 11:11:26,delivered
ORD000002372,IndiaPost,2023-06-09 12:44:39,2023-06-14,,in_transit
ORD000002373,XpressBees,2023-10-26 13:15:47,2023-10-30,2023-10-31 13:15:47,delivered
ORD000002374,Delhivery,2024-05-29 03:03:58,2024-05-30,2024-06-03 03:03:58,delivered
ORD000002375,BlueDart,2024-01-05 15:29:21,2024-01-08,2024-01-08 15:29:21,delivered
ORD000002376,XpressBees,2024-07-06 19:32:25,2024-07-09,2024-07-07 19:32:25,delivered
ORD000002377,XpressBees,2024-07-14 02:09:29,2024-07-15,2024-07-21 02:09:29,delivered
ORD000002378,Shadowfax,2023-01-24 11:25:04,2023-01-30,2023-01-31 11:25:04,delivered
ORD000002379,Ekart,2024-10-31 13:41:57,2024-11-04,2024-11-02 13:41:57,delivered
ORD000002380,XpressBees,2024-10-02 13:36:30,2024-10-05,,in_transit
ORD000002381,BlueDart,2023-08-22 07:25:43,2023-08-25,2023-08-29 07:25:43,delivered
ORD000002382,XpressBees,2023-12-27 13:30:10,2024-01-02,2023-12-31 13:30:10,delivered
ORD000002383,Delhivery,2023-09-22 19:28:30,2023-09-25,2023-09-26 19:28:30,delivered
ORD000002384,XpressBees,2024-11-03 14:52:19,2024-11-06,2024-11-05 14:52:19,delivered
ORD000002385,Ekart,2023-10-27 08:18:04,2023-10-28,,in_transit
ORD000002386,IndiaPost,2023-10-31 01:34:38,2023-11-02,2023-11-06 01:34:38,delivered
ORD000002387,BlueDart,2024-11-04 08:55:03,2024-11-09,2024-11-10 08:55:03,delivered
ORD000002388,Ekart,2024-03-24 19:44:35,2024-03-27,2024-03-26 19:44:35,delivered
ORD000002389,XpressBees,2023-04-27 10:14:20,2023-04-30,2023-04-30 10:14:20,delivered
ORD000002390,BlueDart,2024-04-16 08:41:21,2024-04-20,2024-04-23 08:41:21,delivered
ORD000002391,Shadowfax,2024-09-11 07:29:42,2024-09-12,2024-09-14 07:29:42,delivered
ORD000002392,Shadowfax,2023-10-09 07:23:50,2023-10-13,2023-10-13 07:23:50,delivered
ORD000002393,XpressBees,2024-01-20 20:32:27,2024-01-22,2024-01-27 20:32:27,delivered
ORD000002394,Shadowfax,2024-04-17 10:36:02,2024-04-19,2024-04-20 10:36:02,delivered
ORD000002395,Ekart,2024-01-06 07:53:16,2024-01-11,,in_transit
ORD000002397,XpressBees,2024-01-05 06:57:27,2024-01-08,2024-01-11 06:57:27,delivered
ORD000002398,IndiaPost,2024-05-01 22:47:43,2024-05-04,2024-05-05 22:47:43,delivered
ORD000002400,Delhivery,2023-04-25 00:28:41,2023-04-30,2023-05-01 00:28:41,delivered
ORD000002401,BlueDart,2023-02-04 10:53:15,2023-02-06,2023-02-10 10:53:15,delivered
ORD000002402,Shadowfax,2024-12-23 13:09:18,2024-12-25,2024-12-25 13:09:18,delivered
ORD000002403,Shadowfax,2024-07-18 03:47:31,2024-07-21,2024-07-24 03:47:31,delivered
ORD000002404,Shadowfax,2023-10-29 22:05:25,2023-11-03,2023-11-06 22:05:25,delivered
ORD000002405,IndiaPost,2023-01-11 00:43:43,2023-01-13,2023-01-16 00:43:43,delivered
ORD000002406,Delhivery,2023-05-21 23:45:53,2023-05-25,2023-05-23 23:45:53,delivered
ORD000002407,Ekart,2023-01-04 09:40:16,2023-01-13,2023-01-14 09:40:16,delivered
ORD000002408,IndiaPost,2023-10-30 08:07:18,2023-11-01,,delivered
ORD000002409,Ekart,2024-02-13 23:13:42,2024-02-18,2024-02-19 23:13:42,delivered
ORD000002410,Shadowfax,2023-05-16 23:12:18,2023-05-19,2023-05-20 23:12:18,delivered
ORD000002411,Delhivery,2024-04-28 18:44:09,2024-05-03,2024-05-04 18:44:09,delivered
ORD000002412,BlueDart,2024-12-07 19:06:28,2024-12-10,2024-12-09 19:06:28,delivered
ORD000002413,Shadowfax,2024-12-30 09:31:30,2025-01-03,2025-01-03 09:31:30,delivered
ORD000002414,Ekart,2024-10-05 19:20:49,2024-10-09,2024-10-10 19:20:49,delivered
ORD000002415,XpressBees,2023-11-29 05:39:27,2023-11-30,2023-12-02 05:39:27,delivered
ORD000002416,Shadowfax,2024-02-07 05:58:43,2024-02-09,2024-02-08 05:58:43,delivered
ORD000002417,Ekart,2024-01-02 23:26:06,2024-01-05,2024-01-07 23:26:06,delivered
ORD000002418,IndiaPost,2023-05-11 20:45:31,2023-05-16,2023-05-15 20:45:31,delivered
ORD000002419,IndiaPost,2024-10-14 05:42:23,2024-10-17,2024-10-19 05:42:23,delivered
ORD000002420,IndiaPost,2024-05-28 21:01:04,2024-06-01,2024-05-31 21:01:04,delivered
ORD000002421,Delhivery,2024-04-26 06:50:53,2024-04-29,2024-04-29 06:50:53,delivered
ORD000002422,XpressBees,2023-07-08 07:01:15,2023-07-12,2023-07-12 07:01:15,delivered
ORD000002423,XpressBees,2023-05-10 17:47:49,2023-05-12,2023-05-14 17:47:49,delivered
ORD000002424,BlueDart,2024-10-23 18:56:24,2024-10-27,2024-11-02 18:56:24,delivered
ORD000002425,BlueDart,2023-06-02 00:02:24,2023-06-04,2023-06-05 00:02:24,delivered
ORD000002426,Shadowfax,2023-03-02 04:44:48,2023-03-06,2023-03-07 04:44:48,delivered
ORD000002428,Ekart,2024-06-24 05:41:10,2024-07-01,2024-07-04 05:41:10,delivered
ORD000002429,XpressBees,2023-04-12 13:42:31,2023-04-16,2023-04-18 13:42:31,delivered
ORD000002430,XpressBees,2023-06-25 21:05:32,2023-06-28,2023-06-22 21:05:32,delivered
ORD000002432,XpressBees,2024-11-16 11:24:46,2024-11-18,2024-11-22 11:24:46,delivered
ORD000002433,Shadowfax,2023-12-24 15:44:06,2023-12-27,2023-12-29 15:44:06,delivered
ORD000002435,XpressBees,2023-10-01 09:13:10,2023-10-04,2023-10-03 09:13:10,delivered
ORD000002436,IndiaPost,2024-06-22 04:31:53,2024-06-24,2024-06-25 04:31:53,delivered
ORD000002437,IndiaPost,2024-02-15 06:03:18,2024-02-20,2024-02-22 06:03:18,delivered
ORD000002438,IndiaPost,2024-10-08 21:57:30,2024-10-12,,in_transit
ORD000002439,XpressBees,2024-08-25 15:44:20,2024-08-30,2024-08-31 15:44:20,delivered
ORD000002441,Ekart,2023-05-07 03:51:36,2023-05-12,2023-05-14 03:51:36,delivered
ORD000002443,Ekart,2023-01-25 19:58:08,2023-01-28,2023-01-29 19:58:08,delivered
ORD000002444,XpressBees,2024-06-01 17:40:50,2024-06-05,2024-06-05 17:40:50,delivered
ORD000002445,Delhivery,2023-12-25 12:29:17,2023-12-28,2023-12-28 12:29:17,delivered
ORD000002447,Delhivery,2024-06-08 21:04:18,2024-06-11,2024-06-10 21:04:18,delivered
ORD000002448,XpressBees,2023-12-27 16:25:13,2023-12-29,2023-12-29 16:25:13,delivered
ORD000002449,BlueDart,2024-10-16 19:46:31,2024-10-19,2024-10-21 19:46:31,delivered
ORD000002450,Ekart,2023-06-28 23:20:08,2023-06-30,2023-07-01 23:20:08,delivered
ORD000002451,BlueDart,2023-01-02 10:03:22,2023-01-05,2023-01-06 10:03:22,delivered
ORD000002452,Shadowfax,2023-04-20 13:32:16,2023-04-24,2023-04-25 13:32:16,delivered
ORD000002453,Ekart,2023-08-20 23:06:50,2023-08-22,2023-08-22 23:06:50,delivered
ORD000002454,IndiaPost,2024-05-09 18:09:42,2024-05-12,,in_transit
ORD000002455,IndiaPost,2023-10-18 23:45:50,2023-10-21,2023-10-19 23:45:50,delivered
ORD000002456,IndiaPost,2023-04-10 10:28:28,2023-04-13,2023-04-14 10:28:28,delivered
ORD000002457,Ekart,2024-12-27 13:42:24,2024-12-31,2025-01-03 13:42:24,delivered
ORD000002458,BlueDart,2023-04-01 17:33:12,2023-04-04,2023-04-06 17:33:12,delivered
ORD000002459,Shadowfax,2023-10-14 12:50:24,2023-10-15,2023-10-18 12:50:24,delivered
ORD000002460,Delhivery,2024-10-24 09:29:04,2024-10-26,2024-10-27 09:29:04,delivered
ORD000002461,BlueDart,2024-05-10 02:10:47,2024-05-13,2024-05-17 02:10:47,delivered
ORD000002463,Shadowfax,2024-12-21 23:26:20,2024-12-24,2024-12-18 23:26:20,delivered
ORD000002464,XpressBees,2024-01-02 08:38:54,2024-01-04,2024-01-05 08:38:54,delivered
ORD000002465,BlueDart,2023-01-04 12:24:35,2023-01-06,2023-01-08 12:24:35,delivered
ORD000002466,Ekart,2023-01-02 14:39:11,2023-01-05,,in_transit
ORD000002467,XpressBees,2024-11-24 21:15:16,2024-11-28,2024-11-30 21:15:16,delivered
ORD000002469,BlueDart,2024-09-25 05:04:52,2024-09-27,2024-09-30 05:04:52,delivered
ORD000002470,Delhivery,2023-02-03 08:48:55,2023-02-11,2023-02-09 08:48:55,delivered
ORD000002472,Delhivery,2024-10-13 01:55:23,2024-10-17,2024-10-16 01:55:23,delivered
ORD000002473,Shadowfax,2025-01-01 11:36:39,2025-01-03,2025-01-04 11:36:39,delivered
ORD000002475,XpressBees,2023-05-24 03:56:50,2023-05-25,2023-05-29 03:56:50,delivered
ORD000002476,IndiaPost,2024-07-08 22:05:42,2024-07-11,2024-07-09 22:05:42,delivered
ORD000002478,Ekart,2023-11-02 22:24:04,2023-11-09,2023-11-10 22:24:04,delivered
ORD000002479,Shadowfax,2023-06-15 06:39:24,2023-06-17,2023-06-20 06:39:24,delivered
ORD000002481,Delhivery,2023-05-27 02:17:21,2023-06-04,2023-06-07 02:17:21,delivered
ORD000002482,Shadowfax,2023-08-16 04:52:51,2023-08-23,2023-08-24 04:52:51,delivered
ORD000002483,Shadowfax,2023-10-04 14:58:34,2023-10-05,2023-10-09 14:58:34,delivered
ORD000002484,Delhivery,2023-04-28 01:04:18,2023-04-30,2023-04-30 01:04:18,delivered
ORD000002485,Delhivery,2024-01-28 18:32:37,2024-01-31,2024-02-04 18:32:37,delivered
ORD000002486,IndiaPost,2023-10-10 14:08:20,2023-10-11,,in_transit
ORD000002487,XpressBees,2024-03-31 23:58:47,2024-04-03,2024-04-02 23:58:47,delivered
ORD000002488,BlueDart,2023-10-22 20:04:23,2023-10-25,2023-10-27 20:04:23,delivered
ORD000002489,BlueDart,2023-04-08 08:37:11,2023-04-13,2023-04-11 08:37:11,delivered
ORD000002490,XpressBees,2024-10-22 21:44:54,2024-10-26,2024-10-24 21:44:54,delivered
ORD000002491,XpressBees,2024-01-06 04:31:57,2024-01-08,,delivered
ORD000002492,BlueDart,2023-10-02 15:40:30,2023-10-05,2023-10-04 15:40:30,delivered
ORD000002493,XpressBees,2023-01-10 00:36:15,2023-01-14,2023-01-14 00:36:15,delivered
ORD000002497,Ekart,2024-09-05 02:13:31,2024-09-06,2024-09-09 02:13:31,delivered
ORD000002498,BlueDart,2023-05-13 05:47:09,2023-05-15,2023-05-17 05:47:09,delivered
ORD000002499,IndiaPost,2024-12-22 14:57:15,2024-12-25,2024-12-27 14:57:15,delivered
ORD000002500,IndiaPost,2023-06-30 12:56:17,2023-07-08,2023-07-10 12:56:17,delivered
ORD000002501,BlueDart,2023-08-18 01:48:28,2023-08-22,2023-08-24 01:48:28,delivered
ORD000002502,IndiaPost,2024-01-06 22:30:23,2024-01-09,,in_transit
ORD000002503,Ekart,2023-01-03 02:48:44,2023-01-05,2023-01-07 02:48:44,delivered
ORD000002504,XpressBees,2023-11-27 17:25:41,2023-12-01,2023-12-01 17:25:41,delivered
ORD000002506,XpressBees,2024-07-31 14:25:13,2024-08-06,2024-08-04 14:25:13,delivered
ORD000002507,XpressBees,2024-08-08 21:43:26,2024-08-11,2024-08-05 21:43:26,delivered
ORD000002508,Ekart,2024-04-08 03:07:06,2024-04-14,,in_transit
ORD000002510,Shadowfax,2023-09-26 13:08:25,2023-09-28,2023-09-30 13:08:25,delivered
ORD000002511,Shadowfax,2024-10-04 06:24:46,2024-10-06,2024-10-08 06:24:46,delivered
ORD000002512,Shadowfax,2024-01-04 06:56:29,2024-01-09,2024-01-10 06:56:29,delivered
ORD000002513,Ekart,2023-12-31 10:19:01,2024-01-04,2024-01-05 10:19:01,delivered
ORD000002514,Ekart,2023-04-04 18:06:19,2023-04-09,2023-04-11 18:06:19,delivered
ORD000002515,BlueDart,2023-07-06 21:45:40,2023-07-09,2023-07-11 21:45:40,delivered
ORD000002516,Shadowfax,2023-10-16 16:31:28,2023-10-20,2023-10-20 16:31:28,delivered
ORD000002517,BlueDart,2024-06-18 12:30:31,2024-06-20,2024-06-22 12:30:31,delivered
ORD000002518,Delhivery,2024-10-09 22:40:53,2024-10-13,2024-10-16 22:40:53,delivered
ORD000002519,Shadowfax,2024-12-30 21:22:34,2025-01-03,2025-01-06 21:22:34,delivered
ORD000002520,Ekart,2023-11-14 14:24:51,2023-11-16,2023-11-15 14:24:51,delivered
ORD000002521,IndiaPost,2023-12-06 21:39:07,2023-12-08,2023-12-10 21:39:07,delivered
ORD000002522,XpressBees,2024-08-17 03:27:49,2024-08-18,2024-08-21 03:27:49,delivered
ORD000002523,Delhivery,2023-10-03 15:02:33,2023-10-07,2023-10-07 15:02:33,delivered
ORD000002524,IndiaPost,2024-02-02 03:13:24,2024-02-05,2024-02-06 03:13:24,delivered
ORD000002525,BlueDart,2024-05-31 14:56:14,2024-06-01,2024-06-09 14:56:14,delivered
ORD000002526,IndiaPost,2023-07-23 07:18:59,2023-07-25,,in_transit
ORD000002527,XpressBees,2023-08-29 09:48:56,2023-09-02,2023-09-06 09:48:56,delivered
ORD000002528,Ekart,2023-10-12 19:55:49,2023-10-21,2023-10-18 19:55:49,delivered
ORD000002529,Shadowfax,2024-03-04 18:27:42,2024-03-08,,delivered
ORD000002530,IndiaPost,2023-08-21 12:53:05,2023-08-24,,in_transit
ORD000002531,BlueDart,2023-06-27 11:09:01,2023-07-02,2023-07-01 11:09:01,delivered
ORD000002532,XpressBees,2023-05-07 18:20:02,2023-05-10,2023-05-13 18:20:02,delivered
ORD000002533,Shadowfax,2024-09-23 11:34:25,2024-10-01,2024-09-30 11:34:25,delivered
ORD000002534,BlueDart,2024-10-27 12:47:10,2024-10-29,2024-10-30 12:47:10,delivered
ORD000002535,IndiaPost,2024-11-03 00:00:05,2024-11-05,2024-11-07 00:00:05,delivered
ORD000002536,IndiaPost,2024-10-03 01:46:17,2024-10-07,2024-10-09 01:46:17,delivered
ORD000002537,IndiaPost,2023-04-27 02:23:37,2023-04-29,2023-05-03 02:23:37,delivered
ORD000002538,BlueDart,2023-03-22 17:13:33,2023-03-25,2023-03-25 17:13:33,delivered
ORD000002539,Delhivery,2024-01-01 05:25:59,2024-01-04,2024-01-04 05:25:59,delivered
ORD000002540,Delhivery,2024-01-15 07:38:30,2024-01-18,2024-01-17 07:38:30,delivered
ORD000002541,Ekart,2024-07-19 05:10:06,2024-07-20,,in_transit
ORD000002542,BlueDart,2023-07-10 22:54:38,2023-07-12,2023-07-15 22:54:38,delivered
ORD000002543,BlueDart,2024-11-17 02:18:28,2024-11-22,2024-11-21 02:18:28,delivered
ORD000002544,BlueDart,2023-09-25 13:00:19,2023-09-26,2023-09-28 13:00:19,delivered
ORD000002545,XpressBees,2024-03-05 00:32:10,2024-03-09,2024-03-09 00:32:10,delivered
ORD000002546,Delhivery,2024-10-21 17:04:30,2024-10-22,2024-10-27 17:04:30,delivered
ORD000002547,BlueDart,2024-01-17 18:16:01,2024-01-20,2024-01-19 18:16:01,delivered
ORD000002548,IndiaPost,2024-08-06 14:34:57,2024-08-08,2024-08-08 14:34:57,delivered
ORD000002549,BlueDart,2024-07-31 16:11:06,2024-08-06,2024-08-09 16:11:06,delivered
ORD000002550,Ekart,2024-09-07 03:59:38,2024-09-11,2024-09-12 03:59:38,delivered
ORD000002551,Delhivery,2024-09-25 18:38:03,2024-09-26,2024-10-01 18:38:03,delivered
ORD000002552,BlueDart,2023-10-30 09:26:07,2023-11-01,2023-11-05 09:26:07,delivered
ORD000002553,Shadowfax,2023-10-20 04:03:08,2023-10-25,2023-10-25 04:03:08,delivered
ORD000002554,Ekart,2024-09-19 11:13:06,2024-09-20,,delivered
ORD000002555,Delhivery,2024-03-07 04:11:17,2024-03-09,2024-03-13 04:11:17,delivered
ORD000002556,Delhivery,2024-03-31 03:32:55,2024-04-03,2024-04-04 03:32:55,delivered
ORD000002557,Ekart,2023-11-04 22:37:52,2023-11-08,2023-11-12 22:37:52,delivered
ORD000002558,Shadowfax,2023-06-22 12:50:37,2023-06-24,2023-06-27 12:50:37,delivered
ORD000002559,Ekart,2023-12-11 07:13:19,2023-12-15,2023-12-15 07:13:19,delivered
ORD000002560,XpressBees,2024-12-20 19:23:13,2024-12-27,2024-12-28 19:23:13,delivered
ORD000002561,BlueDart,2023-09-08 04:55:28,2023-09-10,2023-09-14 04:55:28,delivered
ORD000002562,Shadowfax,2023-08-22 03:46:28,2023-08-24,2023-08-28 03:46:28,delivered
ORD000002564,XpressBees,2023-12-27 01:12:31,2023-12-30,2024-01-01 01:12:31,delivered
ORD000002565,Shadowfax,2023-09-05 13:23:16,2023-09-07,2023-09-08 13:23:16,delivered
ORD000002567,IndiaPost,2023-04-24 02:12:16,2023-04-26,2023-04-29 02:12:16,delivered
ORD000002568,IndiaPost,2023-07-31 15:14:12,2023-08-02,,delivered
ORD000002569,XpressBees,2023-02-19 01:29:19,2023-02-22,2023-02-16 01:29:19,delivered
ORD000002570,Ekart,2023-02-01 16:27:47,2023-02-03,2023-02-06 16:27:47,delivered
ORD000002571,XpressBees,2024-09-26 09:52:01,2024-10-02,,in_transit
ORD000002572,BlueDart,2024-11-02 09:49:55,2024-11-04,2024-11-05 09:49:55,delivered
ORD000002573,Ekart,2024-08-14 09:02:47,2024-08-17,2024-08-17 09:02:47,delivered
ORD000002574,BlueDart,2024-10-20 21:15:34,2024-10-28,2024-10-29 21:15:34,delivered
ORD000002575,BlueDart,2023-03-13 10:10:04,2023-03-16,2023-03-16 10:10:04,delivered
ORD000002576,Shadowfax,2024-11-01 04:00:22,2024-11-03,2024-11-05 04:00:22,delivered
ORD000002577,IndiaPost,2023-12-17 16:44:14,2023-12-20,2023-12-23 16:44:14,delivered
ORD000002579,IndiaPost,2024-04-06 20:05:32,2024-04-10,2024-04-08 20:05:32,delivered
ORD000002580,Delhivery,2023-10-12 02:54:35,2023-10-14,2023-10-17 02:54:35,delivered
ORD000002582,BlueDart,2023-04-09 22:25:05,2023-04-11,2023-04-15 22:25:05,delivered
ORD000002583,Delhivery,2023-11-05 20:52:42,2023-11-08,2023-11-09 20:52:42,delivered
ORD000002585,XpressBees,2024-12-27 07:54:27,2024-12-29,2025-01-01 07:54:27,delivered
ORD000002586,Delhivery,2023-01-29 07:43:08,2023-01-31,2023-02-01 07:43:08,delivered
ORD000002587,Delhivery,2024-03-16 04:09:51,2024-03-17,2024-03-19 04:09:51,delivered
ORD000002588,BlueDart,2024-01-18 01:17:44,2024-01-20,2024-01-21 01:17:44,delivered
ORD000002589,Shadowfax,2023-01-16 16:58:43,2023-01-19,2023-01-23 16:58:43,delivered
ORD000002590,Ekart,2023-10-06 17:22:37,2023-10-08,2023-10-10 17:22:37,delivered
ORD000002591,Shadowfax,2023-11-11 15:23:30,2023-11-12,2023-11-14 15:23:30,delivered
ORD000002592,Shadowfax,2024-01-01 08:08:57,2024-01-05,2024-01-08 08:08:57,delivered
ORD000002593,Delhivery,2023-07-20 08:34:50,2023-07-24,2023-07-27 08:34:50,delivered
ORD000002594,Delhivery,2023-01-25 15:57:08,2023-02-03,2023-02-05 15:57:08,delivered
ORD000002595,Delhivery,2023-09-10 14:46:28,2023-09-12,2023-09-13 14:46:28,delivered
ORD000002596,Shadowfax,2024-10-08 13:52:26,2024-10-11,2024-10-14 13:52:26,delivered
ORD000002597,Ekart,2024-09-21 23:18:52,2024-09-25,2024-09-26 23:18:52,delivered
ORD000002598,Ekart,2023-06-03 05:01:00,2023-06-11,2023-06-09 05:01:00,delivered
ORD000002599,Ekart,2024-05-03 20:45:17,2024-05-05,,in_transit
ORD000002600,Delhivery,2024-11-11 17:09:11,2024-11-18,2024-11-19 17:09:11,delivered
ORD000002601,IndiaPost,2023-05-27 05:32:03,2023-05-31,2023-06-05 05:32:03,delivered
ORD000002602,XpressBees,2023-04-20 02:12:16,2023-04-21,2023-04-23 02:12:16,delivered
ORD000002603,BlueDart,2023-01-15 05:49:00,2023-01-18,2023-01-19 05:49:00,delivered
ORD000002604,Ekart,2023-05-28 02:06:08,2023-05-29,2023-06-01 02:06:08,delivered
ORD000002605,IndiaPost,2024-09-27 21:48:21,2024-09-29,2024-10-01 21:48:21,delivered
ORD000002606,Shadowfax,2024-09-28 02:33:05,2024-09-30,2024-09-30 02:33:05,delivered
ORD000002607,BlueDart,2024-02-02 04:18:47,2024-02-03,2024-02-08 04:18:47,delivered
ORD000002608,XpressBees,2023-10-06 19:41:40,2023-10-10,2023-10-14 19:41:40,delivered
ORD000002609,Delhivery,2024-09-21 17:02:04,2024-09-24,2024-09-23 17:02:04,delivered
ORD000002610,IndiaPost,2023-06-15 16:05:50,2023-06-19,2023-06-19 16:05:50,delivered
ORD000002611,XpressBees,2023-04-28 18:46:47,2023-05-01,2023-05-02 18:46:47,delivered
ORD000002612,Delhivery,2023-03-16 15:43:48,2023-03-17,,in_transit
ORD000002613,Delhivery,2024-10-13 12:53:05,2024-10-17,2024-10-19 12:53:05,delivered
ORD000002614,Delhivery,2024-07-02 16:01:51,2024-07-04,2024-07-06 16:01:51,delivered
ORD000002615,Shadowfax,2024-04-13 10:01:34,2024-04-17,2024-04-17 10:01:34,delivered
ORD000002616,Shadowfax,2024-07-14 21:04:44,2024-07-16,2024-07-16 21:04:44,delivered
ORD000002617,BlueDart,2023-05-01 07:52:46,2023-05-04,2023-05-04 07:52:46,delivered
ORD000002619,Delhivery,2024-09-27 11:19:47,2024-09-29,2024-10-02 11:19:47,delivered
ORD000002620,Delhivery,2024-11-05 19:20:20,2024-11-11,2024-11-12 19:20:20,delivered
ORD000002622,BlueDart,2023-04-13 00:14:29,2023-04-15,2023-04-18 00:14:29,delivered
ORD000002623,Ekart,2024-12-26 04:55:48,2024-12-28,2024-12-29 04:55:48,delivered
ORD000002624,IndiaPost,2023-10-30 19:03:10,2023-11-03,2023-11-06 19:03:10,delivered
ORD000002625,Ekart,2023-10-02 17:51:01,2023-10-05,2023-10-06 17:51:01,delivered
ORD000002626,Delhivery,2023-04-11 00:54:13,2023-04-15,2023-04-16 00:54:13,delivered
ORD000002627,BlueDart,2023-01-08 00:11:52,2023-01-10,2023-01-13 00:11:52,delivered
ORD000002628,XpressBees,2024-03-28 03:51:12,2024-04-01,2024-04-03 03:51:12,delivered
ORD000002629,BlueDart,2024-04-05 11:52:03,2024-04-11,2024-04-13 11:52:03,delivered
ORD000002630,Shadowfax,2023-07-19 22:15:25,2023-07-25,2023-07-24 22:15:25,delivered
ORD000002631,BlueDart,2023-05-18 14:14:25,2023-05-21,2023-05-22 14:14:25,delivered
ORD000002632,XpressBees,2024-01-22 01:11:28,2024-01-25,2024-01-27 01:11:28,delivered
ORD000002634,BlueDart,2023-09-19 15:21:19,2023-09-23,2023-09-26 15:21:19,delivered
ORD000002635,Delhivery,2023-07-06 11:33:28,2023-07-10,2023-07-11 11:33:28,delivered
ORD000002636,XpressBees,2024-10-16 02:33:10,2024-10-18,2024-10-17 02:33:10,delivered
ORD000002637,Shadowfax,2024-12-29 15:40:08,2025-01-05,,delivered
ORD000002638,Delhivery,2023-10-13 21:11:48,2023-10-17,2023-10-22 21:11:48,delivered
ORD000002639,Shadowfax,2024-06-18 00:29:18,2024-06-21,2024-06-22 00:29:18,delivered
ORD000002640,IndiaPost,2024-10-20 22:36:28,2024-10-23,2024-10-23 22:36:28,delivered
ORD000002641,XpressBees,2023-01-21 17:34:10,2023-01-24,2023-01-26 17:34:10,delivered
ORD000002642,IndiaPost,2024-11-04 00:07:05,2024-11-05,2024-11-06 00:07:05,delivered
ORD000002643,IndiaPost,2024-01-01 13:48:03,2024-01-05,2024-01-05 13:48:03,delivered
ORD000002644,BlueDart,2024-02-16 11:08:55,2024-02-17,2024-02-19 11:08:55,delivered
ORD000002646,IndiaPost,2023-07-29 06:49:51,2023-07-30,2023-08-02 06:49:51,delivered
ORD000002647,BlueDart,2024-08-30 21:24:58,2024-09-07,2024-09-09 21:24:58,delivered
ORD000002649,BlueDart,2023-03-22 10:13:50,2023-03-23,2023-03-25 10:13:50,delivered
ORD000002650,Shadowfax,2024-02-21 12:10:45,2024-02-28,2024-03-01 12:10:45,delivered
ORD000002651,Delhivery,2024-12-09 14:58:18,2024-12-17,2024-12-19 14:58:18,delivered
ORD000002652,Ekart,2024-10-23 04:20:36,2024-10-24,2024-10-27 04:20:36,delivered
ORD000002653,Ekart,2024-04-15 12:06:49,2024-04-17,2024-04-16 12:06:49,delivered
ORD000002654,BlueDart,2023-06-20 20:53:48,2023-06-21,2023-06-23 20:53:48,delivered
ORD000002656,Ekart,2023-05-08 06:37:51,2023-05-11,2023-05-11 06:37:51,delivered
ORD000002657,Shadowfax,2024-10-02 20:35:46,2024-10-05,2024-10-06 20:35:46,delivered
ORD000002658,Ekart,2024-08-27 14:43:00,2024-09-01,2024-09-03 14:43:00,delivered
ORD000002659,IndiaPost,2024-11-04 18:32:24,2024-11-07,2024-11-10 18:32:24,delivered
ORD000002663,Delhivery,2024-05-29 08:06:40,2024-05-30,2024-06-03 08:06:40,delivered
ORD000002664,IndiaPost,2024-10-27 22:42:05,2024-10-28,2024-10-30 22:42:05,delivered
ORD000002665,Ekart,2023-11-24 05:26:50,2023-12-01,,in_transit
ORD000002666,Shadowfax,2023-09-27 11:41:11,2023-09-30,2023-10-02 11:41:11,delivered
ORD000002667,Ekart,2023-05-11 13:37:45,2023-05-14,2023-05-12 13:37:45,delivered
ORD000002668,BlueDart,2023-01-24 01:45:18,2023-01-26,2023-01-27 01:45:18,delivered
ORD000002669,XpressBees,2023-02-02 02:35:14,2023-02-04,2023-02-04 02:35:14,delivered
ORD000002671,XpressBees,2023-10-08 07:30:51,2023-10-09,2023-10-13 07:30:51,delivered
ORD000002672,BlueDart,2023-02-13 02:17:27,2023-02-14,2023-02-15 02:17:27,delivered
ORD000002673,Ekart,2023-04-03 23:09:48,2023-04-06,2023-04-08 23:09:48,delivered
ORD000002674,Shadowfax,2024-05-19 21:45:49,2024-05-28,2024-05-27 21:45:49,delivered
ORD000002675,Shadowfax,2024-11-23 23:26:13,2024-11-26,2024-11-27 23:26:13,delivered
ORD000002676,IndiaPost,2023-11-03 07:58:26,2023-11-08,2023-11-11 07:58:26,delivered
ORD000002677,Delhivery,2024-08-27 05:28:12,2024-08-30,2024-08-31 05:28:12,delivered
ORD000002678,Shadowfax,2024-12-25 06:04:09,2024-12-26,2024-12-29 06:04:09,delivered
ORD000002679,Delhivery,2024-06-28 09:44:52,2024-06-29,2024-07-02 09:44:52,delivered
ORD000002680,Ekart,2024-07-09 16:01:38,2024-07-14,2024-07-14 16:01:38,delivered
ORD000002681,IndiaPost,2024-04-07 03:38:35,2024-04-10,2024-04-10 03:38:35,delivered
ORD000002682,Delhivery,2024-12-26 10:34:24,2024-12-28,,in_transit
ORD000002683,IndiaPost,2023-09-14 22:13:07,2023-09-17,2023-09-17 22:13:07,delivered
ORD000002684,IndiaPost,2024-08-31 11:23:03,2024-09-04,2024-09-05 11:23:03,delivered
ORD000002685,Ekart,2023-11-05 13:45:16,2023-11-07,2023-11-06 13:45:16,delivered
ORD000002686,XpressBees,2023-05-12 03:13:09,2023-05-19,2023-05-20 03:13:09,delivered
ORD000002687,BlueDart,2024-07-24 14:40:46,2024-07-26,2024-07-26 14:40:46,delivered
ORD000002688,BlueDart,2024-10-06 09:24:55,2024-10-09,,in_transit
ORD000002689,BlueDart,2024-10-19 19:44:48,2024-10-23,2024-10-24 19:44:48,delivered
ORD000002690,Shadowfax,2024-11-09 14:22:08,2024-11-12,2024-11-12 14:22:08,delivered
ORD000002691,Ekart,2024-07-29 17:06:53,2024-08-01,2024-08-03 17:06:53,delivered
ORD000002692,XpressBees,2024-01-20 15:48:03,2024-01-29,2024-02-01 15:48:03,delivered
ORD000002693,IndiaPost,2024-11-22 17:15:44,2024-11-28,2024-11-25 17:15:44,delivered
ORD000002695,Shadowfax,2023-03-05 17:54:02,2023-03-09,2023-03-11 17:54:02,delivered
ORD000002696,XpressBees,2023-11-18 03:32:36,2023-11-21,2023-11-22 03:32:36,delivered
ORD000002697,XpressBees,2024-03-09 03:06:53,2024-03-11,,in_transit
ORD000002698,Delhivery,2024-06-02 22:25:40,2024-06-04,2024-06-09 22:25:40,delivered
ORD000002699,XpressBees,2024-09-29 04:10:38,2024-10-04,2024-10-04 04:10:38,delivered
ORD000002700,Shadowfax,2023-01-19 14:18:19,2023-01-22,2023-01-24 14:18:19,delivered
ORD000002701,Delhivery,2024-09-16 13:11:19,2024-09-20,2024-09-21 13:11:19,delivered
ORD000002702,BlueDart,2024-03-25 12:43:40,2024-03-29,2024-03-30 12:43:40,delivered
ORD000002703,Ekart,2024-12-06 17:58:42,2024-12-08,2024-12-09 17:58:42,delivered
ORD000002704,Delhivery,2023-10-11 17:26:00,2023-10-15,2023-10-18 17:26:00,delivered
ORD000002705,Ekart,2024-04-08 00:28:10,2024-04-11,2024-04-11 00:28:10,delivered
ORD000002706,Shadowfax,2024-08-16 11:43:04,2024-08-20,2024-08-19 11:43:04,delivered
ORD000002707,Delhivery,2024-01-12 07:56:07,2024-01-16,2024-01-20 07:56:07,delivered
ORD000002708,Shadowfax,2023-05-12 13:10:29,2023-05-16,2023-05-16 13:10:29,delivered
ORD000002709,Shadowfax,2023-02-08 19:53:47,2023-02-12,2023-02-14 19:53:47,delivered
ORD000002710,Delhivery,2023-04-03 04:41:18,2023-04-05,2023-04-04 04:41:18,delivered
ORD000002711,BlueDart,2023-12-31 09:42:53,2024-01-02,2024-01-05 09:42:53,delivered
ORD000002712,BlueDart,2024-04-28 16:59:47,2024-05-01,2024-05-01 16:59:47,delivered
ORD000002713,Shadowfax,2024-02-28 12:12:27,2024-02-29,2024-02-29 12:12:27,delivered
ORD000002714,Shadowfax,2024-07-02 17:13:46,2024-07-04,2024-07-06 17:13:46,delivered
ORD000002715,Shadowfax,2023-01-30 14:25:08,2023-02-02,2023-02-03 14:25:08,delivered
ORD000002716,BlueDart,2023-04-25 19:57:12,2023-04-27,,delivered
ORD000002717,BlueDart,2024-08-12 14:32:03,2024-08-16,2024-08-17 14:32:03,delivered
ORD000002718,Ekart,2024-08-29 15:37:52,2024-09-03,2024-09-03 15:37:52,delivered
ORD000002719,BlueDart,2024-06-21 15:11:15,2024-06-25,2024-06-24 15:11:15,delivered
ORD000002720,Delhivery,2024-07-30 07:26:57,2024-08-01,2024-08-01 07:26:57,delivered
ORD000002721,Shadowfax,2024-12-15 07:30:40,2024-12-18,2024-12-18 07:30:40,delivered
ORD000002722,BlueDart,2024-11-28 18:05:03,2024-11-30,2024-12-03 18:05:03,delivered
ORD000002723,XpressBees,2024-05-01 11:45:47,2024-05-05,2024-05-04 11:45:47,delivered
ORD000002724,Delhivery,2023-10-03 07:25:07,2023-10-07,2023-10-10 07:25:07,delivered
ORD000002725,IndiaPost,2023-01-07 21:15:48,2023-01-13,2023-01-13 21:15:48,delivered
ORD000002726,IndiaPost,2024-04-22 06:34:54,2024-04-28,2024-04-30 06:34:54,delivered
ORD000002727,IndiaPost,2023-11-17 06:30:01,2023-11-20,,in_transit
ORD000002728,Shadowfax,2023-05-06 03:27:46,2023-05-07,2023-05-09 03:27:46,delivered
ORD000002729,BlueDart,2023-07-03 19:38:54,2023-07-08,2023-07-06 19:38:54,delivered
ORD000002730,Shadowfax,2024-11-22 02:54:38,2024-11-24,2024-11-25 02:54:38,delivered
ORD000002731,XpressBees,2023-02-23 10:41:36,2023-02-28,,in_transit
ORD000002732,Ekart,2024-09-03 12:00:45,2024-09-07,2024-08-31 12:00:45,delivered
ORD000002733,Ekart,2024-11-02 16:05:29,2024-11-05,2024-11-08 16:05:29,delivered
ORD000002734,IndiaPost,2024-06-09 04:17:08,2024-06-11,,in_transit
ORD000002735,XpressBees,2023-02-18 14:06:26,2023-02-21,,in_transit
ORD000002736,Shadowfax,2024-10-10 16:48:38,2024-10-13,2024-10-13 16:48:38,delivered
ORD000002737,Ekart,2024-05-10 02:50:41,2024-05-13,2024-05-14 02:50:41,delivered
ORD000002738,IndiaPost,2023-08-28 09:37:26,2023-09-03,2023-09-07 09:37:26,delivered
ORD000002740,XpressBees,2023-04-25 13:12:44,2023-04-27,2023-04-28 13:12:44,delivered
ORD000002741,Ekart,2024-06-26 05:10:48,2024-06-30,,in_transit
ORD000002742,IndiaPost,2024-11-01 12:51:40,2024-11-03,2024-11-02 12:51:40,delivered
ORD000002744,Ekart,2024-12-05 21:41:55,2024-12-09,2024-12-12 21:41:55,delivered
ORD000002745,Ekart,2023-11-22 17:18:42,2023-11-27,2023-11-29 17:18:42,delivered
ORD000002746,Shadowfax,2024-10-14 05:49:12,2024-10-19,,in_transit
ORD000002747,BlueDart,2024-08-23 07:03:07,2024-08-28,2024-08-28 07:03:07,delivered
ORD000002748,IndiaPost,2023-03-14 05:21:17,2023-03-16,2023-03-21 05:21:17,delivered
ORD000002749,XpressBees,2024-11-03 11:33:17,2024-11-06,2024-11-05 11:33:17,delivered
ORD000002751,BlueDart,2023-10-12 07:34:40,2023-10-14,2023-10-16 07:34:40,delivered
ORD000002752,Delhivery,2024-09-09 12:45:44,2024-09-12,2024-09-12 12:45:44,delivered
ORD000002753,Ekart,2023-07-13 11:57:30,2023-07-17,2023-07-18 11:57:30,delivered
ORD000002754,Ekart,2023-01-24 10:45:26,2023-01-26,,in_transit
ORD000002756,Ekart,2023-12-29 04:28:12,2023-12-31,2024-01-03 04:28:12,delivered
ORD000002757,Ekart,2023-02-15 20:33:35,2023-02-19,2023-02-17 20:33:35,delivered
ORD000002758,Shadowfax,2023-05-16 21:32:25,2023-05-18,2023-05-19 21:32:25,delivered
ORD000002759,Delhivery,2024-12-02 15:10:27,2024-12-06,2024-12-06 15:10:27,delivered
ORD000002760,Shadowfax,2023-12-30 15:14:33,2024-01-03,2023-12-31 15:14:33,delivered
ORD000002761,Delhivery,2024-10-03 06:09:25,2024-10-05,2024-10-05 06:09:25,delivered
ORD000002762,XpressBees,2023-06-26 21:00:24,2023-06-28,2023-07-05 21:00:24,delivered
ORD000002763,BlueDart,2023-03-14 08:17:38,2023-03-17,2023-03-16 08:17:38,delivered
ORD000002764,IndiaPost,2024-08-28 23:04:32,2024-09-05,2024-09-05 23:04:32,delivered
ORD000002766,Shadowfax,2023-12-12 05:56:24,2023-12-16,2023-12-17 05:56:24,delivered
ORD000002767,Ekart,2024-12-29 23:34:22,2025-01-02,,in_transit
ORD000002769,BlueDart,2023-12-23 16:34:21,2023-12-27,2023-12-31 16:34:21,delivered
ORD000002770,Shadowfax,2024-04-23 06:51:16,2024-04-27,2024-04-29 06:51:16,delivered
ORD000002771,Ekart,2023-03-15 08:05:40,2023-03-17,2023-03-19 08:05:40,delivered
ORD000002772,IndiaPost,2024-07-04 09:03:56,2024-07-07,2024-07-09 09:03:56,delivered
ORD000002773,Delhivery,2023-12-06 01:31:03,2023-12-10,2023-12-09 01:31:03,delivered
ORD000002774,IndiaPost,2023-05-28 17:36:50,2023-06-01,2023-06-01 17:36:50,delivered
ORD000002775,Delhivery,2023-11-16 08:48:22,2023-11-21,2023-11-22 08:48:22,delivered
ORD000002777,XpressBees,2024-04-29 04:12:12,2024-05-02,2024-05-02 04:12:12,delivered
ORD000002778,XpressBees,2024-11-22 15:53:00,2024-11-27,2024-11-30 15:53:00,delivered
ORD000002779,Delhivery,2024-08-14 23:40:57,2024-08-19,2024-08-20 23:40:57,delivered
ORD000002781,XpressBees,2024-12-21 02:50:46,2024-12-24,2024-12-25 02:50:46,delivered
ORD000002782,Ekart,2024-09-08 06:33:40,2024-09-11,2024-09-12 06:33:40,delivered
ORD000002783,Ekart,2023-01-20 18:42:59,2023-01-28,2023-01-26 18:42:59,delivered
ORD000002784,IndiaPost,2023-04-09 10:50:39,2023-04-10,2023-04-14 10:50:39,delivered
ORD000002785,XpressBees,2023-07-07 00:33:32,2023-07-09,2023-07-09 00:33:32,delivered
ORD000002787,XpressBees,2023-12-28 20:45:32,2023-12-30,2023-12-30 20:45:32,delivered
ORD000002788,Delhivery,2023-10-10 02:21:45,2023-10-17,2023-10-21 02:21:45,delivered
ORD000002789,Ekart,2024-12-24 03:49:33,2024-12-28,2024-12-29 03:49:33,delivered
ORD000002790,IndiaPost,2023-12-22 20:47:08,2023-12-27,2023-12-27 20:47:08,delivered
ORD000002791,Delhivery,2023-07-02 08:47:23,2023-07-05,2023-07-05 08:47:23,delivered
ORD000002792,BlueDart,2024-12-21 01:55:19,2024-12-25,2024-12-25 01:55:19,delivered
ORD000002793,Shadowfax,2024-01-08 13:16:36,2024-01-12,2024-01-12 13:16:36,delivered
ORD000002794,Shadowfax,2023-03-01 03:25:58,2023-03-06,2023-03-07 03:25:58,delivered
ORD000002795,BlueDart,2023-03-09 03:12:18,2023-03-10,2023-03-13 03:12:18,delivered
ORD000002796,BlueDart,2024-05-28 10:30:38,2024-06-06,2024-06-06 10:30:38,delivered
ORD000002798,Shadowfax,2024-04-13 20:42:13,2024-04-16,2024-04-19 20:42:13,delivered
ORD000002799,BlueDart,2024-10-11 02:21:13,2024-10-15,2024-10-18 02:21:13,delivered
ORD000002800,XpressBees,2024-06-04 06:38:46,2024-06-05,2024-06-10 06:38:46,delivered
ORD000002802,Ekart,2024-07-28 04:49:46,2024-08-01,2024-08-02 04:49:46,delivered
ORD000002803,Shadowfax,2024-05-27 08:10:33,2024-05-31,2024-05-30 08:10:33,delivered
ORD000002804,Delhivery,2023-04-24 18:45:12,2023-04-26,2023-04-29 18:45:12,delivered
ORD000002805,Delhivery,2023-12-27 02:31:13,2023-12-31,2024-01-02 02:31:13,delivered
ORD000002806,IndiaPost,2023-11-19 19:02:15,2023-11-22,2023-11-24 19:02:15,delivered
ORD000002807,Shadowfax,2024-02-02 04:43:08,2024-02-03,2024-02-06 04:43:08,delivered
ORD000002808,XpressBees,2023-10-28 18:19:58,2023-11-03,2023-11-03 18:19:58,delivered
ORD000002809,Shadowfax,2024-04-12 15:01:59,2024-04-16,2024-04-16 15:01:59,delivered
ORD000002810,XpressBees,2023-10-29 00:48:56,2023-11-01,2023-11-01 00:48:56,delivered
ORD000002811,BlueDart,2024-02-17 00:32:22,2024-02-19,2024-02-21 00:32:22,delivered
ORD000002812,Ekart,2023-10-31 06:57:00,2023-11-02,2023-11-05 06:57:00,delivered
ORD000002813,BlueDart,2024-10-31 07:44:17,2024-11-09,2024-11-07 07:44:17,delivered
ORD000002814,Ekart,2023-10-23 00:32:47,2023-10-26,2023-10-26 00:32:47,delivered
ORD000002815,Delhivery,2024-07-16 11:42:57,2024-07-19,2024-07-20 11:42:57,delivered
ORD000002816,BlueDart,2024-04-06 17:39:15,2024-04-07,2024-04-09 17:39:15,delivered
ORD000002817,Shadowfax,2023-10-28 02:18:47,2023-10-29,2023-10-31 02:18:47,delivered
ORD000002819,Shadowfax,2024-11-13 13:44:20,2024-11-17,2024-11-17 13:44:20,delivered
ORD000002820,XpressBees,2024-08-11 22:43:08,2024-08-13,2024-08-14 22:43:08,delivered
ORD000002821,BlueDart,2024-12-02 11:44:10,2024-12-06,2024-12-07 11:44:10,delivered
ORD000002822,BlueDart,2023-11-20 14:05:09,2023-11-29,2023-11-29 14:05:09,delivered
ORD000002823,Shadowfax,2024-11-04 20:37:18,2024-11-07,2024-11-08 20:37:18,delivered
ORD000002824,BlueDart,2024-10-24 23:02:24,2024-10-29,2024-10-31 23:02:24,delivered
ORD000002825,Shadowfax,2024-08-12 19:04:11,2024-08-16,2024-08-16 19:04:11,delivered
ORD000002826,BlueDart,2024-10-08 03:40:36,2024-10-12,2024-10-13 03:40:36,delivered
ORD000002827,Ekart,2024-07-16 23:40:13,2024-07-21,2024-07-24 23:40:13,delivered
ORD000002828,BlueDart,2024-01-07 22:41:26,2024-01-09,2024-01-09 22:41:26,delivered
ORD000002829,Shadowfax,2024-02-11 17:52:31,2024-02-15,2024-02-14 17:52:31,delivered
ORD000002830,BlueDart,2023-11-07 03:34:28,2023-11-09,2023-11-12 03:34:28,delivered
ORD000002831,IndiaPost,2024-05-18 12:45:38,2024-05-21,2024-05-22 12:45:38,delivered
ORD000002832,Shadowfax,2023-10-02 13:01:58,2023-10-06,2023-10-06 13:01:58,delivered
ORD000002833,Ekart,2024-07-24 22:50:44,2024-07-27,2024-07-30 22:50:44,delivered
ORD000002834,Shadowfax,2024-01-02 21:54:40,2024-01-05,2024-01-05 21:54:40,delivered
ORD000002836,IndiaPost,2023-05-05 15:49:54,2023-05-08,,in_transit
ORD000002837,XpressBees,2023-08-07 11:36:42,2023-08-09,2023-08-14 11:36:42,delivered
ORD000002838,BlueDart,2024-04-28 07:20:44,2024-04-30,2024-05-02 07:20:44,delivered
ORD000002839,IndiaPost,2023-10-22 08:51:24,2023-10-24,2023-10-25 08:51:24,delivered
ORD000002840,Ekart,2023-01-26 03:55:07,2023-01-27,2023-01-29 03:55:07,delivered
ORD000002841,Shadowfax,2023-10-05 18:36:54,2023-10-09,,in_transit
ORD000002842,Delhivery,2023-10-22 01:00:08,2023-10-23,2023-10-25 01:00:08,delivered
ORD000002843,Ekart,2023-07-20 12:23:36,2023-07-22,2023-07-24 12:23:36,delivered
ORD000002844,IndiaPost,2023-09-05 05:36:01,2023-09-06,,in_transit
ORD000002845,Ekart,2024-06-24 21:10:52,2024-06-26,2024-06-26 21:10:52,delivered
ORD000002846,Delhivery,2024-07-31 10:17:40,2024-08-02,2024-08-04 10:17:40,delivered
ORD000002847,Delhivery,2024-12-11 04:10:22,2024-12-14,2024-12-16 04:10:22,delivered
ORD000002848,Shadowfax,2023-04-08 22:47:07,2023-04-11,2023-04-09 22:47:07,delivered
ORD000002849,Delhivery,2023-09-26 08:08:33,2023-09-28,2023-09-30 08:08:33,delivered
ORD000002851,IndiaPost,2024-04-06 05:36:19,2024-04-10,,delivered
ORD000002852,XpressBees,2023-01-11 15:01:03,2023-01-13,2023-01-15 15:01:03,delivered
ORD000002853,XpressBees,2023-06-25 09:29:13,2023-06-27,2023-06-29 09:29:13,delivered
ORD000002855,IndiaPost,2023-10-17 04:47:31,2023-10-18,2023-10-24 04:47:31,delivered
ORD000002856,XpressBees,2024-02-05 04:47:17,2024-02-07,2024-02-10 04:47:17,delivered
ORD000002857,Delhivery,2024-04-28 23:17:22,2024-05-01,2024-05-02 23:17:22,delivered
ORD000002858,Shadowfax,2024-10-09 15:16:57,2024-10-12,,in_transit
ORD000002859,Ekart,2023-10-29 02:02:42,2023-10-31,2023-11-05 02:02:42,delivered
ORD000002860,Delhivery,2023-08-28 06:05:20,2023-08-31,2023-09-02 06:05:20,delivered
ORD000002861,Delhivery,2024-01-30 14:22:37,2024-02-01,2024-01-27 14:22:37,delivered
ORD000002862,IndiaPost,2023-02-26 06:26:29,2023-02-28,2023-03-03 06:26:29,delivered
ORD000002863,BlueDart,2023-02-02 22:19:36,2023-02-07,2023-02-07 22:19:36,delivered
ORD000002864,BlueDart,2023-12-05 02:59:49,2023-12-08,2023-12-08 02:59:49,delivered
ORD000002865,Ekart,2023-07-06 13:13:17,2023-07-08,,in_transit
ORD000002867,Shadowfax,2024-06-02 04:20:53,2024-06-04,2024-06-04 04:20:53,delivered
ORD000002868,BlueDart,2024-09-29 17:25:12,2024-10-01,2024-10-05 17:25:12,delivered
ORD000002869,Ekart,2023-05-06 18:37:27,2023-05-08,2023-05-11 18:37:27,delivered
ORD000002870,Delhivery,2024-02-21 10:38:04,2024-02-23,2024-02-22 10:38:04,delivered
ORD000002872,IndiaPost,2023-08-20 07:53:00,2023-08-24,2023-08-26 07:53:00,delivered
ORD000002873,Ekart,2024-07-17 01:35:17,2024-07-21,2024-07-23 01:35:17,delivered
ORD000002874,IndiaPost,2023-05-18 16:23:13,2023-05-22,2023-05-22 16:23:13,delivered
ORD000002875,BlueDart,2024-11-17 07:45:10,2024-11-20,2024-11-20 07:45:10,delivered
ORD000002876,XpressBees,2023-01-03 09:59:55,2023-01-04,2023-01-06 09:59:55,delivered
ORD000002877,IndiaPost,2023-09-11 00:15:58,2023-09-13,2023-09-14 00:15:58,delivered
ORD000002878,Delhivery,2024-12-26 01:54:45,2025-01-01,2025-01-04 01:54:45,delivered
ORD000002879,XpressBees,2024-05-26 02:18:24,2024-05-28,2024-06-01 02:18:24,delivered
ORD000002880,Ekart,2023-07-02 02:48:29,2023-07-04,2023-07-07 02:48:29,delivered
ORD000002881,XpressBees,2024-09-08 00:59:04,2024-09-11,2024-09-14 00:59:04,delivered
ORD000002882,IndiaPost,2024-10-31 04:55:30,2024-11-02,2024-11-03 04:55:30,delivered
ORD000002883,Ekart,2023-12-30 00:40:56,2024-01-01,2024-01-01 00:40:56,delivered
ORD000002884,Ekart,2023-05-14 05:47:01,2023-05-16,2023-05-19 05:47:01,delivered
ORD000002885,Ekart,2023-08-10 16:21:50,2023-08-13,,in_transit
ORD000002886,Shadowfax,2024-11-28 13:33:39,2024-12-01,2024-12-04 13:33:39,delivered
ORD000002887,Shadowfax,2023-05-17 13:24:23,2023-05-21,2023-05-25 13:24:23,delivered
ORD000002888,XpressBees,2023-09-26 10:53:00,2023-09-28,2023-09-30 10:53:00,delivered
ORD000002889,XpressBees,2023-05-02 22:33:28,2023-05-06,2023-05-06 22:33:28,delivered
ORD000002890,BlueDart,2023-03-28 23:18:32,2023-04-01,2023-04-01 23:18:32,delivered
ORD000002891,XpressBees,2024-01-15 14:51:45,2024-01-18,2024-01-23 14:51:45,delivered
ORD000002892,Delhivery,2023-10-30 08:53:36,2023-11-02,2023-11-04 08:53:36,delivered
ORD000002893,BlueDart,2023-02-04 19:19:15,2023-02-08,2023-02-06 19:19:15,delivered
ORD000002894,Ekart,2023-05-03 20:51:10,2023-05-08,2023-05-07 20:51:10,delivered
ORD000002895,XpressBees,2023-01-29 05:16:33,2023-02-01,2023-02-03 05:16:33,delivered
ORD000002896,Shadowfax,2023-01-17 08:07:12,2023-01-24,2023-01-24 08:07:12,delivered
ORD000002897,IndiaPost,2023-06-01 04:26:16,2023-06-04,2023-06-03 04:26:16,delivered
ORD000002898,XpressBees,2024-07-28 22:01:56,2024-08-02,2024-08-02 22:01:56,delivered
ORD000002899,Delhivery,2023-01-08 16:12:53,2023-01-12,2023-01-14 16:12:53,delivered
ORD000002900,IndiaPost,2023-09-19 13:42:03,2023-09-21,2023-09-16 13:42:03,delivered
ORD000002901,Shadowfax,2024-02-23 11:48:47,2024-02-29,2024-03-03 11:48:47,delivered
ORD000002902,Shadowfax,2024-07-28 20:57:53,2024-08-01,2024-08-03 20:57:53,delivered
ORD000002903,Shadowfax,2024-05-31 20:41:58,2024-06-05,2024-06-07 20:41:58,delivered
ORD000002904,Delhivery,2024-12-29 16:04:59,2025-01-02,2025-01-02 16:04:59,delivered
ORD000002905,Delhivery,2023-08-25 10:21:47,2023-08-29,2023-09-02 10:21:47,delivered
ORD000002907,Ekart,2023-01-29 22:56:02,2023-02-01,2023-01-30 22:56:02,delivered
ORD000002908,Shadowfax,2023-03-22 08:30:26,2023-03-25,2023-03-28 08:30:26,delivered
ORD000002909,BlueDart,2024-12-25 19:49:57,2024-12-27,2024-12-29 19:49:57,delivered
ORD000002910,XpressBees,2024-02-26 19:56:04,2024-02-29,2024-02-29 19:56:04,delivered
ORD000002911,BlueDart,2024-09-15 08:17:28,2024-09-17,2024-09-17 08:17:28,delivered
ORD000002912,IndiaPost,2024-12-28 19:10:18,2024-12-30,2024-12-30 19:10:18,delivered
ORD000002913,Ekart,2024-10-09 22:53:02,2024-10-14,2024-10-15 22:53:02,delivered
ORD000002914,Delhivery,2023-11-04 03:30:42,2023-11-08,2023-11-10 03:30:42,delivered
ORD000002915,BlueDart,2024-10-25 16:09:59,2024-10-28,2024-10-30 16:09:59,delivered
ORD000002916,Ekart,2023-11-19 00:30:09,2023-11-22,2023-11-21 00:30:09,delivered
ORD000002917,XpressBees,2023-04-07 07:07:28,2023-04-13,2023-04-17 07:07:28,delivered
ORD000002918,IndiaPost,2024-02-07 18:12:07,2024-02-12,2024-02-12 18:12:07,delivered
ORD000002919,Ekart,2024-11-05 03:20:20,2024-11-07,2024-11-08 03:20:20,delivered
ORD000002920,IndiaPost,2024-09-01 19:49:18,2024-09-05,2024-09-05 19:49:18,delivered
ORD000002921,IndiaPost,2023-11-01 02:03:51,2023-11-04,,in_transit
ORD000002922,Ekart,2024-10-13 08:38:35,2024-10-18,2024-10-20 08:38:35,delivered
ORD000002923,BlueDart,2023-12-16 13:24:02,2023-12-20,2023-12-22 13:24:02,delivered
ORD000002924,IndiaPost,2024-06-05 15:35:45,2024-06-10,,in_transit
ORD000002925,XpressBees,2023-10-06 20:57:41,2023-10-09,2023-10-10 20:57:41,delivered
ORD000002926,Ekart,2023-06-15 20:02:52,2023-06-20,2023-06-19 20:02:52,delivered
ORD000002927,XpressBees,2023-09-27 21:04:36,2023-09-30,2023-10-01 21:04:36,delivered
ORD000002928,Delhivery,2024-10-25 01:03:56,2024-10-26,2024-10-27 01:03:56,delivered
ORD000002929,BlueDart,2024-12-29 03:48:21,2025-01-03,2025-01-06 03:48:21,delivered
ORD000002930,Ekart,2023-08-15 19:05:27,2023-08-17,2023-08-19 19:05:27,delivered
ORD000002931,IndiaPost,2023-05-21 08:54:21,2023-05-23,2023-05-23 08:54:21,delivered
ORD000002932,Delhivery,2023-02-28 09:38:22,2023-03-04,2023-03-07 09:38:22,delivered
ORD000002933,XpressBees,2024-08-05 23:47:36,2024-08-10,2024-08-08 23:47:36,delivered
ORD000002934,BlueDart,2024-01-21 09:31:06,2024-01-25,2024-01-26 09:31:06,delivered
ORD000002935,Ekart,2024-02-13 18:08:35,2024-02-17,2024-02-18 18:08:35,delivered
ORD000002936,Ekart,2023-02-05 02:39:52,2023-02-07,2023-02-10 02:39:52,delivered
ORD000002937,Ekart,2023-03-08 04:03:58,2023-03-13,2023-03-15 04:03:58,delivered
ORD000002938,Ekart,2024-11-04 22:35:51,2024-11-08,2024-11-07 22:35:51,delivered
ORD000002939,Ekart,2024-03-03 14:22:21,2024-03-06,2024-03-09 14:22:21,delivered
ORD000002940,Ekart,2023-07-07 21:47:38,2023-07-09,2023-07-12 21:47:38,delivered
ORD000002943,Shadowfax,2023-02-21 09:13:45,2023-02-24,2023-02-27 09:13:45,delivered
ORD000002944,Shadowfax,2023-02-10 02:11:54,2023-02-11,2023-02-15 02:11:54,delivered
ORD000002945,BlueDart,2024-07-07 04:00:42,2024-07-12,2024-07-14 04:00:42,delivered
ORD000002946,Ekart,2023-08-15 15:02:37,2023-08-18,2023-08-18 15:02:37,delivered
ORD000002947,XpressBees,2023-10-27 07:14:26,2023-10-29,2023-10-28 07:14:26,delivered
ORD000002948,IndiaPost,2024-01-30 05:04:14,2024-01-31,2024-02-04 05:04:14,delivered
ORD000002949,XpressBees,2023-10-02 12:51:06,2023-10-04,2023-10-04 12:51:06,delivered
ORD000002950,BlueDart,2023-12-26 13:08:36,2023-12-28,2023-12-31 13:08:36,delivered
ORD000002951,BlueDart,2024-10-20 08:34:02,2024-10-22,2024-10-21 08:34:02,delivered
ORD000002952,Ekart,2023-07-30 04:23:32,2023-07-31,2023-08-04 04:23:32,delivered
ORD000002953,BlueDart,2024-09-07 01:20:28,2024-09-15,2024-09-16 01:20:28,delivered
ORD000002954,Ekart,2023-08-16 17:04:14,2023-08-17,2023-08-21 17:04:14,delivered
ORD000002955,BlueDart,2023-06-09 02:04:52,2023-06-11,2023-06-13 02:04:52,delivered
ORD000002956,Ekart,2023-03-01 15:21:37,2023-03-04,2023-03-03 15:21:37,delivered
ORD000002957,Delhivery,2024-06-05 21:58:38,2024-06-09,2024-06-09 21:58:38,delivered
ORD000002958,Delhivery,2023-11-05 14:33:02,2023-11-08,2023-11-11 14:33:02,delivered
ORD000002959,Delhivery,2024-08-21 18:15:36,2024-08-28,2024-08-27 18:15:36,delivered
ORD000002960,Ekart,2023-04-22 23:40:18,2023-04-30,2023-05-01 23:40:18,delivered
ORD000002962,XpressBees,2023-01-09 06:43:23,2023-01-11,2023-01-10 06:43:23,delivered
ORD000002963,Delhivery,2023-07-21 01:50:08,2023-07-27,,in_transit
ORD000002964,IndiaPost,2024-04-02 00:53:24,2024-04-04,2024-04-04 00:53:24,delivered
ORD000002965,XpressBees,2023-02-14 04:00:14,2023-02-22,2023-02-22 04:00:14,delivered
ORD000002966,Delhivery,2023-10-24 16:01:02,2023-11-01,2023-11-03 16:01:02,delivered
ORD000002967,Delhivery,2024-02-19 17:14:51,2024-02-23,2024-02-25 17:14:51,delivered
ORD000002969,Ekart,2024-06-25 08:58:15,2024-06-28,2024-07-03 08:58:15,delivered
ORD000002970,Shadowfax,2023-05-06 17:10:56,2023-05-09,2023-05-09 17:10:56,delivered
ORD000002971,IndiaPost,2023-03-03 22:06:22,2023-03-08,2023-03-06 22:06:22,delivered
ORD000002972,XpressBees,2023-10-25 03:35:35,2023-10-29,2023-11-02 03:35:35,delivered
ORD000002974,Ekart,2023-09-22 16:53:10,2023-09-24,2023-09-26 16:53:10,delivered
ORD000002975,XpressBees,2023-10-09 06:04:38,2023-10-11,2023-10-11 06:04:38,delivered
ORD000002976,XpressBees,2023-11-01 01:51:58,2023-11-08,2023-11-11 01:51:58,delivered
ORD000002977,Shadowfax,2024-01-13 16:47:00,2024-01-20,2024-01-22 16:47:00,delivered
ORD000002978,BlueDart,2023-01-04 05:14:30,2023-01-07,2023-01-08 05:14:30,delivered
ORD000002979,Ekart,2023-09-14 03:08:13,2023-09-17,,in_transit
ORD000002980,IndiaPost,2023-08-16 08:26:07,2023-08-18,2023-08-19 08:26:07,delivered
ORD000002981,BlueDart,2023-07-22 21:11:15,2023-07-24,2023-07-24 21:11:15,delivered
ORD000002982,IndiaPost,2024-09-05 22:52:20,2024-09-12,2024-09-14 22:52:20,delivered
ORD000002983,Shadowfax,2023-08-04 04:59:54,2023-08-06,2023-08-06 04:59:54,delivered
ORD000002984,Shadowfax,2023-05-08 07:38:13,2023-05-10,2023-05-09 07:38:13,delivered
ORD000002985,XpressBees,2024-10-11 23:17:25,2024-10-15,,delivered
ORD000002986,Delhivery,2023-10-26 23:54:20,2023-10-28,2023-11-01 23:54:20,delivered
ORD000002988,XpressBees,2024-08-03 13:37:49,2024-08-06,2024-08-07 13:37:49,delivered
ORD000002990,Ekart,2024-11-29 01:21:12,2024-12-03,2024-12-06 01:21:12,delivered
ORD000002991,XpressBees,2024-10-24 18:46:13,2024-10-27,2024-10-28 18:46:13,delivered
ORD000002992,XpressBees,2024-06-14 11:30:00,2024-06-18,2024-06-18 11:30:00,delivered
ORD000002993,Shadowfax,2023-05-16 18:13:21,2023-05-22,2023-05-24 18:13:21,delivered
ORD000002994,BlueDart,2023-12-27 09:25:47,2023-12-31,2024-01-02 09:25:47,delivered
ORD000002995,IndiaPost,2023-04-09 22:20:59,2023-04-13,2023-04-10 22:20:59,delivered
ORD000002996,BlueDart,2024-02-09 04:32:13,2024-02-12,2024-02-13 04:32:13,delivered
ORD000002997,XpressBees,2024-11-06 15:27:04,2024-11-09,2024-11-11 15:27:04,delivered
ORD000002998,Shadowfax,2023-01-04 03:38:50,2023-01-05,2023-01-07 03:38:50,delivered
ORD000002999,BlueDart,2024-10-24 18:06:38,2024-11-01,2024-10-31 18:06:38,delivered
